ISO-10303-21;
HEADER;
FILE_DESCRIPTION(('Open CASCADE Model'),'2;1');
FILE_NAME('Open CASCADE Shape Model','2026-09-07T19:14:44',('Author'),(
    'Open CASCADE'),'Open CASCADE STEP processor 7.9','Open CASCADE 7.9'
  ,'Unknown');
FILE_SCHEMA(('AUTOMOTIVE_DESIGN { 1 0 10303 214 1 1 1 1 }'));
ENDSEC;
DATA;
#1 = APPLICATION_PROTOCOL_DEFINITION('international standard',
  'automotive_design',2000,#2);
#2 = APPLICATION_CONTEXT(
  'core data for automotive mechanical design processes');
#3 = SHAPE_DEFINITION_REPRESENTATION(#4,#10);
#4 = PRODUCT_DEFINITION_SHAPE('','',#5);
#5 = PRODUCT_DEFINITION('design','',#6,#9);
#6 = PRODUCT_DEFINITION_FORMATION('','',#7);
#7 = PRODUCT('Open CASCADE STEP translator 7.9 1',
  'Open CASCADE STEP translator 7.9 1','',(#8));
#8 = PRODUCT_CONTEXT('',#2,'mechanical');
#9 = PRODUCT_DEFINITION_CONTEXT('part definition',#2,'design');
#10 = ADVANCED_BREP_SHAPE_REPRESENTATION('',(#11,#15),#10955);
#11 = AXIS2_PLACEMENT_3D('',#12,#13,#14);
#12 = CARTESIAN_POINT('',(0.,0.,0.));
#13 = DIRECTION('',(0.,0.,1.));
#14 = DIRECTION('',(1.,0.,-0.));
#15 = MANIFOLD_SOLID_BREP('',#16);
#16 = CLOSED_SHELL('',(#17,#389,#544,#666,#770,#984,#1060,#1148,#1231,
    #1346,#1465,#1650,#1879,#2136,#2433,#2579,#2757,#2907,#3092,#3226,
    #3347,#3428,#3565,#3644,#3726,#3810,#3941,#4022,#4221,#4319,#4467,
    #4665,#4822,#5061,#5409,#5618,#5826,#5997,#6117,#6325,#6430,#6502,
    #6551,#6578,#6654,#6822,#6849,#6874,#7021,#7137,#7233,#7401,#7483,
    #7562,#7644,#7728,#7869,#8253,#8443,#8570,#8691,#8761,#8809,#8890,
    #8996,#9085,#9140,#9216,#9266,#9315,#9343,#9402,#9464,#9519,#9571,
    #9664,#9784,#9862,#9868,#9895,#9922,#9966,#9979,#10024,#10069,#10096
    ,#10127,#10153,#10184,#10210,#10234,#10337,#10390,#10440,#10576,
    #10625,#10667,#10695,#10724,#10753,#10764,#10792,#10799,#10826,
    #10854,#10919,#10926,#10937,#10944));
#17 = ADVANCED_FACE('',(#18),#32,.T.);
#18 = FACE_BOUND('',#19,.T.);
#19 = EDGE_LOOP('',(#20,#58,#166,#197,#270,#334));
#20 = ORIENTED_EDGE('',*,*,#21,.T.);
#21 = EDGE_CURVE('',#22,#24,#26,.T.);
#22 = VERTEX_POINT('',#23);
#23 = CARTESIAN_POINT('',(-12.03,-1.654581775,13.));
#24 = VERTEX_POINT('',#25);
#25 = CARTESIAN_POINT('',(-33.5,-1.654581775,13.));
#26 = SURFACE_CURVE('',#27,(#31,#46),.PCURVE_S1.);
#27 = LINE('',#28,#29);
#28 = CARTESIAN_POINT('',(0.,-1.654581775,13.));
#29 = VECTOR('',#30,1.);
#30 = DIRECTION('',(-1.,0.,0.));
#31 = PCURVE('',#32,#40);
#32 = SURFACE_OF_LINEAR_EXTRUSION('',#33,#38);
#33 = B_SPLINE_CURVE_WITH_KNOTS('',3,(#34,#35,#36,#37),.UNSPECIFIED.,.F.
  ,.F.,(4,4),(0.,1.),.PIECEWISE_BEZIER_KNOTS.);
#34 = CARTESIAN_POINT('',(0.,-1.654581775,13.));
#35 = CARTESIAN_POINT('',(0.,-3.207496045615,13.));
#36 = CARTESIAN_POINT('',(0.,-4.68570803557,13.278792706862));
#37 = CARTESIAN_POINT('',(0.,-6.134596775004,13.667021274516));
#38 = VECTOR('',#39,1.);
#39 = DIRECTION('',(1.,0.,0.));
#40 = DEFINITIONAL_REPRESENTATION('',(#41),#45);
#41 = LINE('',#42,#43);
#42 = CARTESIAN_POINT('',(0.,0.));
#43 = VECTOR('',#44,1.);
#44 = DIRECTION('',(0.,-1.));
#45 = ( GEOMETRIC_REPRESENTATION_CONTEXT(2) 
PARAMETRIC_REPRESENTATION_CONTEXT() REPRESENTATION_CONTEXT('2D SPACE',''
  ) );
#46 = PCURVE('',#47,#52);
#47 = PLANE('',#48);
#48 = AXIS2_PLACEMENT_3D('',#49,#50,#51);
#49 = CARTESIAN_POINT('',(0.,62.532541410425,13.));
#50 = DIRECTION('',(0.,7.101372406394E-17,-1.));
#51 = DIRECTION('',(0.,-1.,-6.587265740426E-17));
#52 = DEFINITIONAL_REPRESENTATION('',(#53),#57);
#53 = LINE('',#54,#55);
#54 = CARTESIAN_POINT('',(64.187123185425,-0.));
#55 = VECTOR('',#56,1.);
#56 = DIRECTION('',(-0.,1.));
#57 = ( GEOMETRIC_REPRESENTATION_CONTEXT(2) 
PARAMETRIC_REPRESENTATION_CONTEXT() REPRESENTATION_CONTEXT('2D SPACE',''
  ) );
#58 = ORIENTED_EDGE('',*,*,#59,.F.);
#59 = EDGE_CURVE('',#60,#24,#62,.T.);
#60 = VERTEX_POINT('',#61);
#61 = CARTESIAN_POINT('',(-33.5,-6.134596775004,13.667021274516));
#62 = SURFACE_CURVE('',#63,(#82,#104),.PCURVE_S1.);
#63 = ( BOUNDED_CURVE() B_SPLINE_CURVE(9,(#64,#65,#66,#67,#68,#69,#70,
    #71,#72,#73,#74,#75,#76,#77,#78,#79,#80,#81),.UNSPECIFIED.,.F.,.F.) 
B_SPLINE_CURVE_WITH_KNOTS((10,8,10),(20.5577013639,23.154202938875,
25.098147919793),.UNSPECIFIED.) CURVE() GEOMETRIC_REPRESENTATION_ITEM() 
RATIONAL_B_SPLINE_CURVE((1.,1.,1.,1.,1.,1.,1.,1.,1.,1.,1.,1.,1.,1.,1.,1.
,1.,1.)) REPRESENTATION_ITEM('') );
#64 = CARTESIAN_POINT('',(-33.5,-6.134596775004,13.667021274516));
#65 = CARTESIAN_POINT('',(-33.5,-5.856879772283,13.592607227913));
#66 = CARTESIAN_POINT('',(-33.5,-5.579407922874,13.521487735013));
#67 = CARTESIAN_POINT('',(-33.5,-5.295492556971,13.452265724103));
#68 = CARTESIAN_POINT('',(-33.5,-5.015732347097,13.388439918859));
#69 = CARTESIAN_POINT('',(-33.5,-4.732243180936,13.327900608032));
#70 = CARTESIAN_POINT('',(-33.5,-4.449407634468,13.272549394745));
#71 = CARTESIAN_POINT('',(-33.5,-4.164936146376,13.221986112484));
#72 = CARTESIAN_POINT('',(-33.5,-3.879767062106,13.17689311754));
#73 = CARTESIAN_POINT('',(-33.5,-3.379647706782,13.108093123468));
#74 = CARTESIAN_POINT('',(-33.5,-3.165075501758,13.081861662074));
#75 = CARTESIAN_POINT('',(-33.5,-2.950090366146,13.059008891656));
#76 = CARTESIAN_POINT('',(-33.5,-2.734738013095,13.03967723873));
#77 = CARTESIAN_POINT('',(-33.5,-2.519071496163,13.023997406034));
#78 = CARTESIAN_POINT('',(-33.5,-2.303151209311,13.012088372525));
#79 = CARTESIAN_POINT('',(-33.5,-2.087044886914,13.004057393381));
#80 = CARTESIAN_POINT('',(-33.5,-1.870827603748,13.));
#81 = CARTESIAN_POINT('',(-33.5,-1.654581775,13.));
#82 = PCURVE('',#32,#83);
#83 = DEFINITIONAL_REPRESENTATION('',(#84),#103);
#84 = B_SPLINE_CURVE_WITH_KNOTS('',9,(#85,#86,#87,#88,#89,#90,#91,#92,
    #93,#94,#95,#96,#97,#98,#99,#100,#101,#102),.UNSPECIFIED.,.F.,.F.,(
    10,8,10),(20.5577013639,22.827924641847,25.098147919793),
  .UNSPECIFIED.);
#85 = CARTESIAN_POINT('',(1.,-33.5));
#86 = CARTESIAN_POINT('',(0.944136754982,-33.49999999999));
#87 = CARTESIAN_POINT('',(0.888458602243,-33.5));
#88 = CARTESIAN_POINT('',(0.831952134481,-33.49999999999));
#89 = CARTESIAN_POINT('',(0.775937342138,-33.5));
#90 = CARTESIAN_POINT('',(0.719834808357,-33.49999999999));
#91 = CARTESIAN_POINT('',(0.663831343491,-33.5));
#92 = CARTESIAN_POINT('',(0.607884830396,-33.49999999999));
#93 = CARTESIAN_POINT('',(0.552008836864,-33.5));
#94 = CARTESIAN_POINT('',(0.440450131358,-33.5));
#95 = CARTESIAN_POINT('',(0.384768468689,-33.5));
#96 = CARTESIAN_POINT('',(0.329205755054,-33.49999999999));
#97 = CARTESIAN_POINT('',(0.273789309541,-33.5));
#98 = CARTESIAN_POINT('',(0.218549451349,-33.49999999999));
#99 = CARTESIAN_POINT('',(0.163517678834,-33.5));
#100 = CARTESIAN_POINT('',(0.108726087616,-33.5));
#101 = CARTESIAN_POINT('',(5.420802775673E-02,-33.5));
#102 = CARTESIAN_POINT('',(1.508306183555E-17,-33.5));
#103 = ( GEOMETRIC_REPRESENTATION_CONTEXT(2) 
PARAMETRIC_REPRESENTATION_CONTEXT() REPRESENTATION_CONTEXT('2D SPACE',''
  ) );
#104 = PCURVE('',#105,#160);
#105 = ( BOUNDED_SURFACE() B_SPLINE_SURFACE(2,9,(
    (#106,#107,#108,#109,#110,#111,#112,#113,#114,#115,#116,#117,#118
      ,#119,#120,#121,#122,#123)
    ,(#124,#125,#126,#127,#128,#129,#130,#131,#132,#133,#134,#135,#136
      ,#137,#138,#139,#140,#141)
    ,(#142,#143,#144,#145,#146,#147,#148,#149,#150,#151,#152,#153,#154
      ,#155,#156,#157,#158,#159
)),.UNSPECIFIED.,.F.,.F.,.F.) B_SPLINE_SURFACE_WITH_KNOTS((3,3),(10,8,10
    ),(0.,4.540446555893),(20.5577013639,23.154202938875,25.098147919793
),.UNSPECIFIED.) GEOMETRIC_REPRESENTATION_ITEM() 
RATIONAL_B_SPLINE_SURFACE((
    (1.,1.,1.,1.,1.,1.,1.,1.,1.,1.,1.,1.,1.,1.,1.,1.,1.,1.)
    ,(0.707106781187,0.707106781187,0.707106781187,0.707106781187
      ,0.707106781187,0.707106781187,0.707106781187,0.707106781187
      ,0.707106781187,0.707106781187,0.707106781187,0.707106781187
      ,0.707106781187,0.707106781187,0.707106781187,0.707106781187
      ,0.707106781187,0.707106781187)
    ,(1.,1.,1.,1.,1.,1.,1.,1.,1.,1.,1.,1.,1.,1.,1.,1.,1.,1.
))) REPRESENTATION_ITEM('') SURFACE() );
#106 = CARTESIAN_POINT('',(-33.5,-6.134596775004,13.667021274516));
#107 = CARTESIAN_POINT('',(-33.5,-5.856879772283,13.592607227913));
#108 = CARTESIAN_POINT('',(-33.5,-5.579407922874,13.521487735013));
#109 = CARTESIAN_POINT('',(-33.5,-5.295492556971,13.452265724103));
#110 = CARTESIAN_POINT('',(-33.5,-5.015732347097,13.388439918859));
#111 = CARTESIAN_POINT('',(-33.5,-4.732243180936,13.327900608032));
#112 = CARTESIAN_POINT('',(-33.5,-4.449407634468,13.272549394745));
#113 = CARTESIAN_POINT('',(-33.5,-4.164936146376,13.221986112484));
#114 = CARTESIAN_POINT('',(-33.5,-3.879767062106,13.17689311754));
#115 = CARTESIAN_POINT('',(-33.5,-3.379647706782,13.108093123468));
#116 = CARTESIAN_POINT('',(-33.5,-3.165075501758,13.081861662074));
#117 = CARTESIAN_POINT('',(-33.5,-2.950090366146,13.059008891656));
#118 = CARTESIAN_POINT('',(-33.5,-2.734738013095,13.03967723873));
#119 = CARTESIAN_POINT('',(-33.5,-2.519071496163,13.023997406034));
#120 = CARTESIAN_POINT('',(-33.5,-2.303151209311,13.012088372525));
#121 = CARTESIAN_POINT('',(-33.5,-2.087044886914,13.004057393381));
#122 = CARTESIAN_POINT('',(-33.5,-1.870827603748,13.));
#123 = CARTESIAN_POINT('',(-33.5,-1.654581775,13.));
#124 = CARTESIAN_POINT('',(-34.15,-6.134596775004,13.667021274516));
#125 = CARTESIAN_POINT('',(-34.15,-5.856879772283,13.592607227913));
#126 = CARTESIAN_POINT('',(-34.15,-5.579407922874,13.521487735013));
#127 = CARTESIAN_POINT('',(-34.15,-5.295492556971,13.452265724103));
#128 = CARTESIAN_POINT('',(-34.15,-5.015732347097,13.388439918859));
#129 = CARTESIAN_POINT('',(-34.15,-4.732243180936,13.327900608032));
#130 = CARTESIAN_POINT('',(-34.15,-4.449407634468,13.272549394745));
#131 = CARTESIAN_POINT('',(-34.15,-4.164936146376,13.221986112484));
#132 = CARTESIAN_POINT('',(-34.15,-3.879767062106,13.17689311754));
#133 = CARTESIAN_POINT('',(-34.15,-3.379647706782,13.108093123468));
#134 = CARTESIAN_POINT('',(-34.15,-3.165075501758,13.081861662074));
#135 = CARTESIAN_POINT('',(-34.15,-2.950090366146,13.059008891656));
#136 = CARTESIAN_POINT('',(-34.15,-2.734738013095,13.03967723873));
#137 = CARTESIAN_POINT('',(-34.15,-2.519071496163,13.023997406034));
#138 = CARTESIAN_POINT('',(-34.15,-2.303151209311,13.012088372525));
#139 = CARTESIAN_POINT('',(-34.15,-2.087044886914,13.004057393381));
#140 = CARTESIAN_POINT('',(-34.15,-1.870827603748,13.));
#141 = CARTESIAN_POINT('',(-34.15,-1.654581775,13.));
#142 = CARTESIAN_POINT('',(-34.15,-6.264781813111,13.030191740141));
#143 = CARTESIAN_POINT('',(-34.15,-6.022926915773,12.963108869784));
#144 = CARTESIAN_POINT('',(-34.15,-5.748704936153,12.895010039779));
#145 = CARTESIAN_POINT('',(-34.15,-5.455185590214,12.821355407029));
#146 = CARTESIAN_POINT('',(-34.15,-5.161987246825,12.75499114477));
#147 = CARTESIAN_POINT('',(-34.15,-4.865332564976,12.691265280546));
#148 = CARTESIAN_POINT('',(-34.15,-4.571783465907,12.634041868745));
#149 = CARTESIAN_POINT('',(-34.15,-4.277040901027,12.581553985119));
#150 = CARTESIAN_POINT('',(-34.15,-3.981003644859,12.534719387991));
#151 = CARTESIAN_POINT('',(-34.15,-3.460690547188,12.463106102181));
#152 = CARTESIAN_POINT('',(-34.15,-3.237099663046,12.435750329568));
#153 = CARTESIAN_POINT('',(-34.15,-3.012736437611,12.411875786106));
#154 = CARTESIAN_POINT('',(-34.15,-2.787663385813,12.391646137894));
#155 = CARTESIAN_POINT('',(-34.15,-2.56195363717,12.375212199044));
#156 = CARTESIAN_POINT('',(-34.15,-2.335690935784,12.362711931683));
#157 = CARTESIAN_POINT('',(-34.15,-2.108969640346,12.35427044595));
#158 = CARTESIAN_POINT('',(-34.15,-1.881894724131,12.35));
#159 = CARTESIAN_POINT('',(-34.15,-1.654581775,12.35));
#160 = DEFINITIONAL_REPRESENTATION('',(#161),#165);
#161 = LINE('',#162,#163);
#162 = CARTESIAN_POINT('',(0.,0.));
#163 = VECTOR('',#164,1.);
#164 = DIRECTION('',(0.,1.));
#165 = ( GEOMETRIC_REPRESENTATION_CONTEXT(2) 
PARAMETRIC_REPRESENTATION_CONTEXT() REPRESENTATION_CONTEXT('2D SPACE',''
  ) );
#166 = ORIENTED_EDGE('',*,*,#167,.F.);
#167 = EDGE_CURVE('',#168,#60,#170,.T.);
#168 = VERTEX_POINT('',#169);
#169 = CARTESIAN_POINT('',(-9.7,-6.134596775004,13.667021274516));
#170 = SURFACE_CURVE('',#171,(#175,#182),.PCURVE_S1.);
#171 = LINE('',#172,#173);
#172 = CARTESIAN_POINT('',(0.,-6.134596775004,13.667021274516));
#173 = VECTOR('',#174,1.);
#174 = DIRECTION('',(-1.,0.,0.));
#175 = PCURVE('',#32,#176);
#176 = DEFINITIONAL_REPRESENTATION('',(#177),#181);
#177 = LINE('',#178,#179);
#178 = CARTESIAN_POINT('',(1.,0.));
#179 = VECTOR('',#180,1.);
#180 = DIRECTION('',(0.,-1.));
#181 = ( GEOMETRIC_REPRESENTATION_CONTEXT(2) 
PARAMETRIC_REPRESENTATION_CONTEXT() REPRESENTATION_CONTEXT('2D SPACE',''
  ) );
#182 = PCURVE('',#183,#191);
#183 = SURFACE_OF_LINEAR_EXTRUSION('',#184,#189);
#184 = B_SPLINE_CURVE_WITH_KNOTS('',3,(#185,#186,#187,#188),
  .UNSPECIFIED.,.F.,.F.,(4,4),(0.,1.),.PIECEWISE_BEZIER_KNOTS.);
#185 = CARTESIAN_POINT('',(0.,-6.134596775004,13.667021274516));
#186 = CARTESIAN_POINT('',(0.,-6.778547325863,13.839567304585));
#187 = CARTESIAN_POINT('',(0.,-7.5068147013,13.697438661399));
#188 = CARTESIAN_POINT('',(0.,-8.23302556882,13.562985010243));
#189 = VECTOR('',#190,1.);
#190 = DIRECTION('',(1.,0.,0.));
#191 = DEFINITIONAL_REPRESENTATION('',(#192),#196);
#192 = LINE('',#193,#194);
#193 = CARTESIAN_POINT('',(0.,0.));
#194 = VECTOR('',#195,1.);
#195 = DIRECTION('',(0.,-1.));
#196 = ( GEOMETRIC_REPRESENTATION_CONTEXT(2) 
PARAMETRIC_REPRESENTATION_CONTEXT() REPRESENTATION_CONTEXT('2D SPACE',''
  ) );
#197 = ORIENTED_EDGE('',*,*,#198,.T.);
#198 = EDGE_CURVE('',#168,#199,#201,.T.);
#199 = VERTEX_POINT('',#200);
#200 = CARTESIAN_POINT('',(-9.7,-4.082382828763,13.212211049059));
#201 = SURFACE_CURVE('',#202,(#215,#226),.PCURVE_S1.);
#202 = B_SPLINE_CURVE_WITH_KNOTS('',6,(#203,#204,#205,#206,#207,#208,
    #209,#210,#211,#212,#213,#214),.UNSPECIFIED.,.F.,.F.,(7,5,7),(
    39.176870147549,41.277277641186,42.646452156512),.UNSPECIFIED.);
#203 = CARTESIAN_POINT('',(-9.7,-6.134596775004,13.667021274516));
#204 = CARTESIAN_POINT('',(-9.7,-5.796027011189,13.57630177972));
#205 = CARTESIAN_POINT('',(-9.7,-5.456359758909,13.490411196808));
#206 = CARTESIAN_POINT('',(-9.7,-5.115030673432,13.410120421487));
#207 = CARTESIAN_POINT('',(-9.7,-4.772367674313,13.336439582892));
#208 = CARTESIAN_POINT('',(-9.7,-4.428077407859,13.270179529822));
#209 = CARTESIAN_POINT('',(-9.7,-3.857037885357,13.174423635525));
#210 = CARTESIAN_POINT('',(-9.7,-3.630664948457,13.136463840864));
#211 = CARTESIAN_POINT('',(-9.7,-3.403264018064,13.098331665077));
#212 = CARTESIAN_POINT('',(-9.7,-3.174835094178,13.060027108162));
#213 = CARTESIAN_POINT('',(-9.7,-2.945378176799,13.021550170121));
#214 = CARTESIAN_POINT('',(-9.7,-2.714893265926,12.982900850954));
#215 = PCURVE('',#32,#216);
#216 = DEFINITIONAL_REPRESENTATION('',(#217),#225);
#217 = B_SPLINE_CURVE_WITH_KNOTS('',6,(#218,#219,#220,#221,#222,#223,
    #224),.UNSPECIFIED.,.F.,.F.,(7,7),(39.176870147549,41.277277641186),
  .PIECEWISE_BEZIER_KNOTS.);
#218 = CARTESIAN_POINT('',(1.,-9.7));
#219 = CARTESIAN_POINT('',(0.922108175137,-9.7));
#220 = CARTESIAN_POINT('',(0.84425850479,-9.7));
#221 = CARTESIAN_POINT('',(0.766374221157,-9.7));
#222 = CARTESIAN_POINT('',(0.688583745648,-9.7));
#223 = CARTESIAN_POINT('',(0.610870815287,-9.7));
#224 = CARTESIAN_POINT('',(0.533333333333,-9.7));
#225 = ( GEOMETRIC_REPRESENTATION_CONTEXT(2) 
PARAMETRIC_REPRESENTATION_CONTEXT() REPRESENTATION_CONTEXT('2D SPACE',''
  ) );
#226 = PCURVE('',#227,#264);
#227 = ( BOUNDED_SURFACE() B_SPLINE_SURFACE(2,6,(
    (#228,#229,#230,#231,#232,#233,#234,#235,#236,#237,#238,#239)
    ,(#240,#241,#242,#243,#244,#245,#246,#247,#248,#249,#250,#251)
    ,(#252,#253,#254,#255,#256,#257,#258,#259,#260,#261,#262,#263
)),.UNSPECIFIED.,.F.,.F.,.F.) B_SPLINE_SURFACE_WITH_KNOTS((3,3),(7,5,7),
  (0.,2.100407493637),(39.176870147549,41.277277641186,42.646452156512),
.UNSPECIFIED.) GEOMETRIC_REPRESENTATION_ITEM() RATIONAL_B_SPLINE_SURFACE
((
    (1.,1.,1.,1.,1.,1.,1.,1.,1.,1.,1.,1.)
    ,(0.707106781187,0.707106781187,0.707106781187,0.707106781187
      ,0.707106781187,0.707106781187,0.707106781187,0.707106781187
      ,0.707106781187,0.707106781187,0.707106781187,0.707106781187)
,(1.,1.,1.,1.,1.,1.,1.,1.,1.,1.,1.,1.
))) REPRESENTATION_ITEM('') SURFACE() );
#228 = CARTESIAN_POINT('',(-9.7,-6.134596775004,13.667021274516));
#229 = CARTESIAN_POINT('',(-9.7,-5.796027011189,13.57630177972));
#230 = CARTESIAN_POINT('',(-9.7,-5.456359758909,13.490411196808));
#231 = CARTESIAN_POINT('',(-9.7,-5.115030673432,13.410120421487));
#232 = CARTESIAN_POINT('',(-9.7,-4.772367674313,13.336439582892));
#233 = CARTESIAN_POINT('',(-9.7,-4.428077407859,13.270179529822));
#234 = CARTESIAN_POINT('',(-9.7,-3.857037885357,13.174423635525));
#235 = CARTESIAN_POINT('',(-9.7,-3.630664948457,13.136463840864));
#236 = CARTESIAN_POINT('',(-9.7,-3.403264018064,13.098331665077));
#237 = CARTESIAN_POINT('',(-9.7,-3.174835094178,13.060027108162));
#238 = CARTESIAN_POINT('',(-9.7,-2.945378176799,13.021550170121));
#239 = CARTESIAN_POINT('',(-9.7,-2.714893265926,12.982900850954));
#240 = CARTESIAN_POINT('',(-9.5,-6.134596775004,13.667021274516));
#241 = CARTESIAN_POINT('',(-9.5,-5.796027011189,13.57630177972));
#242 = CARTESIAN_POINT('',(-9.5,-5.456359758909,13.490411196808));
#243 = CARTESIAN_POINT('',(-9.5,-5.115030673432,13.410120421487));
#244 = CARTESIAN_POINT('',(-9.5,-4.772367674313,13.336439582892));
#245 = CARTESIAN_POINT('',(-9.5,-4.428077407859,13.270179529822));
#246 = CARTESIAN_POINT('',(-9.5,-3.857037885357,13.174423635525));
#247 = CARTESIAN_POINT('',(-9.5,-3.630664948457,13.136463840864));
#248 = CARTESIAN_POINT('',(-9.5,-3.403264018064,13.098331665077));
#249 = CARTESIAN_POINT('',(-9.5,-3.174835094178,13.060027108162));
#250 = CARTESIAN_POINT('',(-9.5,-2.945378176799,13.021550170121));
#251 = CARTESIAN_POINT('',(-9.5,-2.714893265926,12.982900850954));
#252 = CARTESIAN_POINT('',(-9.5,-6.18367258705,13.473135832381));
#253 = CARTESIAN_POINT('',(-9.5,-5.849104748165,13.3834292951));
#254 = CARTESIAN_POINT('',(-9.5,-5.501942993284,13.295627498361));
#255 = CARTESIAN_POINT('',(-9.5,-5.159506904442,13.215063996044));
#256 = CARTESIAN_POINT('',(-9.5,-4.812868427997,13.140539328521));
#257 = CARTESIAN_POINT('',(-9.5,-4.465095535368,13.073594589262));
#258 = CARTESIAN_POINT('',(-9.5,-3.887543498052,12.976746630968));
#259 = CARTESIAN_POINT('',(-9.5,-3.659628570915,12.938528264601));
#260 = CARTESIAN_POINT('',(-9.5,-3.431713643778,12.900309898234));
#261 = CARTESIAN_POINT('',(-9.5,-3.203798716641,12.862091531867));
#262 = CARTESIAN_POINT('',(-9.5,-2.975883789504,12.823873165501));
#263 = CARTESIAN_POINT('',(-9.5,-2.747968862367,12.785654799134));
#264 = DEFINITIONAL_REPRESENTATION('',(#265),#269);
#265 = LINE('',#266,#267);
#266 = CARTESIAN_POINT('',(0.,0.));
#267 = VECTOR('',#268,1.);
#268 = DIRECTION('',(0.,1.));
#269 = ( GEOMETRIC_REPRESENTATION_CONTEXT(2) 
PARAMETRIC_REPRESENTATION_CONTEXT() REPRESENTATION_CONTEXT('2D SPACE',''
  ) );
#270 = ORIENTED_EDGE('',*,*,#271,.T.);
#271 = EDGE_CURVE('',#199,#272,#274,.T.);
#272 = VERTEX_POINT('',#273);
#273 = CARTESIAN_POINT('',(-12.03,-4.082382875402,13.212210875003));
#274 = SURFACE_CURVE('',#275,(#286,#315),.PCURVE_S1.);
#275 = B_SPLINE_CURVE_WITH_KNOTS('',5,(#276,#277,#278,#279,#280,#281,
    #282,#283,#284,#285),.UNSPECIFIED.,.F.,.F.,(6,4,6),(0.,
    1.058191151641,1.287053117864),.UNSPECIFIED.);
#276 = CARTESIAN_POINT('',(-9.7,-4.082382828763,13.212211049059));
#277 = CARTESIAN_POINT('',(-10.09788,-4.082382828763,13.212211049059));
#278 = CARTESIAN_POINT('',(-10.49576,-4.082382828763,13.212211049059));
#279 = CARTESIAN_POINT('',(-10.89364,-4.082382828763,13.212211049059));
#280 = CARTESIAN_POINT('',(-11.29152,-4.082382828763,13.212211049059));
#281 = CARTESIAN_POINT('',(-11.77545212676,-4.082382828763,
    13.212211049059));
#282 = CARTESIAN_POINT('',(-11.83294505753,-4.08238286043,
    13.212210930878));
#283 = CARTESIAN_POINT('',(-11.9145106129,-4.082382772855,
    13.212211257712));
#284 = CARTESIAN_POINT('',(-12.01293811453,-4.082382852083,
    13.212210962031));
#285 = CARTESIAN_POINT('',(-12.03,-4.082382852083,13.212210962031));
#286 = PCURVE('',#32,#287);
#287 = DEFINITIONAL_REPRESENTATION('',(#288),#314);
#288 = B_SPLINE_CURVE_WITH_KNOTS('',3,(#289,#290,#291,#292,#293,#294,
    #295,#296,#297,#298,#299,#300,#301,#302,#303,#304,#305,#306,#307,
    #308,#309,#310,#311,#312,#313),.UNSPECIFIED.,.F.,.F.,(4,1,1,1,1,1,1,
    1,1,1,1,1,1,1,1,1,1,1,1,1,1,1,4),(0.,5.850241444838E-02,
    0.117004828897,0.175507243345,0.234009657794,0.292512072242,
    0.35101448669,0.409516901139,0.468019315587,0.526521730035,
    0.585024144484,0.643526558932,0.702028973381,0.760531387829,
    0.819033802277,0.877536216726,0.936038631174,0.994541045623,
    1.053043460071,1.111545874519,1.170048288968,1.228550703416,
    1.287053117864),.QUASI_UNIFORM_KNOTS.);
#289 = CARTESIAN_POINT('',(0.533333333333,-9.7));
#290 = CARTESIAN_POINT('',(0.533333333333,-9.736661524755));
#291 = CARTESIAN_POINT('',(0.533333333333,-9.809984574264));
#292 = CARTESIAN_POINT('',(0.533333333333,-9.91996914853));
#293 = CARTESIAN_POINT('',(0.533333333333,-10.02995372278));
#294 = CARTESIAN_POINT('',(0.533333333333,-10.13993829708));
#295 = CARTESIAN_POINT('',(0.533333333333,-10.24992287123));
#296 = CARTESIAN_POINT('',(0.533333333333,-10.3599074459));
#297 = CARTESIAN_POINT('',(0.533333333333,-10.46989201867));
#298 = CARTESIAN_POINT('',(0.533333333333,-10.57987659851));
#299 = CARTESIAN_POINT('',(0.533333333333,-10.68986115196));
#300 = CARTESIAN_POINT('',(0.533333333333,-10.79984580391));
#301 = CARTESIAN_POINT('',(0.533333333333,-10.90983008823));
#302 = CARTESIAN_POINT('',(0.533333333333,-11.01981574458));
#303 = CARTESIAN_POINT('',(0.533333333334,-11.12979628045));
#304 = CARTESIAN_POINT('',(0.533333333332,-11.23979592622));
#305 = CARTESIAN_POINT('',(0.533333333337,-11.34972425284));
#306 = CARTESIAN_POINT('',(0.533333333321,-11.45991874617));
#307 = CARTESIAN_POINT('',(0.53333333338,-11.56911989184));
#308 = CARTESIAN_POINT('',(0.53333333316,-11.68202826141));
#309 = CARTESIAN_POINT('',(0.533333333981,-11.78110108303));
#310 = CARTESIAN_POINT('',(0.533333332813,-11.87325833145));
#311 = CARTESIAN_POINT('',(0.533333333345,-11.97571627994));
#312 = CARTESIAN_POINT('',(0.533333334418,-12.01925310189));
#313 = CARTESIAN_POINT('',(0.533333335237,-12.03));
#314 = ( GEOMETRIC_REPRESENTATION_CONTEXT(2) 
PARAMETRIC_REPRESENTATION_CONTEXT() REPRESENTATION_CONTEXT('2D SPACE',''
  ) );
#315 = PCURVE('',#316,#321);
#316 = PLANE('',#317);
#317 = AXIS2_PLACEMENT_3D('',#318,#319,#320);
#318 = CARTESIAN_POINT('',(-11.38,11.526517784395,71.465421187661));
#319 = DIRECTION('',(0.,0.965925826289,-0.258819045103));
#320 = DIRECTION('',(0.,-0.258819045103,-0.965925826289));
#321 = DEFINITIONAL_REPRESENTATION('',(#322),#333);
#322 = B_SPLINE_CURVE_WITH_KNOTS('',5,(#323,#324,#325,#326,#327,#328,
    #329,#330,#331,#332),.UNSPECIFIED.,.F.,.F.,(6,4,6),(0.,
    1.058191151641,1.287053117864),.UNSPECIFIED.);
#323 = CARTESIAN_POINT('',(60.308160888917,-1.68));
#324 = CARTESIAN_POINT('',(60.308160888917,-1.28212));
#325 = CARTESIAN_POINT('',(60.308160888917,-0.88424));
#326 = CARTESIAN_POINT('',(60.308160888917,-0.48636));
#327 = CARTESIAN_POINT('',(60.308160888917,-8.847999999999E-02));
#328 = CARTESIAN_POINT('',(60.308160888917,0.395452126763));
#329 = CARTESIAN_POINT('',(60.308161011267,0.45294505753));
#330 = CARTESIAN_POINT('',(60.308160672904,0.5345106129));
#331 = CARTESIAN_POINT('',(60.308160979015,0.632938114535));
#332 = CARTESIAN_POINT('',(60.308160979015,0.65));
#333 = ( GEOMETRIC_REPRESENTATION_CONTEXT(2) 
PARAMETRIC_REPRESENTATION_CONTEXT() REPRESENTATION_CONTEXT('2D SPACE',''
  ) );
#334 = ORIENTED_EDGE('',*,*,#335,.T.);
#335 = EDGE_CURVE('',#272,#22,#336,.T.);
#336 = SURFACE_CURVE('',#337,(#346,#357),.PCURVE_S1.);
#337 = ( BOUNDED_CURVE() B_SPLINE_CURVE(7,(#338,#339,#340,#341,#342,#343
,#344,#345),.UNSPECIFIED.,.F.,.F.) B_SPLINE_CURVE_WITH_KNOTS((8,8),(
-2.105125578472,2.439884618682),.PIECEWISE_BEZIER_KNOTS.) CURVE() 
GEOMETRIC_REPRESENTATION_ITEM() RATIONAL_B_SPLINE_CURVE((1.,1.,1.,1.,1.,
1.,1.,1.)) REPRESENTATION_ITEM('') );
#338 = CARTESIAN_POINT('',(-12.03,-6.134596775004,13.667021274516));
#339 = CARTESIAN_POINT('',(-12.03,-5.508879776451,13.499360910063));
#340 = CARTESIAN_POINT('',(-12.03,-4.878013699851,13.347325586566));
#341 = CARTESIAN_POINT('',(-12.03,-4.24143505343,13.216222636497));
#342 = CARTESIAN_POINT('',(-12.03,-3.600310653191,13.111497561137));
#343 = CARTESIAN_POINT('',(-12.03,-2.953813433035,13.037960942881));
#344 = CARTESIAN_POINT('',(-12.03,-2.304399290308,13.));
#345 = CARTESIAN_POINT('',(-12.03,-1.654581775,13.));
#346 = PCURVE('',#32,#347);
#347 = DEFINITIONAL_REPRESENTATION('',(#348),#356);
#348 = B_SPLINE_CURVE_WITH_KNOTS('',6,(#349,#350,#351,#352,#353,#354,
    #355),.UNSPECIFIED.,.F.,.F.,(7,7),(1.321021989202E-05,2.439884618682
    ),.PIECEWISE_BEZIER_KNOTS.);
#349 = CARTESIAN_POINT('',(0.533333333333,-12.03));
#350 = CARTESIAN_POINT('',(0.443430410279,-12.03));
#351 = CARTESIAN_POINT('',(0.353757085174,-12.03));
#352 = CARTESIAN_POINT('',(0.264426491461,-12.03));
#353 = CARTESIAN_POINT('',(0.175561901963,-12.03));
#354 = CARTESIAN_POINT('',(8.735777077523E-02,-12.03));
#355 = CARTESIAN_POINT('',(-2.208394226717E-16,-12.03));
#356 = ( GEOMETRIC_REPRESENTATION_CONTEXT(2) 
PARAMETRIC_REPRESENTATION_CONTEXT() REPRESENTATION_CONTEXT('2D SPACE',''
  ) );
#357 = PCURVE('',#358,#383);
#358 = ( BOUNDED_SURFACE() B_SPLINE_SURFACE(2,7,(
    (#359,#360,#361,#362,#363,#364,#365,#366)
    ,(#367,#368,#369,#370,#371,#372,#373,#374)
    ,(#375,#376,#377,#378,#379,#380,#381,#382
)),.UNSPECIFIED.,.F.,.F.,.F.) B_SPLINE_SURFACE_WITH_KNOTS((3,3),(8,8),(
    0.,4.545010197155),(-2.105125578472,2.439884618682),
.PIECEWISE_BEZIER_KNOTS.) GEOMETRIC_REPRESENTATION_ITEM() 
RATIONAL_B_SPLINE_SURFACE((
    (1.,1.,1.,1.,1.,1.,1.,1.)
    ,(0.707106781187,0.707106781187,0.707106781187,0.707106781187
      ,0.707106781187,0.707106781187,0.707106781187,0.707106781187)
,(1.,1.,1.,1.,1.,1.,1.,1.))) REPRESENTATION_ITEM('') SURFACE() );
#359 = CARTESIAN_POINT('',(-12.03,-6.134596775004,13.667021274516));
#360 = CARTESIAN_POINT('',(-12.03,-5.508879776451,13.499360910063));
#361 = CARTESIAN_POINT('',(-12.03,-4.878013699851,13.347325586566));
#362 = CARTESIAN_POINT('',(-12.03,-4.24143505343,13.216222636497));
#363 = CARTESIAN_POINT('',(-12.03,-3.600310653191,13.111497561137));
#364 = CARTESIAN_POINT('',(-12.03,-2.953813433035,13.037960942881));
#365 = CARTESIAN_POINT('',(-12.03,-2.304399290308,13.));
#366 = CARTESIAN_POINT('',(-12.03,-1.654581775,13.));
#367 = CARTESIAN_POINT('',(-11.38,-6.134596775004,13.667021274516));
#368 = CARTESIAN_POINT('',(-11.38,-5.508879776451,13.499360910063));
#369 = CARTESIAN_POINT('',(-11.38,-4.878013699851,13.347325586566));
#370 = CARTESIAN_POINT('',(-11.38,-4.24143505343,13.216222636497));
#371 = CARTESIAN_POINT('',(-11.38,-3.600310653191,13.111497561137));
#372 = CARTESIAN_POINT('',(-11.38,-2.953813433035,13.037960942881));
#373 = CARTESIAN_POINT('',(-11.38,-2.304399290308,13.));
#374 = CARTESIAN_POINT('',(-11.38,-1.654581775,13.));
#375 = CARTESIAN_POINT('',(-11.38,-6.304383065549,13.039587919057));
#376 = CARTESIAN_POINT('',(-11.38,-5.663674814642,12.86787085423));
#377 = CARTESIAN_POINT('',(-11.38,-5.014984065671,12.711442477158));
#378 = CARTESIAN_POINT('',(-11.38,-4.357318781336,12.575920700706));
#379 = CARTESIAN_POINT('',(-11.38,-3.692505585833,12.466893218796));
#380 = CARTESIAN_POINT('',(-11.38,-3.016883431444,12.389836059234));
#381 = CARTESIAN_POINT('',(-11.38,-2.336951422982,12.35));
#382 = CARTESIAN_POINT('',(-11.38,-1.654581775,12.35));
#383 = DEFINITIONAL_REPRESENTATION('',(#384),#388);
#384 = LINE('',#385,#386);
#385 = CARTESIAN_POINT('',(0.,0.));
#386 = VECTOR('',#387,1.);
#387 = DIRECTION('',(0.,1.));
#388 = ( GEOMETRIC_REPRESENTATION_CONTEXT(2) 
PARAMETRIC_REPRESENTATION_CONTEXT() REPRESENTATION_CONTEXT('2D SPACE',''
  ) );
#389 = ADVANCED_FACE('',(#390),#358,.T.);
#390 = FACE_BOUND('',#391,.T.);
#391 = EDGE_LOOP('',(#392,#472,#510,#543));
#392 = ORIENTED_EDGE('',*,*,#393,.T.);
#393 = EDGE_CURVE('',#272,#394,#396,.T.);
#394 = VERTEX_POINT('',#395);
#395 = CARTESIAN_POINT('',(-11.38,-4.251360158951,12.581579067472));
#396 = SURFACE_CURVE('',#397,(#420,#446),.PCURVE_S1.);
#397 = B_SPLINE_CURVE_WITH_KNOTS('',6,(#398,#399,#400,#401,#402,#403,
    #404,#405,#406,#407,#408,#409,#410,#411,#412,#413,#414,#415,#416,
    #417,#418,#419),.UNSPECIFIED.,.F.,.F.,(7,5,5,5,7),(0.,0.243472770763
    ,0.487904541614,0.744436664489,1.),.UNSPECIFIED.);
#398 = CARTESIAN_POINT('',(-12.03,-4.082382875402,13.212210875003));
#399 = CARTESIAN_POINT('',(-11.9925180504,-4.082382875402,
    13.212210875003));
#400 = CARTESIAN_POINT('',(-11.95400353565,-4.083057262129,
    13.209694029473));
#401 = CARTESIAN_POINT('',(-11.91473980781,-4.084475594768,
    13.204400740002));
#402 = CARTESIAN_POINT('',(-11.8750957924,-4.086697297666,
    13.196109231908));
#403 = CARTESIAN_POINT('',(-11.83552367166,-4.089758598567,
    13.184684301408));
#404 = CARTESIAN_POINT('',(-11.7573315915,-4.097583990947,
    13.155479539457));
#405 = CARTESIAN_POINT('',(-11.71871516393,-4.102354852718,
    13.137674440932));
#406 = CARTESIAN_POINT('',(-11.68114233642,-4.107980427337,
    13.116679510633));
#407 = CARTESIAN_POINT('',(-11.64512882294,-4.114433180983,
    13.092597506174));
#408 = CARTESIAN_POINT('',(-11.61115562322,-4.121647106969,
    13.065674767876));
#409 = CARTESIAN_POINT('',(-11.54650030377,-4.137800982801,
    13.00538768253));
#410 = CARTESIAN_POINT('',(-11.51606336964,-4.146808942815,
    12.971769518085));
#411 = CARTESIAN_POINT('',(-11.48874527109,-4.156445293577,
    12.935806167441));
#412 = CARTESIAN_POINT('',(-11.46487714597,-4.166569608028,
    12.89802171152));
#413 = CARTESIAN_POINT('',(-11.44461095715,-4.177027163561,
    12.858993582945));
#414 = CARTESIAN_POINT('',(-11.4113479995,-4.198274086817,
    12.779698985851));
#415 = CARTESIAN_POINT('',(-11.39832352906,-4.209062306532,
    12.739436801753));
#416 = CARTESIAN_POINT('',(-11.38887638643,-4.219889926257,
    12.699027574813));
#417 = CARTESIAN_POINT('',(-11.38285586742,-4.230618929628,
    12.658986389117));
#418 = CARTESIAN_POINT('',(-11.38,-4.241137404397,12.61973090686));
#419 = CARTESIAN_POINT('',(-11.38,-4.251360341022,12.581578387974));
#420 = PCURVE('',#358,#421);
#421 = DEFINITIONAL_REPRESENTATION('',(#422),#445);
#422 = B_SPLINE_CURVE_WITH_KNOTS('',6,(#423,#424,#425,#426,#427,#428,
    #429,#430,#431,#432,#433,#434,#435,#436,#437,#438,#439,#440,#441,
    #442,#443,#444),.UNSPECIFIED.,.F.,.F.,(7,5,5,5,7),(0.,0.243472770763
    ,0.487904541614,0.744436664489,1.),.UNSPECIFIED.);
#423 = CARTESIAN_POINT('',(0.,1.321021989246E-05));
#424 = CARTESIAN_POINT('',(0.18532272596,1.321021989237E-05));
#425 = CARTESIAN_POINT('',(0.370438948018,-2.358112539872E-04));
#426 = CARTESIAN_POINT('',(0.55534842281,-7.595317038186E-04));
#427 = CARTESIAN_POINT('',(0.740060974312,-1.579368695904E-03));
#428 = CARTESIAN_POINT('',(0.924598071231,-2.707141526111E-03));
#429 = CARTESIAN_POINT('',(1.29409256215,-5.582484042114E-03));
#430 = CARTESIAN_POINT('',(1.479053080304,-7.332517909719E-03));
#431 = CARTESIAN_POINT('',(1.663882402985,-9.391261168818E-03));
#432 = CARTESIAN_POINT('',(1.848616559259,-1.174531127644E-02));
#433 = CARTESIAN_POINT('',(2.033299465246,-1.436667025348E-02));
#434 = CARTESIAN_POINT('',(2.411771966222,-2.021051740603E-02));
#435 = CARTESIAN_POINT('',(2.60556620455,-2.345642483296E-02));
#436 = CARTESIAN_POINT('',(2.799385967832,-2.691268657546E-02));
#437 = CARTESIAN_POINT('',(2.993285323113,-3.05248823712E-02));
#438 = CARTESIAN_POINT('',(3.187310689694,-3.423541939285E-02));
#439 = CARTESIAN_POINT('',(3.574931288245,-4.173290240457E-02));
#440 = CARTESIAN_POINT('',(3.768530591526,-4.551959742482E-02));
#441 = CARTESIAN_POINT('',(3.962315954744,-4.929891033899E-02));
#442 = CARTESIAN_POINT('',(4.156316979044,-5.302294408057E-02));
#443 = CARTESIAN_POINT('',(4.350547999456,-5.665459787907E-02));
#444 = CARTESIAN_POINT('',(4.545010197155,-6.016679090473E-02));
#445 = ( GEOMETRIC_REPRESENTATION_CONTEXT(2) 
PARAMETRIC_REPRESENTATION_CONTEXT() REPRESENTATION_CONTEXT('2D SPACE',''
  ) );
#446 = PCURVE('',#316,#447);
#447 = DEFINITIONAL_REPRESENTATION('',(#448),#471);
#448 = B_SPLINE_CURVE_WITH_KNOTS('',6,(#449,#450,#451,#452,#453,#454,
    #455,#456,#457,#458,#459,#460,#461,#462,#463,#464,#465,#466,#467,
    #468,#469,#470),.UNSPECIFIED.,.F.,.F.,(7,5,5,5,7),(0.,0.243472770763
    ,0.487904541614,0.744436664489,1.),.UNSPECIFIED.);
#449 = CARTESIAN_POINT('',(60.308161069113,0.65));
#450 = CARTESIAN_POINT('',(60.308161069113,0.612518050408));
#451 = CARTESIAN_POINT('',(60.310766699341,0.574003535659));
#452 = CARTESIAN_POINT('',(60.316246715846,0.534739807811));
#453 = CARTESIAN_POINT('',(60.324830716676,0.4950957924));
#454 = CARTESIAN_POINT('',(60.336658675085,0.455523671667));
#455 = CARTESIAN_POINT('',(60.366893669488,0.377331591508));
#456 = CARTESIAN_POINT('',(60.38532686388,0.338715163933));
#457 = CARTESIAN_POINT('',(60.407062415128,0.30114233642));
#458 = CARTESIAN_POINT('',(60.431993940721,0.265128822941));
#459 = CARTESIAN_POINT('',(60.459866410393,0.231155623228));
#460 = CARTESIAN_POINT('',(60.522280193838,0.16650030377));
#461 = CARTESIAN_POINT('',(60.557084278717,0.136063369643));
#462 = CARTESIAN_POINT('',(60.594316279006,0.10874527109));
#463 = CARTESIAN_POINT('',(60.633433626211,8.487714597922E-02));
#464 = CARTESIAN_POINT('',(60.67383851809,6.461095714957E-02));
#465 = CARTESIAN_POINT('',(60.755930325697,3.134799950084E-02));
#466 = CARTESIAN_POINT('',(60.797612805865,1.832352906171E-02));
#467 = CARTESIAN_POINT('',(60.839447515984,8.876386435908E-03));
#468 = CARTESIAN_POINT('',(60.880901201771,2.855867423657E-03));
#469 = CARTESIAN_POINT('',(60.921541467502,0.));
#470 = CARTESIAN_POINT('',(60.961039861527,0.));
#471 = ( GEOMETRIC_REPRESENTATION_CONTEXT(2) 
PARAMETRIC_REPRESENTATION_CONTEXT() REPRESENTATION_CONTEXT('2D SPACE',''
  ) );
#472 = ORIENTED_EDGE('',*,*,#473,.T.);
#473 = EDGE_CURVE('',#394,#474,#476,.T.);
#474 = VERTEX_POINT('',#475);
#475 = CARTESIAN_POINT('',(-11.38,-1.654581775,12.35));
#476 = SURFACE_CURVE('',#477,(#486,#493),.PCURVE_S1.);
#477 = ( BOUNDED_CURVE() B_SPLINE_CURVE(7,(#478,#479,#480,#481,#482,#483
,#484,#485),.UNSPECIFIED.,.F.,.F.) B_SPLINE_CURVE_WITH_KNOTS((8,8),(
-2.105125578472,2.439884618682),.PIECEWISE_BEZIER_KNOTS.) CURVE() 
GEOMETRIC_REPRESENTATION_ITEM() RATIONAL_B_SPLINE_CURVE((1.,1.,1.,1.,1.,
1.,1.,1.)) REPRESENTATION_ITEM('') );
#478 = CARTESIAN_POINT('',(-11.38,-6.304383065549,13.039587919057));
#479 = CARTESIAN_POINT('',(-11.38,-5.663674814642,12.86787085423));
#480 = CARTESIAN_POINT('',(-11.38,-5.014984065671,12.711442477158));
#481 = CARTESIAN_POINT('',(-11.38,-4.357318781336,12.575920700706));
#482 = CARTESIAN_POINT('',(-11.38,-3.692505585833,12.466893218796));
#483 = CARTESIAN_POINT('',(-11.38,-3.016883431444,12.389836059234));
#484 = CARTESIAN_POINT('',(-11.38,-2.336951422982,12.35));
#485 = CARTESIAN_POINT('',(-11.38,-1.654581775,12.35));
#486 = PCURVE('',#358,#487);
#487 = DEFINITIONAL_REPRESENTATION('',(#488),#492);
#488 = LINE('',#489,#490);
#489 = CARTESIAN_POINT('',(4.545010197155,0.));
#490 = VECTOR('',#491,1.);
#491 = DIRECTION('',(0.,1.));
#492 = ( GEOMETRIC_REPRESENTATION_CONTEXT(2) 
PARAMETRIC_REPRESENTATION_CONTEXT() REPRESENTATION_CONTEXT('2D SPACE',''
  ) );
#493 = PCURVE('',#494,#499);
#494 = PLANE('',#495);
#495 = AXIS2_PLACEMENT_3D('',#496,#497,#498);
#496 = CARTESIAN_POINT('',(-11.38,6.48255587503,37.572656180357));
#497 = DIRECTION('',(1.,0.,0.));
#498 = DIRECTION('',(0.,0.258819045103,0.965925826289));
#499 = DEFINITIONAL_REPRESENTATION('',(#500),#509);
#500 = ( BOUNDED_CURVE() B_SPLINE_CURVE(7,(#501,#502,#503,#504,#505,#506
,#507,#508),.UNSPECIFIED.,.F.,.F.) B_SPLINE_CURVE_WITH_KNOTS((8,8),(
-2.105125578472,2.439884618682),.PIECEWISE_BEZIER_KNOTS.) CURVE() 
GEOMETRIC_REPRESENTATION_ITEM() RATIONAL_B_SPLINE_CURVE((1.,1.,1.,1.,1.,
1.,1.,1.)) REPRESENTATION_ITEM('') );
#501 = CARTESIAN_POINT('',(-27.00662755808,6.001609261062));
#502 = CARTESIAN_POINT('',(-27.00666600812,5.338288967648));
#503 = CARTESIAN_POINT('',(-26.98987069729,4.671215176761));
#504 = CARTESIAN_POINT('',(-26.9505583803,4.000883676797));
#505 = CARTESIAN_POINT('',(-26.88380452442,3.330505052844));
#506 = CARTESIAN_POINT('',(-26.78337214409,2.657960304651));
#507 = CARTESIAN_POINT('',(-26.64587146936,1.990886086745));
#508 = CARTESIAN_POINT('',(-26.46926120866,1.331767620683));
#509 = ( GEOMETRIC_REPRESENTATION_CONTEXT(2) 
PARAMETRIC_REPRESENTATION_CONTEXT() REPRESENTATION_CONTEXT('2D SPACE',''
  ) );
#510 = ORIENTED_EDGE('',*,*,#511,.F.);
#511 = EDGE_CURVE('',#22,#474,#512,.T.);
#512 = SURFACE_CURVE('',#513,(#517,#524),.PCURVE_S1.);
#513 = ( BOUNDED_CURVE() B_SPLINE_CURVE(2,(#514,#515,#516),
.UNSPECIFIED.,.F.,.F.) B_SPLINE_CURVE_WITH_KNOTS((3,3),(0.,
4.545010197155),.PIECEWISE_BEZIER_KNOTS.) CURVE() 
GEOMETRIC_REPRESENTATION_ITEM() RATIONAL_B_SPLINE_CURVE((1.,
0.707106781187,1.)) REPRESENTATION_ITEM('') );
#514 = CARTESIAN_POINT('',(-12.03,-1.654581775,13.));
#515 = CARTESIAN_POINT('',(-11.38,-1.654581775,13.));
#516 = CARTESIAN_POINT('',(-11.38,-1.654581775,12.35));
#517 = PCURVE('',#358,#518);
#518 = DEFINITIONAL_REPRESENTATION('',(#519),#523);
#519 = LINE('',#520,#521);
#520 = CARTESIAN_POINT('',(0.,2.439884618682));
#521 = VECTOR('',#522,1.);
#522 = DIRECTION('',(1.,0.));
#523 = ( GEOMETRIC_REPRESENTATION_CONTEXT(2) 
PARAMETRIC_REPRESENTATION_CONTEXT() REPRESENTATION_CONTEXT('2D SPACE',''
  ) );
#524 = PCURVE('',#525,#530);
#525 = CYLINDRICAL_SURFACE('',#526,0.65);
#526 = AXIS2_PLACEMENT_3D('',#527,#528,#529);
#527 = CARTESIAN_POINT('',(-12.03,-1.654581775,12.35));
#528 = DIRECTION('',(0.,1.,6.587265740426E-17));
#529 = DIRECTION('',(0.,-7.101372406394E-17,1.));
#530 = DEFINITIONAL_REPRESENTATION('',(#531),#542);
#531 = B_SPLINE_CURVE_WITH_KNOTS('',9,(#532,#533,#534,#535,#536,#537,
    #538,#539,#540,#541),.UNSPECIFIED.,.F.,.F.,(10,10),(0.,
    4.545010197155),.PIECEWISE_BEZIER_KNOTS.);
#532 = CARTESIAN_POINT('',(1.110223024625E-16,1.42108547152E-14));
#533 = CARTESIAN_POINT('',(0.157134840264,1.42108547152E-14));
#534 = CARTESIAN_POINT('',(0.325774716821,1.42108547152E-14));
#535 = CARTESIAN_POINT('',(0.50456638687,1.42108547152E-14));
#536 = CARTESIAN_POINT('',(0.690744851612,1.42108547152E-14));
#537 = CARTESIAN_POINT('',(0.880051475183,1.42108547152E-14));
#538 = CARTESIAN_POINT('',(1.066229939925,1.42108547152E-14));
#539 = CARTESIAN_POINT('',(1.245021609974,1.42108547152E-14));
#540 = CARTESIAN_POINT('',(1.413661486531,1.42108547152E-14));
#541 = CARTESIAN_POINT('',(1.570796326795,1.42108547152E-14));
#542 = ( GEOMETRIC_REPRESENTATION_CONTEXT(2) 
PARAMETRIC_REPRESENTATION_CONTEXT() REPRESENTATION_CONTEXT('2D SPACE',''
  ) );
#543 = ORIENTED_EDGE('',*,*,#335,.F.);
#544 = ADVANCED_FACE('',(#545),#525,.T.);
#545 = FACE_BOUND('',#546,.T.);
#546 = EDGE_LOOP('',(#547,#587,#608,#609,#632));
#547 = ORIENTED_EDGE('',*,*,#548,.F.);
#548 = EDGE_CURVE('',#549,#551,#553,.T.);
#549 = VERTEX_POINT('',#550);
#550 = CARTESIAN_POINT('',(-12.03,4.434672141401,13.));
#551 = VERTEX_POINT('',#552);
#552 = CARTESIAN_POINT('',(-11.40214821291,3.806820354313,
    12.518232379317));
#553 = SURFACE_CURVE('',#554,(#559,#571),.PCURVE_S1.);
#554 = ELLIPSE('',#555,0.919238815543,0.65);
#555 = AXIS2_PLACEMENT_3D('',#556,#557,#558);
#556 = CARTESIAN_POINT('',(-12.03,4.434672141401,12.35));
#557 = DIRECTION('',(0.707106781187,0.707106781187,5.217239460589E-17));
#558 = DIRECTION('',(-0.707106781187,0.707106781187,2.290864897392E-17)
  );
#559 = PCURVE('',#525,#560);
#560 = DEFINITIONAL_REPRESENTATION('',(#561),#570);
#561 = B_SPLINE_CURVE_WITH_KNOTS('',7,(#562,#563,#564,#565,#566,#567,
    #568,#569),.UNSPECIFIED.,.F.,.F.,(8,8),(1.570796326795,
    2.879793265791),.PIECEWISE_BEZIER_KNOTS.);
#562 = CARTESIAN_POINT('',(-2.6645352591E-15,6.089253916401));
#563 = CARTESIAN_POINT('',(0.186999562714,5.967704200637));
#564 = CARTESIAN_POINT('',(0.373999125427,5.846154603672));
#565 = CARTESIAN_POINT('',(0.560998688141,5.731546586585));
#566 = CARTESIAN_POINT('',(0.747998250855,5.630826090281));
#567 = CARTESIAN_POINT('',(0.934997813568,5.549935481571));
#568 = CARTESIAN_POINT('',(1.121997376282,5.492861510679));
#569 = CARTESIAN_POINT('',(1.308996938996,5.461402129313));
#570 = ( GEOMETRIC_REPRESENTATION_CONTEXT(2) 
PARAMETRIC_REPRESENTATION_CONTEXT() REPRESENTATION_CONTEXT('2D SPACE',''
  ) );
#571 = PCURVE('',#572,#577);
#572 = CYLINDRICAL_SURFACE('',#573,0.65);
#573 = AXIS2_PLACEMENT_3D('',#574,#575,#576);
#574 = CARTESIAN_POINT('',(33.5,4.434672141401,12.35));
#575 = DIRECTION('',(-1.,0.,-0.));
#576 = DIRECTION('',(0.,-7.101372406394E-17,1.));
#577 = DEFINITIONAL_REPRESENTATION('',(#578),#586);
#578 = B_SPLINE_CURVE_WITH_KNOTS('',6,(#579,#580,#581,#582,#583,#584,
    #585),.UNSPECIFIED.,.F.,.F.,(7,7),(1.570796326795,2.879793265791),
  .PIECEWISE_BEZIER_KNOTS.);
#579 = CARTESIAN_POINT('',(0.,45.53));
#580 = CARTESIAN_POINT('',(-0.218166156499,45.388191998275));
#581 = CARTESIAN_POINT('',(-0.436331925981,45.246388014797));
#582 = CARTESIAN_POINT('',(-0.654498531065,45.11670783839));
#583 = CARTESIAN_POINT('',(-0.872664946985,45.011409640712));
#584 = CARTESIAN_POINT('',(-1.090830782496,44.938850824506));
#585 = CARTESIAN_POINT('',(-1.308996938996,44.902148212912));
#586 = ( GEOMETRIC_REPRESENTATION_CONTEXT(2) 
PARAMETRIC_REPRESENTATION_CONTEXT() REPRESENTATION_CONTEXT('2D SPACE',''
  ) );
#587 = ORIENTED_EDGE('',*,*,#588,.F.);
#588 = EDGE_CURVE('',#22,#549,#589,.T.);
#589 = SURFACE_CURVE('',#590,(#594,#601),.PCURVE_S1.);
#590 = LINE('',#591,#592);
#591 = CARTESIAN_POINT('',(-12.03,-1.654581775,13.));
#592 = VECTOR('',#593,1.);
#593 = DIRECTION('',(0.,1.,6.587265740426E-17));
#594 = PCURVE('',#525,#595);
#595 = DEFINITIONAL_REPRESENTATION('',(#596),#600);
#596 = LINE('',#597,#598);
#597 = CARTESIAN_POINT('',(0.,0.));
#598 = VECTOR('',#599,1.);
#599 = DIRECTION('',(0.,1.));
#600 = ( GEOMETRIC_REPRESENTATION_CONTEXT(2) 
PARAMETRIC_REPRESENTATION_CONTEXT() REPRESENTATION_CONTEXT('2D SPACE',''
  ) );
#601 = PCURVE('',#47,#602);
#602 = DEFINITIONAL_REPRESENTATION('',(#603),#607);
#603 = LINE('',#604,#605);
#604 = CARTESIAN_POINT('',(64.187123185425,12.03));
#605 = VECTOR('',#606,1.);
#606 = DIRECTION('',(-1.,0.));
#607 = ( GEOMETRIC_REPRESENTATION_CONTEXT(2) 
PARAMETRIC_REPRESENTATION_CONTEXT() REPRESENTATION_CONTEXT('2D SPACE',''
  ) );
#608 = ORIENTED_EDGE('',*,*,#511,.T.);
#609 = ORIENTED_EDGE('',*,*,#610,.T.);
#610 = EDGE_CURVE('',#474,#611,#613,.T.);
#611 = VERTEX_POINT('',#612);
#612 = CARTESIAN_POINT('',(-11.38,3.761742624135,12.35));
#613 = SURFACE_CURVE('',#614,(#618,#625),.PCURVE_S1.);
#614 = LINE('',#615,#616);
#615 = CARTESIAN_POINT('',(-11.38,-1.654581775,12.35));
#616 = VECTOR('',#617,1.);
#617 = DIRECTION('',(0.,1.,6.587265740426E-17));
#618 = PCURVE('',#525,#619);
#619 = DEFINITIONAL_REPRESENTATION('',(#620),#624);
#620 = LINE('',#621,#622);
#621 = CARTESIAN_POINT('',(1.570796326795,0.));
#622 = VECTOR('',#623,1.);
#623 = DIRECTION('',(0.,1.));
#624 = ( GEOMETRIC_REPRESENTATION_CONTEXT(2) 
PARAMETRIC_REPRESENTATION_CONTEXT() REPRESENTATION_CONTEXT('2D SPACE',''
  ) );
#625 = PCURVE('',#494,#626);
#626 = DEFINITIONAL_REPRESENTATION('',(#627),#631);
#627 = LINE('',#628,#629);
#628 = CARTESIAN_POINT('',(-26.46926120866,1.331767620683));
#629 = VECTOR('',#630,1.);
#630 = DIRECTION('',(0.258819045103,-0.965925826289));
#631 = ( GEOMETRIC_REPRESENTATION_CONTEXT(2) 
PARAMETRIC_REPRESENTATION_CONTEXT() REPRESENTATION_CONTEXT('2D SPACE',''
  ) );
#632 = ORIENTED_EDGE('',*,*,#633,.F.);
#633 = EDGE_CURVE('',#551,#611,#634,.T.);
#634 = SURFACE_CURVE('',#635,(#640,#650),.PCURVE_S1.);
#635 = ELLIPSE('',#636,0.672929517267,0.65);
#636 = AXIS2_PLACEMENT_3D('',#637,#638,#639);
#637 = CARTESIAN_POINT('',(-12.03,3.761742624135,12.35));
#638 = DIRECTION('',(0.,0.965925826289,-0.258819045103));
#639 = DIRECTION('',(0.,0.258819045103,0.965925826289));
#640 = PCURVE('',#525,#641);
#641 = DEFINITIONAL_REPRESENTATION('',(#642),#649);
#642 = B_SPLINE_CURVE_WITH_KNOTS('',5,(#643,#644,#645,#646,#647,#648),
  .UNSPECIFIED.,.F.,.F.,(6,6),(1.308996938996,1.570796326795),
  .PIECEWISE_BEZIER_KNOTS.);
#643 = CARTESIAN_POINT('',(1.308996938996,5.461402129313));
#644 = CARTESIAN_POINT('',(1.361356816556,5.45259350253));
#645 = CARTESIAN_POINT('',(1.413716694115,5.443630397049));
#646 = CARTESIAN_POINT('',(1.466076571675,5.434563122312));
#647 = CARTESIAN_POINT('',(1.518436449235,5.425443760624));
#648 = CARTESIAN_POINT('',(1.570796326795,5.416324399134));
#649 = ( GEOMETRIC_REPRESENTATION_CONTEXT(2) 
PARAMETRIC_REPRESENTATION_CONTEXT() REPRESENTATION_CONTEXT('2D SPACE',''
  ) );
#650 = PCURVE('',#651,#656);
#651 = PLANE('',#652);
#652 = AXIS2_PLACEMENT_3D('',#653,#654,#655);
#653 = CARTESIAN_POINT('',(-11.38,1.96832949088,5.656891067731));
#654 = DIRECTION('',(0.,-0.965925826289,0.258819045103));
#655 = DIRECTION('',(0.,0.258819045103,0.965925826289));
#656 = DEFINITIONAL_REPRESENTATION('',(#657),#665);
#657 = ( BOUNDED_CURVE() B_SPLINE_CURVE(2,(#658,#659,#660,#661,#662,#663
,#664),.UNSPECIFIED.,.T.,.F.) B_SPLINE_CURVE_WITH_KNOTS((1,2,2,2,2,1),(
    -2.094395102393,0.,2.094395102393,4.188790204786,6.28318530718,
8.377580409573),.UNSPECIFIED.) CURVE() GEOMETRIC_REPRESENTATION_ITEM() 
RATIONAL_B_SPLINE_CURVE((1.,0.5,1.,0.5,1.,0.5,1.)) REPRESENTATION_ITEM(
  '') );
#658 = CARTESIAN_POINT('',(7.602145767735,0.65));
#659 = CARTESIAN_POINT('',(7.602145767735,-0.47583302492));
#660 = CARTESIAN_POINT('',(6.592751491835,8.708348754011E-02));
#661 = CARTESIAN_POINT('',(5.583357215935,0.65));
#662 = CARTESIAN_POINT('',(6.592751491835,1.21291651246));
#663 = CARTESIAN_POINT('',(7.602145767735,1.77583302492));
#664 = CARTESIAN_POINT('',(7.602145767735,0.65));
#665 = ( GEOMETRIC_REPRESENTATION_CONTEXT(2) 
PARAMETRIC_REPRESENTATION_CONTEXT() REPRESENTATION_CONTEXT('2D SPACE',''
  ) );
#666 = ADVANCED_FACE('',(#667),#651,.T.);
#667 = FACE_BOUND('',#668,.T.);
#668 = EDGE_LOOP('',(#669,#699,#720,#721,#744));
#669 = ORIENTED_EDGE('',*,*,#670,.T.);
#670 = EDGE_CURVE('',#671,#673,#675,.T.);
#671 = VERTEX_POINT('',#672);
#672 = CARTESIAN_POINT('',(33.5,1.968329490879,5.656891067731));
#673 = VERTEX_POINT('',#674);
#674 = CARTESIAN_POINT('',(33.5,3.806820354313,12.518232379317));
#675 = SURFACE_CURVE('',#676,(#680,#687),.PCURVE_S1.);
#676 = LINE('',#677,#678);
#677 = CARTESIAN_POINT('',(33.5,1.96832949088,5.656891067731));
#678 = VECTOR('',#679,1.);
#679 = DIRECTION('',(0.,0.258819045103,0.965925826289));
#680 = PCURVE('',#651,#681);
#681 = DEFINITIONAL_REPRESENTATION('',(#682),#686);
#682 = LINE('',#683,#684);
#683 = CARTESIAN_POINT('',(0.,-44.88));
#684 = VECTOR('',#685,1.);
#685 = DIRECTION('',(1.,0.));
#686 = ( GEOMETRIC_REPRESENTATION_CONTEXT(2) 
PARAMETRIC_REPRESENTATION_CONTEXT() REPRESENTATION_CONTEXT('2D SPACE',''
  ) );
#687 = PCURVE('',#688,#693);
#688 = CYLINDRICAL_SURFACE('',#689,0.65);
#689 = AXIS2_PLACEMENT_3D('',#690,#691,#692);
#690 = CARTESIAN_POINT('',(33.5,2.596181277967,5.488658688414));
#691 = DIRECTION('',(0.,0.258819045103,0.965925826289));
#692 = DIRECTION('',(1.,0.,0.));
#693 = DEFINITIONAL_REPRESENTATION('',(#694),#698);
#694 = LINE('',#695,#696);
#695 = CARTESIAN_POINT('',(-1.570796326795,0.));
#696 = VECTOR('',#697,1.);
#697 = DIRECTION('',(-0.,1.));
#698 = ( GEOMETRIC_REPRESENTATION_CONTEXT(2) 
PARAMETRIC_REPRESENTATION_CONTEXT() REPRESENTATION_CONTEXT('2D SPACE',''
  ) );
#699 = ORIENTED_EDGE('',*,*,#700,.T.);
#700 = EDGE_CURVE('',#673,#551,#701,.T.);
#701 = SURFACE_CURVE('',#702,(#706,#713),.PCURVE_S1.);
#702 = LINE('',#703,#704);
#703 = CARTESIAN_POINT('',(33.5,3.806820354313,12.518232379317));
#704 = VECTOR('',#705,1.);
#705 = DIRECTION('',(-1.,0.,-0.));
#706 = PCURVE('',#651,#707);
#707 = DEFINITIONAL_REPRESENTATION('',(#708),#712);
#708 = LINE('',#709,#710);
#709 = CARTESIAN_POINT('',(7.103383225548,-44.88));
#710 = VECTOR('',#711,1.);
#711 = DIRECTION('',(0.,1.));
#712 = ( GEOMETRIC_REPRESENTATION_CONTEXT(2) 
PARAMETRIC_REPRESENTATION_CONTEXT() REPRESENTATION_CONTEXT('2D SPACE',''
  ) );
#713 = PCURVE('',#572,#714);
#714 = DEFINITIONAL_REPRESENTATION('',(#715),#719);
#715 = LINE('',#716,#717);
#716 = CARTESIAN_POINT('',(-1.308996938996,0.));
#717 = VECTOR('',#718,1.);
#718 = DIRECTION('',(-0.,1.));
#719 = ( GEOMETRIC_REPRESENTATION_CONTEXT(2) 
PARAMETRIC_REPRESENTATION_CONTEXT() REPRESENTATION_CONTEXT('2D SPACE',''
  ) );
#720 = ORIENTED_EDGE('',*,*,#633,.T.);
#721 = ORIENTED_EDGE('',*,*,#722,.F.);
#722 = EDGE_CURVE('',#723,#611,#725,.T.);
#723 = VERTEX_POINT('',#724);
#724 = CARTESIAN_POINT('',(-11.38,1.96832949088,5.656891067731));
#725 = SURFACE_CURVE('',#726,(#730,#737),.PCURVE_S1.);
#726 = LINE('',#727,#728);
#727 = CARTESIAN_POINT('',(-11.38,1.96832949088,5.656891067731));
#728 = VECTOR('',#729,1.);
#729 = DIRECTION('',(0.,0.258819045103,0.965925826289));
#730 = PCURVE('',#651,#731);
#731 = DEFINITIONAL_REPRESENTATION('',(#732),#736);
#732 = LINE('',#733,#734);
#733 = CARTESIAN_POINT('',(0.,0.));
#734 = VECTOR('',#735,1.);
#735 = DIRECTION('',(1.,0.));
#736 = ( GEOMETRIC_REPRESENTATION_CONTEXT(2) 
PARAMETRIC_REPRESENTATION_CONTEXT() REPRESENTATION_CONTEXT('2D SPACE',''
  ) );
#737 = PCURVE('',#494,#738);
#738 = DEFINITIONAL_REPRESENTATION('',(#739),#743);
#739 = LINE('',#740,#741);
#740 = CARTESIAN_POINT('',(-31.99662955018,-3.9));
#741 = VECTOR('',#742,1.);
#742 = DIRECTION('',(1.,1.225300278295E-17));
#743 = ( GEOMETRIC_REPRESENTATION_CONTEXT(2) 
PARAMETRIC_REPRESENTATION_CONTEXT() REPRESENTATION_CONTEXT('2D SPACE',''
  ) );
#744 = ORIENTED_EDGE('',*,*,#745,.T.);
#745 = EDGE_CURVE('',#723,#671,#746,.T.);
#746 = SURFACE_CURVE('',#747,(#751,#758),.PCURVE_S1.);
#747 = LINE('',#748,#749);
#748 = CARTESIAN_POINT('',(-11.38,1.96832949088,5.656891067731));
#749 = VECTOR('',#750,1.);
#750 = DIRECTION('',(1.,0.,0.));
#751 = PCURVE('',#651,#752);
#752 = DEFINITIONAL_REPRESENTATION('',(#753),#757);
#753 = LINE('',#754,#755);
#754 = CARTESIAN_POINT('',(0.,0.));
#755 = VECTOR('',#756,1.);
#756 = DIRECTION('',(0.,-1.));
#757 = ( GEOMETRIC_REPRESENTATION_CONTEXT(2) 
PARAMETRIC_REPRESENTATION_CONTEXT() REPRESENTATION_CONTEXT('2D SPACE',''
  ) );
#758 = PCURVE('',#759,#764);
#759 = CYLINDRICAL_SURFACE('',#760,3.9);
#760 = AXIS2_PLACEMENT_3D('',#761,#762,#763);
#761 = CARTESIAN_POINT('',(-11.38,-1.798781231648,6.666285343631));
#762 = DIRECTION('',(-1.,0.,0.));
#763 = DIRECTION('',(0.,-0.965925826289,0.258819045103));
#764 = DEFINITIONAL_REPRESENTATION('',(#765),#769);
#765 = LINE('',#766,#767);
#766 = CARTESIAN_POINT('',(-3.14159265359,0.));
#767 = VECTOR('',#768,1.);
#768 = DIRECTION('',(-0.,-1.));
#769 = ( GEOMETRIC_REPRESENTATION_CONTEXT(2) 
PARAMETRIC_REPRESENTATION_CONTEXT() REPRESENTATION_CONTEXT('2D SPACE',''
  ) );
#770 = ADVANCED_FACE('',(#771),#759,.F.);
#771 = FACE_BOUND('',#772,.T.);
#772 = EDGE_LOOP('',(#773,#774,#798,#821,#861,#889,#929,#957));
#773 = ORIENTED_EDGE('',*,*,#745,.F.);
#774 = ORIENTED_EDGE('',*,*,#775,.F.);
#775 = EDGE_CURVE('',#776,#723,#778,.T.);
#776 = VERTEX_POINT('',#777);
#777 = CARTESIAN_POINT('',(-11.38,-5.565891954175,7.675679619531));
#778 = SURFACE_CURVE('',#779,(#784,#791),.PCURVE_S1.);
#779 = CIRCLE('',#780,3.9);
#780 = AXIS2_PLACEMENT_3D('',#781,#782,#783);
#781 = CARTESIAN_POINT('',(-11.38,-1.798781231648,6.666285343631));
#782 = DIRECTION('',(1.,0.,0.));
#783 = DIRECTION('',(0.,-0.965925826289,0.258819045103));
#784 = PCURVE('',#759,#785);
#785 = DEFINITIONAL_REPRESENTATION('',(#786),#790);
#786 = LINE('',#787,#788);
#787 = CARTESIAN_POINT('',(-0.,0.));
#788 = VECTOR('',#789,1.);
#789 = DIRECTION('',(-1.,0.));
#790 = ( GEOMETRIC_REPRESENTATION_CONTEXT(2) 
PARAMETRIC_REPRESENTATION_CONTEXT() REPRESENTATION_CONTEXT('2D SPACE',''
  ) );
#791 = PCURVE('',#494,#792);
#792 = DEFINITIONAL_REPRESENTATION('',(#793),#797);
#793 = CIRCLE('',#794,3.9);
#794 = AXIS2_PLACEMENT_2D('',#795,#796);
#795 = CARTESIAN_POINT('',(-31.99662955018,-1.531109566487E-15));
#796 = DIRECTION('',(1.194923120256E-16,1.));
#797 = ( GEOMETRIC_REPRESENTATION_CONTEXT(2) 
PARAMETRIC_REPRESENTATION_CONTEXT() REPRESENTATION_CONTEXT('2D SPACE',''
  ) );
#798 = ORIENTED_EDGE('',*,*,#799,.T.);
#799 = EDGE_CURVE('',#776,#800,#802,.T.);
#800 = VERTEX_POINT('',#801);
#801 = CARTESIAN_POINT('',(-8.538523696938,-5.565891954175,
    7.675679619531));
#802 = SURFACE_CURVE('',#803,(#807,#814),.PCURVE_S1.);
#803 = LINE('',#804,#805);
#804 = CARTESIAN_POINT('',(-11.38,-5.565891954175,7.675679619531));
#805 = VECTOR('',#806,1.);
#806 = DIRECTION('',(1.,0.,0.));
#807 = PCURVE('',#759,#808);
#808 = DEFINITIONAL_REPRESENTATION('',(#809),#813);
#809 = LINE('',#810,#811);
#810 = CARTESIAN_POINT('',(-0.,0.));
#811 = VECTOR('',#812,1.);
#812 = DIRECTION('',(-0.,-1.));
#813 = ( GEOMETRIC_REPRESENTATION_CONTEXT(2) 
PARAMETRIC_REPRESENTATION_CONTEXT() REPRESENTATION_CONTEXT('2D SPACE',''
  ) );
#814 = PCURVE('',#316,#815);
#815 = DEFINITIONAL_REPRESENTATION('',(#816),#820);
#816 = LINE('',#817,#818);
#817 = CARTESIAN_POINT('',(66.04,-0.));
#818 = VECTOR('',#819,1.);
#819 = DIRECTION('',(0.,-1.));
#820 = ( GEOMETRIC_REPRESENTATION_CONTEXT(2) 
PARAMETRIC_REPRESENTATION_CONTEXT() REPRESENTATION_CONTEXT('2D SPACE',''
  ) );
#821 = ORIENTED_EDGE('',*,*,#822,.T.);
#822 = EDGE_CURVE('',#800,#823,#825,.T.);
#823 = VERTEX_POINT('',#824);
#824 = CARTESIAN_POINT('',(-7.32,-5.636011760855,7.363179787373));
#825 = SURFACE_CURVE('',#826,(#834,#845),.PCURVE_S1.);
#826 = B_SPLINE_CURVE_WITH_KNOTS('',6,(#827,#828,#829,#830,#831,#832,
    #833),.UNSPECIFIED.,.F.,.F.,(7,7),(0.,1.),.PIECEWISE_BEZIER_KNOTS.);
#827 = CARTESIAN_POINT('',(-8.538523696938,-5.565891954175,
    7.675679619531));
#828 = CARTESIAN_POINT('',(-8.346724310654,-5.593896186508,
    7.571166401639));
#829 = CARTESIAN_POINT('',(-8.147625408223,-5.612514253455,
    7.487766307463));
#830 = CARTESIAN_POINT('',(-7.943716759484,-5.624708202525,
    7.425423220562));
#831 = CARTESIAN_POINT('',(-7.736832115052,-5.632241757634,7.3839368812)
  );
#832 = CARTESIAN_POINT('',(-7.528452683023,-5.636011760855,
    7.363179787373));
#833 = CARTESIAN_POINT('',(-7.32,-5.636011760855,7.363179787373));
#834 = PCURVE('',#759,#835);
#835 = DEFINITIONAL_REPRESENTATION('',(#836),#844);
#836 = B_SPLINE_CURVE_WITH_KNOTS('',6,(#837,#838,#839,#840,#841,#842,
    #843),.UNSPECIFIED.,.F.,.F.,(7,7),(0.,1.),.PIECEWISE_BEZIER_KNOTS.);
#837 = CARTESIAN_POINT('',(0.,-2.841476303062));
#838 = CARTESIAN_POINT('',(-2.774360128747E-02,-3.033275689346));
#839 = CARTESIAN_POINT('',(-4.963525509068E-02,-3.232374591777));
#840 = CARTESIAN_POINT('',(-6.592306302642E-02,-3.436283240516));
#841 = CARTESIAN_POINT('',(-7.673413275245E-02,-3.643167884948));
#842 = CARTESIAN_POINT('',(-8.21436292844E-02,-3.851547316977));
#843 = CARTESIAN_POINT('',(-8.21436292844E-02,-4.06));
#844 = ( GEOMETRIC_REPRESENTATION_CONTEXT(2) 
PARAMETRIC_REPRESENTATION_CONTEXT() REPRESENTATION_CONTEXT('2D SPACE',''
  ) );
#845 = PCURVE('',#846,#851);
#846 = CYLINDRICAL_SURFACE('',#847,2.48);
#847 = AXIS2_PLACEMENT_3D('',#848,#849,#850);
#848 = CARTESIAN_POINT('',(-7.32,-2.68862083366,9.140913696069));
#849 = DIRECTION('',(0.,0.965925826289,-0.258819045103));
#850 = DIRECTION('',(-1.,9.269253647881E-17,3.459332556214E-16));
#851 = DEFINITIONAL_REPRESENTATION('',(#852),#860);
#852 = B_SPLINE_CURVE_WITH_KNOTS('',6,(#853,#854,#855,#856,#857,#858,
    #859),.UNSPECIFIED.,.F.,.F.,(7,7),(0.,1.),.PIECEWISE_BEZIER_KNOTS.);
#853 = CARTESIAN_POINT('',(-1.057168491953,-2.4));
#854 = CARTESIAN_POINT('',(-1.145964504122,-2.4));
#855 = CARTESIAN_POINT('',(-1.232802582855,-2.396398138964));
#856 = CARTESIAN_POINT('',(-1.318229597144,-2.392041011075));
#857 = CARTESIAN_POINT('',(-1.402718627299,-2.38858041178));
#858 = CARTESIAN_POINT('',(-1.486742825576,-2.386849624053));
#859 = CARTESIAN_POINT('',(-1.570796326795,-2.386849624053));
#860 = ( GEOMETRIC_REPRESENTATION_CONTEXT(2) 
PARAMETRIC_REPRESENTATION_CONTEXT() REPRESENTATION_CONTEXT('2D SPACE',''
  ) );
#861 = ORIENTED_EDGE('',*,*,#862,.F.);
#862 = EDGE_CURVE('',#863,#823,#865,.T.);
#863 = VERTEX_POINT('',#864);
#864 = CARTESIAN_POINT('',(7.32,-5.636011760855,7.363179787373));
#865 = SURFACE_CURVE('',#866,(#870,#877),.PCURVE_S1.);
#866 = LINE('',#867,#868);
#867 = CARTESIAN_POINT('',(-11.38,-5.636011760855,7.363179787373));
#868 = VECTOR('',#869,1.);
#869 = DIRECTION('',(-1.,0.,0.));
#870 = PCURVE('',#759,#871);
#871 = DEFINITIONAL_REPRESENTATION('',(#872),#876);
#872 = LINE('',#873,#874);
#873 = CARTESIAN_POINT('',(-8.21436292844E-02,0.));
#874 = VECTOR('',#875,1.);
#875 = DIRECTION('',(-0.,1.));
#876 = ( GEOMETRIC_REPRESENTATION_CONTEXT(2) 
PARAMETRIC_REPRESENTATION_CONTEXT() REPRESENTATION_CONTEXT('2D SPACE',''
  ) );
#877 = PCURVE('',#878,#883);
#878 = PLANE('',#879);
#879 = AXIS2_PLACEMENT_3D('',#880,#881,#882);
#880 = CARTESIAN_POINT('',(-7.32,-3.330492065514,6.745417646872));
#881 = DIRECTION('',(0.,0.258819045103,0.965925826289));
#882 = DIRECTION('',(1.,0.,0.));
#883 = DEFINITIONAL_REPRESENTATION('',(#884),#888);
#884 = LINE('',#885,#886);
#885 = CARTESIAN_POINT('',(-4.06,-2.386849624053));
#886 = VECTOR('',#887,1.);
#887 = DIRECTION('',(-1.,0.));
#888 = ( GEOMETRIC_REPRESENTATION_CONTEXT(2) 
PARAMETRIC_REPRESENTATION_CONTEXT() REPRESENTATION_CONTEXT('2D SPACE',''
  ) );
#889 = ORIENTED_EDGE('',*,*,#890,.T.);
#890 = EDGE_CURVE('',#863,#891,#893,.T.);
#891 = VERTEX_POINT('',#892);
#892 = CARTESIAN_POINT('',(8.538523696938,-5.565891954175,7.675679619531
    ));
#893 = SURFACE_CURVE('',#894,(#902,#913),.PCURVE_S1.);
#894 = B_SPLINE_CURVE_WITH_KNOTS('',6,(#895,#896,#897,#898,#899,#900,
    #901),.UNSPECIFIED.,.F.,.F.,(7,7),(0.,1.),.PIECEWISE_BEZIER_KNOTS.);
#895 = CARTESIAN_POINT('',(7.32,-5.636011760855,7.363179787373));
#896 = CARTESIAN_POINT('',(7.528452682787,-5.636011760855,7.363179787373
    ));
#897 = CARTESIAN_POINT('',(7.736832115622,-5.632241757638,7.383936881157
    ));
#898 = CARTESIAN_POINT('',(7.943716760411,-5.6247082025,7.425423220796)
  );
#899 = CARTESIAN_POINT('',(8.147625408624,-5.612514253362,7.487766307774
    ));
#900 = CARTESIAN_POINT('',(8.346724310281,-5.593896186562,7.571166401436
    ));
#901 = CARTESIAN_POINT('',(8.538523696938,-5.565891954175,7.675679619531
    ));
#902 = PCURVE('',#759,#903);
#903 = DEFINITIONAL_REPRESENTATION('',(#904),#912);
#904 = B_SPLINE_CURVE_WITH_KNOTS('',6,(#905,#906,#907,#908,#909,#910,
    #911),.UNSPECIFIED.,.F.,.F.,(7,7),(0.,1.),.PIECEWISE_BEZIER_KNOTS.);
#905 = CARTESIAN_POINT('',(-8.21436292844E-02,-18.7));
#906 = CARTESIAN_POINT('',(-8.21436292844E-02,-18.90845268278));
#907 = CARTESIAN_POINT('',(-7.673413276336E-02,-19.11683211562));
#908 = CARTESIAN_POINT('',(-6.592306296652E-02,-19.32371676041));
#909 = CARTESIAN_POINT('',(-4.963525500748E-02,-19.52762540862));
#910 = CARTESIAN_POINT('',(-2.774360134143E-02,-19.72672431028));
#911 = CARTESIAN_POINT('',(0.,-19.91852369693));
#912 = ( GEOMETRIC_REPRESENTATION_CONTEXT(2) 
PARAMETRIC_REPRESENTATION_CONTEXT() REPRESENTATION_CONTEXT('2D SPACE',''
  ) );
#913 = PCURVE('',#914,#919);
#914 = CYLINDRICAL_SURFACE('',#915,2.48);
#915 = AXIS2_PLACEMENT_3D('',#916,#917,#918);
#916 = CARTESIAN_POINT('',(7.32,-2.68862083366,9.140913696069));
#917 = DIRECTION('',(0.,0.965925826289,-0.258819045103));
#918 = DIRECTION('',(-3.581364595565E-16,-0.258819045103,-0.965925826289
    ));
#919 = DEFINITIONAL_REPRESENTATION('',(#920),#928);
#920 = B_SPLINE_CURVE_WITH_KNOTS('',6,(#921,#922,#923,#924,#925,#926,
    #927),.UNSPECIFIED.,.F.,.F.,(7,7),(0.,1.),.PIECEWISE_BEZIER_KNOTS.);
#921 = CARTESIAN_POINT('',(0.,-2.386849624053));
#922 = CARTESIAN_POINT('',(-8.405350112397E-02,-2.386849624053));
#923 = CARTESIAN_POINT('',(-0.168077699727,-2.388580411772));
#924 = CARTESIAN_POINT('',(-0.252566730018,-2.392041011111));
#925 = CARTESIAN_POINT('',(-0.337993744144,-2.396398138954));
#926 = CARTESIAN_POINT('',(-0.4248318225,-2.4));
#927 = CARTESIAN_POINT('',(-0.513627834842,-2.4));
#928 = ( GEOMETRIC_REPRESENTATION_CONTEXT(2) 
PARAMETRIC_REPRESENTATION_CONTEXT() REPRESENTATION_CONTEXT('2D SPACE',''
  ) );
#929 = ORIENTED_EDGE('',*,*,#930,.T.);
#930 = EDGE_CURVE('',#891,#931,#933,.T.);
#931 = VERTEX_POINT('',#932);
#932 = CARTESIAN_POINT('',(33.5,-5.565891954175,7.675679619531));
#933 = SURFACE_CURVE('',#934,(#938,#945),.PCURVE_S1.);
#934 = LINE('',#935,#936);
#935 = CARTESIAN_POINT('',(-11.38,-5.565891954175,7.675679619531));
#936 = VECTOR('',#937,1.);
#937 = DIRECTION('',(1.,0.,0.));
#938 = PCURVE('',#759,#939);
#939 = DEFINITIONAL_REPRESENTATION('',(#940),#944);
#940 = LINE('',#941,#942);
#941 = CARTESIAN_POINT('',(-0.,0.));
#942 = VECTOR('',#943,1.);
#943 = DIRECTION('',(-0.,-1.));
#944 = ( GEOMETRIC_REPRESENTATION_CONTEXT(2) 
PARAMETRIC_REPRESENTATION_CONTEXT() REPRESENTATION_CONTEXT('2D SPACE',''
  ) );
#945 = PCURVE('',#946,#951);
#946 = PLANE('',#947);
#947 = AXIS2_PLACEMENT_3D('',#948,#949,#950);
#948 = CARTESIAN_POINT('',(-11.38,11.526517784395,71.465421187661));
#949 = DIRECTION('',(0.,0.965925826289,-0.258819045103));
#950 = DIRECTION('',(0.,-0.258819045103,-0.965925826289));
#951 = DEFINITIONAL_REPRESENTATION('',(#952),#956);
#952 = LINE('',#953,#954);
#953 = CARTESIAN_POINT('',(66.04,-0.));
#954 = VECTOR('',#955,1.);
#955 = DIRECTION('',(0.,-1.));
#956 = ( GEOMETRIC_REPRESENTATION_CONTEXT(2) 
PARAMETRIC_REPRESENTATION_CONTEXT() REPRESENTATION_CONTEXT('2D SPACE',''
  ) );
#957 = ORIENTED_EDGE('',*,*,#958,.T.);
#958 = EDGE_CURVE('',#931,#671,#959,.T.);
#959 = SURFACE_CURVE('',#960,(#965,#972),.PCURVE_S1.);
#960 = CIRCLE('',#961,3.9);
#961 = AXIS2_PLACEMENT_3D('',#962,#963,#964);
#962 = CARTESIAN_POINT('',(33.5,-1.798781231648,6.666285343631));
#963 = DIRECTION('',(1.,0.,-0.));
#964 = DIRECTION('',(0.,-0.965925826289,0.258819045103));
#965 = PCURVE('',#759,#966);
#966 = DEFINITIONAL_REPRESENTATION('',(#967),#971);
#967 = LINE('',#968,#969);
#968 = CARTESIAN_POINT('',(-2.277380563334E-16,-44.88));
#969 = VECTOR('',#970,1.);
#970 = DIRECTION('',(-1.,0.));
#971 = ( GEOMETRIC_REPRESENTATION_CONTEXT(2) 
PARAMETRIC_REPRESENTATION_CONTEXT() REPRESENTATION_CONTEXT('2D SPACE',''
  ) );
#972 = PCURVE('',#973,#978);
#973 = TOROIDAL_SURFACE('',#974,4.55,0.65);
#974 = AXIS2_PLACEMENT_3D('',#975,#976,#977);
#975 = CARTESIAN_POINT('',(33.5,-1.798781231648,6.666285343631));
#976 = DIRECTION('',(1.,0.,0.));
#977 = DIRECTION('',(0.,-0.965925826289,0.258819045103));
#978 = DEFINITIONAL_REPRESENTATION('',(#979),#983);
#979 = LINE('',#980,#981);
#980 = CARTESIAN_POINT('',(0.,3.14159265359));
#981 = VECTOR('',#982,1.);
#982 = DIRECTION('',(1.,0.));
#983 = ( GEOMETRIC_REPRESENTATION_CONTEXT(2) 
PARAMETRIC_REPRESENTATION_CONTEXT() REPRESENTATION_CONTEXT('2D SPACE',''
  ) );
#984 = ADVANCED_FACE('',(#985),#878,.T.);
#985 = FACE_BOUND('',#986,.T.);
#986 = EDGE_LOOP('',(#987,#1010,#1011,#1034));
#987 = ORIENTED_EDGE('',*,*,#988,.F.);
#988 = EDGE_CURVE('',#863,#989,#991,.T.);
#989 = VERTEX_POINT('',#990);
#990 = CARTESIAN_POINT('',(7.32,-8.111824905645,8.02657192013));
#991 = SURFACE_CURVE('',#992,(#996,#1003),.PCURVE_S1.);
#992 = LINE('',#993,#994);
#993 = CARTESIAN_POINT('',(7.32,-3.330492065514,6.745417646872));
#994 = VECTOR('',#995,1.);
#995 = DIRECTION('',(0.,-0.965925826289,0.258819045103));
#996 = PCURVE('',#878,#997);
#997 = DEFINITIONAL_REPRESENTATION('',(#998),#1002);
#998 = LINE('',#999,#1000);
#999 = CARTESIAN_POINT('',(14.64,0.));
#1000 = VECTOR('',#1001,1.);
#1001 = DIRECTION('',(0.,-1.));
#1002 = ( GEOMETRIC_REPRESENTATION_CONTEXT(2) 
PARAMETRIC_REPRESENTATION_CONTEXT() REPRESENTATION_CONTEXT('2D SPACE',''
  ) );
#1003 = PCURVE('',#914,#1004);
#1004 = DEFINITIONAL_REPRESENTATION('',(#1005),#1009);
#1005 = LINE('',#1006,#1007);
#1006 = CARTESIAN_POINT('',(-0.,0.));
#1007 = VECTOR('',#1008,1.);
#1008 = DIRECTION('',(-0.,-1.));
#1009 = ( GEOMETRIC_REPRESENTATION_CONTEXT(2) 
PARAMETRIC_REPRESENTATION_CONTEXT() REPRESENTATION_CONTEXT('2D SPACE',''
  ) );
#1010 = ORIENTED_EDGE('',*,*,#862,.T.);
#1011 = ORIENTED_EDGE('',*,*,#1012,.T.);
#1012 = EDGE_CURVE('',#823,#1013,#1015,.T.);
#1013 = VERTEX_POINT('',#1014);
#1014 = CARTESIAN_POINT('',(-7.32,-8.111824905645,8.02657192013));
#1015 = SURFACE_CURVE('',#1016,(#1020,#1027),.PCURVE_S1.);
#1016 = LINE('',#1017,#1018);
#1017 = CARTESIAN_POINT('',(-7.32,-3.330492065514,6.745417646872));
#1018 = VECTOR('',#1019,1.);
#1019 = DIRECTION('',(0.,-0.965925826289,0.258819045103));
#1020 = PCURVE('',#878,#1021);
#1021 = DEFINITIONAL_REPRESENTATION('',(#1022),#1026);
#1022 = LINE('',#1023,#1024);
#1023 = CARTESIAN_POINT('',(0.,0.));
#1024 = VECTOR('',#1025,1.);
#1025 = DIRECTION('',(0.,-1.));
#1026 = ( GEOMETRIC_REPRESENTATION_CONTEXT(2) 
PARAMETRIC_REPRESENTATION_CONTEXT() REPRESENTATION_CONTEXT('2D SPACE',''
  ) );
#1027 = PCURVE('',#846,#1028);
#1028 = DEFINITIONAL_REPRESENTATION('',(#1029),#1033);
#1029 = LINE('',#1030,#1031);
#1030 = CARTESIAN_POINT('',(-1.570796326795,0.));
#1031 = VECTOR('',#1032,1.);
#1032 = DIRECTION('',(-0.,-1.));
#1033 = ( GEOMETRIC_REPRESENTATION_CONTEXT(2) 
PARAMETRIC_REPRESENTATION_CONTEXT() REPRESENTATION_CONTEXT('2D SPACE',''
  ) );
#1034 = ORIENTED_EDGE('',*,*,#1035,.T.);
#1035 = EDGE_CURVE('',#1013,#989,#1036,.T.);
#1036 = SURFACE_CURVE('',#1037,(#1041,#1048),.PCURVE_S1.);
#1037 = LINE('',#1038,#1039);
#1038 = CARTESIAN_POINT('',(-7.32,-8.111824905645,8.02657192013));
#1039 = VECTOR('',#1040,1.);
#1040 = DIRECTION('',(1.,0.,0.));
#1041 = PCURVE('',#878,#1042);
#1042 = DEFINITIONAL_REPRESENTATION('',(#1043),#1047);
#1043 = LINE('',#1044,#1045);
#1044 = CARTESIAN_POINT('',(0.,-4.95));
#1045 = VECTOR('',#1046,1.);
#1046 = DIRECTION('',(1.,0.));
#1047 = ( GEOMETRIC_REPRESENTATION_CONTEXT(2) 
PARAMETRIC_REPRESENTATION_CONTEXT() REPRESENTATION_CONTEXT('2D SPACE',''
  ) );
#1048 = PCURVE('',#1049,#1054);
#1049 = CYLINDRICAL_SURFACE('',#1050,0.2);
#1050 = AXIS2_PLACEMENT_3D('',#1051,#1052,#1053);
#1051 = CARTESIAN_POINT('',(-7.32,-8.163588714666,7.833386754872));
#1052 = DIRECTION('',(1.,0.,0.));
#1053 = DIRECTION('',(0.,0.258819045103,0.965925826289));
#1054 = DEFINITIONAL_REPRESENTATION('',(#1055),#1059);
#1055 = LINE('',#1056,#1057);
#1056 = CARTESIAN_POINT('',(0.,0.));
#1057 = VECTOR('',#1058,1.);
#1058 = DIRECTION('',(0.,1.));
#1059 = ( GEOMETRIC_REPRESENTATION_CONTEXT(2) 
PARAMETRIC_REPRESENTATION_CONTEXT() REPRESENTATION_CONTEXT('2D SPACE',''
  ) );
#1060 = ADVANCED_FACE('',(#1061),#1049,.T.);
#1061 = FACE_BOUND('',#1062,.T.);
#1062 = EDGE_LOOP('',(#1063,#1092,#1120,#1147));
#1063 = ORIENTED_EDGE('',*,*,#1064,.T.);
#1064 = EDGE_CURVE('',#1013,#1065,#1067,.T.);
#1065 = VERTEX_POINT('',#1066);
#1066 = CARTESIAN_POINT('',(-7.32,-8.356773879923,7.885150563892));
#1067 = SURFACE_CURVE('',#1068,(#1073,#1080),.PCURVE_S1.);
#1068 = CIRCLE('',#1069,0.2);
#1069 = AXIS2_PLACEMENT_3D('',#1070,#1071,#1072);
#1070 = CARTESIAN_POINT('',(-7.32,-8.163588714666,7.833386754872));
#1071 = DIRECTION('',(1.,-2.14465874667E-16,-8.003975407468E-16));
#1072 = DIRECTION('',(-8.28632508794E-16,-0.258819045103,-0.965925826289
    ));
#1073 = PCURVE('',#1049,#1074);
#1074 = DEFINITIONAL_REPRESENTATION('',(#1075),#1079);
#1075 = LINE('',#1076,#1077);
#1076 = CARTESIAN_POINT('',(-3.14159265359,0.));
#1077 = VECTOR('',#1078,1.);
#1078 = DIRECTION('',(1.,0.));
#1079 = ( GEOMETRIC_REPRESENTATION_CONTEXT(2) 
PARAMETRIC_REPRESENTATION_CONTEXT() REPRESENTATION_CONTEXT('2D SPACE',''
  ) );
#1080 = PCURVE('',#1081,#1086);
#1081 = TOROIDAL_SURFACE('',#1082,2.68,0.2);
#1082 = AXIS2_PLACEMENT_3D('',#1083,#1084,#1085);
#1083 = CARTESIAN_POINT('',(-7.32,-7.469953673791,10.422067969326));
#1084 = DIRECTION('',(0.,0.965925826289,-0.258819045103));
#1085 = DIRECTION('',(-1.,3.710258967604E-16,1.384687497634E-15));
#1086 = DEFINITIONAL_REPRESENTATION('',(#1087),#1091);
#1087 = LINE('',#1088,#1089);
#1088 = CARTESIAN_POINT('',(-1.570796326795,0.));
#1089 = VECTOR('',#1090,1.);
#1090 = DIRECTION('',(-0.,1.));
#1091 = ( GEOMETRIC_REPRESENTATION_CONTEXT(2) 
PARAMETRIC_REPRESENTATION_CONTEXT() REPRESENTATION_CONTEXT('2D SPACE',''
  ) );
#1092 = ORIENTED_EDGE('',*,*,#1093,.T.);
#1093 = EDGE_CURVE('',#1065,#1094,#1096,.T.);
#1094 = VERTEX_POINT('',#1095);
#1095 = CARTESIAN_POINT('',(7.32,-8.356773879923,7.885150563892));
#1096 = SURFACE_CURVE('',#1097,(#1101,#1108),.PCURVE_S1.);
#1097 = LINE('',#1098,#1099);
#1098 = CARTESIAN_POINT('',(-7.32,-8.356773879923,7.885150563892));
#1099 = VECTOR('',#1100,1.);
#1100 = DIRECTION('',(1.,0.,0.));
#1101 = PCURVE('',#1049,#1102);
#1102 = DEFINITIONAL_REPRESENTATION('',(#1103),#1107);
#1103 = LINE('',#1104,#1105);
#1104 = CARTESIAN_POINT('',(1.570796326795,0.));
#1105 = VECTOR('',#1106,1.);
#1106 = DIRECTION('',(0.,1.));
#1107 = ( GEOMETRIC_REPRESENTATION_CONTEXT(2) 
PARAMETRIC_REPRESENTATION_CONTEXT() REPRESENTATION_CONTEXT('2D SPACE',''
  ) );
#1108 = PCURVE('',#1109,#1114);
#1109 = PLANE('',#1110);
#1110 = AXIS2_PLACEMENT_3D('',#1111,#1112,#1113);
#1111 = CARTESIAN_POINT('',(-32.15,8.8702217621,72.177173561693));
#1112 = DIRECTION('',(0.,0.965925826289,-0.258819045103));
#1113 = DIRECTION('',(-1.,0.,0.));
#1114 = DEFINITIONAL_REPRESENTATION('',(#1115),#1119);
#1115 = LINE('',#1116,#1117);
#1116 = CARTESIAN_POINT('',(-24.83,-66.56));
#1117 = VECTOR('',#1118,1.);
#1118 = DIRECTION('',(-1.,0.));
#1119 = ( GEOMETRIC_REPRESENTATION_CONTEXT(2) 
PARAMETRIC_REPRESENTATION_CONTEXT() REPRESENTATION_CONTEXT('2D SPACE',''
  ) );
#1120 = ORIENTED_EDGE('',*,*,#1121,.F.);
#1121 = EDGE_CURVE('',#989,#1094,#1122,.T.);
#1122 = SURFACE_CURVE('',#1123,(#1128,#1135),.PCURVE_S1.);
#1123 = CIRCLE('',#1124,0.2);
#1124 = AXIS2_PLACEMENT_3D('',#1125,#1126,#1127);
#1125 = CARTESIAN_POINT('',(7.32,-8.163588714666,7.833386754872));
#1126 = DIRECTION('',(1.,0.,-0.));
#1127 = DIRECTION('',(0.,0.258819045103,0.965925826289));
#1128 = PCURVE('',#1049,#1129);
#1129 = DEFINITIONAL_REPRESENTATION('',(#1130),#1134);
#1130 = LINE('',#1131,#1132);
#1131 = CARTESIAN_POINT('',(0.,14.64));
#1132 = VECTOR('',#1133,1.);
#1133 = DIRECTION('',(1.,0.));
#1134 = ( GEOMETRIC_REPRESENTATION_CONTEXT(2) 
PARAMETRIC_REPRESENTATION_CONTEXT() REPRESENTATION_CONTEXT('2D SPACE',''
  ) );
#1135 = PCURVE('',#1136,#1141);
#1136 = TOROIDAL_SURFACE('',#1137,2.68,0.2);
#1137 = AXIS2_PLACEMENT_3D('',#1138,#1139,#1140);
#1138 = CARTESIAN_POINT('',(7.32,-7.469953673791,10.422067969326));
#1139 = DIRECTION('',(0.,0.965925826289,-0.258819045103));
#1140 = DIRECTION('',(3.581364595565E-16,-0.258819045103,-0.965925826289
    ));
#1141 = DEFINITIONAL_REPRESENTATION('',(#1142),#1146);
#1142 = LINE('',#1143,#1144);
#1143 = CARTESIAN_POINT('',(3.581364595565E-16,3.14159265359));
#1144 = VECTOR('',#1145,1.);
#1145 = DIRECTION('',(-0.,1.));
#1146 = ( GEOMETRIC_REPRESENTATION_CONTEXT(2) 
PARAMETRIC_REPRESENTATION_CONTEXT() REPRESENTATION_CONTEXT('2D SPACE',''
  ) );
#1147 = ORIENTED_EDGE('',*,*,#1035,.F.);
#1148 = ADVANCED_FACE('',(#1149),#1136,.T.);
#1149 = FACE_BOUND('',#1150,.F.);
#1150 = EDGE_LOOP('',(#1151,#1152,#1176,#1205));
#1151 = ORIENTED_EDGE('',*,*,#1121,.F.);
#1152 = ORIENTED_EDGE('',*,*,#1153,.T.);
#1153 = EDGE_CURVE('',#989,#1154,#1156,.T.);
#1154 = VERTEX_POINT('',#1155);
#1155 = CARTESIAN_POINT('',(9.8,-7.469953673791,10.422067969326));
#1156 = SURFACE_CURVE('',#1157,(#1162,#1169),.PCURVE_S1.);
#1157 = CIRCLE('',#1158,2.48);
#1158 = AXIS2_PLACEMENT_3D('',#1159,#1160,#1161);
#1159 = CARTESIAN_POINT('',(7.32,-7.469953673791,10.422067969326));
#1160 = DIRECTION('',(-5.23227218576E-33,-0.965925826289,0.258819045103)
  );
#1161 = DIRECTION('',(3.581364595565E-16,-0.258819045103,-0.965925826289
    ));
#1162 = PCURVE('',#1136,#1163);
#1163 = DEFINITIONAL_REPRESENTATION('',(#1164),#1168);
#1164 = LINE('',#1165,#1166);
#1165 = CARTESIAN_POINT('',(-0.,3.14159265359));
#1166 = VECTOR('',#1167,1.);
#1167 = DIRECTION('',(-1.,0.));
#1168 = ( GEOMETRIC_REPRESENTATION_CONTEXT(2) 
PARAMETRIC_REPRESENTATION_CONTEXT() REPRESENTATION_CONTEXT('2D SPACE',''
  ) );
#1169 = PCURVE('',#914,#1170);
#1170 = DEFINITIONAL_REPRESENTATION('',(#1171),#1175);
#1171 = LINE('',#1172,#1173);
#1172 = CARTESIAN_POINT('',(-3.581364595565E-16,-4.95));
#1173 = VECTOR('',#1174,1.);
#1174 = DIRECTION('',(-1.,0.));
#1175 = ( GEOMETRIC_REPRESENTATION_CONTEXT(2) 
PARAMETRIC_REPRESENTATION_CONTEXT() REPRESENTATION_CONTEXT('2D SPACE',''
  ) );
#1176 = ORIENTED_EDGE('',*,*,#1177,.T.);
#1177 = EDGE_CURVE('',#1154,#1178,#1180,.T.);
#1178 = VERTEX_POINT('',#1179);
#1179 = CARTESIAN_POINT('',(10.,-7.663138839049,10.473831778347));
#1180 = SURFACE_CURVE('',#1181,(#1186,#1193),.PCURVE_S1.);
#1181 = CIRCLE('',#1182,0.2);
#1182 = AXIS2_PLACEMENT_3D('',#1183,#1184,#1185);
#1183 = CARTESIAN_POINT('',(10.,-7.469953673791,10.422067969326));
#1184 = DIRECTION('',(-5.189487245242E-16,0.258819045103,0.965925826289)
  );
#1185 = DIRECTION('',(1.,1.343138133385E-16,5.012659755377E-16));
#1186 = PCURVE('',#1136,#1187);
#1187 = DEFINITIONAL_REPRESENTATION('',(#1188),#1192);
#1188 = LINE('',#1189,#1190);
#1189 = CARTESIAN_POINT('',(-1.570796326795,0.));
#1190 = VECTOR('',#1191,1.);
#1191 = DIRECTION('',(-0.,1.));
#1192 = ( GEOMETRIC_REPRESENTATION_CONTEXT(2) 
PARAMETRIC_REPRESENTATION_CONTEXT() REPRESENTATION_CONTEXT('2D SPACE',''
  ) );
#1193 = PCURVE('',#1194,#1199);
#1194 = CYLINDRICAL_SURFACE('',#1195,0.2);
#1195 = AXIS2_PLACEMENT_3D('',#1196,#1197,#1198);
#1196 = CARTESIAN_POINT('',(10.,-7.469953673791,10.422067969326));
#1197 = DIRECTION('',(0.,0.258819045103,0.965925826289));
#1198 = DIRECTION('',(-1.,0.,0.));
#1199 = DEFINITIONAL_REPRESENTATION('',(#1200),#1204);
#1200 = LINE('',#1201,#1202);
#1201 = CARTESIAN_POINT('',(-3.14159265359,-7.87230104975E-15));
#1202 = VECTOR('',#1203,1.);
#1203 = DIRECTION('',(1.,0.));
#1204 = ( GEOMETRIC_REPRESENTATION_CONTEXT(2) 
PARAMETRIC_REPRESENTATION_CONTEXT() REPRESENTATION_CONTEXT('2D SPACE',''
  ) );
#1205 = ORIENTED_EDGE('',*,*,#1206,.F.);
#1206 = EDGE_CURVE('',#1094,#1178,#1207,.T.);
#1207 = SURFACE_CURVE('',#1208,(#1213,#1220),.PCURVE_S1.);
#1208 = CIRCLE('',#1209,2.68);
#1209 = AXIS2_PLACEMENT_3D('',#1210,#1211,#1212);
#1210 = CARTESIAN_POINT('',(7.32,-7.663138839049,10.473831778347));
#1211 = DIRECTION('',(-5.23227218576E-33,-0.965925826289,0.258819045103)
  );
#1212 = DIRECTION('',(3.581364595565E-16,-0.258819045103,-0.965925826289
    ));
#1213 = PCURVE('',#1136,#1214);
#1214 = DEFINITIONAL_REPRESENTATION('',(#1215),#1219);
#1215 = LINE('',#1216,#1217);
#1216 = CARTESIAN_POINT('',(-0.,4.712388980385));
#1217 = VECTOR('',#1218,1.);
#1218 = DIRECTION('',(-1.,0.));
#1219 = ( GEOMETRIC_REPRESENTATION_CONTEXT(2) 
PARAMETRIC_REPRESENTATION_CONTEXT() REPRESENTATION_CONTEXT('2D SPACE',''
  ) );
#1220 = PCURVE('',#1109,#1221);
#1221 = DEFINITIONAL_REPRESENTATION('',(#1222),#1230);
#1222 = ( BOUNDED_CURVE() B_SPLINE_CURVE(2,(#1223,#1224,#1225,#1226,
#1227,#1228,#1229),.UNSPECIFIED.,.T.,.F.) B_SPLINE_CURVE_WITH_KNOTS((1,2
    ,2,2,2,1),(-2.094395102393,0.,2.094395102393,4.188790204786,
6.28318530718,8.377580409573),.UNSPECIFIED.) CURVE() 
GEOMETRIC_REPRESENTATION_ITEM() RATIONAL_B_SPLINE_CURVE((1.,0.5,1.,0.5,
1.,0.5,1.)) REPRESENTATION_ITEM('') );
#1223 = CARTESIAN_POINT('',(-39.47,-66.56));
#1224 = CARTESIAN_POINT('',(-44.11189616428,-66.56));
#1225 = CARTESIAN_POINT('',(-41.79094808214,-62.54));
#1226 = CARTESIAN_POINT('',(-39.47,-58.52));
#1227 = CARTESIAN_POINT('',(-37.14905191785,-62.54));
#1228 = CARTESIAN_POINT('',(-34.82810383571,-66.56));
#1229 = CARTESIAN_POINT('',(-39.47,-66.56));
#1230 = ( GEOMETRIC_REPRESENTATION_CONTEXT(2) 
PARAMETRIC_REPRESENTATION_CONTEXT() REPRESENTATION_CONTEXT('2D SPACE',''
  ) );
#1231 = ADVANCED_FACE('',(#1232),#1194,.T.);
#1232 = FACE_BOUND('',#1233,.T.);
#1233 = EDGE_LOOP('',(#1234,#1235,#1258,#1320));
#1234 = ORIENTED_EDGE('',*,*,#1177,.T.);
#1235 = ORIENTED_EDGE('',*,*,#1236,.T.);
#1236 = EDGE_CURVE('',#1178,#1237,#1239,.T.);
#1237 = VERTEX_POINT('',#1238);
#1238 = CARTESIAN_POINT('',(10.,-7.5389056974,10.937476174966));
#1239 = SURFACE_CURVE('',#1240,(#1244,#1251),.PCURVE_S1.);
#1240 = LINE('',#1241,#1242);
#1241 = CARTESIAN_POINT('',(10.,-7.663138839049,10.473831778347));
#1242 = VECTOR('',#1243,1.);
#1243 = DIRECTION('',(0.,0.258819045103,0.965925826289));
#1244 = PCURVE('',#1194,#1245);
#1245 = DEFINITIONAL_REPRESENTATION('',(#1246),#1250);
#1246 = LINE('',#1247,#1248);
#1247 = CARTESIAN_POINT('',(1.570796326795,0.));
#1248 = VECTOR('',#1249,1.);
#1249 = DIRECTION('',(0.,1.));
#1250 = ( GEOMETRIC_REPRESENTATION_CONTEXT(2) 
PARAMETRIC_REPRESENTATION_CONTEXT() REPRESENTATION_CONTEXT('2D SPACE',''
  ) );
#1251 = PCURVE('',#1109,#1252);
#1252 = DEFINITIONAL_REPRESENTATION('',(#1253),#1257);
#1253 = LINE('',#1254,#1255);
#1254 = CARTESIAN_POINT('',(-42.15,-63.88));
#1255 = VECTOR('',#1256,1.);
#1256 = DIRECTION('',(0.,1.));
#1257 = ( GEOMETRIC_REPRESENTATION_CONTEXT(2) 
PARAMETRIC_REPRESENTATION_CONTEXT() REPRESENTATION_CONTEXT('2D SPACE',''
  ) );
#1258 = ORIENTED_EDGE('',*,*,#1259,.F.);
#1259 = EDGE_CURVE('',#1260,#1237,#1262,.T.);
#1260 = VERTEX_POINT('',#1261);
#1261 = CARTESIAN_POINT('',(9.8,-7.345720532142,10.885712365945));
#1262 = SURFACE_CURVE('',#1263,(#1268,#1275),.PCURVE_S1.);
#1263 = CIRCLE('',#1264,0.2);
#1264 = AXIS2_PLACEMENT_3D('',#1265,#1266,#1267);
#1265 = CARTESIAN_POINT('',(10.,-7.345720532142,10.885712365945));
#1266 = DIRECTION('',(0.,0.258819045103,0.965925826289));
#1267 = DIRECTION('',(-1.,0.,0.));
#1268 = PCURVE('',#1194,#1269);
#1269 = DEFINITIONAL_REPRESENTATION('',(#1270),#1274);
#1270 = LINE('',#1271,#1272);
#1271 = CARTESIAN_POINT('',(0.,0.48));
#1272 = VECTOR('',#1273,1.);
#1273 = DIRECTION('',(1.,0.));
#1274 = ( GEOMETRIC_REPRESENTATION_CONTEXT(2) 
PARAMETRIC_REPRESENTATION_CONTEXT() REPRESENTATION_CONTEXT('2D SPACE',''
  ) );
#1275 = PCURVE('',#1276,#1307);
#1276 = ( BOUNDED_SURFACE() B_SPLINE_SURFACE(2,9,(
    (#1277,#1278,#1279,#1280,#1281,#1282,#1283,#1284,#1285,#1286)
    ,(#1287,#1288,#1289,#1290,#1291,#1292,#1293,#1294,#1295,#1296)
    ,(#1297,#1298,#1299,#1300,#1301,#1302,#1303,#1304,#1305,#1306
)),.UNSPECIFIED.,.F.,.F.,.F.) B_SPLINE_SURFACE_WITH_KNOTS((3,3),(10,10),
  (0.,1.147626773176),(26.347002553352,27.494629326528),
.PIECEWISE_BEZIER_KNOTS.) GEOMETRIC_REPRESENTATION_ITEM() 
RATIONAL_B_SPLINE_SURFACE((
    (1.,1.,1.,1.,1.,1.,1.,1.,1.,1.)
    ,(0.707106781187,0.707106781187,0.707106781187,0.707106781187
      ,0.707106781187,0.707106781187,0.707106781187,0.707106781187
      ,0.707106781187,0.707106781187)
,(1.,1.,1.,1.,1.,1.,1.,1.,1.,1.))) REPRESENTATION_ITEM('') SURFACE() );
#1277 = CARTESIAN_POINT('',(9.8,-7.345720532142,10.885712365945));
#1278 = CARTESIAN_POINT('',(9.8,-7.312143177386,11.011024759878));
#1279 = CARTESIAN_POINT('',(9.771798004657,-7.280014488632,
    11.130930658688));
#1280 = CARTESIAN_POINT('',(9.728470140452,-7.249562043355,
    11.244580731678));
#1281 = CARTESIAN_POINT('',(9.678524810913,-7.218583458115,
    11.360194385739));
#1282 = CARTESIAN_POINT('',(9.621475186082,-7.188156654804,
    11.473748761608));
#1283 = CARTESIAN_POINT('',(9.571529856715,-7.157178069641,
    11.58936241538));
#1284 = CARTESIAN_POINT('',(9.528201993871,-7.126725624524,
    11.703012487775));
#1285 = CARTESIAN_POINT('',(9.5,-7.094596936422,11.82291838415));
#1286 = CARTESIAN_POINT('',(9.5,-7.061019582529,11.948230774863));
#1287 = CARTESIAN_POINT('',(9.8,-7.5389056974,10.937476174966));
#1288 = CARTESIAN_POINT('',(9.8,-7.505328342644,11.062788568899));
#1289 = CARTESIAN_POINT('',(9.771798004657,-7.47319965389,
    11.182694467709));
#1290 = CARTESIAN_POINT('',(9.728470140451,-7.442747208612,
    11.296344540699));
#1291 = CARTESIAN_POINT('',(9.678524810913,-7.411768623373,
    11.41195819476));
#1292 = CARTESIAN_POINT('',(9.621475186082,-7.381341820062,
    11.525512570628));
#1293 = CARTESIAN_POINT('',(9.571529856715,-7.350363234899,
    11.641126224401));
#1294 = CARTESIAN_POINT('',(9.528201993871,-7.319910789781,
    11.754776296795));
#1295 = CARTESIAN_POINT('',(9.5,-7.28778210168,11.87468219317));
#1296 = CARTESIAN_POINT('',(9.5,-7.254204747787,11.999994583884));
#1297 = CARTESIAN_POINT('',(10.,-7.5389056974,10.937476174966));
#1298 = CARTESIAN_POINT('',(10.,-7.496461613055,11.09587965422));
#1299 = CARTESIAN_POINT('',(9.965210907906,-7.456883505069,
    11.243587164091));
#1300 = CARTESIAN_POINT('',(9.912205874291,-7.422317645706,
    11.372588707441));
#1301 = CARTESIAN_POINT('',(9.859271934232,-7.389789537592,
    11.493985259595));
#1302 = CARTESIAN_POINT('',(9.802222309493,-7.359362734232,
    11.607539635648));
#1303 = CARTESIAN_POINT('',(9.755265589954,-7.32993367182,
    11.717370391787));
#1304 = CARTESIAN_POINT('',(9.721614896781,-7.303594640634,
    11.815668994398));
#1305 = CARTESIAN_POINT('',(9.7,-7.278915371863,11.907773279342));
#1306 = CARTESIAN_POINT('',(9.7,-7.254204747787,11.999994583884));
#1307 = DEFINITIONAL_REPRESENTATION('',(#1308),#1319);
#1308 = B_SPLINE_CURVE_WITH_KNOTS('',9,(#1309,#1310,#1311,#1312,#1313,
    #1314,#1315,#1316,#1317,#1318),.UNSPECIFIED.,.F.,.F.,(10,10),(0.,
    1.570796326795),.PIECEWISE_BEZIER_KNOTS.);
#1309 = CARTESIAN_POINT('',(0.,26.347002553352));
#1310 = CARTESIAN_POINT('',(0.141632539164,26.347002553352));
#1311 = CARTESIAN_POINT('',(0.271746124078,26.347002553353));
#1312 = CARTESIAN_POINT('',(0.395066058927,26.347002553349));
#1313 = CARTESIAN_POINT('',(0.514621247719,26.347002553356));
#1314 = CARTESIAN_POINT('',(0.633005525457,26.347002553349));
#1315 = CARTESIAN_POINT('',(0.752560714249,26.347002553355));
#1316 = CARTESIAN_POINT('',(0.875880649098,26.347002553351));
#1317 = CARTESIAN_POINT('',(1.005994234012,26.347002553352));
#1318 = CARTESIAN_POINT('',(1.147626773176,26.347002553352));
#1319 = ( GEOMETRIC_REPRESENTATION_CONTEXT(2) 
PARAMETRIC_REPRESENTATION_CONTEXT() REPRESENTATION_CONTEXT('2D SPACE',''
  ) );
#1320 = ORIENTED_EDGE('',*,*,#1321,.F.);
#1321 = EDGE_CURVE('',#1154,#1260,#1322,.T.);
#1322 = SURFACE_CURVE('',#1323,(#1327,#1334),.PCURVE_S1.);
#1323 = LINE('',#1324,#1325);
#1324 = CARTESIAN_POINT('',(9.8,-7.469953673791,10.422067969326));
#1325 = VECTOR('',#1326,1.);
#1326 = DIRECTION('',(0.,0.258819045103,0.965925826289));
#1327 = PCURVE('',#1194,#1328);
#1328 = DEFINITIONAL_REPRESENTATION('',(#1329),#1333);
#1329 = LINE('',#1330,#1331);
#1330 = CARTESIAN_POINT('',(0.,0.));
#1331 = VECTOR('',#1332,1.);
#1332 = DIRECTION('',(0.,1.));
#1333 = ( GEOMETRIC_REPRESENTATION_CONTEXT(2) 
PARAMETRIC_REPRESENTATION_CONTEXT() REPRESENTATION_CONTEXT('2D SPACE',''
  ) );
#1334 = PCURVE('',#1335,#1340);
#1335 = PLANE('',#1336);
#1336 = AXIS2_PLACEMENT_3D('',#1337,#1338,#1339);
#1337 = CARTESIAN_POINT('',(9.8,-2.68862083366,9.140913696069));
#1338 = DIRECTION('',(-1.,0.,0.));
#1339 = DIRECTION('',(0.,0.258819045103,0.965925826289));
#1340 = DEFINITIONAL_REPRESENTATION('',(#1341),#1345);
#1341 = LINE('',#1342,#1343);
#1342 = CARTESIAN_POINT('',(7.178692358431E-15,-4.95));
#1343 = VECTOR('',#1344,1.);
#1344 = DIRECTION('',(1.,-1.225300278295E-17));
#1345 = ( GEOMETRIC_REPRESENTATION_CONTEXT(2) 
PARAMETRIC_REPRESENTATION_CONTEXT() REPRESENTATION_CONTEXT('2D SPACE',''
  ) );
#1346 = ADVANCED_FACE('',(#1347),#1276,.T.);
#1347 = FACE_BOUND('',#1348,.T.);
#1348 = EDGE_LOOP('',(#1349,#1350,#1387,#1422));
#1349 = ORIENTED_EDGE('',*,*,#1259,.T.);
#1350 = ORIENTED_EDGE('',*,*,#1351,.T.);
#1351 = EDGE_CURVE('',#1237,#1352,#1354,.T.);
#1352 = VERTEX_POINT('',#1353);
#1353 = CARTESIAN_POINT('',(9.7,-7.254204747787,11.999994583884));
#1354 = SURFACE_CURVE('',#1355,(#1366,#1373),.PCURVE_S1.);
#1355 = ( BOUNDED_CURVE() B_SPLINE_CURVE(9,(#1356,#1357,#1358,#1359,
    #1360,#1361,#1362,#1363,#1364,#1365),.UNSPECIFIED.,.F.,.F.) 
B_SPLINE_CURVE_WITH_KNOTS((10,10),(26.347002553352,27.494629326528),
.PIECEWISE_BEZIER_KNOTS.) CURVE() GEOMETRIC_REPRESENTATION_ITEM() 
RATIONAL_B_SPLINE_CURVE((1.,1.,1.,1.,1.,1.,1.,1.,1.,1.)) 
REPRESENTATION_ITEM('') );
#1356 = CARTESIAN_POINT('',(10.,-7.5389056974,10.937476174966));
#1357 = CARTESIAN_POINT('',(10.,-7.496461613055,11.09587965422));
#1358 = CARTESIAN_POINT('',(9.965210907906,-7.456883505069,
    11.243587164091));
#1359 = CARTESIAN_POINT('',(9.912205874291,-7.422317645706,
    11.372588707441));
#1360 = CARTESIAN_POINT('',(9.859271934232,-7.389789537592,
    11.493985259595));
#1361 = CARTESIAN_POINT('',(9.802222309493,-7.359362734232,
    11.607539635648));
#1362 = CARTESIAN_POINT('',(9.755265589954,-7.32993367182,
    11.717370391787));
#1363 = CARTESIAN_POINT('',(9.721614896781,-7.303594640634,
    11.815668994398));
#1364 = CARTESIAN_POINT('',(9.7,-7.278915371863,11.907773279342));
#1365 = CARTESIAN_POINT('',(9.7,-7.254204747787,11.999994583884));
#1366 = PCURVE('',#1276,#1367);
#1367 = DEFINITIONAL_REPRESENTATION('',(#1368),#1372);
#1368 = LINE('',#1369,#1370);
#1369 = CARTESIAN_POINT('',(1.147626773176,0.));
#1370 = VECTOR('',#1371,1.);
#1371 = DIRECTION('',(0.,1.));
#1372 = ( GEOMETRIC_REPRESENTATION_CONTEXT(2) 
PARAMETRIC_REPRESENTATION_CONTEXT() REPRESENTATION_CONTEXT('2D SPACE',''
  ) );
#1373 = PCURVE('',#1109,#1374);
#1374 = DEFINITIONAL_REPRESENTATION('',(#1375),#1386);
#1375 = ( BOUNDED_CURVE() B_SPLINE_CURVE(9,(#1376,#1377,#1378,#1379,
    #1380,#1381,#1382,#1383,#1384,#1385),.UNSPECIFIED.,.F.,.F.) 
B_SPLINE_CURVE_WITH_KNOTS((10,10),(26.347002553352,27.494629326528),
.PIECEWISE_BEZIER_KNOTS.) CURVE() GEOMETRIC_REPRESENTATION_ITEM() 
RATIONAL_B_SPLINE_CURVE((1.,1.,1.,1.,1.,1.,1.,1.,1.,1.)) 
REPRESENTATION_ITEM('') );
#1376 = CARTESIAN_POINT('',(-42.15,-63.4));
#1377 = CARTESIAN_POINT('',(-42.15,-63.23600865103));
#1378 = CARTESIAN_POINT('',(-42.1152109079,-63.08309058439));
#1379 = CARTESIAN_POINT('',(-42.06220587429,-62.94953835933));
#1380 = CARTESIAN_POINT('',(-42.00927193423,-62.8238594005));
#1381 = CARTESIAN_POINT('',(-41.95222230949,-62.70629925979));
#1382 = CARTESIAN_POINT('',(-41.90526558995,-62.59259409408));
#1383 = CARTESIAN_POINT('',(-41.87161489678,-62.49082789223));
#1384 = CARTESIAN_POINT('',(-41.85,-62.39547451991));
#1385 = CARTESIAN_POINT('',(-41.85,-62.3));
#1386 = ( GEOMETRIC_REPRESENTATION_CONTEXT(2) 
PARAMETRIC_REPRESENTATION_CONTEXT() REPRESENTATION_CONTEXT('2D SPACE',''
  ) );
#1387 = ORIENTED_EDGE('',*,*,#1388,.F.);
#1388 = EDGE_CURVE('',#1389,#1352,#1391,.T.);
#1389 = VERTEX_POINT('',#1390);
#1390 = CARTESIAN_POINT('',(9.5,-7.061019582529,11.948230774863));
#1391 = SURFACE_CURVE('',#1392,(#1396,#1403),.PCURVE_S1.);
#1392 = ( BOUNDED_CURVE() B_SPLINE_CURVE(2,(#1393,#1394,#1395),
.UNSPECIFIED.,.F.,.F.) B_SPLINE_CURVE_WITH_KNOTS((3,3),(0.,
1.147626773176),.PIECEWISE_BEZIER_KNOTS.) CURVE() 
GEOMETRIC_REPRESENTATION_ITEM() RATIONAL_B_SPLINE_CURVE((1.,
0.707106781187,1.)) REPRESENTATION_ITEM('') );
#1393 = CARTESIAN_POINT('',(9.5,-7.061019582529,11.948230774863));
#1394 = CARTESIAN_POINT('',(9.5,-7.254204747787,11.999994583884));
#1395 = CARTESIAN_POINT('',(9.7,-7.254204747787,11.999994583884));
#1396 = PCURVE('',#1276,#1397);
#1397 = DEFINITIONAL_REPRESENTATION('',(#1398),#1402);
#1398 = LINE('',#1399,#1400);
#1399 = CARTESIAN_POINT('',(0.,27.494629326528));
#1400 = VECTOR('',#1401,1.);
#1401 = DIRECTION('',(1.,0.));
#1402 = ( GEOMETRIC_REPRESENTATION_CONTEXT(2) 
PARAMETRIC_REPRESENTATION_CONTEXT() REPRESENTATION_CONTEXT('2D SPACE',''
  ) );
#1403 = PCURVE('',#1404,#1409);
#1404 = CYLINDRICAL_SURFACE('',#1405,0.2);
#1405 = AXIS2_PLACEMENT_3D('',#1406,#1407,#1408);
#1406 = CARTESIAN_POINT('',(9.7,-7.061019582529,11.948230774863));
#1407 = DIRECTION('',(0.,0.258819045103,0.965925826289));
#1408 = DIRECTION('',(-1.,0.,0.));
#1409 = DEFINITIONAL_REPRESENTATION('',(#1410),#1421);
#1410 = B_SPLINE_CURVE_WITH_KNOTS('',9,(#1411,#1412,#1413,#1414,#1415,
    #1416,#1417,#1418,#1419,#1420),.UNSPECIFIED.,.F.,.F.,(10,10),(0.,
    1.147626773176),.PIECEWISE_BEZIER_KNOTS.);
#1411 = CARTESIAN_POINT('',(0.,-2.543230531549E-15));
#1412 = CARTESIAN_POINT('',(0.157134840264,-2.543230531549E-15));
#1413 = CARTESIAN_POINT('',(0.325774716871,-2.543230531549E-15));
#1414 = CARTESIAN_POINT('',(0.504566386719,-2.543230531549E-15));
#1415 = CARTESIAN_POINT('',(0.690744851727,-2.543230531549E-15));
#1416 = CARTESIAN_POINT('',(0.880051475299,-2.543230531549E-15));
#1417 = CARTESIAN_POINT('',(1.066229939773,-2.543230531549E-15));
#1418 = CARTESIAN_POINT('',(1.245021610025,-2.543230531549E-15));
#1419 = CARTESIAN_POINT('',(1.413661486531,-2.543230531549E-15));
#1420 = CARTESIAN_POINT('',(1.570796326795,-2.543230531549E-15));
#1421 = ( GEOMETRIC_REPRESENTATION_CONTEXT(2) 
PARAMETRIC_REPRESENTATION_CONTEXT() REPRESENTATION_CONTEXT('2D SPACE',''
  ) );
#1422 = ORIENTED_EDGE('',*,*,#1423,.F.);
#1423 = EDGE_CURVE('',#1260,#1389,#1424,.T.);
#1424 = SURFACE_CURVE('',#1425,(#1436,#1443),.PCURVE_S1.);
#1425 = ( BOUNDED_CURVE() B_SPLINE_CURVE(9,(#1426,#1427,#1428,#1429,
    #1430,#1431,#1432,#1433,#1434,#1435),.UNSPECIFIED.,.F.,.F.) 
B_SPLINE_CURVE_WITH_KNOTS((10,10),(26.347002553352,27.494629326528),
.PIECEWISE_BEZIER_KNOTS.) CURVE() GEOMETRIC_REPRESENTATION_ITEM() 
RATIONAL_B_SPLINE_CURVE((1.,1.,1.,1.,1.,1.,1.,1.,1.,1.)) 
REPRESENTATION_ITEM('') );
#1426 = CARTESIAN_POINT('',(9.8,-7.345720532142,10.885712365945));
#1427 = CARTESIAN_POINT('',(9.8,-7.312143177386,11.011024759878));
#1428 = CARTESIAN_POINT('',(9.771798004657,-7.280014488632,
    11.130930658688));
#1429 = CARTESIAN_POINT('',(9.728470140452,-7.249562043355,
    11.244580731678));
#1430 = CARTESIAN_POINT('',(9.678524810913,-7.218583458115,
    11.360194385739));
#1431 = CARTESIAN_POINT('',(9.621475186082,-7.188156654804,
    11.473748761608));
#1432 = CARTESIAN_POINT('',(9.571529856715,-7.157178069641,
    11.58936241538));
#1433 = CARTESIAN_POINT('',(9.528201993871,-7.126725624524,
    11.703012487775));
#1434 = CARTESIAN_POINT('',(9.5,-7.094596936422,11.82291838415));
#1435 = CARTESIAN_POINT('',(9.5,-7.061019582529,11.948230774863));
#1436 = PCURVE('',#1276,#1437);
#1437 = DEFINITIONAL_REPRESENTATION('',(#1438),#1442);
#1438 = LINE('',#1439,#1440);
#1439 = CARTESIAN_POINT('',(0.,0.));
#1440 = VECTOR('',#1441,1.);
#1441 = DIRECTION('',(0.,1.));
#1442 = ( GEOMETRIC_REPRESENTATION_CONTEXT(2) 
PARAMETRIC_REPRESENTATION_CONTEXT() REPRESENTATION_CONTEXT('2D SPACE',''
  ) );
#1443 = PCURVE('',#1444,#1452);
#1444 = SURFACE_OF_LINEAR_EXTRUSION('',#1445,#1450);
#1445 = B_SPLINE_CURVE_WITH_KNOTS('',3,(#1446,#1447,#1448,#1449),
  .UNSPECIFIED.,.F.,.F.,(4,4),(0.,1.),.PIECEWISE_BEZIER_KNOTS.);
#1446 = CARTESIAN_POINT('',(9.8,-2.564387692011,9.604558092688));
#1447 = CARTESIAN_POINT('',(9.8,-2.469487375473,9.95873089566));
#1448 = CARTESIAN_POINT('',(9.5,-2.374587058936,10.312903698633));
#1449 = CARTESIAN_POINT('',(9.5,-2.279686742398,10.667076501606));
#1450 = VECTOR('',#1451,1.);
#1451 = DIRECTION('',(0.,0.965925826289,-0.258819045103));
#1452 = DEFINITIONAL_REPRESENTATION('',(#1453),#1464);
#1453 = B_SPLINE_CURVE_WITH_KNOTS('',9,(#1454,#1455,#1456,#1457,#1458,
    #1459,#1460,#1461,#1462,#1463),.UNSPECIFIED.,.F.,.F.,(10,10),(
    26.347002553352,27.494629326528),.PIECEWISE_BEZIER_KNOTS.);
#1454 = CARTESIAN_POINT('',(1.7763568394E-15,-4.95));
#1455 = CARTESIAN_POINT('',(0.117939033226,-4.95));
#1456 = CARTESIAN_POINT('',(0.230789030145,-4.95));
#1457 = CARTESIAN_POINT('',(0.337754997798,-4.949999999999));
#1458 = CARTESIAN_POINT('',(0.446559475,-4.950000000001));
#1459 = CARTESIAN_POINT('',(0.553440531153,-4.949999999999));
#1460 = CARTESIAN_POINT('',(0.662245008086,-4.95));
#1461 = CARTESIAN_POINT('',(0.769210975177,-4.95));
#1462 = CARTESIAN_POINT('',(0.882060969804,-4.95));
#1463 = CARTESIAN_POINT('',(1.,-4.95));
#1464 = ( GEOMETRIC_REPRESENTATION_CONTEXT(2) 
PARAMETRIC_REPRESENTATION_CONTEXT() REPRESENTATION_CONTEXT('2D SPACE',''
  ) );
#1465 = ADVANCED_FACE('',(#1466),#1404,.T.);
#1466 = FACE_BOUND('',#1467,.T.);
#1467 = EDGE_LOOP('',(#1468,#1496,#1497,#1520));
#1468 = ORIENTED_EDGE('',*,*,#1469,.F.);
#1469 = EDGE_CURVE('',#1389,#1470,#1472,.T.);
#1470 = VERTEX_POINT('',#1471);
#1471 = CARTESIAN_POINT('',(9.5,-6.63396193229,13.542031623315));
#1472 = SURFACE_CURVE('',#1473,(#1477,#1484),.PCURVE_S1.);
#1473 = LINE('',#1474,#1475);
#1474 = CARTESIAN_POINT('',(9.5,-7.061019582529,11.948230774863));
#1475 = VECTOR('',#1476,1.);
#1476 = DIRECTION('',(0.,0.258819045103,0.965925826289));
#1477 = PCURVE('',#1404,#1478);
#1478 = DEFINITIONAL_REPRESENTATION('',(#1479),#1483);
#1479 = LINE('',#1480,#1481);
#1480 = CARTESIAN_POINT('',(0.,0.));
#1481 = VECTOR('',#1482,1.);
#1482 = DIRECTION('',(0.,1.));
#1483 = ( GEOMETRIC_REPRESENTATION_CONTEXT(2) 
PARAMETRIC_REPRESENTATION_CONTEXT() REPRESENTATION_CONTEXT('2D SPACE',''
  ) );
#1484 = PCURVE('',#1485,#1490);
#1485 = PLANE('',#1486);
#1486 = AXIS2_PLACEMENT_3D('',#1487,#1488,#1489);
#1487 = CARTESIAN_POINT('',(9.5,-2.279686742398,10.667076501606));
#1488 = DIRECTION('',(-1.,0.,0.));
#1489 = DIRECTION('',(0.,0.258819045103,0.965925826289));
#1490 = DEFINITIONAL_REPRESENTATION('',(#1491),#1495);
#1491 = LINE('',#1492,#1493);
#1492 = CARTESIAN_POINT('',(2.858856042967E-15,-4.95));
#1493 = VECTOR('',#1494,1.);
#1494 = DIRECTION('',(1.,-1.225300278295E-17));
#1495 = ( GEOMETRIC_REPRESENTATION_CONTEXT(2) 
PARAMETRIC_REPRESENTATION_CONTEXT() REPRESENTATION_CONTEXT('2D SPACE',''
  ) );
#1496 = ORIENTED_EDGE('',*,*,#1388,.T.);
#1497 = ORIENTED_EDGE('',*,*,#1498,.T.);
#1498 = EDGE_CURVE('',#1352,#1499,#1501,.T.);
#1499 = VERTEX_POINT('',#1500);
#1500 = CARTESIAN_POINT('',(9.7,-6.826980738081,13.594416294319));
#1501 = SURFACE_CURVE('',#1502,(#1506,#1513),.PCURVE_S1.);
#1502 = LINE('',#1503,#1504);
#1503 = CARTESIAN_POINT('',(9.7,-7.254204747787,11.999994583884));
#1504 = VECTOR('',#1505,1.);
#1505 = DIRECTION('',(0.,0.258819045103,0.965925826289));
#1506 = PCURVE('',#1404,#1507);
#1507 = DEFINITIONAL_REPRESENTATION('',(#1508),#1512);
#1508 = LINE('',#1509,#1510);
#1509 = CARTESIAN_POINT('',(1.570796326795,0.));
#1510 = VECTOR('',#1511,1.);
#1511 = DIRECTION('',(0.,1.));
#1512 = ( GEOMETRIC_REPRESENTATION_CONTEXT(2) 
PARAMETRIC_REPRESENTATION_CONTEXT() REPRESENTATION_CONTEXT('2D SPACE',''
  ) );
#1513 = PCURVE('',#1109,#1514);
#1514 = DEFINITIONAL_REPRESENTATION('',(#1515),#1519);
#1515 = LINE('',#1516,#1517);
#1516 = CARTESIAN_POINT('',(-41.85,-62.3));
#1517 = VECTOR('',#1518,1.);
#1518 = DIRECTION('',(0.,1.));
#1519 = ( GEOMETRIC_REPRESENTATION_CONTEXT(2) 
PARAMETRIC_REPRESENTATION_CONTEXT() REPRESENTATION_CONTEXT('2D SPACE',''
  ) );
#1520 = ORIENTED_EDGE('',*,*,#1521,.F.);
#1521 = EDGE_CURVE('',#1470,#1499,#1522,.T.);
#1522 = SURFACE_CURVE('',#1523,(#1542,#1588),.PCURVE_S1.);
#1523 = ( BOUNDED_CURVE() B_SPLINE_CURVE(9,(#1524,#1525,#1526,#1527,
    #1528,#1529,#1530,#1531,#1532,#1533,#1534,#1535,#1536,#1537,#1538,
#1539,#1540,#1541),.UNSPECIFIED.,.F.,.F.) B_SPLINE_CURVE_WITH_KNOTS((10,
    8,10),(2.593216866874,2.872969670338,2.877602454301),.UNSPECIFIED.) 
CURVE() GEOMETRIC_REPRESENTATION_ITEM() RATIONAL_B_SPLINE_CURVE((1.,1.,
    1.,1.,1.,1.,1.,1.,1.,1.,1.,1.,1.,1.,1.,1.,1.,1.)) 
REPRESENTATION_ITEM('') );
#1524 = CARTESIAN_POINT('',(9.5,-6.63396193229,13.542031623315));
#1525 = CARTESIAN_POINT('',(9.5,-6.664030849316,13.549887372647));
#1526 = CARTESIAN_POINT('',(9.505422014164,-6.695206954979,
    13.558061511236));
#1527 = CARTESIAN_POINT('',(9.517031431498,-6.726587582995,
    13.566506670414));
#1528 = CARTESIAN_POINT('',(9.535302304164,-6.757916113493,
    13.574771787719));
#1529 = CARTESIAN_POINT('',(9.561776453933,-6.783226894107,
    13.582389380585));
#1530 = CARTESIAN_POINT('',(9.590893676238,-6.806008443356,
    13.587599180532));
#1531 = CARTESIAN_POINT('',(9.628410781975,-6.820319045957,
    13.592832424578));
#1532 = CARTESIAN_POINT('',(9.664722288951,-6.826471766361,
    13.593395794958));
#1533 = CARTESIAN_POINT('',(9.695927411328,-6.826969320312,
    13.594301179089));
#1534 = CARTESIAN_POINT('',(9.696435919938,-6.826975945312,
    13.594315847545));
#1535 = CARTESIAN_POINT('',(9.696944590025,-6.82698108835,
    13.594330435619));
#1536 = CARTESIAN_POINT('',(9.697453421561,-6.826984747867,
    13.594344943638));
#1537 = CARTESIAN_POINT('',(9.697962414517,-6.826986922304,
    13.594359371929));
#1538 = CARTESIAN_POINT('',(9.698471568867,-6.826987610103,
    13.594373720816));
#1539 = CARTESIAN_POINT('',(9.698980884583,-6.826986809704,
    13.594387990626));
#1540 = CARTESIAN_POINT('',(9.699490361636,-6.82698451955,
    13.594402181685));
#1541 = CARTESIAN_POINT('',(9.7,-6.826980738081,13.594416294319));
#1542 = PCURVE('',#1404,#1543);
#1543 = DEFINITIONAL_REPRESENTATION('',(#1544),#1587);
#1544 = B_SPLINE_CURVE_WITH_KNOTS('',9,(#1545,#1546,#1547,#1548,#1549,
    #1550,#1551,#1552,#1553,#1554,#1555,#1556,#1557,#1558,#1559,#1560,
    #1561,#1562,#1563,#1564,#1565,#1566,#1567,#1568,#1569,#1570,#1571,
    #1572,#1573,#1574,#1575,#1576,#1577,#1578,#1579,#1580,#1581,#1582,
    #1583,#1584,#1585,#1586),.UNSPECIFIED.,.F.,.F.,(10,8,8,8,8,10),(
    2.593216866874,2.735409660588,2.806506057445,2.842054255873,
    2.859828355087,2.877602454301),.UNSPECIFIED.);
#1545 = CARTESIAN_POINT('',(-8.121281425133E-12,1.650024054719));
#1546 = CARTESIAN_POINT('',(7.898053521445E-02,1.649925276967));
#1547 = CARTESIAN_POINT('',(0.15940128697,1.649833887846));
#1548 = CARTESIAN_POINT('',(0.241602351284,1.649764462029));
#1549 = CARTESIAN_POINT('',(0.3256635256,1.649724477038));
#1550 = CARTESIAN_POINT('',(0.411478819424,1.649715612221));
#1551 = CARTESIAN_POINT('',(0.498830964961,1.649735047728));
#1552 = CARTESIAN_POINT('',(0.587465927765,1.649776763489));
#1553 = CARTESIAN_POINT('',(0.677167417381,1.649832838189));
#1554 = CARTESIAN_POINT('',(0.813163388285,1.649925703274));
#1555 = CARTESIAN_POINT('',(0.858731236821,1.649958303704));
#1556 = CARTESIAN_POINT('',(0.904507950188,1.649992001179));
#1557 = CARTESIAN_POINT('',(0.950468953227,1.650026211319));
#1558 = CARTESIAN_POINT('',(0.996583588368,1.650060280778));
#1559 = CARTESIAN_POINT('',(1.04280661496,1.650093454284));
#1560 = CARTESIAN_POINT('',(1.089069708618,1.650124841695));
#1561 = CARTESIAN_POINT('',(1.135272960555,1.650153385042));
#1562 = CARTESIAN_POINT('',(1.20427808511,1.65019004585));
#1563 = CARTESIAN_POINT('',(1.227229527189,1.650201461866));
#1564 = CARTESIAN_POINT('',(1.250113119384,1.650211706328));
#1565 = CARTESIAN_POINT('',(1.272908300779,1.65022066665));
#1566 = CARTESIAN_POINT('',(1.295591533317,1.650228484957));
#1567 = CARTESIAN_POINT('',(1.3181363018,1.65023555809));
#1568 = CARTESIAN_POINT('',(1.340513113892,1.650242537599));
#1569 = CARTESIAN_POINT('',(1.362689500117,1.65025032975));
#1570 = CARTESIAN_POINT('',(1.395600270728,1.650264978406));
#1571 = CARTESIAN_POINT('',(1.406511937841,1.650270212233));
#1572 = CARTESIAN_POINT('',(1.417360302747,1.650276150361));
#1573 = CARTESIAN_POINT('',(1.428140652998,1.650283146151));
#1574 = CARTESIAN_POINT('',(1.438848276145,1.650291552962));
#1575 = CARTESIAN_POINT('',(1.449478459738,1.650301724155));
#1576 = CARTESIAN_POINT('',(1.460026491327,1.650314013088));
#1577 = CARTESIAN_POINT('',(1.470487658465,1.650328773123));
#1578 = CARTESIAN_POINT('',(1.491226838939,1.650363942116));
#1579 = CARTESIAN_POINT('',(1.501470876617,1.650385277335));
#1580 = CARTESIAN_POINT('',(1.511832964049,1.65040587062));
#1581 = CARTESIAN_POINT('',(1.521476141337,1.650443040443));
#1582 = CARTESIAN_POINT('',(1.532027715358,1.650465772344));
#1583 = CARTESIAN_POINT('',(1.541520328051,1.650511027844));
#1584 = CARTESIAN_POINT('',(1.551229711394,1.650559995006));
#1585 = CARTESIAN_POINT('',(1.561019955923,1.650610763925));
#1586 = CARTESIAN_POINT('',(1.570796326795,1.650666818342));
#1587 = ( GEOMETRIC_REPRESENTATION_CONTEXT(2) 
PARAMETRIC_REPRESENTATION_CONTEXT() REPRESENTATION_CONTEXT('2D SPACE',''
  ) );
#1588 = PCURVE('',#1589,#1644);
#1589 = ( BOUNDED_SURFACE() B_SPLINE_SURFACE(2,9,(
    (#1590,#1591,#1592,#1593,#1594,#1595,#1596,#1597,#1598,#1599,#1600
      ,#1601,#1602,#1603,#1604,#1605,#1606,#1607)
    ,(#1608,#1609,#1610,#1611,#1612,#1613,#1614,#1615,#1616,#1617,#1618
      ,#1619,#1620,#1621,#1622,#1623,#1624,#1625)
    ,(#1626,#1627,#1628,#1629,#1630,#1631,#1632,#1633,#1634,#1635,#1636
      ,#1637,#1638,#1639,#1640,#1641,#1642,#1643
)),.UNSPECIFIED.,.F.,.F.,.F.) B_SPLINE_SURFACE_WITH_KNOTS((3,3),(10,8,10
    ),(0.,0.284385587427),(2.593216866874,2.872969670338,2.877602454301)
,.UNSPECIFIED.) GEOMETRIC_REPRESENTATION_ITEM() 
RATIONAL_B_SPLINE_SURFACE((
    (1.,1.,1.,1.,1.,1.,1.,1.,1.,1.,1.,1.,1.,1.,1.,1.,1.,1.)
    ,(0.706184464832,0.716534048668,0.727271322378,0.738315821064
      ,0.749156532776,0.760500138181,0.766294428459,0.774721212637
      ,0.775391262373,0.776880242287,0.776904327703,0.776928242813
      ,0.776951988122,0.776975564137,0.776998971364,0.77702221031
      ,0.777045281481,0.777068185384)
    ,(1.,1.,1.,1.,1.,1.,1.,1.,1.,1.,1.,1.,1.,1.,1.,1.,1.,1.
))) REPRESENTATION_ITEM('') SURFACE() );
#1590 = CARTESIAN_POINT('',(9.696649097292,-6.583736813944,
    13.739554103763));
#1591 = CARTESIAN_POINT('',(9.692246043156,-6.590890419186,
    13.740046326303));
#1592 = CARTESIAN_POINT('',(9.688470530681,-6.592737210237,
    13.74015648525));
#1593 = CARTESIAN_POINT('',(9.685311282182,-6.597231060544,
    13.740451272045));
#1594 = CARTESIAN_POINT('',(9.68018757798,-6.602985615319,
    13.740866002723));
#1595 = CARTESIAN_POINT('',(9.687025486989,-6.613571195718,
    13.74142132284));
#1596 = CARTESIAN_POINT('',(9.682135497759,-6.609573874906,
    13.741247612682));
#1597 = CARTESIAN_POINT('',(9.683039501281,-6.620796465895,
    13.741864315844));
#1598 = CARTESIAN_POINT('',(9.688179791318,-6.623577108822,
    13.742015403814));
#1599 = CARTESIAN_POINT('',(9.718904372573,-6.62430208439,
    13.742054978928));
#1600 = CARTESIAN_POINT('',(9.719405066942,-6.624312308772,
    13.74205553702));
#1601 = CARTESIAN_POINT('',(9.719905936786,-6.624320945761,
    13.742056008432));
#1602 = CARTESIAN_POINT('',(9.720406982063,-6.624327993797,
    13.742056393091));
#1603 = CARTESIAN_POINT('',(9.72090820273,-6.62433345132,13.742056690923
    ));
#1604 = CARTESIAN_POINT('',(9.721409598744,-6.62433731677,
    13.742056901855));
#1605 = CARTESIAN_POINT('',(9.721911170062,-6.624339588589,
    13.742057025812));
#1606 = CARTESIAN_POINT('',(9.722412916643,-6.624340265215,
    13.742057062721));
#1607 = CARTESIAN_POINT('',(9.722914838442,-6.624339345089,
    13.742057012508));
#1608 = CARTESIAN_POINT('',(9.5,-6.622864674628,13.742246398673));
#1609 = CARTESIAN_POINT('',(9.506294234605,-6.653643288712,
    13.744265620141));
#1610 = CARTESIAN_POINT('',(9.517879009141,-6.683425050625,
    13.746135923773));
#1611 = CARTESIAN_POINT('',(9.535459399537,-6.710719042129,
    13.747808915274));
#1612 = CARTESIAN_POINT('',(9.555317202647,-6.734531548607,
    13.749173009462));
#1613 = CARTESIAN_POINT('',(9.583553940576,-6.755126694807,
    13.74966776855));
#1614 = CARTESIAN_POINT('',(9.608240680748,-6.768875674776,
    13.750797408093));
#1615 = CARTESIAN_POINT('',(9.639366700954,-6.779933986307,
    13.75074007462));
#1616 = CARTESIAN_POINT('',(9.669400614632,-6.785135638614,
    13.750874123618));
#1617 = CARTESIAN_POINT('',(9.700628562898,-6.785125762414,
    13.750833401172));
#1618 = CARTESIAN_POINT('',(9.701136490415,-6.785124100256,
    13.750832744866));
#1619 = CARTESIAN_POINT('',(9.701644585575,-6.785120934661,
    13.750832094363));
#1620 = CARTESIAN_POINT('',(9.702152848289,-6.785116263764,
    13.750831449635));
#1621 = CARTESIAN_POINT('',(9.702661278468,-6.785110085699,
    13.750830810652));
#1622 = CARTESIAN_POINT('',(9.703169876021,-6.785102398597,
    13.750830177387));
#1623 = CARTESIAN_POINT('',(9.703678640858,-6.785093200588,
    13.75082954981));
#1624 = CARTESIAN_POINT('',(9.704187572884,-6.785082489802,
    13.750828927892));
#1625 = CARTESIAN_POINT('',(9.704696672006,-6.785070264363,
    13.750828311605));
#1626 = CARTESIAN_POINT('',(9.5,-6.63396193229,13.542031623315));
#1627 = CARTESIAN_POINT('',(9.5,-6.664030849316,13.549887372647));
#1628 = CARTESIAN_POINT('',(9.505422014164,-6.695206954979,
    13.558061511236));
#1629 = CARTESIAN_POINT('',(9.517031431498,-6.726587582995,
    13.566506670414));
#1630 = CARTESIAN_POINT('',(9.535302304164,-6.757916113493,
    13.574771787719));
#1631 = CARTESIAN_POINT('',(9.561776453933,-6.783226894107,
    13.582389380585));
#1632 = CARTESIAN_POINT('',(9.590893676238,-6.806008443356,
    13.587599180532));
#1633 = CARTESIAN_POINT('',(9.628410781975,-6.820319045957,
    13.592832424578));
#1634 = CARTESIAN_POINT('',(9.664722288951,-6.826471766361,
    13.593395794958));
#1635 = CARTESIAN_POINT('',(9.695927411328,-6.826969320312,
    13.594301179089));
#1636 = CARTESIAN_POINT('',(9.696435919938,-6.826975945312,
    13.594315847545));
#1637 = CARTESIAN_POINT('',(9.696944590025,-6.82698108835,
    13.594330435619));
#1638 = CARTESIAN_POINT('',(9.697453421561,-6.826984747867,
    13.594344943638));
#1639 = CARTESIAN_POINT('',(9.697962414517,-6.826986922304,
    13.594359371929));
#1640 = CARTESIAN_POINT('',(9.698471568867,-6.826987610103,
    13.594373720816));
#1641 = CARTESIAN_POINT('',(9.698980884583,-6.826986809704,
    13.594387990626));
#1642 = CARTESIAN_POINT('',(9.699490361636,-6.82698451955,
    13.594402181685));
#1643 = CARTESIAN_POINT('',(9.7,-6.826980738081,13.594416294319));
#1644 = DEFINITIONAL_REPRESENTATION('',(#1645),#1649);
#1645 = LINE('',#1646,#1647);
#1646 = CARTESIAN_POINT('',(0.284385587427,0.));
#1647 = VECTOR('',#1648,1.);
#1648 = DIRECTION('',(0.,1.));
#1649 = ( GEOMETRIC_REPRESENTATION_CONTEXT(2) 
PARAMETRIC_REPRESENTATION_CONTEXT() REPRESENTATION_CONTEXT('2D SPACE',''
  ) );
#1650 = ADVANCED_FACE('',(#1651),#1589,.T.);
#1651 = FACE_BOUND('',#1652,.T.);
#1652 = EDGE_LOOP('',(#1653,#1724,#1725,#1820));
#1653 = ORIENTED_EDGE('',*,*,#1654,.T.);
#1654 = EDGE_CURVE('',#1655,#1470,#1657,.T.);
#1655 = VERTEX_POINT('',#1656);
#1656 = CARTESIAN_POINT('',(9.69664909729,-6.58373681394,13.739554103763
    ));
#1657 = SURFACE_CURVE('',#1658,(#1662,#1668),.PCURVE_S1.);
#1658 = ( BOUNDED_CURVE() B_SPLINE_CURVE(2,(#1659,#1660,#1661),
.UNSPECIFIED.,.F.,.F.) B_SPLINE_CURVE_WITH_KNOTS((3,3),(0.,
0.492809375119),.PIECEWISE_BEZIER_KNOTS.) CURVE() 
GEOMETRIC_REPRESENTATION_ITEM() RATIONAL_B_SPLINE_CURVE((1.,
0.706184464832,1.)) REPRESENTATION_ITEM('') );
#1659 = CARTESIAN_POINT('',(9.69664909729,-6.58373681394,13.739554103763
    ));
#1660 = CARTESIAN_POINT('',(9.5,-6.62286467463,13.742246398673));
#1661 = CARTESIAN_POINT('',(9.5,-6.63396193229,13.542031623315));
#1662 = PCURVE('',#1589,#1663);
#1663 = DEFINITIONAL_REPRESENTATION('',(#1664),#1667);
#1664 = B_SPLINE_CURVE_WITH_KNOTS('',1,(#1665,#1666),.UNSPECIFIED.,.F.,
  .F.,(2,2),(0.,0.492809375119),.PIECEWISE_BEZIER_KNOTS.);
#1665 = CARTESIAN_POINT('',(0.,2.593216866874));
#1666 = CARTESIAN_POINT('',(0.284385587427,2.593216866874));
#1667 = ( GEOMETRIC_REPRESENTATION_CONTEXT(2) 
PARAMETRIC_REPRESENTATION_CONTEXT() REPRESENTATION_CONTEXT('2D SPACE',''
  ) );
#1668 = PCURVE('',#1669,#1718);
#1669 = ( BOUNDED_SURFACE() B_SPLINE_SURFACE(2,8,(
    (#1670,#1671,#1672,#1673,#1674,#1675,#1676,#1677,#1678,#1679,#1680
      ,#1681,#1682,#1683,#1684,#1685)
    ,(#1686,#1687,#1688,#1689,#1690,#1691,#1692,#1693,#1694,#1695,#1696
      ,#1697,#1698,#1699,#1700,#1701)
    ,(#1702,#1703,#1704,#1705,#1706,#1707,#1708,#1709,#1710,#1711,#1712
      ,#1713,#1714,#1715,#1716,#1717
)),.UNSPECIFIED.,.F.,.F.,.F.) B_SPLINE_SURFACE_WITH_KNOTS((3,3),(9,7,9),
  (0.,0.492809375119),(2.100407491757,2.552333429175,2.593216866876),
.UNSPECIFIED.) GEOMETRIC_REPRESENTATION_ITEM() RATIONAL_B_SPLINE_SURFACE
((
    (1.,1.,1.,1.,1.,1.,1.,1.,1.,1.,1.,1.,1.,1.,1.,1.)
    ,(0.707106781187,0.707106781187,0.707065283564,0.707288668565
      ,0.706719306059,0.707611638636,0.706662263179,0.707362477968
      ,0.706968324171,0.706922688694,0.70685969332,0.706775699876
      ,0.706667855414,0.706534092213,0.706373127776,0.706184464832)
    ,(1.,1.,1.,1.,1.,1.,1.,1.,1.,1.,1.,1.,1.,1.,1.,1.
))) REPRESENTATION_ITEM('') SURFACE() );
#1670 = CARTESIAN_POINT('',(9.7,-6.134596775004,13.667021274516));
#1671 = CARTESIAN_POINT('',(9.7,-6.18923205119,13.681660752648));
#1672 = CARTESIAN_POINT('',(9.699843390455,-6.244456636374,13.6945676876
    ));
#1673 = CARTESIAN_POINT('',(9.70067814921,-6.299253938707,
    13.705837262327));
#1674 = CARTESIAN_POINT('',(9.698574025823,-6.356688709985,
    13.715371665432));
#1675 = CARTESIAN_POINT('',(9.701849980557,-6.410346110098,
    13.723643514251));
#1676 = CARTESIAN_POINT('',(9.698404741361,-6.47217612389,
    13.730842760903));
#1677 = CARTESIAN_POINT('',(9.700896028478,-6.53376250218,
    13.735879329142));
#1678 = CARTESIAN_POINT('',(9.69952764229,-6.571296510913,
    13.738672111908));
#1679 = CARTESIAN_POINT('',(9.699368147736,-6.573949842896,
    13.738865741009));
#1680 = CARTESIAN_POINT('',(9.699147000632,-6.576211672972,
    13.739028062593));
#1681 = CARTESIAN_POINT('',(9.698849684509,-6.578146329797,
    13.73916508213));
#1682 = CARTESIAN_POINT('',(9.698462845665,-6.579813485348,
    13.739282058077));
#1683 = CARTESIAN_POINT('',(9.697974293165,-6.581268154924,
    13.739383501878));
#1684 = CARTESIAN_POINT('',(9.69737299884,-6.582560697142,
    13.739473177967));
#1685 = CARTESIAN_POINT('',(9.69664909729,-6.58373681394,13.739554103763
    ));
#1686 = CARTESIAN_POINT('',(9.5,-6.134596775004,13.667021274516));
#1687 = CARTESIAN_POINT('',(9.5,-6.18923205119,13.681660752648));
#1688 = CARTESIAN_POINT('',(9.5,-6.244389838948,13.694587304693));
#1689 = CARTESIAN_POINT('',(9.5,-6.299521456586,13.705747045498));
#1690 = CARTESIAN_POINT('',(9.5,-6.356179606433,13.715575874582));
#1691 = CARTESIAN_POINT('',(9.5,-6.410931532865,13.723347381609));
#1692 = CARTESIAN_POINT('',(9.5,-6.468563822492,13.73033292185));
#1693 = CARTESIAN_POINT('',(9.5,-6.52421326851,13.735329728368));
#1694 = CARTESIAN_POINT('',(9.5,-6.586230675822,13.739768747936));
#1695 = CARTESIAN_POINT('',(9.5,-6.5913917086,13.740130997837));
#1696 = CARTESIAN_POINT('',(9.5,-6.596567871497,13.740488471322));
#1697 = CARTESIAN_POINT('',(9.5,-6.601762729675,13.740842484195));
#1698 = CARTESIAN_POINT('',(9.5,-6.606981699112,13.7411942434));
#1699 = CARTESIAN_POINT('',(9.5,-6.612232021432,13.741544845246));
#1700 = CARTESIAN_POINT('',(9.5,-6.617522739634,13.741895273699));
#1701 = CARTESIAN_POINT('',(9.5,-6.62286467463,13.742246398673));
#1702 = CARTESIAN_POINT('',(9.5,-6.18367258705,13.473135832381));
#1703 = CARTESIAN_POINT('',(9.5,-6.237662069378,13.487611848741));
#1704 = CARTESIAN_POINT('',(9.5,-6.286325518383,13.498849467237));
#1705 = CARTESIAN_POINT('',(9.5,-6.335605912928,13.50890719776));
#1706 = CARTESIAN_POINT('',(9.5,-6.387647486259,13.517776403862));
#1707 = CARTESIAN_POINT('',(9.5,-6.437402527533,13.525254508378));
#1708 = CARTESIAN_POINT('',(9.5,-6.490866307786,13.53125273124));
#1709 = CARTESIAN_POINT('',(9.5,-6.542117013834,13.536237594847));
#1710 = CARTESIAN_POINT('',(9.5,-6.599789296991,13.540150022187));
#1711 = CARTESIAN_POINT('',(9.5,-6.604588972713,13.540461944903));
#1712 = CARTESIAN_POINT('',(9.5,-6.609406133632,13.540760161116));
#1713 = CARTESIAN_POINT('',(9.5,-6.61424489652,13.541043943286));
#1714 = CARTESIAN_POINT('',(9.5,-6.619111196124,13.541312890804));
#1715 = CARTESIAN_POINT('',(9.5,-6.624012785164,13.541566929991));
#1716 = CARTESIAN_POINT('',(9.5,-6.628959234332,13.541806314101));
#1717 = CARTESIAN_POINT('',(9.5,-6.63396193229,13.542031623315));
#1718 = DEFINITIONAL_REPRESENTATION('',(#1719),#1723);
#1719 = LINE('',#1720,#1721);
#1720 = CARTESIAN_POINT('',(0.,2.593216866876));
#1721 = VECTOR('',#1722,1.);
#1722 = DIRECTION('',(1.,0.));
#1723 = ( GEOMETRIC_REPRESENTATION_CONTEXT(2) 
PARAMETRIC_REPRESENTATION_CONTEXT() REPRESENTATION_CONTEXT('2D SPACE',''
  ) );
#1724 = ORIENTED_EDGE('',*,*,#1521,.T.);
#1725 = ORIENTED_EDGE('',*,*,#1726,.F.);
#1726 = EDGE_CURVE('',#1727,#1499,#1729,.T.);
#1727 = VERTEX_POINT('',#1728);
#1728 = CARTESIAN_POINT('',(9.722914838442,-6.624339345089,
    13.742057012508));
#1729 = SURFACE_CURVE('',#1730,(#1734,#1741),.PCURVE_S1.);
#1730 = ( BOUNDED_CURVE() B_SPLINE_CURVE(2,(#1731,#1732,#1733),
.UNSPECIFIED.,.F.,.F.) B_SPLINE_CURVE_WITH_KNOTS((3,3),(0.,
0.284385587427),.PIECEWISE_BEZIER_KNOTS.) CURVE() 
GEOMETRIC_REPRESENTATION_ITEM() RATIONAL_B_SPLINE_CURVE((1.,
0.777068185384,1.)) REPRESENTATION_ITEM('') );
#1731 = CARTESIAN_POINT('',(9.722914838442,-6.624339345089,
    13.742057012508));
#1732 = CARTESIAN_POINT('',(9.704696672006,-6.785070264363,
    13.750828311605));
#1733 = CARTESIAN_POINT('',(9.7,-6.826980738081,13.594416294319));
#1734 = PCURVE('',#1589,#1735);
#1735 = DEFINITIONAL_REPRESENTATION('',(#1736),#1740);
#1736 = LINE('',#1737,#1738);
#1737 = CARTESIAN_POINT('',(0.,2.877602454301));
#1738 = VECTOR('',#1739,1.);
#1739 = DIRECTION('',(1.,0.));
#1740 = ( GEOMETRIC_REPRESENTATION_CONTEXT(2) 
PARAMETRIC_REPRESENTATION_CONTEXT() REPRESENTATION_CONTEXT('2D SPACE',''
  ) );
#1741 = PCURVE('',#1742,#1815);
#1742 = ( BOUNDED_SURFACE() B_SPLINE_SURFACE(2,12,(
    (#1743,#1744,#1745,#1746,#1747,#1748,#1749,#1750,#1751,#1752,#1753
      ,#1754,#1755,#1756,#1757,#1758,#1759,#1760,#1761,#1762,#1763,#1764
      ,#1765,#1766)
    ,(#1767,#1768,#1769,#1770,#1771,#1772,#1773,#1774,#1775,#1776,#1777
      ,#1778,#1779,#1780,#1781,#1782,#1783,#1784,#1785,#1786,#1787,#1788
      ,#1789,#1790)
    ,(#1791,#1792,#1793,#1794,#1795,#1796,#1797,#1798,#1799,#1800,#1801
      ,#1802,#1803,#1804,#1805,#1806,#1807,#1808,#1809,#1810,#1811,#1812
      ,#1813,#1814
)),.UNSPECIFIED.,.F.,.F.,.F.) B_SPLINE_SURFACE_WITH_KNOTS((3,3),(13,11,
    13),(0.,22.337655763857),(2.877602454301,25.213280534259,
25.215258218158),.UNSPECIFIED.) GEOMETRIC_REPRESENTATION_ITEM() 
RATIONAL_B_SPLINE_SURFACE((
    (1.,1.,1.000000000001,0.999999999998,1.000000000004,0.999999999994
      ,1.000000000007,0.999999999994,1.000000000004,0.999999999998
      ,1.000000000001,1.,1.,1.,1.,0.999999999999,1.000000000001
      ,0.999999999999,1.000000000001,0.999999999999,1.,1.,1.,1.)
    ,(0.777068185384,0.775314439658,0.777170528197,0.775962994702
      ,0.776369669084,0.776401009516,0.776191612011,0.776393521737
      ,0.7763004683,0.776245592088,0.776469433238,0.776131659614
      ,0.776445636111,0.776445668405,0.776445705184,0.776445746441
      ,0.776445792166,0.776445842348,0.776445896982,0.776445956055
      ,0.77644601956,0.776446087487,0.776446159828,0.776446236572)
    ,(1.,1.,1.000000000001,0.999999999998,1.000000000004,0.999999999994
      ,1.000000000007,0.999999999994,1.000000000004,0.999999999998
      ,1.000000000001,1.,1.,1.,1.,0.999999999999,1.000000000001
      ,0.999999999999,1.000000000001,0.999999999999,1.,1.,1.,1.
))) REPRESENTATION_ITEM('') SURFACE() );
#1743 = CARTESIAN_POINT('',(9.722914838442,-6.624339345089,
    13.742057012508));
#1744 = CARTESIAN_POINT('',(11.537822000031,-6.621012247172,
    13.741875448369));
#1745 = CARTESIAN_POINT('',(13.279041032179,-6.624495147214,
    13.742062213959));
#1746 = CARTESIAN_POINT('',(15.170719681678,-6.622330258385,
    13.741954898425));
#1747 = CARTESIAN_POINT('',(16.923714932322,-6.622854024073,
    13.741962218302));
#1748 = CARTESIAN_POINT('',(18.784073876136,-6.623262570644,
    13.742014441153));
#1749 = CARTESIAN_POINT('',(20.564895538497,-6.622495185875,
    13.741940854617));
#1750 = CARTESIAN_POINT('',(22.393863827262,-6.623174531234,
    13.74200330215));
#1751 = CARTESIAN_POINT('',(24.201530134681,-6.622821622846,
    13.741968938631));
#1752 = CARTESIAN_POINT('',(26.006695050444,-6.622792491881,
    13.741973773172));
#1753 = CARTESIAN_POINT('',(27.830177301936,-6.623197283132,
    13.741994159559));
#1754 = CARTESIAN_POINT('',(29.63265164056,-6.622557008655,
    13.74195926307));
#1755 = CARTESIAN_POINT('',(31.457930585924,-6.62315547984,
    13.741992166284));
#1756 = CARTESIAN_POINT('',(31.458092318045,-6.623155541394,
    13.741992169669));
#1757 = CARTESIAN_POINT('',(31.458254179277,-6.623155611499,
    13.741992173523));
#1758 = CARTESIAN_POINT('',(31.458416169299,-6.623155690137,
    13.741992177846));
#1759 = CARTESIAN_POINT('',(31.458578287738,-6.623155777291,
    13.741992182638));
#1760 = CARTESIAN_POINT('',(31.458740534317,-6.623155872942,
    13.741992187897));
#1761 = CARTESIAN_POINT('',(31.458902908623,-6.623155977074,
    13.741992193622));
#1762 = CARTESIAN_POINT('',(31.459065410397,-6.623156089668,
    13.741992199812));
#1763 = CARTESIAN_POINT('',(31.459228039237,-6.623156210706,
    13.741992206466));
#1764 = CARTESIAN_POINT('',(31.45939079485,-6.623156340172,
    13.741992213584));
#1765 = CARTESIAN_POINT('',(31.459553676876,-6.623156478048,
    13.741992221164));
#1766 = CARTESIAN_POINT('',(31.459716684987,-6.623156624316,
    13.741992229206));
#1767 = CARTESIAN_POINT('',(9.704696672006,-6.785070264363,
    13.750828311605));
#1768 = CARTESIAN_POINT('',(11.54464979119,-6.785021577893,
    13.751010011983));
#1769 = CARTESIAN_POINT('',(13.277444475948,-6.785071750556,
    13.750822765057));
#1770 = CARTESIAN_POINT('',(15.18570551958,-6.785042689036,
    13.750931224124));
#1771 = CARTESIAN_POINT('',(16.919208197106,-6.785045274498,
    13.750921575049));
#1772 = CARTESIAN_POINT('',(18.787942175868,-6.785058399782,
    13.750872590821));
#1773 = CARTESIAN_POINT('',(20.565159629709,-6.785039597699,
    13.750942761153));
#1774 = CARTESIAN_POINT('',(22.392350262482,-6.785055598869,
    13.750883043973));
#1775 = CARTESIAN_POINT('',(24.205022384302,-6.785046828147,
    13.750915776754));
#1776 = CARTESIAN_POINT('',(26.006330733917,-6.785047936747,
    13.7509116394));
#1777 = CARTESIAN_POINT('',(27.834921416658,-6.785053450602,
    13.750891061413));
#1778 = CARTESIAN_POINT('',(29.63317361184,-6.785044094368,
    13.750925979353));
#1779 = CARTESIAN_POINT('',(31.45021492001,-6.785052908093,
    13.750893086085));
#1780 = CARTESIAN_POINT('',(31.450375729324,-6.785052908999,
    13.750893082703));
#1781 = CARTESIAN_POINT('',(31.450536539674,-6.785052910031,
    13.750893078851));
#1782 = CARTESIAN_POINT('',(31.45069735108,-6.785052911189,
    13.750893074531));
#1783 = CARTESIAN_POINT('',(31.450858163556,-6.785052912472,
    13.750893069743));
#1784 = CARTESIAN_POINT('',(31.451018977123,-6.78505291388,
    13.750893064488));
#1785 = CARTESIAN_POINT('',(31.451179791797,-6.785052915413,
    13.750893058767));
#1786 = CARTESIAN_POINT('',(31.451340607596,-6.78505291707,
    13.750893052581));
#1787 = CARTESIAN_POINT('',(31.451501424536,-6.785052918852,
    13.750893045931));
#1788 = CARTESIAN_POINT('',(31.451662242638,-6.785052920758,
    13.750893038818));
#1789 = CARTESIAN_POINT('',(31.451823061916,-6.785052922788,
    13.750893031244));
#1790 = CARTESIAN_POINT('',(31.45198388239,-6.785052924941,
    13.750893023208));
#1791 = CARTESIAN_POINT('',(9.7,-6.826980738081,13.594416294319));
#1792 = CARTESIAN_POINT('',(11.541251382701,-6.827212036762,
    13.593553075891));
#1793 = CARTESIAN_POINT('',(13.288746031208,-6.826965103044,
    13.594474645073));
#1794 = CARTESIAN_POINT('',(15.1753934096,-6.827131377053,
    13.593854102023));
#1795 = CARTESIAN_POINT('',(16.929047105457,-6.827063954233,
    13.59410572741));
#1796 = CARTESIAN_POINT('',(18.78252641778,-6.827079237796,
    13.594048688376));
#1797 = CARTESIAN_POINT('',(20.56734004946,-6.827086274342,
    13.59402242763));
#1798 = CARTESIAN_POINT('',(22.39282274279,-6.827076117154,
    13.594060334774));
#1799 = CARTESIAN_POINT('',(24.203543339623,-6.82707858439,
    13.594051126924));
#1800 = CARTESIAN_POINT('',(26.009055853131,-6.827089991171,
    13.594008556235));
#1801 = CARTESIAN_POINT('',(27.833946579995,-6.827059364029,
    13.594122858287));
#1802 = CARTESIAN_POINT('',(29.634235488792,-6.827103941443,
    13.593956493112));
#1803 = CARTESIAN_POINT('',(31.448235443854,-6.827062688953,
    13.5941104495));
#1804 = CARTESIAN_POINT('',(31.448396015927,-6.82706268471,
    13.594110465335));
#1805 = CARTESIAN_POINT('',(31.448556556104,-6.827062679878,
    13.59411048337));
#1806 = CARTESIAN_POINT('',(31.448717064498,-6.827062674457,
    13.5941105036));
#1807 = CARTESIAN_POINT('',(31.448877541201,-6.827062668449,
    13.594110526021));
#1808 = CARTESIAN_POINT('',(31.44903798634,-6.827062661856,
    13.594110550628));
#1809 = CARTESIAN_POINT('',(31.4491984,-6.827062654678,13.594110577418)
  );
#1810 = CARTESIAN_POINT('',(31.449358782302,-6.827062646916,
    13.594110606384));
#1811 = CARTESIAN_POINT('',(31.449519133346,-6.827062638572,
    13.594110637524));
#1812 = CARTESIAN_POINT('',(31.44967945324,-6.827062629647,
    13.594110670833));
#1813 = CARTESIAN_POINT('',(31.449839742089,-6.827062620142,
    13.594110706306));
#1814 = CARTESIAN_POINT('',(31.45,-6.827062610059,13.594110743938));
#1815 = DEFINITIONAL_REPRESENTATION('',(#1816),#1819);
#1816 = B_SPLINE_CURVE_WITH_KNOTS('',1,(#1817,#1818),.UNSPECIFIED.,.F.,
  .F.,(2,2),(0.,0.284385587427),.PIECEWISE_BEZIER_KNOTS.);
#1817 = CARTESIAN_POINT('',(0.,2.877602454301));
#1818 = CARTESIAN_POINT('',(22.337655763857,2.877602454301));
#1819 = ( GEOMETRIC_REPRESENTATION_CONTEXT(2) 
PARAMETRIC_REPRESENTATION_CONTEXT() REPRESENTATION_CONTEXT('2D SPACE',''
  ) );
#1820 = ORIENTED_EDGE('',*,*,#1821,.F.);
#1821 = EDGE_CURVE('',#1655,#1727,#1822,.T.);
#1822 = SURFACE_CURVE('',#1823,(#1842,#1849),.PCURVE_S1.);
#1823 = ( BOUNDED_CURVE() B_SPLINE_CURVE(9,(#1824,#1825,#1826,#1827,
    #1828,#1829,#1830,#1831,#1832,#1833,#1834,#1835,#1836,#1837,#1838,
#1839,#1840,#1841),.UNSPECIFIED.,.F.,.F.) B_SPLINE_CURVE_WITH_KNOTS((10,
    8,10),(2.593216866874,2.872969670338,2.877602454301),.UNSPECIFIED.) 
CURVE() GEOMETRIC_REPRESENTATION_ITEM() RATIONAL_B_SPLINE_CURVE((1.,1.,
    1.,1.,1.,1.,1.,1.,1.,1.,1.,1.,1.,1.,1.,1.,1.,1.)) 
REPRESENTATION_ITEM('') );
#1824 = CARTESIAN_POINT('',(9.696649097292,-6.583736813944,
    13.739554103763));
#1825 = CARTESIAN_POINT('',(9.692246043156,-6.590890419186,
    13.740046326303));
#1826 = CARTESIAN_POINT('',(9.688470530681,-6.592737210237,
    13.74015648525));
#1827 = CARTESIAN_POINT('',(9.685311282182,-6.597231060544,
    13.740451272045));
#1828 = CARTESIAN_POINT('',(9.68018757798,-6.602985615319,
    13.740866002723));
#1829 = CARTESIAN_POINT('',(9.687025486989,-6.613571195718,
    13.74142132284));
#1830 = CARTESIAN_POINT('',(9.682135497759,-6.609573874906,
    13.741247612682));
#1831 = CARTESIAN_POINT('',(9.683039501281,-6.620796465895,
    13.741864315844));
#1832 = CARTESIAN_POINT('',(9.688179791318,-6.623577108822,
    13.742015403814));
#1833 = CARTESIAN_POINT('',(9.718904372573,-6.62430208439,
    13.742054978928));
#1834 = CARTESIAN_POINT('',(9.719405066942,-6.624312308772,
    13.74205553702));
#1835 = CARTESIAN_POINT('',(9.719905936786,-6.624320945761,
    13.742056008432));
#1836 = CARTESIAN_POINT('',(9.720406982063,-6.624327993797,
    13.742056393091));
#1837 = CARTESIAN_POINT('',(9.72090820273,-6.62433345132,13.742056690923
    ));
#1838 = CARTESIAN_POINT('',(9.721409598744,-6.62433731677,
    13.742056901855));
#1839 = CARTESIAN_POINT('',(9.721911170062,-6.624339588589,
    13.742057025812));
#1840 = CARTESIAN_POINT('',(9.722412916643,-6.624340265215,
    13.742057062721));
#1841 = CARTESIAN_POINT('',(9.722914838442,-6.624339345089,
    13.742057012508));
#1842 = PCURVE('',#1589,#1843);
#1843 = DEFINITIONAL_REPRESENTATION('',(#1844),#1848);
#1844 = LINE('',#1845,#1846);
#1845 = CARTESIAN_POINT('',(0.,0.));
#1846 = VECTOR('',#1847,1.);
#1847 = DIRECTION('',(0.,1.));
#1848 = ( GEOMETRIC_REPRESENTATION_CONTEXT(2) 
PARAMETRIC_REPRESENTATION_CONTEXT() REPRESENTATION_CONTEXT('2D SPACE',''
  ) );
#1849 = PCURVE('',#1850,#1858);
#1850 = SURFACE_OF_LINEAR_EXTRUSION('',#1851,#1856);
#1851 = B_SPLINE_CURVE_WITH_KNOTS('',3,(#1852,#1853,#1854,#1855),
  .UNSPECIFIED.,.F.,.F.,(4,4),(0.,1.),.PIECEWISE_BEZIER_KNOTS.);
#1852 = CARTESIAN_POINT('',(0.,-6.134596775004,13.667021274516));
#1853 = CARTESIAN_POINT('',(0.,-6.778547325863,13.839567304585));
#1854 = CARTESIAN_POINT('',(0.,-7.5068147013,13.697438661399));
#1855 = CARTESIAN_POINT('',(0.,-8.23302556882,13.562985010243));
#1856 = VECTOR('',#1857,1.);
#1857 = DIRECTION('',(-1.,0.,0.));
#1858 = DEFINITIONAL_REPRESENTATION('',(#1859),#1878);
#1859 = B_SPLINE_CURVE_WITH_KNOTS('',9,(#1860,#1861,#1862,#1863,#1864,
    #1865,#1866,#1867,#1868,#1869,#1870,#1871,#1872,#1873,#1874,#1875,
    #1876,#1877),.UNSPECIFIED.,.F.,.F.,(10,8,10),(2.593216866874,
    2.872969670338,2.877602454301),.UNSPECIFIED.);
#1860 = CARTESIAN_POINT('',(0.226304420416,-9.696649097291));
#1861 = CARTESIAN_POINT('',(0.22982304473,-9.692246043156));
#1862 = CARTESIAN_POINT('',(0.230729231932,-9.688470530682));
#1863 = CARTESIAN_POINT('',(0.232937743186,-9.685311282181));
#1864 = CARTESIAN_POINT('',(0.235770649823,-9.680187577982));
#1865 = CARTESIAN_POINT('',(0.240954956281,-9.687025486988));
#1866 = CARTESIAN_POINT('',(0.239001918828,-9.68213549776));
#1867 = CARTESIAN_POINT('',(0.244501821327,-9.683039501281));
#1868 = CARTESIAN_POINT('',(0.245864320958,-9.688179791318));
#1869 = CARTESIAN_POINT('',(0.246219578666,-9.718904372573));
#1870 = CARTESIAN_POINT('',(0.246224588886,-9.719405066942));
#1871 = CARTESIAN_POINT('',(0.246228821237,-9.719905936785));
#1872 = CARTESIAN_POINT('',(0.246232274955,-9.720406982064));
#1873 = CARTESIAN_POINT('',(0.246234949279,-9.720908202729));
#1874 = CARTESIAN_POINT('',(0.246236843445,-9.721409598744));
#1875 = CARTESIAN_POINT('',(0.24623795669,-9.721911170062));
#1876 = CARTESIAN_POINT('',(0.246238288251,-9.722412916643));
#1877 = CARTESIAN_POINT('',(0.246237837367,-9.722914838442));
#1878 = ( GEOMETRIC_REPRESENTATION_CONTEXT(2) 
PARAMETRIC_REPRESENTATION_CONTEXT() REPRESENTATION_CONTEXT('2D SPACE',''
  ) );
#1879 = ADVANCED_FACE('',(#1880),#1742,.T.);
#1880 = FACE_BOUND('',#1881,.T.);
#1881 = EDGE_LOOP('',(#1882,#1883,#1948,#2073));
#1882 = ORIENTED_EDGE('',*,*,#1726,.T.);
#1883 = ORIENTED_EDGE('',*,*,#1884,.T.);
#1884 = EDGE_CURVE('',#1499,#1885,#1887,.T.);
#1885 = VERTEX_POINT('',#1886);
#1886 = CARTESIAN_POINT('',(31.45,-6.827062610059,13.594110743938));
#1887 = SURFACE_CURVE('',#1888,(#1913,#1920),.PCURVE_S1.);
#1888 = ( BOUNDED_CURVE() B_SPLINE_CURVE(12,(#1889,#1890,#1891,#1892,
    #1893,#1894,#1895,#1896,#1897,#1898,#1899,#1900,#1901,#1902,#1903,
    #1904,#1905,#1906,#1907,#1908,#1909,#1910,#1911,#1912),
.UNSPECIFIED.,.F.,.F.) B_SPLINE_CURVE_WITH_KNOTS((13,11,13),(
2.877602454301,25.213280534259,25.215258218158),.UNSPECIFIED.) CURVE() 
GEOMETRIC_REPRESENTATION_ITEM() RATIONAL_B_SPLINE_CURVE((1.,1.,
    1.000000000001,0.999999999998,1.000000000004,0.999999999994,
    1.000000000007,0.999999999994,1.000000000004,0.999999999998,
    1.000000000001,1.,1.,1.,1.,0.999999999999,1.000000000001,
    0.999999999999,1.000000000001,0.999999999999,1.,1.,1.,1.)) 
REPRESENTATION_ITEM('') );
#1889 = CARTESIAN_POINT('',(9.7,-6.826980738081,13.594416294319));
#1890 = CARTESIAN_POINT('',(11.541251382701,-6.827212036762,
    13.593553075891));
#1891 = CARTESIAN_POINT('',(13.288746031208,-6.826965103044,
    13.594474645073));
#1892 = CARTESIAN_POINT('',(15.1753934096,-6.827131377053,
    13.593854102023));
#1893 = CARTESIAN_POINT('',(16.929047105457,-6.827063954233,
    13.59410572741));
#1894 = CARTESIAN_POINT('',(18.78252641778,-6.827079237796,
    13.594048688376));
#1895 = CARTESIAN_POINT('',(20.56734004946,-6.827086274342,
    13.59402242763));
#1896 = CARTESIAN_POINT('',(22.39282274279,-6.827076117154,
    13.594060334774));
#1897 = CARTESIAN_POINT('',(24.203543339623,-6.82707858439,
    13.594051126924));
#1898 = CARTESIAN_POINT('',(26.009055853131,-6.827089991171,
    13.594008556235));
#1899 = CARTESIAN_POINT('',(27.833946579995,-6.827059364029,
    13.594122858287));
#1900 = CARTESIAN_POINT('',(29.634235488792,-6.827103941443,
    13.593956493112));
#1901 = CARTESIAN_POINT('',(31.448235443854,-6.827062688953,
    13.5941104495));
#1902 = CARTESIAN_POINT('',(31.448396015927,-6.82706268471,
    13.594110465335));
#1903 = CARTESIAN_POINT('',(31.448556556104,-6.827062679878,
    13.59411048337));
#1904 = CARTESIAN_POINT('',(31.448717064498,-6.827062674457,
    13.5941105036));
#1905 = CARTESIAN_POINT('',(31.448877541201,-6.827062668449,
    13.594110526021));
#1906 = CARTESIAN_POINT('',(31.44903798634,-6.827062661856,
    13.594110550628));
#1907 = CARTESIAN_POINT('',(31.4491984,-6.827062654678,13.594110577418)
  );
#1908 = CARTESIAN_POINT('',(31.449358782302,-6.827062646916,
    13.594110606384));
#1909 = CARTESIAN_POINT('',(31.449519133346,-6.827062638572,
    13.594110637524));
#1910 = CARTESIAN_POINT('',(31.44967945324,-6.827062629647,
    13.594110670833));
#1911 = CARTESIAN_POINT('',(31.449839742089,-6.827062620142,
    13.594110706306));
#1912 = CARTESIAN_POINT('',(31.45,-6.827062610059,13.594110743938));
#1913 = PCURVE('',#1742,#1914);
#1914 = DEFINITIONAL_REPRESENTATION('',(#1915),#1919);
#1915 = LINE('',#1916,#1917);
#1916 = CARTESIAN_POINT('',(22.337655763857,0.));
#1917 = VECTOR('',#1918,1.);
#1918 = DIRECTION('',(0.,1.));
#1919 = ( GEOMETRIC_REPRESENTATION_CONTEXT(2) 
PARAMETRIC_REPRESENTATION_CONTEXT() REPRESENTATION_CONTEXT('2D SPACE',''
  ) );
#1920 = PCURVE('',#1109,#1921);
#1921 = DEFINITIONAL_REPRESENTATION('',(#1922),#1947);
#1922 = ( BOUNDED_CURVE() B_SPLINE_CURVE(12,(#1923,#1924,#1925,#1926,
    #1927,#1928,#1929,#1930,#1931,#1932,#1933,#1934,#1935,#1936,#1937,
    #1938,#1939,#1940,#1941,#1942,#1943,#1944,#1945,#1946),
.UNSPECIFIED.,.F.,.F.) B_SPLINE_CURVE_WITH_KNOTS((13,11,13),(
2.877602454301,25.213280534259,25.215258218158),.UNSPECIFIED.) CURVE() 
GEOMETRIC_REPRESENTATION_ITEM() RATIONAL_B_SPLINE_CURVE((1.,1.,
    1.000000000001,0.999999999998,1.000000000004,0.999999999994,
    1.000000000007,0.999999999994,1.000000000004,0.999999999998,
    1.000000000001,1.,1.,1.,1.,0.999999999999,1.000000000001,
    0.999999999999,1.000000000001,0.999999999999,1.,1.,1.,1.)) 
REPRESENTATION_ITEM('') );
#1923 = CARTESIAN_POINT('',(-41.85,-60.64933318165));
#1924 = CARTESIAN_POINT('',(-43.6912513827,-60.65022685113));
#1925 = CARTESIAN_POINT('',(-45.4387460312,-60.64927277251));
#1926 = CARTESIAN_POINT('',(-47.3253934096,-60.64991520595));
#1927 = CARTESIAN_POINT('',(-49.07904710545,-60.64965470418));
#1928 = CARTESIAN_POINT('',(-50.93252641778,-60.64971375533));
#1929 = CARTESIAN_POINT('',(-52.71734004946,-60.64974094245));
#1930 = CARTESIAN_POINT('',(-54.54282274279,-60.64970169809));
#1931 = CARTESIAN_POINT('',(-56.35354333962,-60.64971123076));
#1932 = CARTESIAN_POINT('',(-58.15905585313,-60.64975530318));
#1933 = CARTESIAN_POINT('',(-59.98394657999,-60.64963696899));
#1934 = CARTESIAN_POINT('',(-61.78423548879,-60.64980920289));
#1935 = CARTESIAN_POINT('',(-63.59823544385,-60.64964981551));
#1936 = CARTESIAN_POINT('',(-63.59839601592,-60.64964979912));
#1937 = CARTESIAN_POINT('',(-63.5985565561,-60.64964978044));
#1938 = CARTESIAN_POINT('',(-63.59871706449,-60.6496497595));
#1939 = CARTESIAN_POINT('',(-63.5988775412,-60.64964973629));
#1940 = CARTESIAN_POINT('',(-63.59903798634,-60.64964971081));
#1941 = CARTESIAN_POINT('',(-63.5991984,-60.64964968308));
#1942 = CARTESIAN_POINT('',(-63.5993587823,-60.64964965309));
#1943 = CARTESIAN_POINT('',(-63.59951913334,-60.64964962085));
#1944 = CARTESIAN_POINT('',(-63.59967945324,-60.64964958637));
#1945 = CARTESIAN_POINT('',(-63.59983974208,-60.64964954964));
#1946 = CARTESIAN_POINT('',(-63.6,-60.64964951068));
#1947 = ( GEOMETRIC_REPRESENTATION_CONTEXT(2) 
PARAMETRIC_REPRESENTATION_CONTEXT() REPRESENTATION_CONTEXT('2D SPACE',''
  ) );
#1948 = ORIENTED_EDGE('',*,*,#1949,.F.);
#1949 = EDGE_CURVE('',#1950,#1885,#1952,.T.);
#1950 = VERTEX_POINT('',#1951);
#1951 = CARTESIAN_POINT('',(31.459716684987,-6.623156624316,
    13.741992229206));
#1952 = SURFACE_CURVE('',#1953,(#1957,#1964),.PCURVE_S1.);
#1953 = ( BOUNDED_CURVE() B_SPLINE_CURVE(2,(#1954,#1955,#1956),
.UNSPECIFIED.,.F.,.F.) B_SPLINE_CURVE_WITH_KNOTS((3,3),(0.,
22.337655763857),.PIECEWISE_BEZIER_KNOTS.) CURVE() 
GEOMETRIC_REPRESENTATION_ITEM() RATIONAL_B_SPLINE_CURVE((1.,
0.776446236572,1.)) REPRESENTATION_ITEM('') );
#1954 = CARTESIAN_POINT('',(31.459716684987,-6.623156624316,
    13.741992229206));
#1955 = CARTESIAN_POINT('',(31.45198388239,-6.785052924941,
    13.750893023208));
#1956 = CARTESIAN_POINT('',(31.45,-6.827062610059,13.594110743938));
#1957 = PCURVE('',#1742,#1958);
#1958 = DEFINITIONAL_REPRESENTATION('',(#1959),#1963);
#1959 = LINE('',#1960,#1961);
#1960 = CARTESIAN_POINT('',(0.,25.215258218158));
#1961 = VECTOR('',#1962,1.);
#1962 = DIRECTION('',(1.,0.));
#1963 = ( GEOMETRIC_REPRESENTATION_CONTEXT(2) 
PARAMETRIC_REPRESENTATION_CONTEXT() REPRESENTATION_CONTEXT('2D SPACE',''
  ) );
#1964 = PCURVE('',#1965,#2068);
#1965 = ( BOUNDED_SURFACE() B_SPLINE_SURFACE(2,9,(
    (#1966,#1967,#1968,#1969,#1970,#1971,#1972,#1973,#1974,#1975,#1976
      ,#1977,#1978,#1979,#1980,#1981,#1982,#1983,#1984,#1985,#1986,#1987
      ,#1988,#1989,#1990,#1991,#1992,#1993,#1994,#1995,#1996,#1997,#1998
      ,#1999)
    ,(#2000,#2001,#2002,#2003,#2004,#2005,#2006,#2007,#2008,#2009,#2010
      ,#2011,#2012,#2013,#2014,#2015,#2016,#2017,#2018,#2019,#2020,#2021
      ,#2022,#2023,#2024,#2025,#2026,#2027,#2028,#2029,#2030,#2031,#2032
      ,#2033)
    ,(#2034,#2035,#2036,#2037,#2038,#2039,#2040,#2041,#2042,#2043,#2044
      ,#2045,#2046,#2047,#2048,#2049,#2050,#2051,#2052,#2053,#2054,#2055
      ,#2056,#2057,#2058,#2059,#2060,#2061,#2062,#2063,#2064,#2065,#2066
,#2067
    )),.UNSPECIFIED.,.F.,.F.,.F.) B_SPLINE_SURFACE_WITH_KNOTS((3,3),(10,
    8,8,8,10),(0.,1.173175182948),(25.215258218158,25.834671956548,
    26.137684632503,26.309044917163,26.388433401106),.UNSPECIFIED.) 
GEOMETRIC_REPRESENTATION_ITEM() RATIONAL_B_SPLINE_SURFACE((
    (1.,1.,1.,1.,1.,1.,1.,1.,1.,1.,1.,1.,1.,1.,1.,1.,1.,1.,1.,1.,1.,1.
      ,1.,1.,1.,1.,1.,1.,1.,1.,1.,1.,1.,1.)
    ,(0.776446236572,0.776109736211,0.777132145474,0.776599388383
      ,0.780247598139,0.779047570428,0.781142594604,0.780434629839
      ,0.779105500292,0.774834839136,0.773084753532,0.770959254446
      ,0.768437509163,0.765506071939,0.762158884005,0.758397273565
      ,0.754229955798,0.747095993428,0.744395866508,0.741568840042
      ,0.738625098513,0.735570675229,0.732400770234,0.729104533866
      ,0.725681315941,0.720540893698,0.718902072608,0.717251843678
      ,0.715590133288,0.713916867818,0.712231973647,0.710535377157
      ,0.708827004726,0.707106782734)
    ,(1.,1.,1.,1.,1.,1.,1.,1.,1.,1.,1.,1.,1.,1.,1.,1.,1.,1.,1.,1.,1.,1.
,1.,1.,1.,1.,1.,1.,1.,1.,1.,1.,1.,1.
  ))) REPRESENTATION_ITEM('') SURFACE() );
#1966 = CARTESIAN_POINT('',(31.459716684987,-6.623156624316,
    13.741992229206));
#1967 = CARTESIAN_POINT('',(31.527789217333,-6.623217705977,
    13.741995587376));
#1968 = CARTESIAN_POINT('',(31.618280674704,-6.632250840356,
    13.742488483245));
#1969 = CARTESIAN_POINT('',(31.702966885957,-6.650774419676,
    13.743527563247));
#1970 = CARTESIAN_POINT('',(31.779149051104,-6.68291657041,
    13.745104878726));
#1971 = CARTESIAN_POINT('',(31.858613605489,-6.716493664552,
    13.746300280395));
#1972 = CARTESIAN_POINT('',(31.930331939436,-6.76519823432,
    13.747419752565));
#1973 = CARTESIAN_POINT('',(31.998815150014,-6.81857961844,
    13.747439900767));
#1974 = CARTESIAN_POINT('',(32.061235845739,-6.880535603435,
    13.746217546492));
#1975 = CARTESIAN_POINT('',(32.144773004767,-6.982510638787,
    13.742008101515));
#1976 = CARTESIAN_POINT('',(32.170687813459,-7.017615147406,
    13.740243728827));
#1977 = CARTESIAN_POINT('',(32.194987694274,-7.054221805186,
    13.738063456939));
#1978 = CARTESIAN_POINT('',(32.217591069857,-7.092225982939,
    13.735440990295));
#1979 = CARTESIAN_POINT('',(32.238422963901,-7.131522469186,
    13.732358046886));
#1980 = CARTESIAN_POINT('',(32.257415001148,-7.172005470157,
    13.728804358253));
#1981 = CARTESIAN_POINT('',(32.274505407392,-7.213568609791,
    13.724777669484));
#1982 = CARTESIAN_POINT('',(32.289639009475,-7.256104929737,
    13.720283739215));
#1983 = CARTESIAN_POINT('',(32.310191533647,-7.324051645213,
    13.712538477137));
#1984 = CARTESIAN_POINT('',(32.316974164304,-7.348858853164,
    13.709598728695));
#1985 = CARTESIAN_POINT('',(32.32310502475,-7.37399039559,
    13.706504351636));
#1986 = CARTESIAN_POINT('',(32.32858330839,-7.399343800539,
    13.703274583598));
#1987 = CARTESIAN_POINT('',(32.333395189254,-7.424913365114,
    13.699912461305));
#1988 = CARTESIAN_POINT('',(32.33751149483,-7.450777262364,
    13.696403720601));
#1989 = CARTESIAN_POINT('',(32.340905367038,-7.476810631668,
    13.692762777733));
#1990 = CARTESIAN_POINT('',(32.343589911328,-7.502124652628,
    13.689125791894));
#1991 = CARTESIAN_POINT('',(32.346642208539,-7.534473399334,
    13.684392093095));
#1992 = CARTESIAN_POINT('',(32.347485686833,-7.544649161327,
    13.682888928466));
#1993 = CARTESIAN_POINT('',(32.348206875014,-7.554764060858,
    13.681381024548));
#1994 = CARTESIAN_POINT('',(32.348806379304,-7.564823270361,
    13.679868090759));
#1995 = CARTESIAN_POINT('',(32.349284805923,-7.57483196227,
    13.678349836519));
#1996 = CARTESIAN_POINT('',(32.349642761094,-7.584795309019,
    13.676825971248));
#1997 = CARTESIAN_POINT('',(32.349880851037,-7.594718483043,
    13.675296204365));
#1998 = CARTESIAN_POINT('',(32.349999681975,-7.604606656776,
    13.673760245289));
#1999 = CARTESIAN_POINT('',(32.34999986013,-7.614465002651,
    13.672217803441));
#2000 = CARTESIAN_POINT('',(31.45198388239,-6.785052924941,
    13.750893023208));
#2001 = CARTESIAN_POINT('',(31.519162718117,-6.785247410927,
    13.750900309023));
#2002 = CARTESIAN_POINT('',(31.586187127635,-6.792939321544,
    13.750821617581));
#2003 = CARTESIAN_POINT('',(31.652643737681,-6.808237615014,
    13.750619524403));
#2004 = CARTESIAN_POINT('',(31.716098477492,-6.830380554335,
    13.749995501241));
#2005 = CARTESIAN_POINT('',(31.780379657009,-6.860896365202,
    13.749505583617));
#2006 = CARTESIAN_POINT('',(31.838597236815,-6.897805577912,
    13.748136344717));
#2007 = CARTESIAN_POINT('',(31.894642711336,-6.942321598067,
    13.746226051371));
#2008 = CARTESIAN_POINT('',(31.945035211013,-6.993071812683,
    13.743283806977));
#2009 = CARTESIAN_POINT('',(32.011625614372,-7.077053965781,
    13.737263483639));
#2010 = CARTESIAN_POINT('',(32.032234371399,-7.106160583156,
    13.735007606906));
#2011 = CARTESIAN_POINT('',(32.051381099127,-7.136584710189,
    13.732459768155));
#2012 = CARTESIAN_POINT('',(32.068966737289,-7.168219034525,
    13.72960561544));
#2013 = CARTESIAN_POINT('',(32.084906905809,-7.200946611228,
    13.726437547582));
#2014 = CARTESIAN_POINT('',(32.099130571849,-7.234638760097,
    13.72295487023));
#2015 = CARTESIAN_POINT('',(32.111579014602,-7.269152632703,
    13.719164055061));
#2016 = CARTESIAN_POINT('',(32.122205112295,-7.304328453321,
    13.715079110058));
#2017 = CARTESIAN_POINT('',(32.13597873704,-7.360344371547,
    13.708234533628));
#2018 = CARTESIAN_POINT('',(32.140386964596,-7.380883670855,
    13.70565588666));
#2019 = CARTESIAN_POINT('',(32.144188281106,-7.401575153128,
    13.702989584954));
#2020 = CARTESIAN_POINT('',(32.147380676605,-7.422387676874,
    13.700240361883));
#2021 = CARTESIAN_POINT('',(32.149962863039,-7.443294240674,
    13.697413223185));
#2022 = CARTESIAN_POINT('',(32.151931519832,-7.464272129645,
    13.694513197648));
#2023 = CARTESIAN_POINT('',(32.153282058893,-7.485294672585,
    13.691546147684));
#2024 = CARTESIAN_POINT('',(32.154012814003,-7.506312005556,
    13.688520997947));
#2025 = CARTESIAN_POINT('',(32.15418885381,-7.536972643505,
    13.684022658634));
#2026 = CARTESIAN_POINT('',(32.154115108473,-7.546719170192,
    13.682579873447));
#2027 = CARTESIAN_POINT('',(32.153912031194,-7.556457405871,
    13.681125754768));
#2028 = CARTESIAN_POINT('',(32.153580033123,-7.566187086307,
    13.679660627906));
#2029 = CARTESIAN_POINT('',(32.153119516673,-7.575907948002,
    13.678184819522));
#2030 = CARTESIAN_POINT('',(32.152530875354,-7.585619728153,
    13.676698657691));
#2031 = CARTESIAN_POINT('',(32.151814493593,-7.595322164608,
    13.675202471959));
#2032 = CARTESIAN_POINT('',(32.150970746564,-7.605014995823,
    13.6736965934));
#2033 = CARTESIAN_POINT('',(32.15,-7.614697960812,13.672181354688));
#2034 = CARTESIAN_POINT('',(31.45,-6.827062610059,13.594110743938));
#2035 = CARTESIAN_POINT('',(31.516921184041,-6.827118940465,13.593900516
    ));
#2036 = CARTESIAN_POINT('',(31.578147629601,-6.834449889746,
    13.594337475929));
#2037 = CARTESIAN_POINT('',(31.639730728164,-6.847458009747,
    13.5934680341));
#2038 = CARTESIAN_POINT('',(31.700840601226,-6.866960320377,
    13.594641936486));
#2039 = CARTESIAN_POINT('',(31.760260412501,-6.894107724715,
    13.592953744539));
#2040 = CARTESIAN_POINT('',(31.815854608147,-6.926445625589,
    13.59234067171));
#2041 = CARTESIAN_POINT('',(31.868918492598,-6.965691568592,
    13.589599386537));
#2042 = CARTESIAN_POINT('',(31.91760638085,-7.010639038916,
    13.585575941343));
#2043 = CARTESIAN_POINT('',(31.983180354499,-7.085698847234,
    13.576791485265));
#2044 = CARTESIAN_POINT('',(32.003598099836,-7.111655545893,
    13.573468443701));
#2045 = CARTESIAN_POINT('',(32.022817291079,-7.138856985236,
    13.569673621124));
#2046 = CARTESIAN_POINT('',(32.040767726526,-7.167239727238,
    13.565381654328));
#2047 = CARTESIAN_POINT('',(32.057384564736,-7.196732064926,
    13.560576208252));
#2048 = CARTESIAN_POINT('',(32.072608324529,-7.227254022375,
    13.555249975988));
#2049 = CARTESIAN_POINT('',(32.086384884982,-7.258717354712,
    13.549404678773));
#2050 = CARTESIAN_POINT('',(32.098665485435,-7.291025548114,
    13.543051065996));
#2051 = CARTESIAN_POINT('',(32.115481131273,-7.342763339076,
    13.532339529512));
#2052 = CARTESIAN_POINT('',(32.121064106181,-7.361686844192,
    13.528315683422));
#2053 = CARTESIAN_POINT('',(32.126148050453,-7.380840471355,
    13.524134904249));
#2054 = CARTESIAN_POINT('',(32.130726364648,-7.40019104441,
    13.519807982465));
#2055 = CARTESIAN_POINT('',(32.134794434379,-7.419716004476,
    13.515342549524));
#2056 = CARTESIAN_POINT('',(32.13834928533,-7.43941768057,
    13.510736839286));
#2057 = CARTESIAN_POINT('',(32.141387908547,-7.45931190123,
    13.505983633027));
#2058 = CARTESIAN_POINT('',(32.143904256021,-7.479390947125,
    13.50108438805));
#2059 = CARTESIAN_POINT('',(32.146802510294,-7.508905236183,
    13.493752108553));
#2060 = CARTESIAN_POINT('',(32.147604236629,-7.518255336062,
    13.491413195157));
#2061 = CARTESIAN_POINT('',(32.148290421813,-7.527610154367,
    13.489057209681));
#2062 = CARTESIAN_POINT('',(32.148861402117,-7.536968701147,
    13.486684552118));
#2063 = CARTESIAN_POINT('',(32.149317513816,-7.546329986452,
    13.484295622462));
#2064 = CARTESIAN_POINT('',(32.149659093181,-7.555693020334,
    13.481890820704));
#2065 = CARTESIAN_POINT('',(32.149886476484,-7.565056812842,
    13.479470546839));
#2066 = CARTESIAN_POINT('',(32.15,-7.574420374027,13.47703520086));
#2067 = CARTESIAN_POINT('',(32.15,-7.583782713939,13.474585182759));
#2068 = DEFINITIONAL_REPRESENTATION('',(#2069),#2072);
#2069 = B_SPLINE_CURVE_WITH_KNOTS('',1,(#2070,#2071),.UNSPECIFIED.,.F.,
  .F.,(2,2),(0.,22.337655763857),.PIECEWISE_BEZIER_KNOTS.);
#2070 = CARTESIAN_POINT('',(0.,25.215258218158));
#2071 = CARTESIAN_POINT('',(1.173175182948,25.215258218158));
#2072 = ( GEOMETRIC_REPRESENTATION_CONTEXT(2) 
PARAMETRIC_REPRESENTATION_CONTEXT() REPRESENTATION_CONTEXT('2D SPACE',''
  ) );
#2073 = ORIENTED_EDGE('',*,*,#2074,.F.);
#2074 = EDGE_CURVE('',#1727,#1950,#2075,.T.);
#2075 = SURFACE_CURVE('',#2076,(#2101,#2108),.PCURVE_S1.);
#2076 = ( BOUNDED_CURVE() B_SPLINE_CURVE(12,(#2077,#2078,#2079,#2080,
    #2081,#2082,#2083,#2084,#2085,#2086,#2087,#2088,#2089,#2090,#2091,
    #2092,#2093,#2094,#2095,#2096,#2097,#2098,#2099,#2100),
.UNSPECIFIED.,.F.,.F.) B_SPLINE_CURVE_WITH_KNOTS((13,11,13),(
2.877602454301,25.213280534259,25.215258218158),.UNSPECIFIED.) CURVE() 
GEOMETRIC_REPRESENTATION_ITEM() RATIONAL_B_SPLINE_CURVE((1.,1.,
    1.000000000001,0.999999999998,1.000000000004,0.999999999994,
    1.000000000007,0.999999999994,1.000000000004,0.999999999998,
    1.000000000001,1.,1.,1.,1.,0.999999999999,1.000000000001,
    0.999999999999,1.000000000001,0.999999999999,1.,1.,1.,1.)) 
REPRESENTATION_ITEM('') );
#2077 = CARTESIAN_POINT('',(9.722914838442,-6.624339345089,
    13.742057012508));
#2078 = CARTESIAN_POINT('',(11.537822000031,-6.621012247172,
    13.741875448369));
#2079 = CARTESIAN_POINT('',(13.279041032179,-6.624495147214,
    13.742062213959));
#2080 = CARTESIAN_POINT('',(15.170719681678,-6.622330258385,
    13.741954898425));
#2081 = CARTESIAN_POINT('',(16.923714932322,-6.622854024073,
    13.741962218302));
#2082 = CARTESIAN_POINT('',(18.784073876136,-6.623262570644,
    13.742014441153));
#2083 = CARTESIAN_POINT('',(20.564895538497,-6.622495185875,
    13.741940854617));
#2084 = CARTESIAN_POINT('',(22.393863827262,-6.623174531234,
    13.74200330215));
#2085 = CARTESIAN_POINT('',(24.201530134681,-6.622821622846,
    13.741968938631));
#2086 = CARTESIAN_POINT('',(26.006695050444,-6.622792491881,
    13.741973773172));
#2087 = CARTESIAN_POINT('',(27.830177301936,-6.623197283132,
    13.741994159559));
#2088 = CARTESIAN_POINT('',(29.63265164056,-6.622557008655,
    13.74195926307));
#2089 = CARTESIAN_POINT('',(31.457930585924,-6.62315547984,
    13.741992166284));
#2090 = CARTESIAN_POINT('',(31.458092318045,-6.623155541394,
    13.741992169669));
#2091 = CARTESIAN_POINT('',(31.458254179277,-6.623155611499,
    13.741992173523));
#2092 = CARTESIAN_POINT('',(31.458416169299,-6.623155690137,
    13.741992177846));
#2093 = CARTESIAN_POINT('',(31.458578287738,-6.623155777291,
    13.741992182638));
#2094 = CARTESIAN_POINT('',(31.458740534317,-6.623155872942,
    13.741992187897));
#2095 = CARTESIAN_POINT('',(31.458902908623,-6.623155977074,
    13.741992193622));
#2096 = CARTESIAN_POINT('',(31.459065410397,-6.623156089668,
    13.741992199812));
#2097 = CARTESIAN_POINT('',(31.459228039237,-6.623156210706,
    13.741992206466));
#2098 = CARTESIAN_POINT('',(31.45939079485,-6.623156340172,
    13.741992213584));
#2099 = CARTESIAN_POINT('',(31.459553676876,-6.623156478048,
    13.741992221164));
#2100 = CARTESIAN_POINT('',(31.459716684987,-6.623156624316,
    13.741992229206));
#2101 = PCURVE('',#1742,#2102);
#2102 = DEFINITIONAL_REPRESENTATION('',(#2103),#2107);
#2103 = LINE('',#2104,#2105);
#2104 = CARTESIAN_POINT('',(0.,0.));
#2105 = VECTOR('',#2106,1.);
#2106 = DIRECTION('',(0.,1.));
#2107 = ( GEOMETRIC_REPRESENTATION_CONTEXT(2) 
PARAMETRIC_REPRESENTATION_CONTEXT() REPRESENTATION_CONTEXT('2D SPACE',''
  ) );
#2108 = PCURVE('',#1850,#2109);
#2109 = DEFINITIONAL_REPRESENTATION('',(#2110),#2135);
#2110 = B_SPLINE_CURVE_WITH_KNOTS('',12,(#2111,#2112,#2113,#2114,#2115,
    #2116,#2117,#2118,#2119,#2120,#2121,#2122,#2123,#2124,#2125,#2126,
    #2127,#2128,#2129,#2130,#2131,#2132,#2133,#2134),.UNSPECIFIED.,.F.,
  .F.,(13,11,13),(2.877602454301,25.213280534259,25.215258218158),
  .UNSPECIFIED.);
#2111 = CARTESIAN_POINT('',(0.246237837367,-9.722914838442));
#2112 = CARTESIAN_POINT('',(0.244607476336,-11.53782200002));
#2113 = CARTESIAN_POINT('',(0.246313757133,-13.27904103218));
#2114 = CARTESIAN_POINT('',(0.245254308464,-15.17071968165));
#2115 = CARTESIAN_POINT('',(0.24550821513,-16.92371493237));
#2116 = CARTESIAN_POINT('',(0.245712286104,-18.78407387605));
#2117 = CARTESIAN_POINT('',(0.245332144925,-20.5648955386));
#2118 = CARTESIAN_POINT('',(0.245668324841,-22.39386382716));
#2119 = CARTESIAN_POINT('',(0.245493436214,-24.20153013475));
#2120 = CARTESIAN_POINT('',(0.245479992672,-26.0066950504));
#2121 = CARTESIAN_POINT('',(0.245678130027,-27.83017730195));
#2122 = CARTESIAN_POINT('',(0.245364385262,-29.63265164055));
#2123 = CARTESIAN_POINT('',(0.245657682638,-31.45793058592));
#2124 = CARTESIAN_POINT('',(0.245657712805,-31.45809231804));
#2125 = CARTESIAN_POINT('',(0.245657747162,-31.45825417929));
#2126 = CARTESIAN_POINT('',(0.245657785701,-31.45841616926));
#2127 = CARTESIAN_POINT('',(0.245657828413,-31.45857828778));
#2128 = CARTESIAN_POINT('',(0.245657875289,-31.45874053426));
#2129 = CARTESIAN_POINT('',(0.245657926322,-31.45890290867));
#2130 = CARTESIAN_POINT('',(0.245657981502,-31.45906541036));
#2131 = CARTESIAN_POINT('',(0.24565804082,-31.45922803925));
#2132 = CARTESIAN_POINT('',(0.245658104268,-31.45939079484));
#2133 = CARTESIAN_POINT('',(0.245658171838,-31.45955367687));
#2134 = CARTESIAN_POINT('',(0.245658243521,-31.45971668498));
#2135 = ( GEOMETRIC_REPRESENTATION_CONTEXT(2) 
PARAMETRIC_REPRESENTATION_CONTEXT() REPRESENTATION_CONTEXT('2D SPACE',''
  ) );
#2136 = ADVANCED_FACE('',(#2137),#1965,.T.);
#2137 = FACE_BOUND('',#2138,.T.);
#2138 = EDGE_LOOP('',(#2139,#2140,#2238,#2282));
#2139 = ORIENTED_EDGE('',*,*,#1949,.T.);
#2140 = ORIENTED_EDGE('',*,*,#2141,.T.);
#2141 = EDGE_CURVE('',#1885,#2142,#2144,.T.);
#2142 = VERTEX_POINT('',#2143);
#2143 = CARTESIAN_POINT('',(32.15,-7.583782713939,13.474585182759));
#2144 = SURFACE_CURVE('',#2145,(#2180,#2187),.PCURVE_S1.);
#2145 = ( BOUNDED_CURVE() B_SPLINE_CURVE(9,(#2146,#2147,#2148,#2149,
    #2150,#2151,#2152,#2153,#2154,#2155,#2156,#2157,#2158,#2159,#2160,
    #2161,#2162,#2163,#2164,#2165,#2166,#2167,#2168,#2169,#2170,#2171,
    #2172,#2173,#2174,#2175,#2176,#2177,#2178,#2179),.UNSPECIFIED.,.F.,
.F.) B_SPLINE_CURVE_WITH_KNOTS((10,8,8,8,10),(25.215258218158,
    25.834671956548,26.137684632503,26.309044917163,26.388433401106),
.UNSPECIFIED.) CURVE() GEOMETRIC_REPRESENTATION_ITEM() 
RATIONAL_B_SPLINE_CURVE((1.,1.,1.,1.,1.,1.,1.,1.,1.,1.,1.,1.,1.,1.,1.,1.
    ,1.,1.,1.,1.,1.,1.,1.,1.,1.,1.,1.,1.,1.,1.,1.,1.,1.,1.)) 
REPRESENTATION_ITEM('') );
#2146 = CARTESIAN_POINT('',(31.45,-6.827062610059,13.594110743938));
#2147 = CARTESIAN_POINT('',(31.516921184041,-6.827118940465,13.593900516
    ));
#2148 = CARTESIAN_POINT('',(31.578147629601,-6.834449889746,
    13.594337475929));
#2149 = CARTESIAN_POINT('',(31.639730728164,-6.847458009747,
    13.5934680341));
#2150 = CARTESIAN_POINT('',(31.700840601226,-6.866960320377,
    13.594641936486));
#2151 = CARTESIAN_POINT('',(31.760260412501,-6.894107724715,
    13.592953744539));
#2152 = CARTESIAN_POINT('',(31.815854608147,-6.926445625589,
    13.59234067171));
#2153 = CARTESIAN_POINT('',(31.868918492598,-6.965691568592,
    13.589599386537));
#2154 = CARTESIAN_POINT('',(31.91760638085,-7.010639038916,
    13.585575941343));
#2155 = CARTESIAN_POINT('',(31.983180354499,-7.085698847234,
    13.576791485265));
#2156 = CARTESIAN_POINT('',(32.003598099836,-7.111655545893,
    13.573468443701));
#2157 = CARTESIAN_POINT('',(32.022817291079,-7.138856985236,
    13.569673621124));
#2158 = CARTESIAN_POINT('',(32.040767726526,-7.167239727238,
    13.565381654328));
#2159 = CARTESIAN_POINT('',(32.057384564736,-7.196732064926,
    13.560576208252));
#2160 = CARTESIAN_POINT('',(32.072608324529,-7.227254022375,
    13.555249975988));
#2161 = CARTESIAN_POINT('',(32.086384884982,-7.258717354712,
    13.549404678773));
#2162 = CARTESIAN_POINT('',(32.098665485435,-7.291025548114,
    13.543051065996));
#2163 = CARTESIAN_POINT('',(32.115481131273,-7.342763339076,
    13.532339529512));
#2164 = CARTESIAN_POINT('',(32.121064106181,-7.361686844192,
    13.528315683422));
#2165 = CARTESIAN_POINT('',(32.126148050453,-7.380840471355,
    13.524134904249));
#2166 = CARTESIAN_POINT('',(32.130726364648,-7.40019104441,
    13.519807982465));
#2167 = CARTESIAN_POINT('',(32.134794434379,-7.419716004476,
    13.515342549524));
#2168 = CARTESIAN_POINT('',(32.13834928533,-7.43941768057,
    13.510736839286));
#2169 = CARTESIAN_POINT('',(32.141387908547,-7.45931190123,
    13.505983633027));
#2170 = CARTESIAN_POINT('',(32.143904256021,-7.479390947125,
    13.50108438805));
#2171 = CARTESIAN_POINT('',(32.146802510294,-7.508905236183,
    13.493752108553));
#2172 = CARTESIAN_POINT('',(32.147604236629,-7.518255336062,
    13.491413195157));
#2173 = CARTESIAN_POINT('',(32.148290421813,-7.527610154367,
    13.489057209681));
#2174 = CARTESIAN_POINT('',(32.148861402117,-7.536968701147,
    13.486684552118));
#2175 = CARTESIAN_POINT('',(32.149317513816,-7.546329986452,
    13.484295622462));
#2176 = CARTESIAN_POINT('',(32.149659093181,-7.555693020334,
    13.481890820704));
#2177 = CARTESIAN_POINT('',(32.149886476484,-7.565056812842,
    13.479470546839));
#2178 = CARTESIAN_POINT('',(32.15,-7.574420374027,13.47703520086));
#2179 = CARTESIAN_POINT('',(32.15,-7.583782713939,13.474585182759));
#2180 = PCURVE('',#1965,#2181);
#2181 = DEFINITIONAL_REPRESENTATION('',(#2182),#2186);
#2182 = LINE('',#2183,#2184);
#2183 = CARTESIAN_POINT('',(1.173175182948,0.));
#2184 = VECTOR('',#2185,1.);
#2185 = DIRECTION('',(0.,1.));
#2186 = ( GEOMETRIC_REPRESENTATION_CONTEXT(2) 
PARAMETRIC_REPRESENTATION_CONTEXT() REPRESENTATION_CONTEXT('2D SPACE',''
  ) );
#2187 = PCURVE('',#2188,#2193);
#2188 = CYLINDRICAL_SURFACE('',#2189,0.7);
#2189 = AXIS2_PLACEMENT_3D('',#2190,#2191,#2192);
#2190 = CARTESIAN_POINT('',(31.45,-9.923259473479,4.74353905303));
#2191 = DIRECTION('',(0.,0.258819045103,0.965925826289));
#2192 = DIRECTION('',(0.,-0.965925826289,0.258819045103));
#2193 = DEFINITIONAL_REPRESENTATION('',(#2194),#2237);
#2194 = B_SPLINE_CURVE_WITH_KNOTS('',9,(#2195,#2196,#2197,#2198,#2199,
    #2200,#2201,#2202,#2203,#2204,#2205,#2206,#2207,#2208,#2209,#2210,
    #2211,#2212,#2213,#2214,#2215,#2216,#2217,#2218,#2219,#2220,#2221,
    #2222,#2223,#2224,#2225,#2226,#2227,#2228,#2229,#2230,#2231,#2232,
    #2233,#2234,#2235,#2236),.UNSPECIFIED.,.F.,.F.,(10,8,8,8,8,10),(
    25.215258218158,25.801845809632,26.095139605369,26.241786503237,
    26.315109952172,26.388433401106),.UNSPECIFIED.);
#2195 = CARTESIAN_POINT('',(3.14159265359,9.350350489311));
#2196 = CARTESIAN_POINT('',(3.051057422492,9.350144379487));
#2197 = CARTESIAN_POINT('',(2.967818221147,9.348810354728));
#2198 = CARTESIAN_POINT('',(2.883457946697,9.345096942371));
#2199 = CARTESIAN_POINT('',(2.798156297284,9.341370334335));
#2200 = CARTESIAN_POINT('',(2.71170482971,9.334047521348));
#2201 = CARTESIAN_POINT('',(2.626221647225,9.325744105828));
#2202 = CARTESIAN_POINT('',(2.539753068327,9.314652528515));
#2203 = CARTESIAN_POINT('',(2.452976127432,9.30095276075));
#2204 = CARTESIAN_POINT('',(2.32229091516,9.276227455381));
#2205 = CARTESIAN_POINT('',(2.278639207647,9.267287112753));
#2206 = CARTESIAN_POINT('',(2.234893945193,9.257627363839));
#2207 = CARTESIAN_POINT('',(2.191060769948,9.247235516851));
#2208 = CARTESIAN_POINT('',(2.147146782372,9.236107302913));
#2209 = CARTESIAN_POINT('',(2.103156613173,9.224247266193));
#2210 = CARTESIAN_POINT('',(2.05909233583,9.211669261416));
#2211 = CARTESIAN_POINT('',(2.01495721975,9.19839705894));
#2212 = CARTESIAN_POINT('',(1.948666376152,9.177499056386));
#2213 = CARTESIAN_POINT('',(1.926555729271,9.170368740223));
#2214 = CARTESIAN_POINT('',(1.904430022184,9.163076952856));
#2215 = CARTESIAN_POINT('',(1.88229021716,9.155628679801));
#2216 = CARTESIAN_POINT('',(1.860137888504,9.148030032843));
#2217 = CARTESIAN_POINT('',(1.837973511124,9.140287234908));
#2218 = CARTESIAN_POINT('',(1.815794749106,9.132405604928));
#2219 = CARTESIAN_POINT('',(1.79359474428,9.12438854271));
#2220 = CARTESIAN_POINT('',(1.760243235052,9.112160499344));
#2221 = CARTESIAN_POINT('',(1.749118727562,9.108051510123));
#2222 = CARTESIAN_POINT('',(1.737981042494,9.103906898968));
#2223 = CARTESIAN_POINT('',(1.726832516042,9.099729144572));
#2224 = CARTESIAN_POINT('',(1.715674896483,9.095520299533));
#2225 = CARTESIAN_POINT('',(1.704506329313,9.091280018683));
#2226 = CARTESIAN_POINT('',(1.693324091464,9.087007167714));
#2227 = CARTESIAN_POINT('',(1.682133074597,9.082705012105));
#2228 = CARTESIAN_POINT('',(1.659786960346,9.074074960556));
#2229 = CARTESIAN_POINT('',(1.648627306327,9.069744565396));
#2230 = CARTESIAN_POINT('',(1.637479999599,9.065399308366));
#2231 = CARTESIAN_POINT('',(1.626343984351,9.061039696997));
#2232 = CARTESIAN_POINT('',(1.615218204765,9.056666238794));
#2233 = CARTESIAN_POINT('',(1.604101605032,9.052279441296));
#2234 = CARTESIAN_POINT('',(1.592993129334,9.047879812008));
#2235 = CARTESIAN_POINT('',(1.58189172186,9.043467858461));
#2236 = CARTESIAN_POINT('',(1.570796326795,9.039044088171));
#2237 = ( GEOMETRIC_REPRESENTATION_CONTEXT(2) 
PARAMETRIC_REPRESENTATION_CONTEXT() REPRESENTATION_CONTEXT('2D SPACE',''
  ) );
#2238 = ORIENTED_EDGE('',*,*,#2239,.F.);
#2239 = EDGE_CURVE('',#2240,#2142,#2242,.T.);
#2240 = VERTEX_POINT('',#2241);
#2241 = CARTESIAN_POINT('',(32.34999986013,-7.614465002651,
    13.672217803441));
#2242 = SURFACE_CURVE('',#2243,(#2247,#2254),.PCURVE_S1.);
#2243 = ( BOUNDED_CURVE() B_SPLINE_CURVE(2,(#2244,#2245,#2246),
.UNSPECIFIED.,.F.,.F.) B_SPLINE_CURVE_WITH_KNOTS((3,3),(0.,
1.173175182948),.PIECEWISE_BEZIER_KNOTS.) CURVE() 
GEOMETRIC_REPRESENTATION_ITEM() RATIONAL_B_SPLINE_CURVE((1.,
0.707106782734,1.)) REPRESENTATION_ITEM('') );
#2244 = CARTESIAN_POINT('',(32.34999986013,-7.614465002651,
    13.672217803441));
#2245 = CARTESIAN_POINT('',(32.15,-7.614697960812,13.672181354688));
#2246 = CARTESIAN_POINT('',(32.15,-7.583782713939,13.474585182759));
#2247 = PCURVE('',#1965,#2248);
#2248 = DEFINITIONAL_REPRESENTATION('',(#2249),#2253);
#2249 = LINE('',#2250,#2251);
#2250 = CARTESIAN_POINT('',(0.,26.388433401106));
#2251 = VECTOR('',#2252,1.);
#2252 = DIRECTION('',(1.,0.));
#2253 = ( GEOMETRIC_REPRESENTATION_CONTEXT(2) 
PARAMETRIC_REPRESENTATION_CONTEXT() REPRESENTATION_CONTEXT('2D SPACE',''
  ) );
#2254 = PCURVE('',#2255,#2277);
#2255 = ( BOUNDED_SURFACE() B_SPLINE_SURFACE(2,6,(
    (#2256,#2257,#2258,#2259,#2260,#2261,#2262)
    ,(#2263,#2264,#2265,#2266,#2267,#2268,#2269)
    ,(#2270,#2271,#2272,#2273,#2274,#2275,#2276
)),.UNSPECIFIED.,.F.,.F.,.F.) B_SPLINE_SURFACE_WITH_KNOTS((3,3),(7,7),(
    0.,0.563807262102),(26.388433401106,26.952240663208),
.PIECEWISE_BEZIER_KNOTS.) GEOMETRIC_REPRESENTATION_ITEM() 
RATIONAL_B_SPLINE_SURFACE((
    (1.,1.,1.,1.,1.,1.,1.)
    ,(0.707106782734,0.707106864241,0.707106338701,0.707107246037
      ,0.707106600516,0.707106781187,0.707106781187)
,(1.,1.,1.,1.,1.,1.,1.))) REPRESENTATION_ITEM('') SURFACE() );
#2256 = CARTESIAN_POINT('',(32.34999986013,-7.614465002651,
    13.672217803441));
#2257 = CARTESIAN_POINT('',(32.350001757973,-7.719484144992,
    13.655786454602));
#2258 = CARTESIAN_POINT('',(32.349994898467,-7.820774458329,
    13.638580649376));
#2259 = CARTESIAN_POINT('',(32.350004860205,-7.924519550104,
    13.620130875581));
#2260 = CARTESIAN_POINT('',(32.349998180685,-8.027181342054,
    13.601205374442));
#2261 = CARTESIAN_POINT('',(32.35,-8.130143282068,13.582033057734));
#2262 = CARTESIAN_POINT('',(32.35,-8.23302556882,13.562985010243));
#2263 = CARTESIAN_POINT('',(32.15,-7.614697960812,13.672181354688));
#2264 = CARTESIAN_POINT('',(32.15,-7.7180876577,13.656002418354));
#2265 = CARTESIAN_POINT('',(32.15,-7.821283422958,13.638527288277));
#2266 = CARTESIAN_POINT('',(32.15,-7.924307013137,13.620144913169));
#2267 = CARTESIAN_POINT('',(32.15,-8.027236063267,13.601202954908));
#2268 = CARTESIAN_POINT('',(32.15,-8.130143282068,13.582033057734));
#2269 = CARTESIAN_POINT('',(32.15,-8.23302556882,13.562985010243));
#2270 = CARTESIAN_POINT('',(32.15,-7.583782713939,13.474585182759));
#2271 = CARTESIAN_POINT('',(32.15,-7.685120387353,13.458727345935));
#2272 = CARTESIAN_POINT('',(32.15,-7.78674090241,13.441524462119));
#2273 = CARTESIAN_POINT('',(32.15,-7.888635407494,13.423349422799));
#2274 = CARTESIAN_POINT('',(32.15,-7.990863901342,13.404538166251));
#2275 = CARTESIAN_POINT('',(32.15,-8.093628595929,13.385394611766));
#2276 = CARTESIAN_POINT('',(32.15,-8.196615533157,13.366327177915));
#2277 = DEFINITIONAL_REPRESENTATION('',(#2278),#2281);
#2278 = B_SPLINE_CURVE_WITH_KNOTS('',1,(#2279,#2280),.UNSPECIFIED.,.F.,
  .F.,(2,2),(0.,1.173175182948),.PIECEWISE_BEZIER_KNOTS.);
#2279 = CARTESIAN_POINT('',(0.,26.388433401106));
#2280 = CARTESIAN_POINT('',(0.563807262102,26.388433401106));
#2281 = ( GEOMETRIC_REPRESENTATION_CONTEXT(2) 
PARAMETRIC_REPRESENTATION_CONTEXT() REPRESENTATION_CONTEXT('2D SPACE',''
  ) );
#2282 = ORIENTED_EDGE('',*,*,#2283,.F.);
#2283 = EDGE_CURVE('',#1950,#2240,#2284,.T.);
#2284 = SURFACE_CURVE('',#2285,(#2320,#2327),.PCURVE_S1.);
#2285 = ( BOUNDED_CURVE() B_SPLINE_CURVE(9,(#2286,#2287,#2288,#2289,
    #2290,#2291,#2292,#2293,#2294,#2295,#2296,#2297,#2298,#2299,#2300,
    #2301,#2302,#2303,#2304,#2305,#2306,#2307,#2308,#2309,#2310,#2311,
    #2312,#2313,#2314,#2315,#2316,#2317,#2318,#2319),.UNSPECIFIED.,.F.,
.F.) B_SPLINE_CURVE_WITH_KNOTS((10,8,8,8,10),(25.215258218158,
    25.834671956548,26.137684632503,26.309044917163,26.388433401106),
.UNSPECIFIED.) CURVE() GEOMETRIC_REPRESENTATION_ITEM() 
RATIONAL_B_SPLINE_CURVE((1.,1.,1.,1.,1.,1.,1.,1.,1.,1.,1.,1.,1.,1.,1.,1.
    ,1.,1.,1.,1.,1.,1.,1.,1.,1.,1.,1.,1.,1.,1.,1.,1.,1.,1.)) 
REPRESENTATION_ITEM('') );
#2286 = CARTESIAN_POINT('',(31.459716684987,-6.623156624316,
    13.741992229206));
#2287 = CARTESIAN_POINT('',(31.527789217333,-6.623217705977,
    13.741995587376));
#2288 = CARTESIAN_POINT('',(31.618280674704,-6.632250840356,
    13.742488483245));
#2289 = CARTESIAN_POINT('',(31.702966885957,-6.650774419676,
    13.743527563247));
#2290 = CARTESIAN_POINT('',(31.779149051104,-6.68291657041,
    13.745104878726));
#2291 = CARTESIAN_POINT('',(31.858613605489,-6.716493664552,
    13.746300280395));
#2292 = CARTESIAN_POINT('',(31.930331939436,-6.76519823432,
    13.747419752565));
#2293 = CARTESIAN_POINT('',(31.998815150014,-6.81857961844,
    13.747439900767));
#2294 = CARTESIAN_POINT('',(32.061235845739,-6.880535603435,
    13.746217546492));
#2295 = CARTESIAN_POINT('',(32.144773004767,-6.982510638787,
    13.742008101515));
#2296 = CARTESIAN_POINT('',(32.170687813459,-7.017615147406,
    13.740243728827));
#2297 = CARTESIAN_POINT('',(32.194987694274,-7.054221805186,
    13.738063456939));
#2298 = CARTESIAN_POINT('',(32.217591069857,-7.092225982939,
    13.735440990295));
#2299 = CARTESIAN_POINT('',(32.238422963901,-7.131522469186,
    13.732358046886));
#2300 = CARTESIAN_POINT('',(32.257415001148,-7.172005470157,
    13.728804358253));
#2301 = CARTESIAN_POINT('',(32.274505407392,-7.213568609791,
    13.724777669484));
#2302 = CARTESIAN_POINT('',(32.289639009475,-7.256104929737,
    13.720283739215));
#2303 = CARTESIAN_POINT('',(32.310191533647,-7.324051645213,
    13.712538477137));
#2304 = CARTESIAN_POINT('',(32.316974164304,-7.348858853164,
    13.709598728695));
#2305 = CARTESIAN_POINT('',(32.32310502475,-7.37399039559,
    13.706504351636));
#2306 = CARTESIAN_POINT('',(32.32858330839,-7.399343800539,
    13.703274583598));
#2307 = CARTESIAN_POINT('',(32.333395189254,-7.424913365114,
    13.699912461305));
#2308 = CARTESIAN_POINT('',(32.33751149483,-7.450777262364,
    13.696403720601));
#2309 = CARTESIAN_POINT('',(32.340905367038,-7.476810631668,
    13.692762777733));
#2310 = CARTESIAN_POINT('',(32.343589911328,-7.502124652628,
    13.689125791894));
#2311 = CARTESIAN_POINT('',(32.346642208539,-7.534473399334,
    13.684392093095));
#2312 = CARTESIAN_POINT('',(32.347485686833,-7.544649161327,
    13.682888928466));
#2313 = CARTESIAN_POINT('',(32.348206875014,-7.554764060858,
    13.681381024548));
#2314 = CARTESIAN_POINT('',(32.348806379304,-7.564823270361,
    13.679868090759));
#2315 = CARTESIAN_POINT('',(32.349284805923,-7.57483196227,
    13.678349836519));
#2316 = CARTESIAN_POINT('',(32.349642761094,-7.584795309019,
    13.676825971248));
#2317 = CARTESIAN_POINT('',(32.349880851037,-7.594718483043,
    13.675296204365));
#2318 = CARTESIAN_POINT('',(32.349999681975,-7.604606656776,
    13.673760245289));
#2319 = CARTESIAN_POINT('',(32.34999986013,-7.614465002651,
    13.672217803441));
#2320 = PCURVE('',#1965,#2321);
#2321 = DEFINITIONAL_REPRESENTATION('',(#2322),#2326);
#2322 = LINE('',#2323,#2324);
#2323 = CARTESIAN_POINT('',(0.,0.));
#2324 = VECTOR('',#2325,1.);
#2325 = DIRECTION('',(0.,1.));
#2326 = ( GEOMETRIC_REPRESENTATION_CONTEXT(2) 
PARAMETRIC_REPRESENTATION_CONTEXT() REPRESENTATION_CONTEXT('2D SPACE',''
  ) );
#2327 = PCURVE('',#1850,#2328);
#2328 = DEFINITIONAL_REPRESENTATION('',(#2329),#2432);
#2329 = B_SPLINE_CURVE_WITH_KNOTS('',11,(#2330,#2331,#2332,#2333,#2334,
    #2335,#2336,#2337,#2338,#2339,#2340,#2341,#2342,#2343,#2344,#2345,
    #2346,#2347,#2348,#2349,#2350,#2351,#2352,#2353,#2354,#2355,#2356,
    #2357,#2358,#2359,#2360,#2361,#2362,#2363,#2364,#2365,#2366,#2367,
    #2368,#2369,#2370,#2371,#2372,#2373,#2374,#2375,#2376,#2377,#2378,
    #2379,#2380,#2381,#2382,#2383,#2384,#2385,#2386,#2387,#2388,#2389,
    #2390,#2391,#2392,#2393,#2394,#2395,#2396,#2397,#2398,#2399,#2400,
    #2401,#2402,#2403,#2404,#2405,#2406,#2407,#2408,#2409,#2410,#2411,
    #2412,#2413,#2414,#2415,#2416,#2417,#2418,#2419,#2420,#2421,#2422,
    #2423,#2424,#2425,#2426,#2427,#2428,#2429,#2430,#2431),
  .UNSPECIFIED.,.F.,.F.,(12,10,10,10,10,10,10,10,10,10,12),(
    25.215258218158,25.801845809632,25.9484927075,26.095139605369,
    26.168463054303,26.241786503237,26.278448227704,26.296779089938,
    26.305944521055,26.315109952172,26.388433401106),.UNSPECIFIED.);
#2330 = CARTESIAN_POINT('',(0.245658243521,-31.45971668498));
#2331 = CARTESIAN_POINT('',(0.245681437624,-31.5124607708));
#2332 = CARTESIAN_POINT('',(0.248285457819,-31.57836499669));
#2333 = CARTESIAN_POINT('',(0.253581489125,-31.6452257689));
#2334 = CARTESIAN_POINT('',(0.262214402779,-31.70867978324));
#2335 = CARTESIAN_POINT('',(0.273338989843,-31.76990586912));
#2336 = CARTESIAN_POINT('',(0.286585723585,-31.82989331462));
#2337 = CARTESIAN_POINT('',(0.302380218686,-31.88785390459));
#2338 = CARTESIAN_POINT('',(0.320777938743,-31.9429501138));
#2339 = CARTESIAN_POINT('',(0.341149038991,-31.99532287594));
#2340 = CARTESIAN_POINT('',(0.363597518803,-32.04442914675));
#2341 = CARTESIAN_POINT('',(0.394005742972,-32.10132027049));
#2342 = CARTESIAN_POINT('',(0.400202963103,-32.11247511986));
#2343 = CARTESIAN_POINT('',(0.4065296135,-32.12339093417));
#2344 = CARTESIAN_POINT('',(0.412911697141,-32.13410542921));
#2345 = CARTESIAN_POINT('',(0.419498166962,-32.14452981621));
#2346 = CARTESIAN_POINT('',(0.426083552962,-32.15476146636));
#2347 = CARTESIAN_POINT('',(0.432853406036,-32.16470792127));
#2348 = CARTESIAN_POINT('',(0.439676433441,-32.17441931309));
#2349 = CARTESIAN_POINT('',(0.446612743359,-32.18386610911));
#2350 = CARTESIAN_POINT('',(0.453637524653,-32.1930520312));
#2351 = CARTESIAN_POINT('',(0.467867401573,-32.21089033571));
#2352 = CARTESIAN_POINT('',(0.475071998657,-32.2195428846));
#2353 = CARTESIAN_POINT('',(0.482363192055,-32.22792459578));
#2354 = CARTESIAN_POINT('',(0.489737936483,-32.23603137399));
#2355 = CARTESIAN_POINT('',(0.497193203693,-32.2438592641));
#2356 = CARTESIAN_POINT('',(0.50472598245,-32.25140444933));
#2357 = CARTESIAN_POINT('',(0.512333278566,-32.25866325362));
#2358 = CARTESIAN_POINT('',(0.520012114862,-32.26563213907));
#2359 = CARTESIAN_POINT('',(0.527759531202,-32.27230770818));
#2360 = CARTESIAN_POINT('',(0.535572584467,-32.27868670229));
#2361 = CARTESIAN_POINT('',(0.547386230625,-32.28780565251));
#2362 = CARTESIAN_POINT('',(0.551339969682,-32.29077040137));
#2363 = CARTESIAN_POINT('',(0.5553084743,-32.29365977314));
#2364 = CARTESIAN_POINT('',(0.559292184087,-32.29647345352));
#2365 = CARTESIAN_POINT('',(0.563290993904,-32.29921111478));
#2366 = CARTESIAN_POINT('',(0.567303965325,-32.3018723674));
#2367 = CARTESIAN_POINT('',(0.571330040949,-32.30445678981));
#2368 = CARTESIAN_POINT('',(0.575368977339,-32.30696399093));
#2369 = CARTESIAN_POINT('',(0.579421712155,-32.3093936564));
#2370 = CARTESIAN_POINT('',(0.583489381256,-32.31174553303));
#2371 = CARTESIAN_POINT('',(0.591651021463,-32.31629307295));
#2372 = CARTESIAN_POINT('',(0.59574561269,-32.31848868134));
#2373 = CARTESIAN_POINT('',(0.59985301972,-32.3206058749));
#2374 = CARTESIAN_POINT('',(0.603972818738,-32.32264424588));
#2375 = CARTESIAN_POINT('',(0.608104808795,-32.32460326689));
#2376 = CARTESIAN_POINT('',(0.612248703198,-32.32648232778));
#2377 = CARTESIAN_POINT('',(0.616403820851,-32.32828076958));
#2378 = CARTESIAN_POINT('',(0.620568777654,-32.32999792192));
#2379 = CARTESIAN_POINT('',(0.62474117785,-32.33163313706));
#2380 = CARTESIAN_POINT('',(0.628917305408,-32.33318582665));
#2381 = CARTESIAN_POINT('',(0.635179070375,-32.33539033172));
#2382 = CARTESIAN_POINT('',(0.637265734131,-32.33610443972));
#2383 = CARTESIAN_POINT('',(0.639351222718,-32.33679774784));
#2384 = CARTESIAN_POINT('',(0.641434717275,-32.3374702087));
#2385 = CARTESIAN_POINT('',(0.643515164013,-32.33812180049));
#2386 = CARTESIAN_POINT('',(0.645591274219,-32.33875252681));
#2387 = CARTESIAN_POINT('',(0.64766152425,-32.33936241686));
#2388 = CARTESIAN_POINT('',(0.649724155539,-32.33995152531));
#2389 = CARTESIAN_POINT('',(0.65177717459,-32.34051993232));
#2390 = CARTESIAN_POINT('',(0.653818352984,-32.34106774361));
#2391 = CARTESIAN_POINT('',(0.656858664564,-32.34185876371));
#2392 = CARTESIAN_POINT('',(0.657868488728,-32.34211732638));
#2393 = CARTESIAN_POINT('',(0.658874377063,-32.34237079683));
#2394 = CARTESIAN_POINT('',(0.659875980898,-32.34261919719));
#2395 = CARTESIAN_POINT('',(0.66087292567,-32.34286255199));
#2396 = CARTESIAN_POINT('',(0.661864810957,-32.34310089029));
#2397 = CARTESIAN_POINT('',(0.662851210437,-32.34333424285));
#2398 = CARTESIAN_POINT('',(0.663831671929,-32.34356264513));
#2399 = CARTESIAN_POINT('',(0.664805717361,-32.34378613472));
#2400 = CARTESIAN_POINT('',(0.665772842787,-32.3440047531));
#2401 = CARTESIAN_POINT('',(0.667212356183,-32.34432544053));
#2402 = CARTESIAN_POINT('',(0.667690342304,-32.34443112827));
#2403 = CARTESIAN_POINT('',(0.668166401697,-32.34453561471));
#2404 = CARTESIAN_POINT('',(0.668640459308,-32.3446389064));
#2405 = CARTESIAN_POINT('',(0.669112440091,-32.3447410104));
#2406 = CARTESIAN_POINT('',(0.669582268986,-32.34484193297));
#2407 = CARTESIAN_POINT('',(0.670049870952,-32.34494168132));
#2408 = CARTESIAN_POINT('',(0.670515170928,-32.34504026175));
#2409 = CARTESIAN_POINT('',(0.67097809387,-32.34513768126));
#2410 = CARTESIAN_POINT('',(0.671438564722,-32.34523394644));
#2411 = CARTESIAN_POINT('',(0.672354452148,-32.34542418167));
#2412 = CARTESIAN_POINT('',(0.672810491571,-32.34551816331));
#2413 = CARTESIAN_POINT('',(0.673257325713,-32.34561089648));
#2414 = CARTESIAN_POINT('',(0.673732504821,-32.3457030453));
#2415 = CARTESIAN_POINT('',(0.674120927493,-32.34579254066));
#2416 = CARTESIAN_POINT('',(0.674640425158,-32.34588345261));
#2417 = CARTESIAN_POINT('',(0.675036063952,-32.34597090538));
#2418 = CARTESIAN_POINT('',(0.675509286719,-32.34605881162));
#2419 = CARTESIAN_POINT('',(0.67594940008,-32.34614499869));
#2420 = CARTESIAN_POINT('',(0.67639782056,-32.34623028675));
#2421 = CARTESIAN_POINT('',(0.680421505835,-32.34698806184));
#2422 = CARTESIAN_POINT('',(0.68398072801,-32.34759320217));
#2423 = CARTESIAN_POINT('',(0.687523548898,-32.34813014784));
#2424 = CARTESIAN_POINT('',(0.691050954176,-32.3485991419));
#2425 = CARTESIAN_POINT('',(0.694563929514,-32.34900042714));
#2426 = CARTESIAN_POINT('',(0.698063460592,-32.34933424669));
#2427 = CARTESIAN_POINT('',(0.701550533078,-32.34960084328));
#2428 = CARTESIAN_POINT('',(0.705026132652,-32.34980046004));
#2429 = CARTESIAN_POINT('',(0.708491244983,-32.34993333977));
#2430 = CARTESIAN_POINT('',(0.711946855749,-32.3499997255));
#2431 = CARTESIAN_POINT('',(0.715393950622,-32.34999986013));
#2432 = ( GEOMETRIC_REPRESENTATION_CONTEXT(2) 
PARAMETRIC_REPRESENTATION_CONTEXT() REPRESENTATION_CONTEXT('2D SPACE',''
  ) );
#2433 = ADVANCED_FACE('',(#2434),#2255,.T.);
#2434 = FACE_BOUND('',#2435,.T.);
#2435 = EDGE_LOOP('',(#2436,#2437,#2473,#2550));
#2436 = ORIENTED_EDGE('',*,*,#2239,.T.);
#2437 = ORIENTED_EDGE('',*,*,#2438,.T.);
#2438 = EDGE_CURVE('',#2142,#2439,#2441,.T.);
#2439 = VERTEX_POINT('',#2440);
#2440 = CARTESIAN_POINT('',(32.15,-8.196615533157,13.366327177915));
#2441 = SURFACE_CURVE('',#2442,(#2450,#2457),.PCURVE_S1.);
#2442 = ( BOUNDED_CURVE() B_SPLINE_CURVE(6,(#2443,#2444,#2445,#2446,
#2447,#2448,#2449),.UNSPECIFIED.,.F.,.F.) B_SPLINE_CURVE_WITH_KNOTS((7,7
),(26.388433401106,26.952240663208),.PIECEWISE_BEZIER_KNOTS.) CURVE() 
GEOMETRIC_REPRESENTATION_ITEM() RATIONAL_B_SPLINE_CURVE((1.,1.,1.,1.,1.,
1.,1.)) REPRESENTATION_ITEM('') );
#2443 = CARTESIAN_POINT('',(32.15,-7.583782713939,13.474585182759));
#2444 = CARTESIAN_POINT('',(32.15,-7.685120387353,13.458727345935));
#2445 = CARTESIAN_POINT('',(32.15,-7.78674090241,13.441524462119));
#2446 = CARTESIAN_POINT('',(32.15,-7.888635407494,13.423349422799));
#2447 = CARTESIAN_POINT('',(32.15,-7.990863901342,13.404538166251));
#2448 = CARTESIAN_POINT('',(32.15,-8.093628595929,13.385394611766));
#2449 = CARTESIAN_POINT('',(32.15,-8.196615533157,13.366327177915));
#2450 = PCURVE('',#2255,#2451);
#2451 = DEFINITIONAL_REPRESENTATION('',(#2452),#2456);
#2452 = LINE('',#2453,#2454);
#2453 = CARTESIAN_POINT('',(0.563807262102,0.));
#2454 = VECTOR('',#2455,1.);
#2455 = DIRECTION('',(0.,1.));
#2456 = ( GEOMETRIC_REPRESENTATION_CONTEXT(2) 
PARAMETRIC_REPRESENTATION_CONTEXT() REPRESENTATION_CONTEXT('2D SPACE',''
  ) );
#2457 = PCURVE('',#2458,#2463);
#2458 = B_SPLINE_SURFACE_WITH_KNOTS('',1,1,(
    (#2459,#2460)
    ,(#2461,#2462
    )),.UNSPECIFIED.,.F.,.F.,.F.,(2,2),(2,2),(0.7,7.444453864422),(0.,1.
    ),.PIECEWISE_BEZIER_KNOTS.);
#2459 = CARTESIAN_POINT('',(32.15,-14.07674052652,5.85646094697));
#2460 = CARTESIAN_POINT('',(32.15,1.679431511837,74.103940002192));
#2461 = CARTESIAN_POINT('',(32.15,-9.923259473479,4.74353905303));
#2462 = CARTESIAN_POINT('',(32.15,8.194073683698,72.358346893264));
#2463 = DEFINITIONAL_REPRESENTATION('',(#2464),#2472);
#2464 = B_SPLINE_CURVE_WITH_KNOTS('',6,(#2465,#2466,#2467,#2468,#2469,
    #2470,#2471),.UNSPECIFIED.,.F.,.F.,(7,7),(26.388433401106,
    26.952240663208),.PIECEWISE_BEZIER_KNOTS.);
#2465 = CARTESIAN_POINT('',(7.444453864422,0.12912920126));
#2466 = CARTESIAN_POINT('',(7.307420662435,0.128535692488));
#2467 = CARTESIAN_POINT('',(7.170393590783,0.12792257771));
#2468 = CARTESIAN_POINT('',(7.033237514932,0.127295035162));
#2469 = CARTESIAN_POINT('',(6.895737693782,0.126657478595));
#2470 = CARTESIAN_POINT('',(6.757489495887,0.126013354112));
#2471 = CARTESIAN_POINT('',(6.618889653088,0.125369945745));
#2472 = ( GEOMETRIC_REPRESENTATION_CONTEXT(2) 
PARAMETRIC_REPRESENTATION_CONTEXT() REPRESENTATION_CONTEXT('2D SPACE',''
  ) );
#2473 = ORIENTED_EDGE('',*,*,#2474,.F.);
#2474 = EDGE_CURVE('',#2475,#2439,#2477,.T.);
#2475 = VERTEX_POINT('',#2476);
#2476 = CARTESIAN_POINT('',(32.35,-8.23302556882,13.562985010243));
#2477 = SURFACE_CURVE('',#2478,(#2482,#2489),.PCURVE_S1.);
#2478 = ( BOUNDED_CURVE() B_SPLINE_CURVE(2,(#2479,#2480,#2481),
.UNSPECIFIED.,.F.,.F.) B_SPLINE_CURVE_WITH_KNOTS((3,3),(0.,
0.563807262102),.PIECEWISE_BEZIER_KNOTS.) CURVE() 
GEOMETRIC_REPRESENTATION_ITEM() RATIONAL_B_SPLINE_CURVE((1.,
0.707106781187,1.)) REPRESENTATION_ITEM('') );
#2479 = CARTESIAN_POINT('',(32.35,-8.23302556882,13.562985010243));
#2480 = CARTESIAN_POINT('',(32.15,-8.23302556882,13.562985010243));
#2481 = CARTESIAN_POINT('',(32.15,-8.196615533157,13.366327177915));
#2482 = PCURVE('',#2255,#2483);
#2483 = DEFINITIONAL_REPRESENTATION('',(#2484),#2488);
#2484 = LINE('',#2485,#2486);
#2485 = CARTESIAN_POINT('',(0.,26.952240663208));
#2486 = VECTOR('',#2487,1.);
#2487 = DIRECTION('',(1.,0.));
#2488 = ( GEOMETRIC_REPRESENTATION_CONTEXT(2) 
PARAMETRIC_REPRESENTATION_CONTEXT() REPRESENTATION_CONTEXT('2D SPACE',''
  ) );
#2489 = PCURVE('',#2490,#2545);
#2490 = ( BOUNDED_SURFACE() B_SPLINE_SURFACE(2,9,(
    (#2491,#2492,#2493,#2494,#2495,#2496,#2497,#2498,#2499,#2500,#2501
      ,#2502,#2503,#2504,#2505,#2506,#2507,#2508)
    ,(#2509,#2510,#2511,#2512,#2513,#2514,#2515,#2516,#2517,#2518,#2519
      ,#2520,#2521,#2522,#2523,#2524,#2525,#2526)
    ,(#2527,#2528,#2529,#2530,#2531,#2532,#2533,#2534,#2535,#2536,#2537
      ,#2538,#2539,#2540,#2541,#2542,#2543,#2544
)),.UNSPECIFIED.,.F.,.F.,.F.) B_SPLINE_SURFACE_WITH_KNOTS((3,3),(10,8,10
    ),(0.,3.992116224176),(26.952240663208,30.865146504801,
30.944356887384),.UNSPECIFIED.) GEOMETRIC_REPRESENTATION_ITEM() 
RATIONAL_B_SPLINE_SURFACE((
    (1.,1.,1.,1.,1.,1.,1.,1.,1.,1.,1.,1.,1.,1.,1.,1.,1.,1.)
    ,(0.707106781187,0.707106781187,0.707106786705,0.707106758474
      ,0.70710681018,0.707106810863,0.707106758128,0.707106786771
      ,0.707106781187,0.707106781187,0.707106781187,0.707106781187
      ,0.707106781186,0.707106781187,0.707106781187,0.707106781187
      ,0.707106781187,0.707106781187)
    ,(1.,1.,1.,1.,1.,1.,1.,1.,1.,1.,1.,1.,1.,1.,1.,1.,1.,1.
))) REPRESENTATION_ITEM('') SURFACE() );
#2491 = CARTESIAN_POINT('',(32.35,-8.23302556882,13.562985010243));
#2492 = CARTESIAN_POINT('',(32.35,-8.709037766471,13.474854164464));
#2493 = CARTESIAN_POINT('',(32.350009879491,-9.184035499977,
    13.386911140727));
#2494 = CARTESIAN_POINT('',(32.34995001529,-9.658303221872,
    13.299103274326));
#2495 = CARTESIAN_POINT('',(32.350126322881,-10.13022520925,
    13.21172970681));
#2496 = CARTESIAN_POINT('',(32.349795107472,-10.60368844795,
    13.12407078572));
#2497 = CARTESIAN_POINT('',(32.35023671371,-11.07189352407,
    13.037385382361));
#2498 = CARTESIAN_POINT('',(32.3497936242,-11.54203887562,
    12.950340748474));
#2499 = CARTESIAN_POINT('',(32.350127425542,-12.00854667286,
    12.86396958627));
#2500 = CARTESIAN_POINT('',(32.34993590907,-12.49349094519,
    12.774185019643));
#2501 = CARTESIAN_POINT('',(32.349919081461,-12.50377787386,
    12.772280455581));
#2502 = CARTESIAN_POINT('',(32.349882253098,-12.514569635,
    12.770282424771));
#2503 = CARTESIAN_POINT('',(32.349819626932,-12.52573160132,
    12.76821585266));
#2504 = CARTESIAN_POINT('',(32.349726582017,-12.53715449446,
    12.76610097149));
#2505 = CARTESIAN_POINT('',(32.349599673515,-12.548754385,
    12.763953320297));
#2506 = CARTESIAN_POINT('',(32.349436632696,-12.56047269243,
    12.761783744915));
#2507 = CARTESIAN_POINT('',(32.349236366933,-12.5722761852,
    12.759598397973));
#2508 = CARTESIAN_POINT('',(32.348998959709,-12.58415698065,
    12.757398738894));
#2509 = CARTESIAN_POINT('',(32.15,-8.23302556882,13.562985010243));
#2510 = CARTESIAN_POINT('',(32.15,-8.709037766471,13.474854164464));
#2511 = CARTESIAN_POINT('',(32.15,-9.184033996618,13.386911419065));
#2512 = CARTESIAN_POINT('',(32.15,-9.658310446365,13.299101936754));
#2513 = CARTESIAN_POINT('',(32.15,-10.13020834025,13.211732830007));
#2514 = CARTESIAN_POINT('',(32.15,-10.60371248191,13.124066335973));
#2515 = CARTESIAN_POINT('',(32.15,-11.07226617893,13.037316387516));
#2516 = CARTESIAN_POINT('',(32.15,-11.54378274876,12.950017880666));
#2517 = CARTESIAN_POINT('',(32.15,-12.01123378674,12.863472083013));
#2518 = CARTESIAN_POINT('',(32.15,-12.48851039166,12.775107139699));
#2519 = CARTESIAN_POINT('',(32.15,-12.49798039559,12.773353824426));
#2520 = CARTESIAN_POINT('',(32.15,-12.50745235425,12.771600147248));
#2521 = CARTESIAN_POINT('',(32.15,-12.51692877268,12.76984564437));
#2522 = CARTESIAN_POINT('',(32.15,-12.52641272974,12.768089745758));
#2523 = CARTESIAN_POINT('',(32.15,-12.53590787812,12.766331775139));
#2524 = CARTESIAN_POINT('',(32.15,-12.54541844434,12.764570949998));
#2525 = CARTESIAN_POINT('',(32.15,-12.55494922874,12.762806381581));
#2526 = CARTESIAN_POINT('',(32.15,-12.56450560549,12.761037074893));
#2527 = CARTESIAN_POINT('',(32.15,-8.196615533157,13.366327177915));
#2528 = CARTESIAN_POINT('',(32.15,-8.672673231567,13.278187857309));
#2529 = CARTESIAN_POINT('',(32.15,-9.147653494415,13.190248162955));
#2530 = CARTESIAN_POINT('',(32.15,-9.621907273658,13.102442739343));
#2531 = CARTESIAN_POINT('',(32.15,-10.09379840962,13.01507503548));
#2532 = CARTESIAN_POINT('',(32.15,-10.5673023316,12.927408491111));
#2533 = CARTESIAN_POINT('',(32.15,-11.03585616455,12.840658535781));
#2534 = CARTESIAN_POINT('',(32.15,-11.50737271172,12.753360033097));
#2535 = CARTESIAN_POINT('',(32.15,-11.97482374822,12.66681423523));
#2536 = CARTESIAN_POINT('',(32.15,-12.45210035314,12.578449291916));
#2537 = CARTESIAN_POINT('',(32.15,-12.46157035707,12.576695976643));
#2538 = CARTESIAN_POINT('',(32.15,-12.47104231573,12.574942299465));
#2539 = CARTESIAN_POINT('',(32.15,-12.48051873415,12.573187796587));
#2540 = CARTESIAN_POINT('',(32.15,-12.49000269121,12.571431897975));
#2541 = CARTESIAN_POINT('',(32.15,-12.4994978396,12.569673927356));
#2542 = CARTESIAN_POINT('',(32.15,-12.50900840582,12.567913102215));
#2543 = CARTESIAN_POINT('',(32.15,-12.51853919022,12.566148533798));
#2544 = CARTESIAN_POINT('',(32.15,-12.52809556696,12.564379227109));
#2545 = DEFINITIONAL_REPRESENTATION('',(#2546),#2549);
#2546 = B_SPLINE_CURVE_WITH_KNOTS('',1,(#2547,#2548),.UNSPECIFIED.,.F.,
  .F.,(2,2),(0.,0.563807262102),.PIECEWISE_BEZIER_KNOTS.);
#2547 = CARTESIAN_POINT('',(0.,26.952240663208));
#2548 = CARTESIAN_POINT('',(3.992116224176,26.952240663208));
#2549 = ( GEOMETRIC_REPRESENTATION_CONTEXT(2) 
PARAMETRIC_REPRESENTATION_CONTEXT() REPRESENTATION_CONTEXT('2D SPACE',''
  ) );
#2550 = ORIENTED_EDGE('',*,*,#2551,.F.);
#2551 = EDGE_CURVE('',#2240,#2475,#2552,.T.);
#2552 = SURFACE_CURVE('',#2553,(#2561,#2568),.PCURVE_S1.);
#2553 = ( BOUNDED_CURVE() B_SPLINE_CURVE(6,(#2554,#2555,#2556,#2557,
#2558,#2559,#2560),.UNSPECIFIED.,.F.,.F.) B_SPLINE_CURVE_WITH_KNOTS((7,7
),(26.388433401106,26.952240663208),.PIECEWISE_BEZIER_KNOTS.) CURVE() 
GEOMETRIC_REPRESENTATION_ITEM() RATIONAL_B_SPLINE_CURVE((1.,1.,1.,1.,1.,
1.,1.)) REPRESENTATION_ITEM('') );
#2554 = CARTESIAN_POINT('',(32.34999986013,-7.614465002651,
    13.672217803441));
#2555 = CARTESIAN_POINT('',(32.350001757973,-7.719484144992,
    13.655786454602));
#2556 = CARTESIAN_POINT('',(32.349994898467,-7.820774458329,
    13.638580649376));
#2557 = CARTESIAN_POINT('',(32.350004860205,-7.924519550104,
    13.620130875581));
#2558 = CARTESIAN_POINT('',(32.349998180685,-8.027181342054,
    13.601205374442));
#2559 = CARTESIAN_POINT('',(32.35,-8.130143282068,13.582033057734));
#2560 = CARTESIAN_POINT('',(32.35,-8.23302556882,13.562985010243));
#2561 = PCURVE('',#2255,#2562);
#2562 = DEFINITIONAL_REPRESENTATION('',(#2563),#2567);
#2563 = LINE('',#2564,#2565);
#2564 = CARTESIAN_POINT('',(0.,0.));
#2565 = VECTOR('',#2566,1.);
#2566 = DIRECTION('',(0.,1.));
#2567 = ( GEOMETRIC_REPRESENTATION_CONTEXT(2) 
PARAMETRIC_REPRESENTATION_CONTEXT() REPRESENTATION_CONTEXT('2D SPACE',''
  ) );
#2568 = PCURVE('',#1850,#2569);
#2569 = DEFINITIONAL_REPRESENTATION('',(#2570),#2578);
#2570 = B_SPLINE_CURVE_WITH_KNOTS('',6,(#2571,#2572,#2573,#2574,#2575,
    #2576,#2577),.UNSPECIFIED.,.F.,.F.,(7,7),(26.388433401106,
    26.952240663208),.PIECEWISE_BEZIER_KNOTS.);
#2571 = CARTESIAN_POINT('',(0.715393950622,-32.34999986013));
#2572 = CARTESIAN_POINT('',(0.763987928534,-32.35000175797));
#2573 = CARTESIAN_POINT('',(0.810680848028,-32.34999489847));
#2574 = CARTESIAN_POINT('',(0.858398167942,-32.3500048602));
#2575 = CARTESIAN_POINT('',(0.905530997295,-32.34999818068));
#2576 = CARTESIAN_POINT('',(0.952776669811,-32.35));
#2577 = CARTESIAN_POINT('',(1.,-32.35));
#2578 = ( GEOMETRIC_REPRESENTATION_CONTEXT(2) 
PARAMETRIC_REPRESENTATION_CONTEXT() REPRESENTATION_CONTEXT('2D SPACE',''
  ) );
#2579 = ADVANCED_FACE('',(#2580),#2490,.T.);
#2580 = FACE_BOUND('',#2581,.T.);
#2581 = EDGE_LOOP('',(#2582,#2583,#2636,#2701));
#2582 = ORIENTED_EDGE('',*,*,#2474,.T.);
#2583 = ORIENTED_EDGE('',*,*,#2584,.T.);
#2584 = EDGE_CURVE('',#2439,#2585,#2587,.T.);
#2585 = VERTEX_POINT('',#2586);
#2586 = CARTESIAN_POINT('',(32.15,-12.52809556696,12.564379227109));
#2587 = SURFACE_CURVE('',#2588,(#2607,#2614),.PCURVE_S1.);
#2588 = ( BOUNDED_CURVE() B_SPLINE_CURVE(9,(#2589,#2590,#2591,#2592,
    #2593,#2594,#2595,#2596,#2597,#2598,#2599,#2600,#2601,#2602,#2603,
#2604,#2605,#2606),.UNSPECIFIED.,.F.,.F.) B_SPLINE_CURVE_WITH_KNOTS((10,
    8,10),(26.952240663208,30.865146504801,30.944356887384),
.UNSPECIFIED.) CURVE() GEOMETRIC_REPRESENTATION_ITEM() 
RATIONAL_B_SPLINE_CURVE((1.,1.,1.,1.,1.,1.,1.,1.,1.,1.,1.,1.,1.,1.,1.,1.
,1.,1.)) REPRESENTATION_ITEM('') );
#2589 = CARTESIAN_POINT('',(32.15,-8.196615533157,13.366327177915));
#2590 = CARTESIAN_POINT('',(32.15,-8.672673231567,13.278187857309));
#2591 = CARTESIAN_POINT('',(32.15,-9.147653494415,13.190248162955));
#2592 = CARTESIAN_POINT('',(32.15,-9.621907273658,13.102442739343));
#2593 = CARTESIAN_POINT('',(32.15,-10.09379840962,13.01507503548));
#2594 = CARTESIAN_POINT('',(32.15,-10.5673023316,12.927408491111));
#2595 = CARTESIAN_POINT('',(32.15,-11.03585616455,12.840658535781));
#2596 = CARTESIAN_POINT('',(32.15,-11.50737271172,12.753360033097));
#2597 = CARTESIAN_POINT('',(32.15,-11.97482374822,12.66681423523));
#2598 = CARTESIAN_POINT('',(32.15,-12.45210035314,12.578449291916));
#2599 = CARTESIAN_POINT('',(32.15,-12.46157035707,12.576695976643));
#2600 = CARTESIAN_POINT('',(32.15,-12.47104231573,12.574942299465));
#2601 = CARTESIAN_POINT('',(32.15,-12.48051873415,12.573187796587));
#2602 = CARTESIAN_POINT('',(32.15,-12.49000269121,12.571431897975));
#2603 = CARTESIAN_POINT('',(32.15,-12.4994978396,12.569673927356));
#2604 = CARTESIAN_POINT('',(32.15,-12.50900840582,12.567913102215));
#2605 = CARTESIAN_POINT('',(32.15,-12.51853919022,12.566148533798));
#2606 = CARTESIAN_POINT('',(32.15,-12.52809556696,12.564379227109));
#2607 = PCURVE('',#2490,#2608);
#2608 = DEFINITIONAL_REPRESENTATION('',(#2609),#2613);
#2609 = LINE('',#2610,#2611);
#2610 = CARTESIAN_POINT('',(3.992116224176,0.));
#2611 = VECTOR('',#2612,1.);
#2612 = DIRECTION('',(0.,1.));
#2613 = ( GEOMETRIC_REPRESENTATION_CONTEXT(2) 
PARAMETRIC_REPRESENTATION_CONTEXT() REPRESENTATION_CONTEXT('2D SPACE',''
  ) );
#2614 = PCURVE('',#2458,#2615);
#2615 = DEFINITIONAL_REPRESENTATION('',(#2616),#2635);
#2616 = B_SPLINE_CURVE_WITH_KNOTS('',9,(#2617,#2618,#2619,#2620,#2621,
    #2622,#2623,#2624,#2625,#2626,#2627,#2628,#2629,#2630,#2631,#2632,
    #2633,#2634),.UNSPECIFIED.,.F.,.F.,(10,8,10),(26.952240663208,
    30.865146504801,30.944356887384),.UNSPECIFIED.);
#2617 = CARTESIAN_POINT('',(6.618889653088,0.125369945745));
#2618 = CARTESIAN_POINT('',(5.977620705362,0.122393046219));
#2619 = CARTESIAN_POINT('',(5.3356311075,0.119423372504));
#2620 = CARTESIAN_POINT('',(4.692327010586,0.116458237695));
#2621 = CARTESIAN_POINT('',(4.049993105107,0.113507878627));
#2622 = CARTESIAN_POINT('',(3.403099053595,0.110547432738));
#2623 = CARTESIAN_POINT('',(2.760778907656,0.10761793734));
#2624 = CARTESIAN_POINT('',(2.11203712212,0.104669918185));
#2625 = CARTESIAN_POINT('',(1.466638650117,0.101747317439));
#2626 = CARTESIAN_POINT('',(0.805331820629,9.876328521008E-02));
#2627 = CARTESIAN_POINT('',(0.79220939301,9.870407678325E-02));
#2628 = CARTESIAN_POINT('',(0.779083316552,9.864485613508E-02));
#2629 = CARTESIAN_POINT('',(0.765950119392,9.858560760348E-02));
#2630 = CARTESIAN_POINT('',(0.75280553241,9.852631193884E-02));
#2631 = CARTESIAN_POINT('',(0.739644489234,9.846694630367E-02));
#2632 = CARTESIAN_POINT('',(0.726461126236,9.840748427301E-02));
#2633 = CARTESIAN_POINT('',(0.713248782537,9.834789583409E-02));
#2634 = CARTESIAN_POINT('',(0.7,9.828814738653E-02));
#2635 = ( GEOMETRIC_REPRESENTATION_CONTEXT(2) 
PARAMETRIC_REPRESENTATION_CONTEXT() REPRESENTATION_CONTEXT('2D SPACE',''
  ) );
#2636 = ORIENTED_EDGE('',*,*,#2637,.F.);
#2637 = EDGE_CURVE('',#2638,#2585,#2640,.T.);
#2638 = VERTEX_POINT('',#2639);
#2639 = CARTESIAN_POINT('',(32.348998959709,-12.58415698065,
    12.757398738894));
#2640 = SURFACE_CURVE('',#2641,(#2645,#2652),.PCURVE_S1.);
#2641 = ( BOUNDED_CURVE() B_SPLINE_CURVE(2,(#2642,#2643,#2644),
.UNSPECIFIED.,.F.,.F.) B_SPLINE_CURVE_WITH_KNOTS((3,3),(0.,
3.992116224176),.PIECEWISE_BEZIER_KNOTS.) CURVE() 
GEOMETRIC_REPRESENTATION_ITEM() RATIONAL_B_SPLINE_CURVE((1.,
0.707106781187,1.)) REPRESENTATION_ITEM('') );
#2642 = CARTESIAN_POINT('',(32.348998959709,-12.58415698065,
    12.757398738894));
#2643 = CARTESIAN_POINT('',(32.15,-12.56450560549,12.761037074893));
#2644 = CARTESIAN_POINT('',(32.15,-12.52809556696,12.564379227109));
#2645 = PCURVE('',#2490,#2646);
#2646 = DEFINITIONAL_REPRESENTATION('',(#2647),#2651);
#2647 = LINE('',#2648,#2649);
#2648 = CARTESIAN_POINT('',(0.,30.944356887384));
#2649 = VECTOR('',#2650,1.);
#2650 = DIRECTION('',(1.,0.));
#2651 = ( GEOMETRIC_REPRESENTATION_CONTEXT(2) 
PARAMETRIC_REPRESENTATION_CONTEXT() REPRESENTATION_CONTEXT('2D SPACE',''
  ) );
#2652 = PCURVE('',#2653,#2696);
#2653 = ( BOUNDED_SURFACE() B_SPLINE_SURFACE(2,13,(
    (#2654,#2655,#2656,#2657,#2658,#2659,#2660,#2661,#2662,#2663,#2664
      ,#2665,#2666,#2667)
    ,(#2668,#2669,#2670,#2671,#2672,#2673,#2674,#2675,#2676,#2677,#2678
      ,#2679,#2680,#2681)
    ,(#2682,#2683,#2684,#2685,#2686,#2687,#2688,#2689,#2690,#2691,#2692
      ,#2693,#2694,#2695
)),.UNSPECIFIED.,.F.,.F.,.F.) B_SPLINE_SURFACE_WITH_KNOTS((3,3),(14,14),
  (0.,1.00039188114),(30.944356887384,31.944748768524),
.PIECEWISE_BEZIER_KNOTS.) GEOMETRIC_REPRESENTATION_ITEM() 
RATIONAL_B_SPLINE_SURFACE((
    (1.,1.,0.999999999999,1.000000000003,0.999999999993,1.000000000011
      ,0.999999999986,1.000000000014,0.999999999989,1.000000000007
      ,0.999999999996,1.000000000001,1.,1.)
    ,(0.707106781186,0.692008688608,0.676350697674,0.660252558011
      ,0.64426338193,0.627398043056,0.612087953063,0.595896320649
      ,0.581956583326,0.569000326813,0.558890734639,0.551873045619
      ,0.548372041138,0.548372041138)
    ,(1.,1.,0.999999999999,1.000000000003,0.999999999993,1.000000000011
      ,0.999999999986,1.000000000014,0.999999999989,1.000000000007
,0.999999999996,1.000000000001,1.,1.
  ))) REPRESENTATION_ITEM('') SURFACE() );
#2654 = CARTESIAN_POINT('',(32.348998959709,-12.58415698065,
    12.757398738894));
#2655 = CARTESIAN_POINT('',(32.346923180606,-12.68803716787,
    12.73816593603));
#2656 = CARTESIAN_POINT('',(32.333054839844,-12.79611285691,
    12.718156360791));
#2657 = CARTESIAN_POINT('',(32.309000915981,-12.88778607008,
    12.701183607042));
#2658 = CARTESIAN_POINT('',(32.271583407393,-13.01240103648,
    12.678111882326));
#2659 = CARTESIAN_POINT('',(32.222442673928,-13.07948569872,
    12.665691553496));
#2660 = CARTESIAN_POINT('',(32.162493319521,-13.20747310318,
    12.6419954418));
#2661 = CARTESIAN_POINT('',(32.08743428516,-13.26567074672,
    12.631220491972));
#2662 = CARTESIAN_POINT('',(32.003172713775,-13.36304491831,
    12.613192239457));
#2663 = CARTESIAN_POINT('',(31.905124014682,-13.42025803764,
    12.602599568468));
#2664 = CARTESIAN_POINT('',(31.798872545379,-13.4761670937,
    12.592248337089));
#2665 = CARTESIAN_POINT('',(31.684533092811,-13.51101709989,
    12.585796064361));
#2666 = CARTESIAN_POINT('',(31.567401046121,-13.52896646545,
    12.582472845385));
#2667 = CARTESIAN_POINT('',(31.45,-13.52896646545,12.582472845385));
#2668 = CARTESIAN_POINT('',(32.15,-12.56450560549,12.761037074893));
#2669 = CARTESIAN_POINT('',(32.141316569384,-12.64902766873,
    12.745388314299));
#2670 = CARTESIAN_POINT('',(32.12290352739,-12.73242768991,
    12.729947293164));
#2671 = CARTESIAN_POINT('',(32.094869915978,-12.8132505322,
    12.714983421472));
#2672 = CARTESIAN_POINT('',(32.057753330576,-12.89003366438,
    12.700767478237));
#2673 = CARTESIAN_POINT('',(32.011361459479,-12.9618007238,
    12.687480231236));
#2674 = CARTESIAN_POINT('',(31.958020026983,-13.02614168271,
    12.675567882868));
#2675 = CARTESIAN_POINT('',(31.896242915536,-13.0837637923,
    12.664899489746));
#2676 = CARTESIAN_POINT('',(31.830197764392,-13.13125028968,
    12.656107645342));
#2677 = CARTESIAN_POINT('',(31.758780056209,-13.17023808475,
    12.648889285452));
#2678 = CARTESIAN_POINT('',(31.684811921011,-13.19923492371,
    12.643520692053));
#2679 = CARTESIAN_POINT('',(31.608135815137,-13.21902154759,
    12.639857315554));
#2680 = CARTESIAN_POINT('',(31.529570154406,-13.22907504026,
    12.63799597079));
#2681 = CARTESIAN_POINT('',(31.45,-13.22907504026,12.63799597079));
#2682 = CARTESIAN_POINT('',(32.15,-12.52809556696,12.564379227109));
#2683 = CARTESIAN_POINT('',(32.15,-12.61009726174,12.540511178609));
#2684 = CARTESIAN_POINT('',(32.141394365653,-12.69309999866,
    12.516336493148));
#2685 = CARTESIAN_POINT('',(32.123813364046,-12.77618793552,
    12.492119525733));
#2686 = CARTESIAN_POINT('',(32.097116416249,-12.85738011506,
    12.468550548434));
#2687 = CARTESIAN_POINT('',(32.060766329076,-12.9387074352,
    12.444702825782));
#2688 = CARTESIAN_POINT('',(32.01466599991,-13.01321582215,
    12.423244590816));
#2689 = CARTESIAN_POINT('',(31.95857170188,-13.0868781056,
    12.401620771712));
#2690 = CARTESIAN_POINT('',(31.892215476367,-13.15066411358,
    12.383267766898));
#2691 = CARTESIAN_POINT('',(31.815876457394,-13.20766051105,
    12.366725729072));
#2692 = CARTESIAN_POINT('',(31.730805513912,-13.25196519031,
    12.353985338516));
#2693 = CARTESIAN_POINT('',(31.639202304101,-13.28246016323,
    12.345204609905));
#2694 = CARTESIAN_POINT('',(31.544648647808,-13.29768241397,
    12.340824786733));
#2695 = CARTESIAN_POINT('',(31.45,-13.29768241397,12.340824786733));
#2696 = DEFINITIONAL_REPRESENTATION('',(#2697),#2700);
#2697 = B_SPLINE_CURVE_WITH_KNOTS('',1,(#2698,#2699),.UNSPECIFIED.,.F.,
  .F.,(2,2),(0.,3.992116224176),.PIECEWISE_BEZIER_KNOTS.);
#2698 = CARTESIAN_POINT('',(0.,30.944356887384));
#2699 = CARTESIAN_POINT('',(1.00039188114,30.944356887384));
#2700 = ( GEOMETRIC_REPRESENTATION_CONTEXT(2) 
PARAMETRIC_REPRESENTATION_CONTEXT() REPRESENTATION_CONTEXT('2D SPACE',''
  ) );
#2701 = ORIENTED_EDGE('',*,*,#2702,.F.);
#2702 = EDGE_CURVE('',#2475,#2638,#2703,.T.);
#2703 = SURFACE_CURVE('',#2704,(#2723,#2730),.PCURVE_S1.);
#2704 = ( BOUNDED_CURVE() B_SPLINE_CURVE(9,(#2705,#2706,#2707,#2708,
    #2709,#2710,#2711,#2712,#2713,#2714,#2715,#2716,#2717,#2718,#2719,
#2720,#2721,#2722),.UNSPECIFIED.,.F.,.F.) B_SPLINE_CURVE_WITH_KNOTS((10,
    8,10),(26.952240663208,30.865146504801,30.944356887384),
.UNSPECIFIED.) CURVE() GEOMETRIC_REPRESENTATION_ITEM() 
RATIONAL_B_SPLINE_CURVE((1.,1.,1.,1.,1.,1.,1.,1.,1.,1.,1.,1.,1.,1.,1.,1.
,1.,1.)) REPRESENTATION_ITEM('') );
#2705 = CARTESIAN_POINT('',(32.35,-8.23302556882,13.562985010243));
#2706 = CARTESIAN_POINT('',(32.35,-8.709037766471,13.474854164464));
#2707 = CARTESIAN_POINT('',(32.350009879491,-9.184035499977,
    13.386911140727));
#2708 = CARTESIAN_POINT('',(32.34995001529,-9.658303221872,
    13.299103274326));
#2709 = CARTESIAN_POINT('',(32.350126322881,-10.13022520925,
    13.21172970681));
#2710 = CARTESIAN_POINT('',(32.349795107472,-10.60368844795,
    13.12407078572));
#2711 = CARTESIAN_POINT('',(32.35023671371,-11.07189352407,
    13.037385382361));
#2712 = CARTESIAN_POINT('',(32.3497936242,-11.54203887562,
    12.950340748474));
#2713 = CARTESIAN_POINT('',(32.350127425542,-12.00854667286,
    12.86396958627));
#2714 = CARTESIAN_POINT('',(32.34993590907,-12.49349094519,
    12.774185019643));
#2715 = CARTESIAN_POINT('',(32.349919081461,-12.50377787386,
    12.772280455581));
#2716 = CARTESIAN_POINT('',(32.349882253098,-12.514569635,
    12.770282424771));
#2717 = CARTESIAN_POINT('',(32.349819626932,-12.52573160132,
    12.76821585266));
#2718 = CARTESIAN_POINT('',(32.349726582017,-12.53715449446,
    12.76610097149));
#2719 = CARTESIAN_POINT('',(32.349599673515,-12.548754385,
    12.763953320297));
#2720 = CARTESIAN_POINT('',(32.349436632696,-12.56047269243,
    12.761783744915));
#2721 = CARTESIAN_POINT('',(32.349236366933,-12.5722761852,
    12.759598397973));
#2722 = CARTESIAN_POINT('',(32.348998959709,-12.58415698065,
    12.757398738894));
#2723 = PCURVE('',#2490,#2724);
#2724 = DEFINITIONAL_REPRESENTATION('',(#2725),#2729);
#2725 = LINE('',#2726,#2727);
#2726 = CARTESIAN_POINT('',(0.,0.));
#2727 = VECTOR('',#2728,1.);
#2728 = DIRECTION('',(0.,1.));
#2729 = ( GEOMETRIC_REPRESENTATION_CONTEXT(2) 
PARAMETRIC_REPRESENTATION_CONTEXT() REPRESENTATION_CONTEXT('2D SPACE',''
  ) );
#2730 = PCURVE('',#2731,#2736);
#2731 = PLANE('',#2732);
#2732 = AXIS2_PLACEMENT_3D('',#2733,#2734,#2735);
#2733 = CARTESIAN_POINT('',(0.,-8.23302556882,13.562985010243));
#2734 = DIRECTION('',(0.,0.182050192619,-0.983289238916));
#2735 = DIRECTION('',(0.,-0.983289238916,-0.182050192619));
#2736 = DEFINITIONAL_REPRESENTATION('',(#2737),#2756);
#2737 = ( BOUNDED_CURVE() B_SPLINE_CURVE(9,(#2738,#2739,#2740,#2741,
    #2742,#2743,#2744,#2745,#2746,#2747,#2748,#2749,#2750,#2751,#2752,
#2753,#2754,#2755),.UNSPECIFIED.,.F.,.F.) B_SPLINE_CURVE_WITH_KNOTS((10,
    8,10),(26.952240663208,30.865146504801,30.944356887384),
.UNSPECIFIED.) CURVE() GEOMETRIC_REPRESENTATION_ITEM() 
RATIONAL_B_SPLINE_CURVE((1.,1.,1.,1.,1.,1.,1.,1.,1.,1.,1.,1.,1.,1.,1.,1.
,1.,1.)) REPRESENTATION_ITEM('') );
#2738 = CARTESIAN_POINT('',(0.,-32.35));
#2739 = CARTESIAN_POINT('',(0.484101908993,-32.35));
#2740 = CARTESIAN_POINT('',(0.967172113269,-32.35000987949));
#2741 = CARTESIAN_POINT('',(1.449499899566,-32.34995001529));
#2742 = CARTESIAN_POINT('',(1.929442086165,-32.35012632288));
#2743 = CARTESIAN_POINT('',(2.410951717267,-32.34979510747));
#2744 = CARTESIAN_POINT('',(2.887113824605,-32.35023671371));
#2745 = CARTESIAN_POINT('',(3.365249181867,-32.3497936242));
#2746 = CARTESIAN_POINT('',(3.839685165488,-32.35012742554));
#2747 = CARTESIAN_POINT('',(4.332870947584,-32.34993590907));
#2748 = CARTESIAN_POINT('',(4.343332700105,-32.34991908146));
#2749 = CARTESIAN_POINT('',(4.354307864597,-32.34988225309));
#2750 = CARTESIAN_POINT('',(4.365659525814,-32.34981962693));
#2751 = CARTESIAN_POINT('',(4.377276548243,-32.34972658201));
#2752 = CARTESIAN_POINT('',(4.389073576095,-32.34959967351));
#2753 = CARTESIAN_POINT('',(4.400991033311,-32.34943663269));
#2754 = CARTESIAN_POINT('',(4.412995123561,-32.34923636693));
#2755 = CARTESIAN_POINT('',(4.42507783024,-32.3489989597));
#2756 = ( GEOMETRIC_REPRESENTATION_CONTEXT(2) 
PARAMETRIC_REPRESENTATION_CONTEXT() REPRESENTATION_CONTEXT('2D SPACE',''
  ) );
#2757 = ADVANCED_FACE('',(#2758),#2653,.T.);
#2758 = FACE_BOUND('',#2759,.T.);
#2759 = EDGE_LOOP('',(#2760,#2761,#2829,#2864));
#2760 = ORIENTED_EDGE('',*,*,#2637,.T.);
#2761 = ORIENTED_EDGE('',*,*,#2762,.T.);
#2762 = EDGE_CURVE('',#2585,#2763,#2765,.T.);
#2763 = VERTEX_POINT('',#2764);
#2764 = CARTESIAN_POINT('',(31.45,-13.29768241397,12.340824786733));
#2765 = SURFACE_CURVE('',#2766,(#2781,#2788),.PCURVE_S1.);
#2766 = ( BOUNDED_CURVE() B_SPLINE_CURVE(13,(#2767,#2768,#2769,#2770,
    #2771,#2772,#2773,#2774,#2775,#2776,#2777,#2778,#2779,#2780),
.UNSPECIFIED.,.F.,.F.) B_SPLINE_CURVE_WITH_KNOTS((14,14),(
30.944356887384,31.944748768524),.PIECEWISE_BEZIER_KNOTS.) CURVE() 
GEOMETRIC_REPRESENTATION_ITEM() RATIONAL_B_SPLINE_CURVE((1.,1.,
    0.999999999999,1.000000000003,0.999999999993,1.000000000011,
    0.999999999986,1.000000000014,0.999999999989,1.000000000007,
0.999999999996,1.000000000001,1.,1.)) REPRESENTATION_ITEM('') );
#2767 = CARTESIAN_POINT('',(32.15,-12.52809556696,12.564379227109));
#2768 = CARTESIAN_POINT('',(32.15,-12.61009726174,12.540511178609));
#2769 = CARTESIAN_POINT('',(32.141394365653,-12.69309999866,
    12.516336493148));
#2770 = CARTESIAN_POINT('',(32.123813364046,-12.77618793552,
    12.492119525733));
#2771 = CARTESIAN_POINT('',(32.097116416249,-12.85738011506,
    12.468550548434));
#2772 = CARTESIAN_POINT('',(32.060766329076,-12.9387074352,
    12.444702825782));
#2773 = CARTESIAN_POINT('',(32.01466599991,-13.01321582215,
    12.423244590816));
#2774 = CARTESIAN_POINT('',(31.95857170188,-13.0868781056,
    12.401620771712));
#2775 = CARTESIAN_POINT('',(31.892215476367,-13.15066411358,
    12.383267766898));
#2776 = CARTESIAN_POINT('',(31.815876457394,-13.20766051105,
    12.366725729072));
#2777 = CARTESIAN_POINT('',(31.730805513912,-13.25196519031,
    12.353985338516));
#2778 = CARTESIAN_POINT('',(31.639202304101,-13.28246016323,
    12.345204609905));
#2779 = CARTESIAN_POINT('',(31.544648647808,-13.29768241397,
    12.340824786733));
#2780 = CARTESIAN_POINT('',(31.45,-13.29768241397,12.340824786733));
#2781 = PCURVE('',#2653,#2782);
#2782 = DEFINITIONAL_REPRESENTATION('',(#2783),#2787);
#2783 = LINE('',#2784,#2785);
#2784 = CARTESIAN_POINT('',(1.00039188114,0.));
#2785 = VECTOR('',#2786,1.);
#2786 = DIRECTION('',(0.,1.));
#2787 = ( GEOMETRIC_REPRESENTATION_CONTEXT(2) 
PARAMETRIC_REPRESENTATION_CONTEXT() REPRESENTATION_CONTEXT('2D SPACE',''
  ) );
#2788 = PCURVE('',#2789,#2806);
#2789 = B_SPLINE_SURFACE_WITH_KNOTS('',7,1,(
    (#2790,#2791)
    ,(#2792,#2793)
    ,(#2794,#2795)
    ,(#2796,#2797)
    ,(#2798,#2799)
    ,(#2800,#2801)
    ,(#2802,#2803)
    ,(#2804,#2805
    )),.UNSPECIFIED.,.F.,.F.,.F.,(8,8),(2,2),(-5.329070518201E-15,
    1.570796326795),(0.,1.),.PIECEWISE_BEZIER_KNOTS.);
#2790 = CARTESIAN_POINT('',(31.45,-14.75288860492,6.037634278542));
#2791 = CARTESIAN_POINT('',(31.45,1.003283433435,74.285113333764));
#2792 = CARTESIAN_POINT('',(31.60707963268,-14.75288860492,
    6.037634278542));
#2793 = CARTESIAN_POINT('',(31.60707963268,1.003283433435,
    74.285113333764));
#2794 = CARTESIAN_POINT('',(31.764158505488,-14.71316565817,
    6.026990547039));
#2795 = CARTESIAN_POINT('',(31.764158505488,1.043006380185,
    74.27446960226));
#2796 = CARTESIAN_POINT('',(31.908322858577,-14.63372610819,
    6.005704783776));
#2797 = CARTESIAN_POINT('',(31.908322858577,1.122445930161,
    74.253183839001));
#2798 = CARTESIAN_POINT('',(32.026633905541,-14.51944641239,
    5.975083631576));
#2799 = CARTESIAN_POINT('',(32.026633905541,1.236725625959,
    74.222562686795));
#2800 = CARTESIAN_POINT('',(32.108875779414,-14.38019434052,
    5.937771151372));
#2801 = CARTESIAN_POINT('',(32.108875779414,1.375977697838,
    74.185250206595));
#2802 = CARTESIAN_POINT('',(32.15,-14.22846780051,5.897116147506));
#2803 = CARTESIAN_POINT('',(32.15,1.527704237848,74.144595202727));
#2804 = CARTESIAN_POINT('',(32.15,-14.07674052652,5.85646094697));
#2805 = CARTESIAN_POINT('',(32.15,1.679431511837,74.103940002192));
#2806 = DEFINITIONAL_REPRESENTATION('',(#2807),#2828);
#2807 = B_SPLINE_CURVE_WITH_KNOTS('',10,(#2808,#2809,#2810,#2811,#2812,
    #2813,#2814,#2815,#2816,#2817,#2818,#2819,#2820,#2821,#2822,#2823,
    #2824,#2825,#2826,#2827),.UNSPECIFIED.,.F.,.F.,(11,9,11),(
    30.944356887384,31.444552827954,31.944748768524),.UNSPECIFIED.);
#2808 = CARTESIAN_POINT('',(1.570796326795,9.828814738653E-02));
#2809 = CARTESIAN_POINT('',(1.50154692038,9.78769911419E-02));
#2810 = CARTESIAN_POINT('',(1.431734917097,9.74623915896E-02));
#2811 = CARTESIAN_POINT('',(1.36126330276,9.704650097085E-02));
#2812 = CARTESIAN_POINT('',(1.290240233288,9.66332305137E-02));
#2813 = CARTESIAN_POINT('',(1.218183916462,9.622224992968E-02));
#2814 = CARTESIAN_POINT('',(1.145257376758,9.581843111499E-02));
#2815 = CARTESIAN_POINT('',(1.071163081383,9.542342768526E-02));
#2816 = CARTESIAN_POINT('',(0.995836191323,9.504110050641E-02));
#2817 = CARTESIAN_POINT('',(0.919135948007,9.467508745249E-02));
#2818 = CARTESIAN_POINT('',(0.762856306439,9.398437590163E-02));
#2819 = CARTESIAN_POINT('',(0.683276346088,9.365967816648E-02));
#2820 = CARTESIAN_POINT('',(0.602182332009,9.335989257834E-02));
#2821 = CARTESIAN_POINT('',(0.519554532077,9.308991988386E-02));
#2822 = CARTESIAN_POINT('',(0.435406930607,9.285466984248E-02));
#2823 = CARTESIAN_POINT('',(0.349884462388,9.265955726654E-02));
#2824 = CARTESIAN_POINT('',(0.263216754008,9.2509643759E-02));
#2825 = CARTESIAN_POINT('',(0.175716881368,9.240844730774E-02));
#2826 = CARTESIAN_POINT('',(8.788803010784E-02,9.235785109497E-02));
#2827 = CARTESIAN_POINT('',(-5.252841755267E-15,9.235785109499E-02));
#2828 = ( GEOMETRIC_REPRESENTATION_CONTEXT(2) 
PARAMETRIC_REPRESENTATION_CONTEXT() REPRESENTATION_CONTEXT('2D SPACE',''
  ) );
#2829 = ORIENTED_EDGE('',*,*,#2830,.F.);
#2830 = EDGE_CURVE('',#2831,#2763,#2833,.T.);
#2831 = VERTEX_POINT('',#2832);
#2832 = CARTESIAN_POINT('',(31.45,-13.52896646545,12.582472845385));
#2833 = SURFACE_CURVE('',#2834,(#2838,#2845),.PCURVE_S1.);
#2834 = ( BOUNDED_CURVE() B_SPLINE_CURVE(2,(#2835,#2836,#2837),
.UNSPECIFIED.,.F.,.F.) B_SPLINE_CURVE_WITH_KNOTS((3,3),(0.,1.00039188114
),.PIECEWISE_BEZIER_KNOTS.) CURVE() GEOMETRIC_REPRESENTATION_ITEM() 
RATIONAL_B_SPLINE_CURVE((1.,0.548372041138,1.)) REPRESENTATION_ITEM('') 
  );
#2835 = CARTESIAN_POINT('',(31.45,-13.52896646545,12.582472845385));
#2836 = CARTESIAN_POINT('',(31.45,-13.22907504026,12.63799597079));
#2837 = CARTESIAN_POINT('',(31.45,-13.29768241397,12.340824786733));
#2838 = PCURVE('',#2653,#2839);
#2839 = DEFINITIONAL_REPRESENTATION('',(#2840),#2844);
#2840 = LINE('',#2841,#2842);
#2841 = CARTESIAN_POINT('',(0.,31.944748768524));
#2842 = VECTOR('',#2843,1.);
#2843 = DIRECTION('',(1.,0.));
#2844 = ( GEOMETRIC_REPRESENTATION_CONTEXT(2) 
PARAMETRIC_REPRESENTATION_CONTEXT() REPRESENTATION_CONTEXT('2D SPACE',''
  ) );
#2845 = PCURVE('',#2846,#2851);
#2846 = CYLINDRICAL_SURFACE('',#2847,0.2);
#2847 = AXIS2_PLACEMENT_3D('',#2848,#2849,#2850);
#2848 = CARTESIAN_POINT('',(31.45,-13.49255642693,12.385814997601));
#2849 = DIRECTION('',(-1.,0.,-0.));
#2850 = DIRECTION('',(0.,-0.182050192619,0.983289238916));
#2851 = DEFINITIONAL_REPRESENTATION('',(#2852),#2863);
#2852 = B_SPLINE_CURVE_WITH_KNOTS('',9,(#2853,#2854,#2855,#2856,#2857,
    #2858,#2859,#2860,#2861,#2862),.UNSPECIFIED.,.F.,.F.,(10,10),(0.,
    1.00039188114),.PIECEWISE_BEZIER_KNOTS.);
#2853 = CARTESIAN_POINT('',(-2.22044604925E-16,0.));
#2854 = CARTESIAN_POINT('',(0.185829884306,0.));
#2855 = CARTESIAN_POINT('',(0.392630765602,0.));
#2856 = CARTESIAN_POINT('',(0.619924836741,0.));
#2857 = CARTESIAN_POINT('',(0.863654144401,0.));
#2858 = CARTESIAN_POINT('',(1.117106071904,0.));
#2859 = CARTESIAN_POINT('',(1.360835376926,0.));
#2860 = CARTESIAN_POINT('',(1.58812945006,0.));
#2861 = CARTESIAN_POINT('',(1.794930330858,0.));
#2862 = CARTESIAN_POINT('',(1.980760215163,0.));
#2863 = ( GEOMETRIC_REPRESENTATION_CONTEXT(2) 
PARAMETRIC_REPRESENTATION_CONTEXT() REPRESENTATION_CONTEXT('2D SPACE',''
  ) );
#2864 = ORIENTED_EDGE('',*,*,#2865,.F.);
#2865 = EDGE_CURVE('',#2638,#2831,#2866,.T.);
#2866 = SURFACE_CURVE('',#2867,(#2882,#2889),.PCURVE_S1.);
#2867 = ( BOUNDED_CURVE() B_SPLINE_CURVE(13,(#2868,#2869,#2870,#2871,
    #2872,#2873,#2874,#2875,#2876,#2877,#2878,#2879,#2880,#2881),
.UNSPECIFIED.,.F.,.F.) B_SPLINE_CURVE_WITH_KNOTS((14,14),(
30.944356887384,31.944748768524),.PIECEWISE_BEZIER_KNOTS.) CURVE() 
GEOMETRIC_REPRESENTATION_ITEM() RATIONAL_B_SPLINE_CURVE((1.,1.,
    0.999999999999,1.000000000003,0.999999999993,1.000000000011,
    0.999999999986,1.000000000014,0.999999999989,1.000000000007,
0.999999999996,1.000000000001,1.,1.)) REPRESENTATION_ITEM('') );
#2868 = CARTESIAN_POINT('',(32.348998959709,-12.58415698065,
    12.757398738894));
#2869 = CARTESIAN_POINT('',(32.346923180606,-12.68803716787,
    12.73816593603));
#2870 = CARTESIAN_POINT('',(32.333054839844,-12.79611285691,
    12.718156360791));
#2871 = CARTESIAN_POINT('',(32.309000915981,-12.88778607008,
    12.701183607042));
#2872 = CARTESIAN_POINT('',(32.271583407393,-13.01240103648,
    12.678111882326));
#2873 = CARTESIAN_POINT('',(32.222442673928,-13.07948569872,
    12.665691553496));
#2874 = CARTESIAN_POINT('',(32.162493319521,-13.20747310318,
    12.6419954418));
#2875 = CARTESIAN_POINT('',(32.08743428516,-13.26567074672,
    12.631220491972));
#2876 = CARTESIAN_POINT('',(32.003172713775,-13.36304491831,
    12.613192239457));
#2877 = CARTESIAN_POINT('',(31.905124014682,-13.42025803764,
    12.602599568468));
#2878 = CARTESIAN_POINT('',(31.798872545379,-13.4761670937,
    12.592248337089));
#2879 = CARTESIAN_POINT('',(31.684533092811,-13.51101709989,
    12.585796064361));
#2880 = CARTESIAN_POINT('',(31.567401046121,-13.52896646545,
    12.582472845385));
#2881 = CARTESIAN_POINT('',(31.45,-13.52896646545,12.582472845385));
#2882 = PCURVE('',#2653,#2883);
#2883 = DEFINITIONAL_REPRESENTATION('',(#2884),#2888);
#2884 = LINE('',#2885,#2886);
#2885 = CARTESIAN_POINT('',(0.,0.));
#2886 = VECTOR('',#2887,1.);
#2887 = DIRECTION('',(0.,1.));
#2888 = ( GEOMETRIC_REPRESENTATION_CONTEXT(2) 
PARAMETRIC_REPRESENTATION_CONTEXT() REPRESENTATION_CONTEXT('2D SPACE',''
  ) );
#2889 = PCURVE('',#2731,#2890);
#2890 = DEFINITIONAL_REPRESENTATION('',(#2891),#2906);
#2891 = ( BOUNDED_CURVE() B_SPLINE_CURVE(13,(#2892,#2893,#2894,#2895,
    #2896,#2897,#2898,#2899,#2900,#2901,#2902,#2903,#2904,#2905),
.UNSPECIFIED.,.F.,.F.) B_SPLINE_CURVE_WITH_KNOTS((14,14),(
30.944356887384,31.944748768524),.PIECEWISE_BEZIER_KNOTS.) CURVE() 
GEOMETRIC_REPRESENTATION_ITEM() RATIONAL_B_SPLINE_CURVE((1.,1.,
    0.999999999999,1.000000000003,0.999999999993,1.000000000011,
    0.999999999986,1.000000000014,0.999999999989,1.000000000007,
0.999999999996,1.000000000001,1.,1.)) REPRESENTATION_ITEM('') );
#2892 = CARTESIAN_POINT('',(4.42507783024,-32.3489989597));
#2893 = CARTESIAN_POINT('',(4.530723435928,-32.3469231806));
#2894 = CARTESIAN_POINT('',(4.640635844975,-32.33305483984));
#2895 = CARTESIAN_POINT('',(4.733867022076,-32.30900091598));
#2896 = CARTESIAN_POINT('',(4.860599789476,-32.27158340739));
#2897 = CARTESIAN_POINT('',(4.928824539206,-32.22244267392));
#2898 = CARTESIAN_POINT('',(5.058987058425,-32.16249331952));
#2899 = CARTESIAN_POINT('',(5.11817375674,-32.08743428516));
#2900 = CARTESIAN_POINT('',(5.217202778656,-32.00317271377));
#2901 = CARTESIAN_POINT('',(5.275388221015,-31.90512401468));
#2902 = CARTESIAN_POINT('',(5.332247437858,-31.79887254537));
#2903 = CARTESIAN_POINT('',(5.367689711417,-31.68453309281));
#2904 = CARTESIAN_POINT('',(5.385944122077,-31.56740104612));
#2905 = CARTESIAN_POINT('',(5.385944122077,-31.45));
#2906 = ( GEOMETRIC_REPRESENTATION_CONTEXT(2) 
PARAMETRIC_REPRESENTATION_CONTEXT() REPRESENTATION_CONTEXT('2D SPACE',''
  ) );
#2907 = ADVANCED_FACE('',(#2908),#2846,.T.);
#2908 = FACE_BOUND('',#2909,.T.);
#2909 = EDGE_LOOP('',(#2910,#2911,#2939,#3071));
#2910 = ORIENTED_EDGE('',*,*,#2830,.T.);
#2911 = ORIENTED_EDGE('',*,*,#2912,.T.);
#2912 = EDGE_CURVE('',#2763,#2913,#2915,.T.);
#2913 = VERTEX_POINT('',#2914);
#2914 = CARTESIAN_POINT('',(23.25,-13.29768241397,12.340824786733));
#2915 = SURFACE_CURVE('',#2916,(#2920,#2927),.PCURVE_S1.);
#2916 = LINE('',#2917,#2918);
#2917 = CARTESIAN_POINT('',(31.45,-13.29768241397,12.340824786733));
#2918 = VECTOR('',#2919,1.);
#2919 = DIRECTION('',(-1.,0.,-0.));
#2920 = PCURVE('',#2846,#2921);
#2921 = DEFINITIONAL_REPRESENTATION('',(#2922),#2926);
#2922 = LINE('',#2923,#2924);
#2923 = CARTESIAN_POINT('',(1.980760215163,0.));
#2924 = VECTOR('',#2925,1.);
#2925 = DIRECTION('',(0.,1.));
#2926 = ( GEOMETRIC_REPRESENTATION_CONTEXT(2) 
PARAMETRIC_REPRESENTATION_CONTEXT() REPRESENTATION_CONTEXT('2D SPACE',''
  ) );
#2927 = PCURVE('',#2928,#2933);
#2928 = PLANE('',#2929);
#2929 = AXIS2_PLACEMENT_3D('',#2930,#2931,#2932);
#2930 = CARTESIAN_POINT('',(-32.15,1.003283433435,74.285113333764));
#2931 = DIRECTION('',(0.,-0.974370064785,0.224951054344));
#2932 = DIRECTION('',(1.,0.,0.));
#2933 = DEFINITIONAL_REPRESENTATION('',(#2934),#2938);
#2934 = LINE('',#2935,#2936);
#2935 = CARTESIAN_POINT('',(63.6,-63.57367779015));
#2936 = VECTOR('',#2937,1.);
#2937 = DIRECTION('',(-1.,0.));
#2938 = ( GEOMETRIC_REPRESENTATION_CONTEXT(2) 
PARAMETRIC_REPRESENTATION_CONTEXT() REPRESENTATION_CONTEXT('2D SPACE',''
  ) );
#2939 = ORIENTED_EDGE('',*,*,#2940,.F.);
#2940 = EDGE_CURVE('',#2941,#2913,#2943,.T.);
#2941 = VERTEX_POINT('',#2942);
#2942 = CARTESIAN_POINT('',(23.25,-13.52896646545,12.582472845385));
#2943 = SURFACE_CURVE('',#2944,(#2949,#2956),.PCURVE_S1.);
#2944 = CIRCLE('',#2945,0.2);
#2945 = AXIS2_PLACEMENT_3D('',#2946,#2947,#2948);
#2946 = CARTESIAN_POINT('',(23.25,-13.49255642693,12.385814997601));
#2947 = DIRECTION('',(-1.,0.,0.));
#2948 = DIRECTION('',(0.,-0.182050192619,0.983289238916));
#2949 = PCURVE('',#2846,#2950);
#2950 = DEFINITIONAL_REPRESENTATION('',(#2951),#2955);
#2951 = LINE('',#2952,#2953);
#2952 = CARTESIAN_POINT('',(0.,8.2));
#2953 = VECTOR('',#2954,1.);
#2954 = DIRECTION('',(1.,0.));
#2955 = ( GEOMETRIC_REPRESENTATION_CONTEXT(2) 
PARAMETRIC_REPRESENTATION_CONTEXT() REPRESENTATION_CONTEXT('2D SPACE',''
  ) );
#2956 = PCURVE('',#2957,#3024);
#2957 = ( BOUNDED_SURFACE() B_SPLINE_SURFACE(2,11,(
    (#2958,#2959,#2960,#2961,#2962,#2963,#2964,#2965,#2966,#2967,#2968
      ,#2969,#2970,#2971,#2972,#2973,#2974,#2975,#2976,#2977,#2978,#2979
      )
    ,(#2980,#2981,#2982,#2983,#2984,#2985,#2986,#2987,#2988,#2989,#2990
      ,#2991,#2992,#2993,#2994,#2995,#2996,#2997,#2998,#2999,#3000,#3001
      )
    ,(#3002,#3003,#3004,#3005,#3006,#3007,#3008,#3009,#3010,#3011,#3012
      ,#3013,#3014,#3015,#3016,#3017,#3018,#3019,#3020,#3021,#3022,#3023
)),.UNSPECIFIED.,.F.,.F.,.F.) B_SPLINE_SURFACE_WITH_KNOTS((3,3),(12,10,
    12),(0.,1.132528872567),(40.144748768524,40.711013204808,
41.277277641091),.UNSPECIFIED.) GEOMETRIC_REPRESENTATION_ITEM() 
RATIONAL_B_SPLINE_SURFACE((
    (1.,1.,1.,1.000000000001,0.999999999999,1.000000000002
      ,0.999999999998,1.000000000001,0.999999999999,1.,1.,1.,1.
      ,1.000000000001,0.999999999999,1.000000000002,0.999999999998
      ,1.000000000001,0.999999999999,1.,1.,1.)
    ,(0.548372041138,0.548372041138,0.542170311983,0.530276131331
      ,0.512032150694,0.49996423818,0.479780180643,0.496466084236
      ,0.522008917091,0.56059405423,0.605205208489,0.700318343909
      ,0.750797411638,0.800570718202,0.847217038081,0.889131135602
      ,0.925239342486,0.95480697995,0.97732284638,0.992445991775,1.,1.)
    ,(1.,1.,1.,1.000000000001,0.999999999999,1.000000000002
      ,0.999999999998,1.000000000001,0.999999999999,1.,1.,1.,1.
      ,1.000000000001,0.999999999999,1.000000000002,0.999999999998
,1.000000000001,0.999999999999,1.,1.,1.
))) REPRESENTATION_ITEM('') SURFACE() );
#2958 = CARTESIAN_POINT('',(23.25,-13.52896646545,12.582472845385));
#2959 = CARTESIAN_POINT('',(23.247507330558,-13.52896646545,
    12.582472845385));
#2960 = CARTESIAN_POINT('',(23.245031080484,-13.53041913072,
    12.582199867135));
#2961 = CARTESIAN_POINT('',(23.241252349231,-13.53342299734,
    12.581553335489));
#2962 = CARTESIAN_POINT('',(23.23597687447,-13.53710928169,
    12.580970973534));
#2963 = CARTESIAN_POINT('',(23.224269486202,-13.54101667131,
    12.579854485814));
#2964 = CARTESIAN_POINT('',(23.211833288271,-13.54403674086,
    12.578617969877));
#2965 = CARTESIAN_POINT('',(23.179950075763,-13.54219698819,
    12.578904176562));
#2966 = CARTESIAN_POINT('',(23.144239097105,-13.54542390669,
    12.571953699392));
#2967 = CARTESIAN_POINT('',(23.103170216103,-13.55117343336,
    12.559848009436));
#2968 = CARTESIAN_POINT('',(23.060845612912,-13.56123613227,
    12.541151933519));
#2969 = CARTESIAN_POINT('',(22.977057677655,-13.5893619982,
    12.491543577601));
#2970 = CARTESIAN_POINT('',(22.93561365977,-13.60746313914,
    12.460596151126));
#2971 = CARTESIAN_POINT('',(22.896610998364,-13.62954859955,
    12.423769802345));
#2972 = CARTESIAN_POINT('',(22.861215355529,-13.65514868668,
    12.381762940638));
#2973 = CARTESIAN_POINT('',(22.830113601349,-13.68367771767,
    12.335396844101));
#2974 = CARTESIAN_POINT('',(22.803733447669,-13.71457719517,
    12.28546700756));
#2975 = CARTESIAN_POINT('',(22.782364785974,-13.74734975528,
    12.23270776928));
#2976 = CARTESIAN_POINT('',(22.766211752355,-13.78153129894,
    12.177820932591));
#2977 = CARTESIAN_POINT('',(22.755404542545,-13.81664871788,
    12.121519098675));
#2978 = CARTESIAN_POINT('',(22.75,-13.85221062593,12.064534426741));
#2979 = CARTESIAN_POINT('',(22.75,-13.88777850694,12.007543537818));
#2980 = CARTESIAN_POINT('',(23.25,-13.22907504026,12.63799597079));
#2981 = CARTESIAN_POINT('',(23.214300246911,-13.22907504026,
    12.63799597079));
#2982 = CARTESIAN_POINT('',(23.177792030642,-13.22956562965,
    12.637526422208));
#2983 = CARTESIAN_POINT('',(23.13880130434,-13.23072289571,
    12.636418789963));
#2984 = CARTESIAN_POINT('',(23.095351696258,-13.23244631776,
    12.634769283501));
#2985 = CARTESIAN_POINT('',(23.050416373566,-13.23881777741,
    12.628671088416));
#2986 = CARTESIAN_POINT('',(22.995842333937,-13.24554502961,
    12.622232360332));
#2987 = CARTESIAN_POINT('',(22.965264458315,-13.26844556826,
    12.600313999424));
#2988 = CARTESIAN_POINT('',(22.933161457299,-13.29656289381,
    12.573402593612));
#2989 = CARTESIAN_POINT('',(22.908134571858,-13.33101797631,
    12.540425249962));
#2990 = CARTESIAN_POINT('',(22.885344330928,-13.36901818876,
    12.50405482289));
#2991 = CARTESIAN_POINT('',(22.846996681664,-13.44440410542,
    12.431902121455));
#2992 = CARTESIAN_POINT('',(22.83077838848,-13.48126763001,
    12.396619631011));
#2993 = CARTESIAN_POINT('',(22.815130599562,-13.52031246098,
    12.359249387917));
#2994 = CARTESIAN_POINT('',(22.800198819916,-13.56166000059,
    12.3196751967));
#2995 = CARTESIAN_POINT('',(22.786496194103,-13.60519501923,
    12.278007344909));
#2996 = CARTESIAN_POINT('',(22.774542901359,-13.65059184204,
    12.234557539594));
#2997 = CARTESIAN_POINT('',(22.764732862615,-13.69738295836,
    12.189773240406));
#2998 = CARTESIAN_POINT('',(22.7573116888,-13.74503258191,
    12.144167254387));
#2999 = CARTESIAN_POINT('',(22.752397510486,-13.7929953739,
    12.098261531351));
#3000 = CARTESIAN_POINT('',(22.75,-13.8407474047,12.052557530201));
#3001 = CARTESIAN_POINT('',(22.75,-13.88777850694,12.007543537818));
#3002 = CARTESIAN_POINT('',(23.25,-13.29768241397,12.340824786733));
#3003 = CARTESIAN_POINT('',(23.247507330558,-13.29768241397,
    12.340824786733));
#3004 = CARTESIAN_POINT('',(23.245031080484,-13.29801876807,
    12.339385474595));
#3005 = CARTESIAN_POINT('',(23.241252349231,-13.2987962715,
    12.336412814808));
#3006 = CARTESIAN_POINT('',(23.23597687447,-13.29953956199,
    12.332755581288));
#3007 = CARTESIAN_POINT('',(23.224269486202,-13.30082615159,
    12.328900853581));
#3008 = CARTESIAN_POINT('',(23.21183328827,-13.30219378273,
    12.32593785226));
#3009 = CARTESIAN_POINT('',(23.179950075763,-13.30182725549,
    12.327763300684));
#3010 = CARTESIAN_POINT('',(23.144239097105,-13.30891242393,
    12.324843964447));
#3011 = CARTESIAN_POINT('',(23.103170216103,-13.32125836571,
    12.319630279777));
#3012 = CARTESIAN_POINT('',(23.060845612912,-13.34037731669,
    12.310396273195));
#3013 = CARTESIAN_POINT('',(22.977057677655,-13.391170177,
    12.284470636222));
#3014 = CARTESIAN_POINT('',(22.93561365977,-13.42288086262,
    12.267742608061));
#3015 = CARTESIAN_POINT('',(22.896610998364,-13.46063937052,
    12.247291627469));
#3016 = CARTESIAN_POINT('',(22.861215355529,-13.50372738565,
    12.223556340587));
#3017 = CARTESIAN_POINT('',(22.830113601349,-13.55129876095,
    12.197085889694));
#3018 = CARTESIAN_POINT('',(22.803733447669,-13.60253429878,
    12.168403387192));
#3019 = CARTESIAN_POINT('',(22.782364785974,-13.6566785775,
    12.137973549848));
#3020 = CARTESIAN_POINT('',(22.766211752355,-13.71301013643,
    12.106229286768));
#3021 = CARTESIAN_POINT('',(22.755404542545,-13.77079633269,
    12.073612034633));
#3022 = CARTESIAN_POINT('',(22.75,-13.82928418348,12.040580633661));
#3023 = CARTESIAN_POINT('',(22.75,-13.88777850694,12.007543537818));
#3024 = DEFINITIONAL_REPRESENTATION('',(#3025),#3070);
#3025 = B_SPLINE_CURVE_WITH_KNOTS('',8,(#3026,#3027,#3028,#3029,#3030,
    #3031,#3032,#3033,#3034,#3035,#3036,#3037,#3038,#3039,#3040,#3041,
    #3042,#3043,#3044,#3045,#3046,#3047,#3048,#3049,#3050,#3051,#3052,
    #3053,#3054,#3055,#3056,#3057,#3058,#3059,#3060,#3061,#3062,#3063,
    #3064,#3065,#3066,#3067,#3068,#3069),.UNSPECIFIED.,.F.,.F.,(9,7,7,7,
    7,7,9),(0.,0.247595026895,0.495190053791,0.990380107582,
    1.485570161373,1.733165188268,1.980760215163),.UNSPECIFIED.);
#3026 = CARTESIAN_POINT('',(8.326672684689E-17,40.144748768524));
#3027 = CARTESIAN_POINT('',(2.095767721096E-02,40.144748768524));
#3028 = CARTESIAN_POINT('',(4.151539619288E-02,40.144748768524));
#3029 = CARTESIAN_POINT('',(6.169992466229E-02,40.144748768524));
#3030 = CARTESIAN_POINT('',(8.154169923274E-02,40.144748768524));
#3031 = CARTESIAN_POINT('',(0.101059964065,40.144748768524));
#3032 = CARTESIAN_POINT('',(0.120281216323,40.144748768524));
#3033 = CARTESIAN_POINT('',(0.139224853807,40.144748768524));
#3034 = CARTESIAN_POINT('',(0.176597282836,40.144748768524));
#3035 = CARTESIAN_POINT('',(0.195026113333,40.144748768525));
#3036 = CARTESIAN_POINT('',(0.213217356422,40.144748768522));
#3037 = CARTESIAN_POINT('',(0.231189571832,40.144748768526));
#3038 = CARTESIAN_POINT('',(0.248960223587,40.144748768523));
#3039 = CARTESIAN_POINT('',(0.266545821178,40.144748768525));
#3040 = CARTESIAN_POINT('',(0.283962060745,40.144748768524));
#3041 = CARTESIAN_POINT('',(0.335747777245,40.144748768524));
#3042 = CARTESIAN_POINT('',(0.369654238177,40.144748768525));
#3043 = CARTESIAN_POINT('',(0.403063387774,40.144748768523));
#3044 = CARTESIAN_POINT('',(0.436084391943,40.144748768525));
#3045 = CARTESIAN_POINT('',(0.468818882966,40.144748768523));
#3046 = CARTESIAN_POINT('',(0.501363860036,40.144748768525));
#3047 = CARTESIAN_POINT('',(0.533814151141,40.144748768524));
#3048 = CARTESIAN_POINT('',(0.598714721426,40.144748768524));
#3049 = CARTESIAN_POINT('',(0.631165012531,40.144748768524));
#3050 = CARTESIAN_POINT('',(0.663709989601,40.144748768523));
#3051 = CARTESIAN_POINT('',(0.696444480624,40.144748768525));
#3052 = CARTESIAN_POINT('',(0.729465484794,40.144748768523));
#3053 = CARTESIAN_POINT('',(0.76287463439,40.144748768525));
#3054 = CARTESIAN_POINT('',(0.796781095322,40.144748768524));
#3055 = CARTESIAN_POINT('',(0.848566811822,40.144748768524));
#3056 = CARTESIAN_POINT('',(0.865983051389,40.144748768524));
#3057 = CARTESIAN_POINT('',(0.883568648981,40.144748768525));
#3058 = CARTESIAN_POINT('',(0.901339300735,40.144748768523));
#3059 = CARTESIAN_POINT('',(0.919311516145,40.144748768526));
#3060 = CARTESIAN_POINT('',(0.937502759234,40.144748768523));
#3061 = CARTESIAN_POINT('',(0.955931589731,40.144748768524));
#3062 = CARTESIAN_POINT('',(0.99330401876,40.144748768524));
#3063 = CARTESIAN_POINT('',(1.012247656244,40.144748768524));
#3064 = CARTESIAN_POINT('',(1.031468908503,40.144748768524));
#3065 = CARTESIAN_POINT('',(1.050987173335,40.144748768524));
#3066 = CARTESIAN_POINT('',(1.070828947905,40.144748768525));
#3067 = CARTESIAN_POINT('',(1.091013476374,40.144748768524));
#3068 = CARTESIAN_POINT('',(1.111571195356,40.144748768524));
#3069 = CARTESIAN_POINT('',(1.132528872567,40.144748768524));
#3070 = ( GEOMETRIC_REPRESENTATION_CONTEXT(2) 
PARAMETRIC_REPRESENTATION_CONTEXT() REPRESENTATION_CONTEXT('2D SPACE',''
  ) );
#3071 = ORIENTED_EDGE('',*,*,#3072,.F.);
#3072 = EDGE_CURVE('',#2831,#2941,#3073,.T.);
#3073 = SURFACE_CURVE('',#3074,(#3078,#3085),.PCURVE_S1.);
#3074 = LINE('',#3075,#3076);
#3075 = CARTESIAN_POINT('',(31.45,-13.52896646545,12.582472845385));
#3076 = VECTOR('',#3077,1.);
#3077 = DIRECTION('',(-1.,0.,-0.));
#3078 = PCURVE('',#2846,#3079);
#3079 = DEFINITIONAL_REPRESENTATION('',(#3080),#3084);
#3080 = LINE('',#3081,#3082);
#3081 = CARTESIAN_POINT('',(0.,0.));
#3082 = VECTOR('',#3083,1.);
#3083 = DIRECTION('',(0.,1.));
#3084 = ( GEOMETRIC_REPRESENTATION_CONTEXT(2) 
PARAMETRIC_REPRESENTATION_CONTEXT() REPRESENTATION_CONTEXT('2D SPACE',''
  ) );
#3085 = PCURVE('',#2731,#3086);
#3086 = DEFINITIONAL_REPRESENTATION('',(#3087),#3091);
#3087 = LINE('',#3088,#3089);
#3088 = CARTESIAN_POINT('',(5.385944122077,-31.45));
#3089 = VECTOR('',#3090,1.);
#3090 = DIRECTION('',(-0.,1.));
#3091 = ( GEOMETRIC_REPRESENTATION_CONTEXT(2) 
PARAMETRIC_REPRESENTATION_CONTEXT() REPRESENTATION_CONTEXT('2D SPACE',''
  ) );
#3092 = ADVANCED_FACE('',(#3093),#2957,.T.);
#3093 = FACE_BOUND('',#3094,.T.);
#3094 = EDGE_LOOP('',(#3095,#3096,#3162));
#3095 = ORIENTED_EDGE('',*,*,#2940,.T.);
#3096 = ORIENTED_EDGE('',*,*,#3097,.T.);
#3097 = EDGE_CURVE('',#2913,#3098,#3100,.T.);
#3098 = VERTEX_POINT('',#3099);
#3099 = CARTESIAN_POINT('',(22.75,-13.88777850694,12.007543537818));
#3100 = SURFACE_CURVE('',#3101,(#3124,#3131),.PCURVE_S1.);
#3101 = ( BOUNDED_CURVE() B_SPLINE_CURVE(11,(#3102,#3103,#3104,#3105,
    #3106,#3107,#3108,#3109,#3110,#3111,#3112,#3113,#3114,#3115,#3116,
    #3117,#3118,#3119,#3120,#3121,#3122,#3123),.UNSPECIFIED.,.F.,.F.) 
B_SPLINE_CURVE_WITH_KNOTS((12,10,12),(40.144748768524,40.711013204808,
41.277277641091),.UNSPECIFIED.) CURVE() GEOMETRIC_REPRESENTATION_ITEM() 
RATIONAL_B_SPLINE_CURVE((1.,1.,1.,1.000000000001,0.999999999999,
    1.000000000002,0.999999999998,1.000000000001,0.999999999999,1.,1.,1.
    ,1.,1.000000000001,0.999999999999,1.000000000002,0.999999999998,
1.000000000001,0.999999999999,1.,1.,1.)) REPRESENTATION_ITEM('') );
#3102 = CARTESIAN_POINT('',(23.25,-13.29768241397,12.340824786733));
#3103 = CARTESIAN_POINT('',(23.247507330558,-13.29768241397,
    12.340824786733));
#3104 = CARTESIAN_POINT('',(23.245031080484,-13.29801876807,
    12.339385474595));
#3105 = CARTESIAN_POINT('',(23.241252349231,-13.2987962715,
    12.336412814808));
#3106 = CARTESIAN_POINT('',(23.23597687447,-13.29953956199,
    12.332755581288));
#3107 = CARTESIAN_POINT('',(23.224269486202,-13.30082615159,
    12.328900853581));
#3108 = CARTESIAN_POINT('',(23.21183328827,-13.30219378273,
    12.32593785226));
#3109 = CARTESIAN_POINT('',(23.179950075763,-13.30182725549,
    12.327763300684));
#3110 = CARTESIAN_POINT('',(23.144239097105,-13.30891242393,
    12.324843964447));
#3111 = CARTESIAN_POINT('',(23.103170216103,-13.32125836571,
    12.319630279777));
#3112 = CARTESIAN_POINT('',(23.060845612912,-13.34037731669,
    12.310396273195));
#3113 = CARTESIAN_POINT('',(22.977057677655,-13.391170177,
    12.284470636222));
#3114 = CARTESIAN_POINT('',(22.93561365977,-13.42288086262,
    12.267742608061));
#3115 = CARTESIAN_POINT('',(22.896610998364,-13.46063937052,
    12.247291627469));
#3116 = CARTESIAN_POINT('',(22.861215355529,-13.50372738565,
    12.223556340587));
#3117 = CARTESIAN_POINT('',(22.830113601349,-13.55129876095,
    12.197085889694));
#3118 = CARTESIAN_POINT('',(22.803733447669,-13.60253429878,
    12.168403387192));
#3119 = CARTESIAN_POINT('',(22.782364785974,-13.6566785775,
    12.137973549848));
#3120 = CARTESIAN_POINT('',(22.766211752355,-13.71301013643,
    12.106229286768));
#3121 = CARTESIAN_POINT('',(22.755404542545,-13.77079633269,
    12.073612034633));
#3122 = CARTESIAN_POINT('',(22.75,-13.82928418348,12.040580633661));
#3123 = CARTESIAN_POINT('',(22.75,-13.88777850694,12.007543537818));
#3124 = PCURVE('',#2957,#3125);
#3125 = DEFINITIONAL_REPRESENTATION('',(#3126),#3130);
#3126 = LINE('',#3127,#3128);
#3127 = CARTESIAN_POINT('',(1.132528872567,0.));
#3128 = VECTOR('',#3129,1.);
#3129 = DIRECTION('',(0.,1.));
#3130 = ( GEOMETRIC_REPRESENTATION_CONTEXT(2) 
PARAMETRIC_REPRESENTATION_CONTEXT() REPRESENTATION_CONTEXT('2D SPACE',''
  ) );
#3131 = PCURVE('',#3132,#3137);
#3132 = CYLINDRICAL_SURFACE('',#3133,0.5);
#3133 = AXIS2_PLACEMENT_3D('',#3134,#3135,#3136);
#3134 = CARTESIAN_POINT('',(23.25,-13.71626007265,12.750471497962));
#3135 = DIRECTION('',(0.,-0.224951054344,-0.974370064785));
#3136 = DIRECTION('',(-1.,0.,0.));
#3137 = DEFINITIONAL_REPRESENTATION('',(#3138),#3161);
#3138 = B_SPLINE_CURVE_WITH_KNOTS('',11,(#3139,#3140,#3141,#3142,#3143,
    #3144,#3145,#3146,#3147,#3148,#3149,#3150,#3151,#3152,#3153,#3154,
    #3155,#3156,#3157,#3158,#3159,#3160),.UNSPECIFIED.,.F.,.F.,(12,10,12
    ),(40.144748768524,40.711013204808,41.277277641091),.UNSPECIFIED.);
#3139 = CARTESIAN_POINT('',(1.570796326795,0.304988006916));
#3140 = CARTESIAN_POINT('',(1.56581098791,0.304988006916));
#3141 = CARTESIAN_POINT('',(1.560849545679,0.30646620891));
#3142 = CARTESIAN_POINT('',(1.553356175241,0.309537078641));
#3143 = CARTESIAN_POINT('',(1.542578118634,0.313268861189));
#3144 = CARTESIAN_POINT('',(1.519664398606,0.317312667717));
#3145 = CARTESIAN_POINT('',(1.494046184676,0.32050878721));
#3146 = CARTESIAN_POINT('',(1.430847784117,0.318647349557));
#3147 = CARTESIAN_POINT('',(1.359484584352,0.323084581166));
#3148 = CARTESIAN_POINT('',(1.275252199881,0.330943488593));
#3149 = CARTESIAN_POINT('',(1.184920058634,0.344240623928));
#3150 = CARTESIAN_POINT('',(0.995956551413,0.380928254137));
#3151 = CARTESIAN_POINT('',(0.897384415304,0.40436014411));
#3152 = CARTESIAN_POINT('',(0.797298700687,0.432781067305));
#3153 = CARTESIAN_POINT('',(0.696883850473,0.46560125508));
#3154 = CARTESIAN_POINT('',(0.596602782157,0.502094504641));
#3155 = CARTESIAN_POINT('',(0.496599048174,0.541566912136));
#3156 = CARTESIAN_POINT('',(0.39689801927,0.58339636902));
#3157 = CARTESIAN_POINT('',(0.297474789079,0.626999144566));
#3158 = CARTESIAN_POINT('',(0.198256498264,0.671779877604));
#3159 = CARTESIAN_POINT('',(9.912677640924E-02,0.717121300336));
#3160 = CARTESIAN_POINT('',(1.110223024625E-15,0.76247001729));
#3161 = ( GEOMETRIC_REPRESENTATION_CONTEXT(2) 
PARAMETRIC_REPRESENTATION_CONTEXT() REPRESENTATION_CONTEXT('2D SPACE',''
  ) );
#3162 = ORIENTED_EDGE('',*,*,#3163,.F.);
#3163 = EDGE_CURVE('',#2941,#3098,#3164,.T.);
#3164 = SURFACE_CURVE('',#3165,(#3188,#3195),.PCURVE_S1.);
#3165 = ( BOUNDED_CURVE() B_SPLINE_CURVE(11,(#3166,#3167,#3168,#3169,
    #3170,#3171,#3172,#3173,#3174,#3175,#3176,#3177,#3178,#3179,#3180,
    #3181,#3182,#3183,#3184,#3185,#3186,#3187),.UNSPECIFIED.,.F.,.F.) 
B_SPLINE_CURVE_WITH_KNOTS((12,10,12),(40.144748768524,40.711013204808,
41.277277641091),.UNSPECIFIED.) CURVE() GEOMETRIC_REPRESENTATION_ITEM() 
RATIONAL_B_SPLINE_CURVE((1.,1.,1.,1.000000000001,0.999999999999,
    1.000000000002,0.999999999998,1.000000000001,0.999999999999,1.,1.,1.
    ,1.,1.000000000001,0.999999999999,1.000000000002,0.999999999998,
1.000000000001,0.999999999999,1.,1.,1.)) REPRESENTATION_ITEM('') );
#3166 = CARTESIAN_POINT('',(23.25,-13.52896646545,12.582472845385));
#3167 = CARTESIAN_POINT('',(23.247507330558,-13.52896646545,
    12.582472845385));
#3168 = CARTESIAN_POINT('',(23.245031080484,-13.53041913072,
    12.582199867135));
#3169 = CARTESIAN_POINT('',(23.241252349231,-13.53342299734,
    12.581553335489));
#3170 = CARTESIAN_POINT('',(23.23597687447,-13.53710928169,
    12.580970973534));
#3171 = CARTESIAN_POINT('',(23.224269486202,-13.54101667131,
    12.579854485814));
#3172 = CARTESIAN_POINT('',(23.211833288271,-13.54403674086,
    12.578617969877));
#3173 = CARTESIAN_POINT('',(23.179950075763,-13.54219698819,
    12.578904176562));
#3174 = CARTESIAN_POINT('',(23.144239097105,-13.54542390669,
    12.571953699392));
#3175 = CARTESIAN_POINT('',(23.103170216103,-13.55117343336,
    12.559848009436));
#3176 = CARTESIAN_POINT('',(23.060845612912,-13.56123613227,
    12.541151933519));
#3177 = CARTESIAN_POINT('',(22.977057677655,-13.5893619982,
    12.491543577601));
#3178 = CARTESIAN_POINT('',(22.93561365977,-13.60746313914,
    12.460596151126));
#3179 = CARTESIAN_POINT('',(22.896610998364,-13.62954859955,
    12.423769802345));
#3180 = CARTESIAN_POINT('',(22.861215355529,-13.65514868668,
    12.381762940638));
#3181 = CARTESIAN_POINT('',(22.830113601349,-13.68367771767,
    12.335396844101));
#3182 = CARTESIAN_POINT('',(22.803733447669,-13.71457719517,
    12.28546700756));
#3183 = CARTESIAN_POINT('',(22.782364785974,-13.74734975528,
    12.23270776928));
#3184 = CARTESIAN_POINT('',(22.766211752355,-13.78153129894,
    12.177820932591));
#3185 = CARTESIAN_POINT('',(22.755404542545,-13.81664871788,
    12.121519098675));
#3186 = CARTESIAN_POINT('',(22.75,-13.85221062593,12.064534426741));
#3187 = CARTESIAN_POINT('',(22.75,-13.88777850694,12.007543537818));
#3188 = PCURVE('',#2957,#3189);
#3189 = DEFINITIONAL_REPRESENTATION('',(#3190),#3194);
#3190 = LINE('',#3191,#3192);
#3191 = CARTESIAN_POINT('',(0.,0.));
#3192 = VECTOR('',#3193,1.);
#3193 = DIRECTION('',(0.,1.));
#3194 = ( GEOMETRIC_REPRESENTATION_CONTEXT(2) 
PARAMETRIC_REPRESENTATION_CONTEXT() REPRESENTATION_CONTEXT('2D SPACE',''
  ) );
#3195 = PCURVE('',#3196,#3201);
#3196 = CYLINDRICAL_SURFACE('',#3197,0.5);
#3197 = AXIS2_PLACEMENT_3D('',#3198,#3199,#3200);
#3198 = CARTESIAN_POINT('',(23.25,-13.13804994395,12.146351351332));
#3199 = DIRECTION('',(0.,-0.983289238916,-0.182050192619));
#3200 = DIRECTION('',(0.,-0.182050192619,0.983289238916));
#3201 = DEFINITIONAL_REPRESENTATION('',(#3202),#3225);
#3202 = B_SPLINE_CURVE_WITH_KNOTS('',11,(#3203,#3204,#3205,#3206,#3207,
    #3208,#3209,#3210,#3211,#3212,#3213,#3214,#3215,#3216,#3217,#3218,
    #3219,#3220,#3221,#3222,#3223,#3224),.UNSPECIFIED.,.F.,.F.,(12,10,12
    ),(40.144748768524,40.711013204808,41.277277641091),.UNSPECIFIED.);
#3203 = CARTESIAN_POINT('',(3.487074151636E-14,0.304988006916));
#3204 = CARTESIAN_POINT('',(4.985338884958E-03,0.304988006916));
#3205 = CARTESIAN_POINT('',(9.946781114851E-03,0.30646620891));
#3206 = CARTESIAN_POINT('',(1.744015155544E-02,0.309537078641));
#3207 = CARTESIAN_POINT('',(2.821820815694E-02,0.313268861189));
#3208 = CARTESIAN_POINT('',(5.113192819446E-02,0.317312667718));
#3209 = CARTESIAN_POINT('',(7.675014211258E-02,0.32050878721));
#3210 = CARTESIAN_POINT('',(0.139948542683,0.318647349558));
#3211 = CARTESIAN_POINT('',(0.21131174244,0.323084581166));
#3212 = CARTESIAN_POINT('',(0.295544126915,0.330943488593));
#3213 = CARTESIAN_POINT('',(0.385876268161,0.344240623928));
#3214 = CARTESIAN_POINT('',(0.574839775382,0.380928254137));
#3215 = CARTESIAN_POINT('',(0.673411911491,0.40436014411));
#3216 = CARTESIAN_POINT('',(0.773497626109,0.432781067305));
#3217 = CARTESIAN_POINT('',(0.873912476319,0.46560125508));
#3218 = CARTESIAN_POINT('',(0.974193544641,0.502094504641));
#3219 = CARTESIAN_POINT('',(1.074197278618,0.541566912136));
#3220 = CARTESIAN_POINT('',(1.173898307527,0.58339636902));
#3221 = CARTESIAN_POINT('',(1.273321537714,0.626999144567));
#3222 = CARTESIAN_POINT('',(1.372539828531,0.671779877604));
#3223 = CARTESIAN_POINT('',(1.471669550385,0.717121300336));
#3224 = CARTESIAN_POINT('',(1.570796326795,0.76247001729));
#3225 = ( GEOMETRIC_REPRESENTATION_CONTEXT(2) 
PARAMETRIC_REPRESENTATION_CONTEXT() REPRESENTATION_CONTEXT('2D SPACE',''
  ) );
#3226 = ADVANCED_FACE('',(#3227),#3132,.T.);
#3227 = FACE_BOUND('',#3228,.T.);
#3228 = EDGE_LOOP('',(#3229,#3252,#3320,#3346));
#3229 = ORIENTED_EDGE('',*,*,#3230,.T.);
#3230 = EDGE_CURVE('',#2913,#3231,#3233,.T.);
#3231 = VERTEX_POINT('',#3232);
#3232 = CARTESIAN_POINT('',(23.25,-14.03993313124,9.125783712243));
#3233 = SURFACE_CURVE('',#3234,(#3238,#3245),.PCURVE_S1.);
#3234 = LINE('',#3235,#3236);
#3235 = CARTESIAN_POINT('',(23.25,-13.22907504026,12.63799597079));
#3236 = VECTOR('',#3237,1.);
#3237 = DIRECTION('',(0.,-0.224951054344,-0.974370064785));
#3238 = PCURVE('',#3132,#3239);
#3239 = DEFINITIONAL_REPRESENTATION('',(#3240),#3244);
#3240 = LINE('',#3241,#3242);
#3241 = CARTESIAN_POINT('',(1.570796326795,0.));
#3242 = VECTOR('',#3243,1.);
#3243 = DIRECTION('',(0.,1.));
#3244 = ( GEOMETRIC_REPRESENTATION_CONTEXT(2) 
PARAMETRIC_REPRESENTATION_CONTEXT() REPRESENTATION_CONTEXT('2D SPACE',''
  ) );
#3245 = PCURVE('',#2928,#3246);
#3246 = DEFINITIONAL_REPRESENTATION('',(#3247),#3251);
#3247 = LINE('',#3248,#3249);
#3248 = CARTESIAN_POINT('',(55.4,-63.26868978324));
#3249 = VECTOR('',#3250,1.);
#3250 = DIRECTION('',(0.,-1.));
#3251 = ( GEOMETRIC_REPRESENTATION_CONTEXT(2) 
PARAMETRIC_REPRESENTATION_CONTEXT() REPRESENTATION_CONTEXT('2D SPACE',''
  ) );
#3252 = ORIENTED_EDGE('',*,*,#3253,.F.);
#3253 = EDGE_CURVE('',#3254,#3231,#3256,.T.);
#3254 = VERTEX_POINT('',#3255);
#3255 = CARTESIAN_POINT('',(22.75,-14.52711816363,9.238259239415));
#3256 = SURFACE_CURVE('',#3257,(#3262,#3269),.PCURVE_S1.);
#3257 = CIRCLE('',#3258,0.5);
#3258 = AXIS2_PLACEMENT_3D('',#3259,#3260,#3261);
#3259 = CARTESIAN_POINT('',(23.25,-14.52711816363,9.238259239415));
#3260 = DIRECTION('',(-0.,-0.224951054344,-0.974370064785));
#3261 = DIRECTION('',(-1.,0.,0.));
#3262 = PCURVE('',#3132,#3263);
#3263 = DEFINITIONAL_REPRESENTATION('',(#3264),#3268);
#3264 = LINE('',#3265,#3266);
#3265 = CARTESIAN_POINT('',(0.,3.604597868389));
#3266 = VECTOR('',#3267,1.);
#3267 = DIRECTION('',(1.,0.));
#3268 = ( GEOMETRIC_REPRESENTATION_CONTEXT(2) 
PARAMETRIC_REPRESENTATION_CONTEXT() REPRESENTATION_CONTEXT('2D SPACE',''
  ) );
#3269 = PCURVE('',#3270,#3307);
#3270 = ( BOUNDED_SURFACE() B_SPLINE_SURFACE(2,6,(
    (#3271,#3272,#3273,#3274,#3275,#3276,#3277,#3278,#3279,#3280,#3281
      ,#3282)
    ,(#3283,#3284,#3285,#3286,#3287,#3288,#3289,#3290,#3291,#3292,#3293
      ,#3294)
    ,(#3295,#3296,#3297,#3298,#3299,#3300,#3301,#3302,#3303,#3304,#3305
,#3306
    )),.UNSPECIFIED.,.F.,.F.,.F.) B_SPLINE_SURFACE_WITH_KNOTS((3,3),(7,5
    ,7),(0.,3.160010581224),(3.604597868389,3.622053044183,
6.764608449613),.UNSPECIFIED.) GEOMETRIC_REPRESENTATION_ITEM() 
RATIONAL_B_SPLINE_SURFACE((
    (1.,1.,1.,1.,1.,1.,1.,1.,1.,1.,1.,1.)
    ,(0.707106781187,0.707124718189,0.707142654376,0.707160591644
      ,0.707178525333,0.707196464232,0.710443181286,0.713637364883
      ,0.716397154549,0.718359218007,0.719339800339,0.719339800339)
,(1.,1.,1.,1.,1.,1.,1.,1.,1.,1.,1.,1.
))) REPRESENTATION_ITEM('') SURFACE() );
#3271 = CARTESIAN_POINT('',(22.75,-14.52711816363,9.238259239415));
#3272 = CARTESIAN_POINT('',(22.75,-14.52774806902,9.235418053768));
#3273 = CARTESIAN_POINT('',(22.749994928382,-14.52837797115,
    9.232576883925));
#3274 = CARTESIAN_POINT('',(22.749984783993,-14.52900789001,
    9.229735631399));
#3275 = CARTESIAN_POINT('',(22.749969569932,-14.52963776771,
    9.226894576223));
#3276 = CARTESIAN_POINT('',(22.749949280687,-14.5302677041,9.22405323065
    ));
#3277 = CARTESIAN_POINT('',(22.745358419843,-14.64429812833,
    8.709718757817));
#3278 = CARTESIAN_POINT('',(22.576427195994,-14.75709683095,
    8.200939520304));
#3279 = CARTESIAN_POINT('',(22.245224218419,-14.85527641848,
    7.758101491059));
#3280 = CARTESIAN_POINT('',(21.788331722494,-14.92539969392,
    7.441811525536));
#3281 = CARTESIAN_POINT('',(21.269182121464,-14.96042907102,
    7.283812186302));
#3282 = CARTESIAN_POINT('',(20.75,-14.96042907102,7.283812186302));
#3283 = CARTESIAN_POINT('',(22.75,-14.03993313124,9.125783712243));
#3284 = CARTESIAN_POINT('',(22.750025366109,-14.04058773662,
    9.122948304799));
#3285 = CARTESIAN_POINT('',(22.750045657593,-14.04124235016,
    9.120112862052));
#3286 = CARTESIAN_POINT('',(22.750060876086,-14.04189696189,
    9.117277427159));
#3287 = CARTESIAN_POINT('',(22.750071017151,-14.04255160322,
    9.114441864007));
#3288 = CARTESIAN_POINT('',(22.750076088602,-14.04320620893,
    9.111606455192));
#3289 = CARTESIAN_POINT('',(22.75007466684,-14.16118507285,
    8.600583852418));
#3290 = CARTESIAN_POINT('',(22.587050850923,-14.27873780506,
    8.091407028904));
#3291 = CARTESIAN_POINT('',(22.259434494089,-14.3824178181,
    7.642319553779));
#3292 = CARTESIAN_POINT('',(21.798569966598,-14.45699100023,
    7.31930761451));
#3293 = CARTESIAN_POINT('',(21.273596378633,-14.49403720715,
    7.158842863021));
#3294 = CARTESIAN_POINT('',(20.75,-14.49403720715,7.158842863021));
#3295 = CARTESIAN_POINT('',(23.25,-14.03993313124,9.125783712243));
#3296 = CARTESIAN_POINT('',(23.25,-14.04058775323,9.122948232874));
#3297 = CARTESIAN_POINT('',(23.249994767239,-14.04125190593,
    9.120071471486));
#3298 = CARTESIAN_POINT('',(23.249985229943,-14.04186320109,
    9.117423661251));
#3299 = CARTESIAN_POINT('',(23.249969017333,-14.04261646579,
    9.114160913343));
#3300 = CARTESIAN_POINT('',(23.249949583442,-14.04310466382,
    9.112046295387));
#3301 = CARTESIAN_POINT('',(23.245286425573,-14.19103757427,
    8.471278462757));
#3302 = CARTESIAN_POINT('',(23.035516471486,-14.3378592742,
    7.835323811652));
#3303 = CARTESIAN_POINT('',(22.62165178495,-14.46559788698,
    7.282027092192));
#3304 = CARTESIAN_POINT('',(22.050176416783,-14.55701523868,
    6.886055038835));
#3305 = CARTESIAN_POINT('',(21.400081216122,-14.60265356118,
    6.688373745985));
#3306 = CARTESIAN_POINT('',(20.75,-14.60265356118,6.688373745985));
#3307 = DEFINITIONAL_REPRESENTATION('',(#3308),#3319);
#3308 = B_SPLINE_CURVE_WITH_KNOTS('',9,(#3309,#3310,#3311,#3312,#3313,
    #3314,#3315,#3316,#3317,#3318),.UNSPECIFIED.,.F.,.F.,(10,10),(0.,
    1.570796326795),.PIECEWISE_BEZIER_KNOTS.);
#3309 = CARTESIAN_POINT('',(0.,3.604597868389));
#3310 = CARTESIAN_POINT('',(0.389987697103,3.604597868389));
#3311 = CARTESIAN_POINT('',(0.748257750312,3.604597868389));
#3312 = CARTESIAN_POINT('',(1.087821368123,3.604597868388));
#3313 = CARTESIAN_POINT('',(1.417018691203,3.604597868389));
#3314 = CARTESIAN_POINT('',(1.742991890021,3.604597868388));
#3315 = CARTESIAN_POINT('',(2.072189213101,3.604597868389));
#3316 = CARTESIAN_POINT('',(2.411752830913,3.604597868389));
#3317 = CARTESIAN_POINT('',(2.770022884121,3.604597868389));
#3318 = CARTESIAN_POINT('',(3.160010581224,3.604597868389));
#3319 = ( GEOMETRIC_REPRESENTATION_CONTEXT(2) 
PARAMETRIC_REPRESENTATION_CONTEXT() REPRESENTATION_CONTEXT('2D SPACE',''
  ) );
#3320 = ORIENTED_EDGE('',*,*,#3321,.F.);
#3321 = EDGE_CURVE('',#3098,#3254,#3322,.T.);
#3322 = SURFACE_CURVE('',#3323,(#3327,#3334),.PCURVE_S1.);
#3323 = LINE('',#3324,#3325);
#3324 = CARTESIAN_POINT('',(22.75,-13.71626007265,12.750471497962));
#3325 = VECTOR('',#3326,1.);
#3326 = DIRECTION('',(0.,-0.224951054344,-0.974370064785));
#3327 = PCURVE('',#3132,#3328);
#3328 = DEFINITIONAL_REPRESENTATION('',(#3329),#3333);
#3329 = LINE('',#3330,#3331);
#3330 = CARTESIAN_POINT('',(0.,0.));
#3331 = VECTOR('',#3332,1.);
#3332 = DIRECTION('',(0.,1.));
#3333 = ( GEOMETRIC_REPRESENTATION_CONTEXT(2) 
PARAMETRIC_REPRESENTATION_CONTEXT() REPRESENTATION_CONTEXT('2D SPACE',''
  ) );
#3334 = PCURVE('',#3335,#3340);
#3335 = PLANE('',#3336);
#3336 = AXIS2_PLACEMENT_3D('',#3337,#3338,#3339);
#3337 = CARTESIAN_POINT('',(22.75,-30.68280058471,11.496608936497));
#3338 = DIRECTION('',(1.,0.,0.));
#3339 = DIRECTION('',(0.,0.258819045103,0.965925826289));
#3340 = DEFINITIONAL_REPRESENTATION('',(#3341),#3345);
#3341 = LINE('',#3342,#3343);
#3342 = CARTESIAN_POINT('',(5.602402044761,-16.06389615253));
#3343 = VECTOR('',#3344,1.);
#3344 = DIRECTION('',(-0.999390827019,-3.48994967025E-02));
#3345 = ( GEOMETRIC_REPRESENTATION_CONTEXT(2) 
PARAMETRIC_REPRESENTATION_CONTEXT() REPRESENTATION_CONTEXT('2D SPACE',''
  ) );
#3346 = ORIENTED_EDGE('',*,*,#3097,.F.);
#3347 = ADVANCED_FACE('',(#3348),#3335,.F.);
#3348 = FACE_BOUND('',#3349,.F.);
#3349 = EDGE_LOOP('',(#3350,#3378,#3379,#3402));
#3350 = ORIENTED_EDGE('',*,*,#3351,.T.);
#3351 = EDGE_CURVE('',#3352,#3254,#3354,.T.);
#3352 = VERTEX_POINT('',#3353);
#3353 = CARTESIAN_POINT('',(22.75,-16.25583059594,9.701466339599));
#3354 = SURFACE_CURVE('',#3355,(#3359,#3366),.PCURVE_S1.);
#3355 = LINE('',#3356,#3357);
#3356 = CARTESIAN_POINT('',(22.75,-30.1651624945,13.428460589075));
#3357 = VECTOR('',#3358,1.);
#3358 = DIRECTION('',(0.,0.965925826289,-0.258819045103));
#3359 = PCURVE('',#3335,#3360);
#3360 = DEFINITIONAL_REPRESENTATION('',(#3361),#3365);
#3361 = LINE('',#3362,#3363);
#3362 = CARTESIAN_POINT('',(2.,-1.064176583818E-15));
#3363 = VECTOR('',#3364,1.);
#3364 = DIRECTION('',(-1.225300278295E-17,-1.));
#3365 = ( GEOMETRIC_REPRESENTATION_CONTEXT(2) 
PARAMETRIC_REPRESENTATION_CONTEXT() REPRESENTATION_CONTEXT('2D SPACE',''
  ) );
#3366 = PCURVE('',#3367,#3372);
#3367 = CYLINDRICAL_SURFACE('',#3368,2.);
#3368 = AXIS2_PLACEMENT_3D('',#3369,#3370,#3371);
#3369 = CARTESIAN_POINT('',(20.75,-30.1651624945,13.428460589075));
#3370 = DIRECTION('',(0.,0.965925826289,-0.258819045103));
#3371 = DIRECTION('',(1.,0.,0.));
#3372 = DEFINITIONAL_REPRESENTATION('',(#3373),#3377);
#3373 = LINE('',#3374,#3375);
#3374 = CARTESIAN_POINT('',(0.,0.));
#3375 = VECTOR('',#3376,1.);
#3376 = DIRECTION('',(0.,1.));
#3377 = ( GEOMETRIC_REPRESENTATION_CONTEXT(2) 
PARAMETRIC_REPRESENTATION_CONTEXT() REPRESENTATION_CONTEXT('2D SPACE',''
  ) );
#3378 = ORIENTED_EDGE('',*,*,#3321,.F.);
#3379 = ORIENTED_EDGE('',*,*,#3380,.T.);
#3380 = EDGE_CURVE('',#3098,#3381,#3383,.T.);
#3381 = VERTEX_POINT('',#3382);
#3382 = CARTESIAN_POINT('',(22.75,-15.72927422007,11.666601487388));
#3383 = SURFACE_CURVE('',#3384,(#3388,#3395),.PCURVE_S1.);
#3384 = LINE('',#3385,#3386);
#3385 = CARTESIAN_POINT('',(22.75,-13.13804994395,12.146351351332));
#3386 = VECTOR('',#3387,1.);
#3387 = DIRECTION('',(0.,-0.983289238916,-0.182050192619));
#3388 = PCURVE('',#3335,#3389);
#3389 = DEFINITIONAL_REPRESENTATION('',(#3390),#3394);
#3390 = LINE('',#3391,#3392);
#3391 = CARTESIAN_POINT('',(5.168518586329,-16.77876204834));
#3392 = VECTOR('',#3393,1.);
#3393 = DIRECTION('',(-0.430340964607,0.902666413566));
#3394 = ( GEOMETRIC_REPRESENTATION_CONTEXT(2) 
PARAMETRIC_REPRESENTATION_CONTEXT() REPRESENTATION_CONTEXT('2D SPACE',''
  ) );
#3395 = PCURVE('',#3196,#3396);
#3396 = DEFINITIONAL_REPRESENTATION('',(#3397),#3401);
#3397 = LINE('',#3398,#3399);
#3398 = CARTESIAN_POINT('',(1.570796326795,0.));
#3399 = VECTOR('',#3400,1.);
#3400 = DIRECTION('',(0.,1.));
#3401 = ( GEOMETRIC_REPRESENTATION_CONTEXT(2) 
PARAMETRIC_REPRESENTATION_CONTEXT() REPRESENTATION_CONTEXT('2D SPACE',''
  ) );
#3402 = ORIENTED_EDGE('',*,*,#3403,.T.);
#3403 = EDGE_CURVE('',#3381,#3352,#3404,.T.);
#3404 = SURFACE_CURVE('',#3405,(#3409,#3416),.PCURVE_S1.);
#3405 = LINE('',#3406,#3407);
#3406 = CARTESIAN_POINT('',(22.75,-15.64760583995,11.971392031378));
#3407 = VECTOR('',#3408,1.);
#3408 = DIRECTION('',(0.,-0.258819045103,-0.965925826289));
#3409 = PCURVE('',#3335,#3410);
#3410 = DEFINITIONAL_REPRESENTATION('',(#3411),#3415);
#3411 = LINE('',#3412,#3413);
#3412 = CARTESIAN_POINT('',(4.35,-14.4));
#3413 = VECTOR('',#3414,1.);
#3414 = DIRECTION('',(-1.,-1.225300278295E-17));
#3415 = ( GEOMETRIC_REPRESENTATION_CONTEXT(2) 
PARAMETRIC_REPRESENTATION_CONTEXT() REPRESENTATION_CONTEXT('2D SPACE',''
  ) );
#3416 = PCURVE('',#3417,#3422);
#3417 = CYLINDRICAL_SURFACE('',#3418,0.5);
#3418 = AXIS2_PLACEMENT_3D('',#3419,#3420,#3421);
#3419 = CARTESIAN_POINT('',(23.25,-15.64760583995,11.971392031378));
#3420 = DIRECTION('',(0.,-0.258819045103,-0.965925826289));
#3421 = DIRECTION('',(0.,-0.965925826289,0.258819045103));
#3422 = DEFINITIONAL_REPRESENTATION('',(#3423),#3427);
#3423 = LINE('',#3424,#3425);
#3424 = CARTESIAN_POINT('',(1.570796326795,0.));
#3425 = VECTOR('',#3426,1.);
#3426 = DIRECTION('',(0.,1.));
#3427 = ( GEOMETRIC_REPRESENTATION_CONTEXT(2) 
PARAMETRIC_REPRESENTATION_CONTEXT() REPRESENTATION_CONTEXT('2D SPACE',''
  ) );
#3428 = ADVANCED_FACE('',(#3429),#3417,.T.);
#3429 = FACE_BOUND('',#3430,.T.);
#3430 = EDGE_LOOP('',(#3431,#3461,#3537,#3538));
#3431 = ORIENTED_EDGE('',*,*,#3432,.F.);
#3432 = EDGE_CURVE('',#3433,#3435,#3437,.T.);
#3433 = VERTEX_POINT('',#3434);
#3434 = CARTESIAN_POINT('',(23.25,-16.23673764725,11.704573846742));
#3435 = VERTEX_POINT('',#3436);
#3436 = CARTESIAN_POINT('',(23.25,-16.73879350908,9.83087586215));
#3437 = SURFACE_CURVE('',#3438,(#3442,#3449),.PCURVE_S1.);
#3438 = LINE('',#3439,#3440);
#3439 = CARTESIAN_POINT('',(23.25,-16.13056875309,12.100801553929));
#3440 = VECTOR('',#3441,1.);
#3441 = DIRECTION('',(0.,-0.258819045103,-0.965925826289));
#3442 = PCURVE('',#3417,#3443);
#3443 = DEFINITIONAL_REPRESENTATION('',(#3444),#3448);
#3444 = LINE('',#3445,#3446);
#3445 = CARTESIAN_POINT('',(0.,0.));
#3446 = VECTOR('',#3447,1.);
#3447 = DIRECTION('',(0.,1.));
#3448 = ( GEOMETRIC_REPRESENTATION_CONTEXT(2) 
PARAMETRIC_REPRESENTATION_CONTEXT() REPRESENTATION_CONTEXT('2D SPACE',''
  ) );
#3449 = PCURVE('',#3450,#3455);
#3450 = PLANE('',#3451);
#3451 = AXIS2_PLACEMENT_3D('',#3452,#3453,#3454);
#3452 = CARTESIAN_POINT('',(-31.15,-17.55407350116,6.788209509339));
#3453 = DIRECTION('',(0.,0.965925826289,-0.258819045103));
#3454 = DIRECTION('',(1.,0.,0.));
#3455 = DEFINITIONAL_REPRESENTATION('',(#3456),#3460);
#3456 = LINE('',#3457,#3458);
#3457 = CARTESIAN_POINT('',(54.4,-5.5));
#3458 = VECTOR('',#3459,1.);
#3459 = DIRECTION('',(0.,1.));
#3460 = ( GEOMETRIC_REPRESENTATION_CONTEXT(2) 
PARAMETRIC_REPRESENTATION_CONTEXT() REPRESENTATION_CONTEXT('2D SPACE',''
  ) );
#3461 = ORIENTED_EDGE('',*,*,#3462,.T.);
#3462 = EDGE_CURVE('',#3433,#3381,#3463,.T.);
#3463 = SURFACE_CURVE('',#3464,(#3477,#3493),.PCURVE_S1.);
#3464 = ( BOUNDED_CURVE() B_SPLINE_CURVE(11,(#3465,#3466,#3467,#3468,
    #3469,#3470,#3471,#3472,#3473,#3474,#3475,#3476),.UNSPECIFIED.,.F.,
.F.) B_SPLINE_CURVE_WITH_KNOTS((12,12),(21.799705299781,22.658263301001)
,.PIECEWISE_BEZIER_KNOTS.) CURVE() GEOMETRIC_REPRESENTATION_ITEM() 
RATIONAL_B_SPLINE_CURVE((1.,1.,1.,0.999999999999,1.000000000001,
    0.999999999998,1.000000000002,0.999999999999,1.000000000001,1.,1.,1.
)) REPRESENTATION_ITEM('') );
#3465 = CARTESIAN_POINT('',(23.25,-16.23673764725,11.704573846742));
#3466 = CARTESIAN_POINT('',(23.215567473913,-16.23673764725,
    11.704573846742));
#3467 = CARTESIAN_POINT('',(23.18114148864,-16.23486419406,
    11.702060594385));
#3468 = CARTESIAN_POINT('',(23.144320137449,-16.22984374187,
    11.696479026462));
#3469 = CARTESIAN_POINT('',(23.104567762873,-16.22623571623,
    11.690979107333));
#3470 = CARTESIAN_POINT('',(23.051111336749,-16.20498369746,
    11.683854769712));
#3471 = CARTESIAN_POINT('',(23.005209214036,-16.19406685585,
    11.680002845161));
#3472 = CARTESIAN_POINT('',(22.907681031176,-16.14347104643,
    11.69289742163));
#3473 = CARTESIAN_POINT('',(22.836131563557,-16.0626593151,
    11.68881067173));
#3474 = CARTESIAN_POINT('',(22.778096469512,-15.95948269431,
    11.683963807622));
#3475 = CARTESIAN_POINT('',(22.75,-15.84434931532,11.67521230077));
#3476 = CARTESIAN_POINT('',(22.75,-15.72927422007,11.666601487388));
#3477 = PCURVE('',#3417,#3478);
#3478 = DEFINITIONAL_REPRESENTATION('',(#3479),#3492);
#3479 = B_SPLINE_CURVE_WITH_KNOTS('',11,(#3480,#3481,#3482,#3483,#3484,
    #3485,#3486,#3487,#3488,#3489,#3490,#3491),.UNSPECIFIED.,.F.,.F.,(12
    ,12),(21.799705299781,22.658263301001),.PIECEWISE_BEZIER_KNOTS.);
#3480 = CARTESIAN_POINT('',(-4.551911474485E-15,0.410205107269));
#3481 = CARTESIAN_POINT('',(6.886505217324E-02,0.410205107269));
#3482 = CARTESIAN_POINT('',(0.137794769101,0.412142055225));
#3483 = CARTESIAN_POINT('',(0.211304944736,0.416272667387));
#3484 = CARTESIAN_POINT('',(0.294330231189,0.420527930454));
#3485 = CARTESIAN_POINT('',(0.398455387111,0.422151371982));
#3486 = CARTESIAN_POINT('',(0.509289864391,0.422730926825));
#3487 = CARTESIAN_POINT('',(0.700661142935,0.397458599517));
#3488 = CARTESIAN_POINT('',(0.897524983174,0.380328446092));
#3489 = CARTESIAN_POINT('',(1.117393454483,0.358363689398));
#3490 = CARTESIAN_POINT('',(1.344031028871,0.337008609444));
#3491 = CARTESIAN_POINT('',(1.570796326795,0.315542390207));
#3492 = ( GEOMETRIC_REPRESENTATION_CONTEXT(2) 
PARAMETRIC_REPRESENTATION_CONTEXT() REPRESENTATION_CONTEXT('2D SPACE',''
  ) );
#3493 = PCURVE('',#3494,#3531);
#3494 = ( BOUNDED_SURFACE() B_SPLINE_SURFACE(2,11,(
    (#3495,#3496,#3497,#3498,#3499,#3500,#3501,#3502,#3503,#3504,#3505
      ,#3506)
    ,(#3507,#3508,#3509,#3510,#3511,#3512,#3513,#3514,#3515,#3516,#3517
      ,#3518)
    ,(#3519,#3520,#3521,#3522,#3523,#3524,#3525,#3526,#3527,#3528,#3529
,#3530
    )),.UNSPECIFIED.,.F.,.F.,.F.) B_SPLINE_SURFACE_WITH_KNOTS((3,3),(12,
    12),(0.,0.85855800122),(21.799705299781,22.658263301001),
.PIECEWISE_BEZIER_KNOTS.) GEOMETRIC_REPRESENTATION_ITEM() 
RATIONAL_B_SPLINE_SURFACE((
    (1.,1.,1.,0.999999999999,1.000000000001,0.999999999998
      ,1.000000000002,0.999999999999,1.000000000001,1.,1.,1.)
    ,(0.845677528555,0.845677528555,0.845418379388,0.8449696034
      ,0.844665754044,0.855188235946,0.855836191053,0.914195841775
      ,0.950139409113,0.984113444058,1.,1.)
    ,(1.,1.,1.,0.999999999999,1.000000000001,0.999999999998
      ,1.000000000002,0.999999999999,1.000000000001,1.,1.,1.
))) REPRESENTATION_ITEM('') SURFACE() );
#3495 = CARTESIAN_POINT('',(23.25,-15.72721848537,12.175479472721));
#3496 = CARTESIAN_POINT('',(23.215567473913,-15.72721848537,
    12.175479472721));
#3497 = CARTESIAN_POINT('',(23.18114148864,-15.72486035921,
    12.17341416274));
#3498 = CARTESIAN_POINT('',(23.144320137449,-15.71969092354,
    12.167970287694));
#3499 = CARTESIAN_POINT('',(23.104567762874,-15.71449180065,
    12.163940885684));
#3500 = CARTESIAN_POINT('',(23.051111336748,-15.70906093797,
    12.142194386672));
#3501 = CARTESIAN_POINT('',(23.005209214037,-15.70607952148,
    12.13100841738));
#3502 = CARTESIAN_POINT('',(22.907681031175,-15.72291336594,
    12.081583446822));
#3503 = CARTESIAN_POINT('',(22.836131563558,-15.72519487479,
    12.00070061699));
#3504 = CARTESIAN_POINT('',(22.778096469512,-15.72847755532,
    11.897462391611));
#3505 = CARTESIAN_POINT('',(22.75,-15.72880805078,11.781997355339));
#3506 = CARTESIAN_POINT('',(22.75,-15.72927422007,11.666601487388));
#3507 = CARTESIAN_POINT('',(23.25,-16.13056875309,12.100801553929));
#3508 = CARTESIAN_POINT('',(23.178600493823,-16.13056875309,
    12.100801553929));
#3509 = CARTESIAN_POINT('',(23.107207836467,-16.12395772075,
    12.093648427113));
#3510 = CARTESIAN_POINT('',(23.035181293356,-16.11086586422,
    12.079483058518));
#3511 = CARTESIAN_POINT('',(22.964083743244,-16.08993620445,
    12.056837198894));
#3512 = CARTESIAN_POINT('',(22.89562519616,-16.05955156658,
    12.023961067526));
#3513 = CARTESIAN_POINT('',(22.827862439742,-16.02013035224,
    11.981307374336));
#3514 = CARTESIAN_POINT('',(22.802869856891,-15.96414142803,
    11.920727444584));
#3515 = CARTESIAN_POINT('',(22.771863218744,-15.90604241808,
    11.857864405324));
#3516 = CARTESIAN_POINT('',(22.757648331741,-15.84575650359,
    11.792635138717));
#3517 = CARTESIAN_POINT('',(22.75,-15.78657868305,11.728604828055));
#3518 = CARTESIAN_POINT('',(22.75,-15.72927422007,11.666601487388));
#3519 = CARTESIAN_POINT('',(23.25,-16.23673764725,11.704573846742));
#3520 = CARTESIAN_POINT('',(23.215567473913,-16.23673764725,
    11.704573846742));
#3521 = CARTESIAN_POINT('',(23.18114148864,-16.23486419406,
    11.702060594385));
#3522 = CARTESIAN_POINT('',(23.144320137449,-16.22984374187,
    11.696479026462));
#3523 = CARTESIAN_POINT('',(23.104567762873,-16.22623571623,
    11.690979107333));
#3524 = CARTESIAN_POINT('',(23.051111336749,-16.20498369746,
    11.683854769712));
#3525 = CARTESIAN_POINT('',(23.005209214036,-16.19406685585,
    11.680002845161));
#3526 = CARTESIAN_POINT('',(22.907681031176,-16.14347104643,
    11.69289742163));
#3527 = CARTESIAN_POINT('',(22.836131563557,-16.0626593151,
    11.68881067173));
#3528 = CARTESIAN_POINT('',(22.778096469512,-15.95948269431,
    11.683963807622));
#3529 = CARTESIAN_POINT('',(22.75,-15.84434931532,11.67521230077));
#3530 = CARTESIAN_POINT('',(22.75,-15.72927422007,11.666601487388));
#3531 = DEFINITIONAL_REPRESENTATION('',(#3532),#3536);
#3532 = LINE('',#3533,#3534);
#3533 = CARTESIAN_POINT('',(0.85855800122,0.));
#3534 = VECTOR('',#3535,1.);
#3535 = DIRECTION('',(0.,1.));
#3536 = ( GEOMETRIC_REPRESENTATION_CONTEXT(2) 
PARAMETRIC_REPRESENTATION_CONTEXT() REPRESENTATION_CONTEXT('2D SPACE',''
  ) );
#3537 = ORIENTED_EDGE('',*,*,#3403,.T.);
#3538 = ORIENTED_EDGE('',*,*,#3539,.F.);
#3539 = EDGE_CURVE('',#3435,#3352,#3540,.T.);
#3540 = SURFACE_CURVE('',#3541,(#3546,#3553),.PCURVE_S1.);
#3541 = CIRCLE('',#3542,0.5);
#3542 = AXIS2_PLACEMENT_3D('',#3543,#3544,#3545);
#3543 = CARTESIAN_POINT('',(23.25,-16.25583059594,9.701466339599));
#3544 = DIRECTION('',(0.,-0.258819045103,-0.965925826289));
#3545 = DIRECTION('',(0.,-0.965925826289,0.258819045103));
#3546 = PCURVE('',#3417,#3547);
#3547 = DEFINITIONAL_REPRESENTATION('',(#3548),#3552);
#3548 = LINE('',#3549,#3550);
#3549 = CARTESIAN_POINT('',(0.,2.35));
#3550 = VECTOR('',#3551,1.);
#3551 = DIRECTION('',(1.,0.));
#3552 = ( GEOMETRIC_REPRESENTATION_CONTEXT(2) 
PARAMETRIC_REPRESENTATION_CONTEXT() REPRESENTATION_CONTEXT('2D SPACE',''
  ) );
#3553 = PCURVE('',#3554,#3559);
#3554 = TOROIDAL_SURFACE('',#3555,2.5,0.5);
#3555 = AXIS2_PLACEMENT_3D('',#3556,#3557,#3558);
#3556 = CARTESIAN_POINT('',(20.75,-16.25583059594,9.701466339599));
#3557 = DIRECTION('',(0.,-0.965925826289,0.258819045103));
#3558 = DIRECTION('',(1.,7.928276199803E-19,2.958872959411E-18));
#3559 = DEFINITIONAL_REPRESENTATION('',(#3560),#3564);
#3560 = LINE('',#3561,#3562);
#3561 = CARTESIAN_POINT('',(-0.,1.570796326795));
#3562 = VECTOR('',#3563,1.);
#3563 = DIRECTION('',(-0.,1.));
#3564 = ( GEOMETRIC_REPRESENTATION_CONTEXT(2) 
PARAMETRIC_REPRESENTATION_CONTEXT() REPRESENTATION_CONTEXT('2D SPACE',''
  ) );
#3565 = ADVANCED_FACE('',(#3566),#3554,.T.);
#3566 = FACE_BOUND('',#3567,.F.);
#3567 = EDGE_LOOP('',(#3568,#3569,#3593,#3622));
#3568 = ORIENTED_EDGE('',*,*,#3539,.F.);
#3569 = ORIENTED_EDGE('',*,*,#3570,.T.);
#3570 = EDGE_CURVE('',#3435,#3571,#3573,.T.);
#3571 = VERTEX_POINT('',#3572);
#3572 = CARTESIAN_POINT('',(20.75,-17.38584112184,7.416061296427));
#3573 = SURFACE_CURVE('',#3574,(#3579,#3586),.PCURVE_S1.);
#3574 = CIRCLE('',#3575,2.5);
#3575 = AXIS2_PLACEMENT_3D('',#3576,#3577,#3578);
#3576 = CARTESIAN_POINT('',(20.75,-16.73879350908,9.83087586215));
#3577 = DIRECTION('',(8.563828492821E-37,0.965925826289,-0.258819045103)
  );
#3578 = DIRECTION('',(1.,7.928276199803E-19,2.958872959411E-18));
#3579 = PCURVE('',#3554,#3580);
#3580 = DEFINITIONAL_REPRESENTATION('',(#3581),#3585);
#3581 = LINE('',#3582,#3583);
#3582 = CARTESIAN_POINT('',(-0.,1.570796326795));
#3583 = VECTOR('',#3584,1.);
#3584 = DIRECTION('',(-1.,0.));
#3585 = ( GEOMETRIC_REPRESENTATION_CONTEXT(2) 
PARAMETRIC_REPRESENTATION_CONTEXT() REPRESENTATION_CONTEXT('2D SPACE',''
  ) );
#3586 = PCURVE('',#3450,#3587);
#3587 = DEFINITIONAL_REPRESENTATION('',(#3588),#3592);
#3588 = CIRCLE('',#3589,2.5);
#3589 = AXIS2_PLACEMENT_2D('',#3590,#3591);
#3590 = CARTESIAN_POINT('',(51.9,-3.15));
#3591 = DIRECTION('',(1.,-3.063250695737E-18));
#3592 = ( GEOMETRIC_REPRESENTATION_CONTEXT(2) 
PARAMETRIC_REPRESENTATION_CONTEXT() REPRESENTATION_CONTEXT('2D SPACE',''
  ) );
#3593 = ORIENTED_EDGE('',*,*,#3594,.T.);
#3594 = EDGE_CURVE('',#3571,#3595,#3597,.T.);
#3595 = VERTEX_POINT('',#3596);
#3596 = CARTESIAN_POINT('',(20.75,-16.77346868615,7.769614687021));
#3597 = SURFACE_CURVE('',#3598,(#3603,#3610),.PCURVE_S1.);
#3598 = CIRCLE('',#3599,0.5);
#3599 = AXIS2_PLACEMENT_3D('',#3600,#3601,#3602);
#3600 = CARTESIAN_POINT('',(20.75,-16.9028782087,7.286651773876));
#3601 = DIRECTION('',(-1.,-1.664092337714E-17,-6.210477152834E-17));
#3602 = DIRECTION('',(6.42955906531E-17,-0.258819045103,-0.965925826289)
  );
#3603 = PCURVE('',#3554,#3604);
#3604 = DEFINITIONAL_REPRESENTATION('',(#3605),#3609);
#3605 = LINE('',#3606,#3607);
#3606 = CARTESIAN_POINT('',(-1.570796326795,0.));
#3607 = VECTOR('',#3608,1.);
#3608 = DIRECTION('',(-0.,1.));
#3609 = ( GEOMETRIC_REPRESENTATION_CONTEXT(2) 
PARAMETRIC_REPRESENTATION_CONTEXT() REPRESENTATION_CONTEXT('2D SPACE',''
  ) );
#3610 = PCURVE('',#3611,#3616);
#3611 = CYLINDRICAL_SURFACE('',#3612,0.5);
#3612 = AXIS2_PLACEMENT_3D('',#3613,#3614,#3615);
#3613 = CARTESIAN_POINT('',(20.75,-16.9028782087,7.286651773876));
#3614 = DIRECTION('',(-1.,-0.,0.));
#3615 = DIRECTION('',(0.,-0.965925826289,0.258819045103));
#3616 = DEFINITIONAL_REPRESENTATION('',(#3617),#3621);
#3617 = LINE('',#3618,#3619);
#3618 = CARTESIAN_POINT('',(-1.570796326795,0.));
#3619 = VECTOR('',#3620,1.);
#3620 = DIRECTION('',(1.,0.));
#3621 = ( GEOMETRIC_REPRESENTATION_CONTEXT(2) 
PARAMETRIC_REPRESENTATION_CONTEXT() REPRESENTATION_CONTEXT('2D SPACE',''
  ) );
#3622 = ORIENTED_EDGE('',*,*,#3623,.F.);
#3623 = EDGE_CURVE('',#3352,#3595,#3624,.T.);
#3624 = SURFACE_CURVE('',#3625,(#3630,#3637),.PCURVE_S1.);
#3625 = CIRCLE('',#3626,2.);
#3626 = AXIS2_PLACEMENT_3D('',#3627,#3628,#3629);
#3627 = CARTESIAN_POINT('',(20.75,-16.25583059594,9.701466339599));
#3628 = DIRECTION('',(8.563828492821E-37,0.965925826289,-0.258819045103)
  );
#3629 = DIRECTION('',(1.,7.928276199803E-19,2.958872959411E-18));
#3630 = PCURVE('',#3554,#3631);
#3631 = DEFINITIONAL_REPRESENTATION('',(#3632),#3636);
#3632 = LINE('',#3633,#3634);
#3633 = CARTESIAN_POINT('',(-0.,3.14159265359));
#3634 = VECTOR('',#3635,1.);
#3635 = DIRECTION('',(-1.,0.));
#3636 = ( GEOMETRIC_REPRESENTATION_CONTEXT(2) 
PARAMETRIC_REPRESENTATION_CONTEXT() REPRESENTATION_CONTEXT('2D SPACE',''
  ) );
#3637 = PCURVE('',#3367,#3638);
#3638 = DEFINITIONAL_REPRESENTATION('',(#3639),#3643);
#3639 = LINE('',#3640,#3641);
#3640 = CARTESIAN_POINT('',(0.,14.4));
#3641 = VECTOR('',#3642,1.);
#3642 = DIRECTION('',(1.,0.));
#3643 = ( GEOMETRIC_REPRESENTATION_CONTEXT(2) 
PARAMETRIC_REPRESENTATION_CONTEXT() REPRESENTATION_CONTEXT('2D SPACE',''
  ) );
#3644 = ADVANCED_FACE('',(#3645),#3611,.T.);
#3645 = FACE_BOUND('',#3646,.T.);
#3646 = EDGE_LOOP('',(#3647,#3648,#3676,#3705));
#3647 = ORIENTED_EDGE('',*,*,#3594,.T.);
#3648 = ORIENTED_EDGE('',*,*,#3649,.T.);
#3649 = EDGE_CURVE('',#3595,#3650,#3652,.T.);
#3650 = VERTEX_POINT('',#3651);
#3651 = CARTESIAN_POINT('',(-20.75,-16.77346868615,7.769614687021));
#3652 = SURFACE_CURVE('',#3653,(#3657,#3664),.PCURVE_S1.);
#3653 = LINE('',#3654,#3655);
#3654 = CARTESIAN_POINT('',(20.75,-16.77346868615,7.769614687021));
#3655 = VECTOR('',#3656,1.);
#3656 = DIRECTION('',(-1.,-0.,0.));
#3657 = PCURVE('',#3611,#3658);
#3658 = DEFINITIONAL_REPRESENTATION('',(#3659),#3663);
#3659 = LINE('',#3660,#3661);
#3660 = CARTESIAN_POINT('',(1.570796326795,0.));
#3661 = VECTOR('',#3662,1.);
#3662 = DIRECTION('',(0.,1.));
#3663 = ( GEOMETRIC_REPRESENTATION_CONTEXT(2) 
PARAMETRIC_REPRESENTATION_CONTEXT() REPRESENTATION_CONTEXT('2D SPACE',''
  ) );
#3664 = PCURVE('',#3665,#3670);
#3665 = PLANE('',#3666);
#3666 = AXIS2_PLACEMENT_3D('',#3667,#3668,#3669);
#3667 = CARTESIAN_POINT('',(-22.75,-30.68280058471,11.496608936497));
#3668 = DIRECTION('',(0.,0.258819045103,0.965925826289));
#3669 = DIRECTION('',(1.,0.,0.));
#3670 = DEFINITIONAL_REPRESENTATION('',(#3671),#3675);
#3671 = LINE('',#3672,#3673);
#3672 = CARTESIAN_POINT('',(43.5,14.4));
#3673 = VECTOR('',#3674,1.);
#3674 = DIRECTION('',(-1.,0.));
#3675 = ( GEOMETRIC_REPRESENTATION_CONTEXT(2) 
PARAMETRIC_REPRESENTATION_CONTEXT() REPRESENTATION_CONTEXT('2D SPACE',''
  ) );
#3676 = ORIENTED_EDGE('',*,*,#3677,.F.);
#3677 = EDGE_CURVE('',#3678,#3650,#3680,.T.);
#3678 = VERTEX_POINT('',#3679);
#3679 = CARTESIAN_POINT('',(-20.75,-17.38584112184,7.416061296427));
#3680 = SURFACE_CURVE('',#3681,(#3686,#3693),.PCURVE_S1.);
#3681 = CIRCLE('',#3682,0.5);
#3682 = AXIS2_PLACEMENT_3D('',#3683,#3684,#3685);
#3683 = CARTESIAN_POINT('',(-20.75,-16.9028782087,7.286651773876));
#3684 = DIRECTION('',(-1.,0.,0.));
#3685 = DIRECTION('',(0.,-0.965925826289,0.258819045103));
#3686 = PCURVE('',#3611,#3687);
#3687 = DEFINITIONAL_REPRESENTATION('',(#3688),#3692);
#3688 = LINE('',#3689,#3690);
#3689 = CARTESIAN_POINT('',(0.,41.5));
#3690 = VECTOR('',#3691,1.);
#3691 = DIRECTION('',(1.,0.));
#3692 = ( GEOMETRIC_REPRESENTATION_CONTEXT(2) 
PARAMETRIC_REPRESENTATION_CONTEXT() REPRESENTATION_CONTEXT('2D SPACE',''
  ) );
#3693 = PCURVE('',#3694,#3699);
#3694 = TOROIDAL_SURFACE('',#3695,2.5,0.5);
#3695 = AXIS2_PLACEMENT_3D('',#3696,#3697,#3698);
#3696 = CARTESIAN_POINT('',(-20.75,-16.25583059594,9.701466339599));
#3697 = DIRECTION('',(0.,-0.965925826289,0.258819045103));
#3698 = DIRECTION('',(0.,-0.258819045103,-0.965925826289));
#3699 = DEFINITIONAL_REPRESENTATION('',(#3700),#3704);
#3700 = LINE('',#3701,#3702);
#3701 = CARTESIAN_POINT('',(-0.,1.570796326795));
#3702 = VECTOR('',#3703,1.);
#3703 = DIRECTION('',(-0.,1.));
#3704 = ( GEOMETRIC_REPRESENTATION_CONTEXT(2) 
PARAMETRIC_REPRESENTATION_CONTEXT() REPRESENTATION_CONTEXT('2D SPACE',''
  ) );
#3705 = ORIENTED_EDGE('',*,*,#3706,.F.);
#3706 = EDGE_CURVE('',#3571,#3678,#3707,.T.);
#3707 = SURFACE_CURVE('',#3708,(#3712,#3719),.PCURVE_S1.);
#3708 = LINE('',#3709,#3710);
#3709 = CARTESIAN_POINT('',(20.75,-17.38584112184,7.416061296427));
#3710 = VECTOR('',#3711,1.);
#3711 = DIRECTION('',(-1.,-0.,0.));
#3712 = PCURVE('',#3611,#3713);
#3713 = DEFINITIONAL_REPRESENTATION('',(#3714),#3718);
#3714 = LINE('',#3715,#3716);
#3715 = CARTESIAN_POINT('',(0.,0.));
#3716 = VECTOR('',#3717,1.);
#3717 = DIRECTION('',(0.,1.));
#3718 = ( GEOMETRIC_REPRESENTATION_CONTEXT(2) 
PARAMETRIC_REPRESENTATION_CONTEXT() REPRESENTATION_CONTEXT('2D SPACE',''
  ) );
#3719 = PCURVE('',#3450,#3720);
#3720 = DEFINITIONAL_REPRESENTATION('',(#3721),#3725);
#3721 = LINE('',#3722,#3723);
#3722 = CARTESIAN_POINT('',(51.9,-0.65));
#3723 = VECTOR('',#3724,1.);
#3724 = DIRECTION('',(-1.,-0.));
#3725 = ( GEOMETRIC_REPRESENTATION_CONTEXT(2) 
PARAMETRIC_REPRESENTATION_CONTEXT() REPRESENTATION_CONTEXT('2D SPACE',''
  ) );
#3726 = ADVANCED_FACE('',(#3727),#3694,.T.);
#3727 = FACE_BOUND('',#3728,.F.);
#3728 = EDGE_LOOP('',(#3729,#3730,#3754,#3783));
#3729 = ORIENTED_EDGE('',*,*,#3677,.F.);
#3730 = ORIENTED_EDGE('',*,*,#3731,.T.);
#3731 = EDGE_CURVE('',#3678,#3732,#3734,.T.);
#3732 = VERTEX_POINT('',#3733);
#3733 = CARTESIAN_POINT('',(-23.25,-16.73879350908,9.83087586215));
#3734 = SURFACE_CURVE('',#3735,(#3740,#3747),.PCURVE_S1.);
#3735 = CIRCLE('',#3736,2.5);
#3736 = AXIS2_PLACEMENT_3D('',#3737,#3738,#3739);
#3737 = CARTESIAN_POINT('',(-20.75,-16.73879350908,9.83087586215));
#3738 = DIRECTION('',(0.,0.965925826289,-0.258819045103));
#3739 = DIRECTION('',(0.,-0.258819045103,-0.965925826289));
#3740 = PCURVE('',#3694,#3741);
#3741 = DEFINITIONAL_REPRESENTATION('',(#3742),#3746);
#3742 = LINE('',#3743,#3744);
#3743 = CARTESIAN_POINT('',(-0.,1.570796326795));
#3744 = VECTOR('',#3745,1.);
#3745 = DIRECTION('',(-1.,0.));
#3746 = ( GEOMETRIC_REPRESENTATION_CONTEXT(2) 
PARAMETRIC_REPRESENTATION_CONTEXT() REPRESENTATION_CONTEXT('2D SPACE',''
  ) );
#3747 = PCURVE('',#3450,#3748);
#3748 = DEFINITIONAL_REPRESENTATION('',(#3749),#3753);
#3749 = CIRCLE('',#3750,2.5);
#3750 = AXIS2_PLACEMENT_2D('',#3751,#3752);
#3751 = CARTESIAN_POINT('',(10.4,-3.15));
#3752 = DIRECTION('',(0.,1.));
#3753 = ( GEOMETRIC_REPRESENTATION_CONTEXT(2) 
PARAMETRIC_REPRESENTATION_CONTEXT() REPRESENTATION_CONTEXT('2D SPACE',''
  ) );
#3754 = ORIENTED_EDGE('',*,*,#3755,.T.);
#3755 = EDGE_CURVE('',#3732,#3756,#3758,.T.);
#3756 = VERTEX_POINT('',#3757);
#3757 = CARTESIAN_POINT('',(-22.75,-16.25583059594,9.701466339599));
#3758 = SURFACE_CURVE('',#3759,(#3764,#3771),.PCURVE_S1.);
#3759 = CIRCLE('',#3760,0.5);
#3760 = AXIS2_PLACEMENT_3D('',#3761,#3762,#3763);
#3761 = CARTESIAN_POINT('',(-23.25,-16.25583059594,9.701466339599));
#3762 = DIRECTION('',(-6.123233995737E-17,0.258819045103,0.965925826289)
  );
#3763 = DIRECTION('',(-1.,-1.584809575716E-17,-5.914589856893E-17));
#3764 = PCURVE('',#3694,#3765);
#3765 = DEFINITIONAL_REPRESENTATION('',(#3766),#3770);
#3766 = LINE('',#3767,#3768);
#3767 = CARTESIAN_POINT('',(-1.570796326795,0.));
#3768 = VECTOR('',#3769,1.);
#3769 = DIRECTION('',(-0.,1.));
#3770 = ( GEOMETRIC_REPRESENTATION_CONTEXT(2) 
PARAMETRIC_REPRESENTATION_CONTEXT() REPRESENTATION_CONTEXT('2D SPACE',''
  ) );
#3771 = PCURVE('',#3772,#3777);
#3772 = CYLINDRICAL_SURFACE('',#3773,0.5);
#3773 = AXIS2_PLACEMENT_3D('',#3774,#3775,#3776);
#3774 = CARTESIAN_POINT('',(-23.25,-16.25583059594,9.701466339599));
#3775 = DIRECTION('',(0.,0.258819045103,0.965925826289));
#3776 = DIRECTION('',(0.,-0.965925826289,0.258819045103));
#3777 = DEFINITIONAL_REPRESENTATION('',(#3778),#3782);
#3778 = LINE('',#3779,#3780);
#3779 = CARTESIAN_POINT('',(-1.570796326795,1.867559569101E-15));
#3780 = VECTOR('',#3781,1.);
#3781 = DIRECTION('',(1.,0.));
#3782 = ( GEOMETRIC_REPRESENTATION_CONTEXT(2) 
PARAMETRIC_REPRESENTATION_CONTEXT() REPRESENTATION_CONTEXT('2D SPACE',''
  ) );
#3783 = ORIENTED_EDGE('',*,*,#3784,.F.);
#3784 = EDGE_CURVE('',#3650,#3756,#3785,.T.);
#3785 = SURFACE_CURVE('',#3786,(#3791,#3798),.PCURVE_S1.);
#3786 = CIRCLE('',#3787,2.);
#3787 = AXIS2_PLACEMENT_3D('',#3788,#3789,#3790);
#3788 = CARTESIAN_POINT('',(-20.75,-16.25583059594,9.701466339599));
#3789 = DIRECTION('',(0.,0.965925826289,-0.258819045103));
#3790 = DIRECTION('',(0.,-0.258819045103,-0.965925826289));
#3791 = PCURVE('',#3694,#3792);
#3792 = DEFINITIONAL_REPRESENTATION('',(#3793),#3797);
#3793 = LINE('',#3794,#3795);
#3794 = CARTESIAN_POINT('',(-0.,3.14159265359));
#3795 = VECTOR('',#3796,1.);
#3796 = DIRECTION('',(-1.,0.));
#3797 = ( GEOMETRIC_REPRESENTATION_CONTEXT(2) 
PARAMETRIC_REPRESENTATION_CONTEXT() REPRESENTATION_CONTEXT('2D SPACE',''
  ) );
#3798 = PCURVE('',#3799,#3804);
#3799 = CYLINDRICAL_SURFACE('',#3800,2.);
#3800 = AXIS2_PLACEMENT_3D('',#3801,#3802,#3803);
#3801 = CARTESIAN_POINT('',(-20.75,-30.1651624945,13.428460589075));
#3802 = DIRECTION('',(0.,0.965925826289,-0.258819045103));
#3803 = DIRECTION('',(-1.,0.,0.));
#3804 = DEFINITIONAL_REPRESENTATION('',(#3805),#3809);
#3805 = LINE('',#3806,#3807);
#3806 = CARTESIAN_POINT('',(-1.570796326795,14.4));
#3807 = VECTOR('',#3808,1.);
#3808 = DIRECTION('',(1.,-0.));
#3809 = ( GEOMETRIC_REPRESENTATION_CONTEXT(2) 
PARAMETRIC_REPRESENTATION_CONTEXT() REPRESENTATION_CONTEXT('2D SPACE',''
  ) );
#3810 = ADVANCED_FACE('',(#3811),#3772,.T.);
#3811 = FACE_BOUND('',#3812,.T.);
#3812 = EDGE_LOOP('',(#3813,#3836,#3837,#3865));
#3813 = ORIENTED_EDGE('',*,*,#3814,.F.);
#3814 = EDGE_CURVE('',#3732,#3815,#3817,.T.);
#3815 = VERTEX_POINT('',#3816);
#3816 = CARTESIAN_POINT('',(-23.25,-16.23673764725,11.704573846742));
#3817 = SURFACE_CURVE('',#3818,(#3822,#3829),.PCURVE_S1.);
#3818 = LINE('',#3819,#3820);
#3819 = CARTESIAN_POINT('',(-23.25,-16.73879350908,9.83087586215));
#3820 = VECTOR('',#3821,1.);
#3821 = DIRECTION('',(0.,0.258819045103,0.965925826289));
#3822 = PCURVE('',#3772,#3823);
#3823 = DEFINITIONAL_REPRESENTATION('',(#3824),#3828);
#3824 = LINE('',#3825,#3826);
#3825 = CARTESIAN_POINT('',(0.,0.));
#3826 = VECTOR('',#3827,1.);
#3827 = DIRECTION('',(0.,1.));
#3828 = ( GEOMETRIC_REPRESENTATION_CONTEXT(2) 
PARAMETRIC_REPRESENTATION_CONTEXT() REPRESENTATION_CONTEXT('2D SPACE',''
  ) );
#3829 = PCURVE('',#3450,#3830);
#3830 = DEFINITIONAL_REPRESENTATION('',(#3831),#3835);
#3831 = LINE('',#3832,#3833);
#3832 = CARTESIAN_POINT('',(7.9,-3.15));
#3833 = VECTOR('',#3834,1.);
#3834 = DIRECTION('',(0.,-1.));
#3835 = ( GEOMETRIC_REPRESENTATION_CONTEXT(2) 
PARAMETRIC_REPRESENTATION_CONTEXT() REPRESENTATION_CONTEXT('2D SPACE',''
  ) );
#3836 = ORIENTED_EDGE('',*,*,#3755,.T.);
#3837 = ORIENTED_EDGE('',*,*,#3838,.T.);
#3838 = EDGE_CURVE('',#3756,#3839,#3841,.T.);
#3839 = VERTEX_POINT('',#3840);
#3840 = CARTESIAN_POINT('',(-22.75,-15.72927422007,11.666601487388));
#3841 = SURFACE_CURVE('',#3842,(#3846,#3853),.PCURVE_S1.);
#3842 = LINE('',#3843,#3844);
#3843 = CARTESIAN_POINT('',(-22.75,-16.25583059594,9.701466339599));
#3844 = VECTOR('',#3845,1.);
#3845 = DIRECTION('',(0.,0.258819045103,0.965925826289));
#3846 = PCURVE('',#3772,#3847);
#3847 = DEFINITIONAL_REPRESENTATION('',(#3848),#3852);
#3848 = LINE('',#3849,#3850);
#3849 = CARTESIAN_POINT('',(1.570796326795,0.));
#3850 = VECTOR('',#3851,1.);
#3851 = DIRECTION('',(0.,1.));
#3852 = ( GEOMETRIC_REPRESENTATION_CONTEXT(2) 
PARAMETRIC_REPRESENTATION_CONTEXT() REPRESENTATION_CONTEXT('2D SPACE',''
  ) );
#3853 = PCURVE('',#3854,#3859);
#3854 = PLANE('',#3855);
#3855 = AXIS2_PLACEMENT_3D('',#3856,#3857,#3858);
#3856 = CARTESIAN_POINT('',(-22.75,-30.68280058471,11.496608936497));
#3857 = DIRECTION('',(1.,0.,0.));
#3858 = DIRECTION('',(0.,0.258819045103,0.965925826289));
#3859 = DEFINITIONAL_REPRESENTATION('',(#3860),#3864);
#3860 = LINE('',#3861,#3862);
#3861 = CARTESIAN_POINT('',(2.,-14.4));
#3862 = VECTOR('',#3863,1.);
#3863 = DIRECTION('',(1.,1.225300278295E-17));
#3864 = ( GEOMETRIC_REPRESENTATION_CONTEXT(2) 
PARAMETRIC_REPRESENTATION_CONTEXT() REPRESENTATION_CONTEXT('2D SPACE',''
  ) );
#3865 = ORIENTED_EDGE('',*,*,#3866,.T.);
#3866 = EDGE_CURVE('',#3839,#3815,#3867,.T.);
#3867 = SURFACE_CURVE('',#3868,(#3881,#3897),.PCURVE_S1.);
#3868 = ( BOUNDED_CURVE() B_SPLINE_CURVE(11,(#3869,#3870,#3871,#3872,
    #3873,#3874,#3875,#3876,#3877,#3878,#3879,#3880),.UNSPECIFIED.,.F.,
.F.) B_SPLINE_CURVE_WITH_KNOTS((12,12),(0.,0.85855800122),
.PIECEWISE_BEZIER_KNOTS.) CURVE() GEOMETRIC_REPRESENTATION_ITEM() 
RATIONAL_B_SPLINE_CURVE((1.,1.,1.,1.,1.,1.,1.,1.,1.,1.,1.,1.)) 
REPRESENTATION_ITEM('') );
#3869 = CARTESIAN_POINT('',(-22.75,-15.72927422007,11.666601487388));
#3870 = CARTESIAN_POINT('',(-22.75,-15.84434931532,11.67521230077));
#3871 = CARTESIAN_POINT('',(-22.77809646951,-15.95948269431,
    11.683963807622));
#3872 = CARTESIAN_POINT('',(-22.83613156355,-16.0626593151,
    11.68881067173));
#3873 = CARTESIAN_POINT('',(-22.90768103117,-16.14347104643,
    11.692897421631));
#3874 = CARTESIAN_POINT('',(-23.00520921403,-16.19406685585,
    11.68000284516));
#3875 = CARTESIAN_POINT('',(-23.05111133674,-16.20498369746,
    11.683854769713));
#3876 = CARTESIAN_POINT('',(-23.10456776287,-16.22623571623,
    11.690979107332));
#3877 = CARTESIAN_POINT('',(-23.14432013744,-16.22984374187,
    11.696479026463));
#3878 = CARTESIAN_POINT('',(-23.18114148864,-16.23486419406,
    11.702060594385));
#3879 = CARTESIAN_POINT('',(-23.21556747391,-16.23673764725,
    11.704573846742));
#3880 = CARTESIAN_POINT('',(-23.25,-16.23673764725,11.704573846742));
#3881 = PCURVE('',#3772,#3882);
#3882 = DEFINITIONAL_REPRESENTATION('',(#3883),#3896);
#3883 = B_SPLINE_CURVE_WITH_KNOTS('',11,(#3884,#3885,#3886,#3887,#3888,
    #3889,#3890,#3891,#3892,#3893,#3894,#3895),.UNSPECIFIED.,.F.,.F.,(12
    ,12),(0.,0.85855800122),.PIECEWISE_BEZIER_KNOTS.);
#3884 = CARTESIAN_POINT('',(1.570796326795,2.034457609793));
#3885 = CARTESIAN_POINT('',(1.344031028871,2.012991390556));
#3886 = CARTESIAN_POINT('',(1.117393454483,1.991636310602));
#3887 = CARTESIAN_POINT('',(0.897524983174,1.969671553908));
#3888 = CARTESIAN_POINT('',(0.700661142937,1.952541400483));
#3889 = CARTESIAN_POINT('',(0.509289864386,1.927269073176));
#3890 = CARTESIAN_POINT('',(0.398455387118,1.927848628017));
#3891 = CARTESIAN_POINT('',(0.294330231182,1.929472069547));
#3892 = CARTESIAN_POINT('',(0.211304944741,1.933727332612));
#3893 = CARTESIAN_POINT('',(0.1377947691,1.937857944775));
#3894 = CARTESIAN_POINT('',(6.886505217343E-02,1.939794892731));
#3895 = CARTESIAN_POINT('',(-3.853546075107E-16,1.939794892731));
#3896 = ( GEOMETRIC_REPRESENTATION_CONTEXT(2) 
PARAMETRIC_REPRESENTATION_CONTEXT() REPRESENTATION_CONTEXT('2D SPACE',''
  ) );
#3897 = PCURVE('',#3898,#3935);
#3898 = ( BOUNDED_SURFACE() B_SPLINE_SURFACE(2,11,(
    (#3899,#3900,#3901,#3902,#3903,#3904,#3905,#3906,#3907,#3908,#3909
      ,#3910)
    ,(#3911,#3912,#3913,#3914,#3915,#3916,#3917,#3918,#3919,#3920,#3921
      ,#3922)
    ,(#3923,#3924,#3925,#3926,#3927,#3928,#3929,#3930,#3931,#3932,#3933
,#3934
    )),.UNSPECIFIED.,.F.,.F.,.F.) B_SPLINE_SURFACE_WITH_KNOTS((3,3),(12,
    12),(0.,0.85855800122),(0.,0.85855800122),.PIECEWISE_BEZIER_KNOTS.) 
GEOMETRIC_REPRESENTATION_ITEM() RATIONAL_B_SPLINE_SURFACE((
    (1.,1.,1.,1.,1.,1.,1.,1.,1.,1.,1.,1.)
    ,(1.,1.,0.984113444058,0.950139409112,0.914195841776,0.855836191052
      ,0.855188235948,0.844665754043,0.844969603401,0.845418379388
      ,0.845677528555,0.845677528555)
,(1.,1.,1.,1.,1.,1.,1.,1.,1.,1.,1.,1.
))) REPRESENTATION_ITEM('') SURFACE() );
#3899 = CARTESIAN_POINT('',(-22.75,-15.72927422007,11.666601487388));
#3900 = CARTESIAN_POINT('',(-22.75,-15.72880805078,11.781997355339));
#3901 = CARTESIAN_POINT('',(-22.77809646951,-15.72847755532,
    11.897462391611));
#3902 = CARTESIAN_POINT('',(-22.83613156355,-15.72519487479,
    12.000700616989));
#3903 = CARTESIAN_POINT('',(-22.90768103117,-15.72291336594,
    12.081583446823));
#3904 = CARTESIAN_POINT('',(-23.00520921403,-15.70607952148,
    12.13100841738));
#3905 = CARTESIAN_POINT('',(-23.05111133674,-15.70906093797,
    12.142194386672));
#3906 = CARTESIAN_POINT('',(-23.10456776287,-15.71449180065,
    12.163940885684));
#3907 = CARTESIAN_POINT('',(-23.14432013744,-15.71969092354,
    12.167970287694));
#3908 = CARTESIAN_POINT('',(-23.18114148864,-15.72486035921,
    12.17341416274));
#3909 = CARTESIAN_POINT('',(-23.21556747391,-15.72721848537,
    12.175479472721));
#3910 = CARTESIAN_POINT('',(-23.25,-15.72721848537,12.175479472721));
#3911 = CARTESIAN_POINT('',(-22.75,-15.72927422007,11.666601487388));
#3912 = CARTESIAN_POINT('',(-22.75,-15.78657868305,11.728604828054));
#3913 = CARTESIAN_POINT('',(-22.75764833174,-15.84575650359,
    11.792635138717));
#3914 = CARTESIAN_POINT('',(-22.77186321874,-15.90604241808,
    11.857864405324));
#3915 = CARTESIAN_POINT('',(-22.80286985689,-15.96414142803,
    11.920727444585));
#3916 = CARTESIAN_POINT('',(-22.82786243974,-16.02013035224,
    11.981307374335));
#3917 = CARTESIAN_POINT('',(-22.89562519615,-16.05955156659,
    12.023961067526));
#3918 = CARTESIAN_POINT('',(-22.96408374324,-16.08993620445,
    12.056837198893));
#3919 = CARTESIAN_POINT('',(-23.03518129335,-16.11086586422,
    12.079483058518));
#3920 = CARTESIAN_POINT('',(-23.10720783646,-16.12395772075,
    12.093648427113));
#3921 = CARTESIAN_POINT('',(-23.17860049382,-16.13056875309,
    12.100801553929));
#3922 = CARTESIAN_POINT('',(-23.25,-16.13056875309,12.100801553929));
#3923 = CARTESIAN_POINT('',(-22.75,-15.72927422007,11.666601487388));
#3924 = CARTESIAN_POINT('',(-22.75,-15.84434931532,11.67521230077));
#3925 = CARTESIAN_POINT('',(-22.77809646951,-15.95948269431,
    11.683963807622));
#3926 = CARTESIAN_POINT('',(-22.83613156355,-16.0626593151,
    11.68881067173));
#3927 = CARTESIAN_POINT('',(-22.90768103117,-16.14347104643,
    11.692897421631));
#3928 = CARTESIAN_POINT('',(-23.00520921403,-16.19406685585,
    11.68000284516));
#3929 = CARTESIAN_POINT('',(-23.05111133674,-16.20498369746,
    11.683854769713));
#3930 = CARTESIAN_POINT('',(-23.10456776287,-16.22623571623,
    11.690979107332));
#3931 = CARTESIAN_POINT('',(-23.14432013744,-16.22984374187,
    11.696479026463));
#3932 = CARTESIAN_POINT('',(-23.18114148864,-16.23486419406,
    11.702060594385));
#3933 = CARTESIAN_POINT('',(-23.21556747391,-16.23673764725,
    11.704573846742));
#3934 = CARTESIAN_POINT('',(-23.25,-16.23673764725,11.704573846742));
#3935 = DEFINITIONAL_REPRESENTATION('',(#3936),#3940);
#3936 = LINE('',#3937,#3938);
#3937 = CARTESIAN_POINT('',(0.85855800122,0.));
#3938 = VECTOR('',#3939,1.);
#3939 = DIRECTION('',(0.,1.));
#3940 = ( GEOMETRIC_REPRESENTATION_CONTEXT(2) 
PARAMETRIC_REPRESENTATION_CONTEXT() REPRESENTATION_CONTEXT('2D SPACE',''
  ) );
#3941 = ADVANCED_FACE('',(#3942),#3854,.T.);
#3942 = FACE_BOUND('',#3943,.T.);
#3943 = EDGE_LOOP('',(#3944,#3967,#3995,#4021));
#3944 = ORIENTED_EDGE('',*,*,#3945,.T.);
#3945 = EDGE_CURVE('',#3756,#3946,#3948,.T.);
#3946 = VERTEX_POINT('',#3947);
#3947 = CARTESIAN_POINT('',(-22.75,-14.52711816363,9.238259239415));
#3948 = SURFACE_CURVE('',#3949,(#3953,#3960),.PCURVE_S1.);
#3949 = LINE('',#3950,#3951);
#3950 = CARTESIAN_POINT('',(-22.75,-30.1651624945,13.428460589075));
#3951 = VECTOR('',#3952,1.);
#3952 = DIRECTION('',(0.,0.965925826289,-0.258819045103));
#3953 = PCURVE('',#3854,#3954);
#3954 = DEFINITIONAL_REPRESENTATION('',(#3955),#3959);
#3955 = LINE('',#3956,#3957);
#3956 = CARTESIAN_POINT('',(2.,-1.064176583818E-15));
#3957 = VECTOR('',#3958,1.);
#3958 = DIRECTION('',(-1.225300278295E-17,-1.));
#3959 = ( GEOMETRIC_REPRESENTATION_CONTEXT(2) 
PARAMETRIC_REPRESENTATION_CONTEXT() REPRESENTATION_CONTEXT('2D SPACE',''
  ) );
#3960 = PCURVE('',#3799,#3961);
#3961 = DEFINITIONAL_REPRESENTATION('',(#3962),#3966);
#3962 = LINE('',#3963,#3964);
#3963 = CARTESIAN_POINT('',(-0.,0.));
#3964 = VECTOR('',#3965,1.);
#3965 = DIRECTION('',(-0.,1.));
#3966 = ( GEOMETRIC_REPRESENTATION_CONTEXT(2) 
PARAMETRIC_REPRESENTATION_CONTEXT() REPRESENTATION_CONTEXT('2D SPACE',''
  ) );
#3967 = ORIENTED_EDGE('',*,*,#3968,.T.);
#3968 = EDGE_CURVE('',#3946,#3969,#3971,.T.);
#3969 = VERTEX_POINT('',#3970);
#3970 = CARTESIAN_POINT('',(-22.75,-13.88777850694,12.007543537818));
#3971 = SURFACE_CURVE('',#3972,(#3976,#3983),.PCURVE_S1.);
#3972 = LINE('',#3973,#3974);
#3973 = CARTESIAN_POINT('',(-22.75,-14.53104589559,9.221246363199));
#3974 = VECTOR('',#3975,1.);
#3975 = DIRECTION('',(0.,0.224951054344,0.974370064785));
#3976 = PCURVE('',#3854,#3977);
#3977 = DEFINITIONAL_REPRESENTATION('',(#3978),#3982);
#3978 = LINE('',#3979,#3980);
#3979 = CARTESIAN_POINT('',(1.982550251649,-16.19030416259));
#3980 = VECTOR('',#3981,1.);
#3981 = DIRECTION('',(0.999390827019,3.48994967025E-02));
#3982 = ( GEOMETRIC_REPRESENTATION_CONTEXT(2) 
PARAMETRIC_REPRESENTATION_CONTEXT() REPRESENTATION_CONTEXT('2D SPACE',''
  ) );
#3983 = PCURVE('',#3984,#3989);
#3984 = CYLINDRICAL_SURFACE('',#3985,0.5);
#3985 = AXIS2_PLACEMENT_3D('',#3986,#3987,#3988);
#3986 = CARTESIAN_POINT('',(-23.25,-14.53104589559,9.221246363199));
#3987 = DIRECTION('',(0.,0.224951054344,0.974370064785));
#3988 = DIRECTION('',(1.,0.,0.));
#3989 = DEFINITIONAL_REPRESENTATION('',(#3990),#3994);
#3990 = LINE('',#3991,#3992);
#3991 = CARTESIAN_POINT('',(0.,0.));
#3992 = VECTOR('',#3993,1.);
#3993 = DIRECTION('',(0.,1.));
#3994 = ( GEOMETRIC_REPRESENTATION_CONTEXT(2) 
PARAMETRIC_REPRESENTATION_CONTEXT() REPRESENTATION_CONTEXT('2D SPACE',''
  ) );
#3995 = ORIENTED_EDGE('',*,*,#3996,.T.);
#3996 = EDGE_CURVE('',#3969,#3839,#3997,.T.);
#3997 = SURFACE_CURVE('',#3998,(#4002,#4009),.PCURVE_S1.);
#3998 = LINE('',#3999,#4000);
#3999 = CARTESIAN_POINT('',(-22.75,-13.13804994395,12.146351351332));
#4000 = VECTOR('',#4001,1.);
#4001 = DIRECTION('',(0.,-0.983289238916,-0.182050192619));
#4002 = PCURVE('',#3854,#4003);
#4003 = DEFINITIONAL_REPRESENTATION('',(#4004),#4008);
#4004 = LINE('',#4005,#4006);
#4005 = CARTESIAN_POINT('',(5.168518586329,-16.77876204834));
#4006 = VECTOR('',#4007,1.);
#4007 = DIRECTION('',(-0.430340964607,0.902666413566));
#4008 = ( GEOMETRIC_REPRESENTATION_CONTEXT(2) 
PARAMETRIC_REPRESENTATION_CONTEXT() REPRESENTATION_CONTEXT('2D SPACE',''
  ) );
#4009 = PCURVE('',#4010,#4015);
#4010 = CYLINDRICAL_SURFACE('',#4011,0.5);
#4011 = AXIS2_PLACEMENT_3D('',#4012,#4013,#4014);
#4012 = CARTESIAN_POINT('',(-23.25,-13.13804994395,12.146351351332));
#4013 = DIRECTION('',(0.,-0.983289238916,-0.182050192619));
#4014 = DIRECTION('',(0.,-0.182050192619,0.983289238916));
#4015 = DEFINITIONAL_REPRESENTATION('',(#4016),#4020);
#4016 = LINE('',#4017,#4018);
#4017 = CARTESIAN_POINT('',(-1.570796326795,0.));
#4018 = VECTOR('',#4019,1.);
#4019 = DIRECTION('',(-0.,1.));
#4020 = ( GEOMETRIC_REPRESENTATION_CONTEXT(2) 
PARAMETRIC_REPRESENTATION_CONTEXT() REPRESENTATION_CONTEXT('2D SPACE',''
  ) );
#4021 = ORIENTED_EDGE('',*,*,#3838,.F.);
#4022 = ADVANCED_FACE('',(#4023),#4010,.T.);
#4023 = FACE_BOUND('',#4024,.F.);
#4024 = EDGE_LOOP('',(#4025,#4055,#4181,#4182));
#4025 = ORIENTED_EDGE('',*,*,#4026,.F.);
#4026 = EDGE_CURVE('',#4027,#4029,#4031,.T.);
#4027 = VERTEX_POINT('',#4028);
#4028 = CARTESIAN_POINT('',(-23.25,-13.52896646545,12.582472845385));
#4029 = VERTEX_POINT('',#4030);
#4030 = CARTESIAN_POINT('',(-23.25,-15.72721848537,12.175479472721));
#4031 = SURFACE_CURVE('',#4032,(#4036,#4043),.PCURVE_S1.);
#4032 = LINE('',#4033,#4034);
#4033 = CARTESIAN_POINT('',(-23.25,-13.22907504026,12.63799597079));
#4034 = VECTOR('',#4035,1.);
#4035 = DIRECTION('',(0.,-0.983289238916,-0.182050192619));
#4036 = PCURVE('',#4010,#4037);
#4037 = DEFINITIONAL_REPRESENTATION('',(#4038),#4042);
#4038 = LINE('',#4039,#4040);
#4039 = CARTESIAN_POINT('',(-0.,0.));
#4040 = VECTOR('',#4041,1.);
#4041 = DIRECTION('',(-0.,1.));
#4042 = ( GEOMETRIC_REPRESENTATION_CONTEXT(2) 
PARAMETRIC_REPRESENTATION_CONTEXT() REPRESENTATION_CONTEXT('2D SPACE',''
  ) );
#4043 = PCURVE('',#4044,#4049);
#4044 = PLANE('',#4045);
#4045 = AXIS2_PLACEMENT_3D('',#4046,#4047,#4048);
#4046 = CARTESIAN_POINT('',(0.,-8.23302556882,13.562985010243));
#4047 = DIRECTION('',(0.,0.182050192619,-0.983289238916));
#4048 = DIRECTION('',(0.,-0.983289238916,-0.182050192619));
#4049 = DEFINITIONAL_REPRESENTATION('',(#4050),#4054);
#4050 = LINE('',#4051,#4052);
#4051 = CARTESIAN_POINT('',(5.080956115161,23.25));
#4052 = VECTOR('',#4053,1.);
#4053 = DIRECTION('',(1.,-0.));
#4054 = ( GEOMETRIC_REPRESENTATION_CONTEXT(2) 
PARAMETRIC_REPRESENTATION_CONTEXT() REPRESENTATION_CONTEXT('2D SPACE',''
  ) );
#4055 = ORIENTED_EDGE('',*,*,#4056,.F.);
#4056 = EDGE_CURVE('',#3969,#4027,#4057,.T.);
#4057 = SURFACE_CURVE('',#4058,(#4081,#4107),.PCURVE_S1.);
#4058 = ( BOUNDED_CURVE() B_SPLINE_CURVE(11,(#4059,#4060,#4061,#4062,
    #4063,#4064,#4065,#4066,#4067,#4068,#4069,#4070,#4071,#4072,#4073,
    #4074,#4075,#4076,#4077,#4078,#4079,#4080),.UNSPECIFIED.,.F.,.F.) 
B_SPLINE_CURVE_WITH_KNOTS((12,10,12),(0.,0.566264436284,1.132528872567),
.UNSPECIFIED.) CURVE() GEOMETRIC_REPRESENTATION_ITEM() 
RATIONAL_B_SPLINE_CURVE((1.,1.,1.,1.,1.,1.000000000001,0.999999999999,
    1.000000000001,1.,1.,1.,1.,1.,0.999999999999,1.000000000001,
    0.999999999999,1.000000000001,0.999999999999,1.000000000001,1.,1.,1.
)) REPRESENTATION_ITEM('') );
#4059 = CARTESIAN_POINT('',(-22.75,-13.88777850694,12.007543537818));
#4060 = CARTESIAN_POINT('',(-22.75,-13.85221062593,12.064534426741));
#4061 = CARTESIAN_POINT('',(-22.75540454254,-13.81664871788,
    12.121519098675));
#4062 = CARTESIAN_POINT('',(-22.76621175235,-13.78153129894,
    12.177820932591));
#4063 = CARTESIAN_POINT('',(-22.78236478597,-13.74734975528,
    12.23270776928));
#4064 = CARTESIAN_POINT('',(-22.80373344767,-13.71457719517,
    12.28546700756));
#4065 = CARTESIAN_POINT('',(-22.83011360134,-13.68367771767,
    12.335396844101));
#4066 = CARTESIAN_POINT('',(-22.86121535552,-13.65514868668,
    12.381762940638));
#4067 = CARTESIAN_POINT('',(-22.89661099836,-13.62954859955,
    12.423769802345));
#4068 = CARTESIAN_POINT('',(-22.93561365977,-13.60746313914,
    12.460596151126));
#4069 = CARTESIAN_POINT('',(-22.97705767765,-13.5893619982,
    12.491543577601));
#4070 = CARTESIAN_POINT('',(-23.06084561291,-13.56123613227,
    12.54115193352));
#4071 = CARTESIAN_POINT('',(-23.1031702161,-13.55117343336,
    12.559848009436));
#4072 = CARTESIAN_POINT('',(-23.1442390971,-13.54542390669,
    12.571953699391));
#4073 = CARTESIAN_POINT('',(-23.17995007576,-13.54219698819,
    12.578904176563));
#4074 = CARTESIAN_POINT('',(-23.21183328826,-13.54403674086,
    12.578617969876));
#4075 = CARTESIAN_POINT('',(-23.2242694862,-13.54101667131,
    12.579854485814));
#4076 = CARTESIAN_POINT('',(-23.23597687446,-13.53710928169,
    12.580970973534));
#4077 = CARTESIAN_POINT('',(-23.24125234923,-13.53342299734,
    12.581553335489));
#4078 = CARTESIAN_POINT('',(-23.24503108048,-13.53041913072,
    12.582199867135));
#4079 = CARTESIAN_POINT('',(-23.24750733055,-13.52896646545,
    12.582472845385));
#4080 = CARTESIAN_POINT('',(-23.25,-13.52896646545,12.582472845385));
#4081 = PCURVE('',#4010,#4082);
#4082 = DEFINITIONAL_REPRESENTATION('',(#4083),#4106);
#4083 = B_SPLINE_CURVE_WITH_KNOTS('',11,(#4084,#4085,#4086,#4087,#4088,
    #4089,#4090,#4091,#4092,#4093,#4094,#4095,#4096,#4097,#4098,#4099,
    #4100,#4101,#4102,#4103,#4104,#4105),.UNSPECIFIED.,.F.,.F.,(12,10,12
    ),(0.,0.566264436284,1.132528872567),.UNSPECIFIED.);
#4084 = CARTESIAN_POINT('',(-1.570796326795,0.76247001729));
#4085 = CARTESIAN_POINT('',(-1.471669550386,0.717121300336));
#4086 = CARTESIAN_POINT('',(-1.372539828531,0.671779877604));
#4087 = CARTESIAN_POINT('',(-1.273321537715,0.626999144567));
#4088 = CARTESIAN_POINT('',(-1.173898307525,0.583396369019));
#4089 = CARTESIAN_POINT('',(-1.074197278621,0.541566912138));
#4090 = CARTESIAN_POINT('',(-0.974193544638,0.502094504639));
#4091 = CARTESIAN_POINT('',(-0.873912476321,0.465601255081));
#4092 = CARTESIAN_POINT('',(-0.773497626108,0.432781067305));
#4093 = CARTESIAN_POINT('',(-0.673411911491,0.40436014411));
#4094 = CARTESIAN_POINT('',(-0.574839775382,0.380928254137));
#4095 = CARTESIAN_POINT('',(-0.385876268161,0.344240623928));
#4096 = CARTESIAN_POINT('',(-0.295544126913,0.330943488593));
#4097 = CARTESIAN_POINT('',(-0.211311742444,0.323084581165));
#4098 = CARTESIAN_POINT('',(-0.139948542674,0.31864734956));
#4099 = CARTESIAN_POINT('',(-7.675014212582E-02,0.320508787207));
#4100 = CARTESIAN_POINT('',(-5.113192818162E-02,0.31731266772));
#4101 = CARTESIAN_POINT('',(-2.82182081653E-02,0.313268861188));
#4102 = CARTESIAN_POINT('',(-1.744015155167E-02,0.309537078642));
#4103 = CARTESIAN_POINT('',(-9.946781115919E-03,0.30646620891));
#4104 = CARTESIAN_POINT('',(-4.985338884887E-03,0.304988006916));
#4105 = CARTESIAN_POINT('',(-3.066991105527E-15,0.304988006916));
#4106 = ( GEOMETRIC_REPRESENTATION_CONTEXT(2) 
PARAMETRIC_REPRESENTATION_CONTEXT() REPRESENTATION_CONTEXT('2D SPACE',''
  ) );
#4107 = PCURVE('',#4108,#4175);
#4108 = ( BOUNDED_SURFACE() B_SPLINE_SURFACE(2,11,(
    (#4109,#4110,#4111,#4112,#4113,#4114,#4115,#4116,#4117,#4118,#4119
      ,#4120,#4121,#4122,#4123,#4124,#4125,#4126,#4127,#4128,#4129,#4130
      )
    ,(#4131,#4132,#4133,#4134,#4135,#4136,#4137,#4138,#4139,#4140,#4141
      ,#4142,#4143,#4144,#4145,#4146,#4147,#4148,#4149,#4150,#4151,#4152
      )
    ,(#4153,#4154,#4155,#4156,#4157,#4158,#4159,#4160,#4161,#4162,#4163
      ,#4164,#4165,#4166,#4167,#4168,#4169,#4170,#4171,#4172,#4173,#4174
)),.UNSPECIFIED.,.F.,.F.,.F.) B_SPLINE_SURFACE_WITH_KNOTS((3,3),(12,10,
    12),(0.,1.132528872567),(0.,0.566264436284,1.132528872567),
.UNSPECIFIED.) GEOMETRIC_REPRESENTATION_ITEM() RATIONAL_B_SPLINE_SURFACE
((
    (1.,1.,1.,1.,1.,1.000000000001,0.999999999999,1.000000000001,1.,1.
      ,1.,1.,1.,0.999999999999,1.000000000001,0.999999999999
      ,1.000000000001,0.999999999999,1.000000000001,1.,1.,1.)
    ,(1.,1.,0.992445991775,0.97732284638,0.954806979949,0.925239342487
      ,0.8891311356,0.847217038082,0.800570718201,0.750797411638
      ,0.700318343909,0.605205208489,0.56059405423,0.522008917092
      ,0.496466084233,0.479780180645,0.499964238178,0.512032150696
      ,0.53027613133,0.542170311983,0.548372041138,0.548372041138)
    ,(1.,1.,1.,1.,1.,1.000000000001,0.999999999999,1.000000000001,1.,1.
      ,1.,1.,1.,0.999999999999,1.000000000001,0.999999999999
      ,1.000000000001,0.999999999999,1.000000000001,1.,1.,1.
))) REPRESENTATION_ITEM('') SURFACE() );
#4109 = CARTESIAN_POINT('',(-22.75,-13.88777850694,12.007543537818));
#4110 = CARTESIAN_POINT('',(-22.75,-13.85221062593,12.064534426741));
#4111 = CARTESIAN_POINT('',(-22.75540454254,-13.81664871788,
    12.121519098675));
#4112 = CARTESIAN_POINT('',(-22.76621175235,-13.78153129894,
    12.177820932591));
#4113 = CARTESIAN_POINT('',(-22.78236478597,-13.74734975528,
    12.23270776928));
#4114 = CARTESIAN_POINT('',(-22.80373344767,-13.71457719517,
    12.28546700756));
#4115 = CARTESIAN_POINT('',(-22.83011360134,-13.68367771767,
    12.335396844101));
#4116 = CARTESIAN_POINT('',(-22.86121535552,-13.65514868668,
    12.381762940638));
#4117 = CARTESIAN_POINT('',(-22.89661099836,-13.62954859955,
    12.423769802345));
#4118 = CARTESIAN_POINT('',(-22.93561365977,-13.60746313914,
    12.460596151126));
#4119 = CARTESIAN_POINT('',(-22.97705767765,-13.5893619982,
    12.491543577601));
#4120 = CARTESIAN_POINT('',(-23.06084561291,-13.56123613227,
    12.54115193352));
#4121 = CARTESIAN_POINT('',(-23.1031702161,-13.55117343336,
    12.559848009436));
#4122 = CARTESIAN_POINT('',(-23.1442390971,-13.54542390669,
    12.571953699391));
#4123 = CARTESIAN_POINT('',(-23.17995007576,-13.54219698819,
    12.578904176563));
#4124 = CARTESIAN_POINT('',(-23.21183328826,-13.54403674086,
    12.578617969876));
#4125 = CARTESIAN_POINT('',(-23.2242694862,-13.54101667131,
    12.579854485814));
#4126 = CARTESIAN_POINT('',(-23.23597687446,-13.53710928169,
    12.580970973534));
#4127 = CARTESIAN_POINT('',(-23.24125234923,-13.53342299734,
    12.581553335489));
#4128 = CARTESIAN_POINT('',(-23.24503108048,-13.53041913072,
    12.582199867135));
#4129 = CARTESIAN_POINT('',(-23.24750733055,-13.52896646545,
    12.582472845385));
#4130 = CARTESIAN_POINT('',(-23.25,-13.52896646545,12.582472845385));
#4131 = CARTESIAN_POINT('',(-22.75,-13.88777850694,12.007543537818));
#4132 = CARTESIAN_POINT('',(-22.75,-13.8407474047,12.052557530201));
#4133 = CARTESIAN_POINT('',(-22.75239751048,-13.7929953739,
    12.098261531351));
#4134 = CARTESIAN_POINT('',(-22.7573116888,-13.74503258191,
    12.144167254387));
#4135 = CARTESIAN_POINT('',(-22.76473286261,-13.69738295836,
    12.189773240406));
#4136 = CARTESIAN_POINT('',(-22.77454290135,-13.65059184204,
    12.234557539594));
#4137 = CARTESIAN_POINT('',(-22.7864961941,-13.60519501923,
    12.278007344909));
#4138 = CARTESIAN_POINT('',(-22.80019881991,-13.56166000059,
    12.3196751967));
#4139 = CARTESIAN_POINT('',(-22.81513059956,-13.52031246098,
    12.359249387917));
#4140 = CARTESIAN_POINT('',(-22.83077838848,-13.48126763001,
    12.396619631011));
#4141 = CARTESIAN_POINT('',(-22.84699668166,-13.44440410542,
    12.431902121455));
#4142 = CARTESIAN_POINT('',(-22.88534433092,-13.36901818876,
    12.50405482289));
#4143 = CARTESIAN_POINT('',(-22.90813457185,-13.3310179763,
    12.540425249962));
#4144 = CARTESIAN_POINT('',(-22.93316145729,-13.29656289381,
    12.573402593614));
#4145 = CARTESIAN_POINT('',(-22.96526445831,-13.26844556826,
    12.600313999421));
#4146 = CARTESIAN_POINT('',(-22.99584233393,-13.24554502961,
    12.622232360336));
#4147 = CARTESIAN_POINT('',(-23.05041637357,-13.23881777741,
    12.628671088413));
#4148 = CARTESIAN_POINT('',(-23.09535169625,-13.23244631776,
    12.634769283503));
#4149 = CARTESIAN_POINT('',(-23.13880130434,-13.23072289571,
    12.636418789962));
#4150 = CARTESIAN_POINT('',(-23.17779203064,-13.22956562965,
    12.637526422209));
#4151 = CARTESIAN_POINT('',(-23.21430024691,-13.22907504026,
    12.63799597079));
#4152 = CARTESIAN_POINT('',(-23.25,-13.22907504026,12.63799597079));
#4153 = CARTESIAN_POINT('',(-22.75,-13.88777850694,12.007543537818));
#4154 = CARTESIAN_POINT('',(-22.75,-13.82928418348,12.040580633661));
#4155 = CARTESIAN_POINT('',(-22.75540454254,-13.77079633269,
    12.073612034633));
#4156 = CARTESIAN_POINT('',(-22.76621175235,-13.71301013643,
    12.106229286768));
#4157 = CARTESIAN_POINT('',(-22.78236478597,-13.6566785775,
    12.137973549848));
#4158 = CARTESIAN_POINT('',(-22.80373344766,-13.60253429878,
    12.168403387193));
#4159 = CARTESIAN_POINT('',(-22.83011360134,-13.55129876095,
    12.197085889694));
#4160 = CARTESIAN_POINT('',(-22.86121535552,-13.50372738565,
    12.223556340587));
#4161 = CARTESIAN_POINT('',(-22.89661099836,-13.46063937052,
    12.247291627469));
#4162 = CARTESIAN_POINT('',(-22.93561365977,-13.42288086262,
    12.267742608061));
#4163 = CARTESIAN_POINT('',(-22.97705767765,-13.391170177,
    12.284470636222));
#4164 = CARTESIAN_POINT('',(-23.06084561291,-13.34037731669,
    12.310396273195));
#4165 = CARTESIAN_POINT('',(-23.1031702161,-13.32125836571,
    12.319630279777));
#4166 = CARTESIAN_POINT('',(-23.1442390971,-13.30891242393,
    12.324843964449));
#4167 = CARTESIAN_POINT('',(-23.17995007576,-13.30182725549,
    12.327763300682));
#4168 = CARTESIAN_POINT('',(-23.21183328826,-13.30219378273,
    12.325937852263));
#4169 = CARTESIAN_POINT('',(-23.2242694862,-13.30082615159,
    12.328900853578));
#4170 = CARTESIAN_POINT('',(-23.23597687446,-13.29953956199,
    12.332755581289));
#4171 = CARTESIAN_POINT('',(-23.24125234923,-13.2987962715,
    12.336412814808));
#4172 = CARTESIAN_POINT('',(-23.24503108048,-13.29801876807,
    12.339385474596));
#4173 = CARTESIAN_POINT('',(-23.24750733055,-13.29768241397,
    12.340824786733));
#4174 = CARTESIAN_POINT('',(-23.25,-13.29768241397,12.340824786733));
#4175 = DEFINITIONAL_REPRESENTATION('',(#4176),#4180);
#4176 = LINE('',#4177,#4178);
#4177 = CARTESIAN_POINT('',(0.,0.));
#4178 = VECTOR('',#4179,1.);
#4179 = DIRECTION('',(0.,1.));
#4180 = ( GEOMETRIC_REPRESENTATION_CONTEXT(2) 
PARAMETRIC_REPRESENTATION_CONTEXT() REPRESENTATION_CONTEXT('2D SPACE',''
  ) );
#4181 = ORIENTED_EDGE('',*,*,#3996,.T.);
#4182 = ORIENTED_EDGE('',*,*,#4183,.T.);
#4183 = EDGE_CURVE('',#3839,#4029,#4184,.T.);
#4184 = SURFACE_CURVE('',#4185,(#4198,#4214),.PCURVE_S1.);
#4185 = ( BOUNDED_CURVE() B_SPLINE_CURVE(11,(#4186,#4187,#4188,#4189,
    #4190,#4191,#4192,#4193,#4194,#4195,#4196,#4197),.UNSPECIFIED.,.F.,
.F.) B_SPLINE_CURVE_WITH_KNOTS((12,12),(0.,0.85855800122),
.PIECEWISE_BEZIER_KNOTS.) CURVE() GEOMETRIC_REPRESENTATION_ITEM() 
RATIONAL_B_SPLINE_CURVE((1.,1.,1.,1.,1.,1.,1.,1.,1.,1.,1.,1.)) 
REPRESENTATION_ITEM('') );
#4186 = CARTESIAN_POINT('',(-22.75,-15.72927422007,11.666601487388));
#4187 = CARTESIAN_POINT('',(-22.75,-15.72880805078,11.781997355339));
#4188 = CARTESIAN_POINT('',(-22.77809646951,-15.72847755532,
    11.897462391611));
#4189 = CARTESIAN_POINT('',(-22.83613156355,-15.72519487479,
    12.000700616989));
#4190 = CARTESIAN_POINT('',(-22.90768103117,-15.72291336594,
    12.081583446823));
#4191 = CARTESIAN_POINT('',(-23.00520921403,-15.70607952148,
    12.13100841738));
#4192 = CARTESIAN_POINT('',(-23.05111133674,-15.70906093797,
    12.142194386672));
#4193 = CARTESIAN_POINT('',(-23.10456776287,-15.71449180065,
    12.163940885684));
#4194 = CARTESIAN_POINT('',(-23.14432013744,-15.71969092354,
    12.167970287694));
#4195 = CARTESIAN_POINT('',(-23.18114148864,-15.72486035921,
    12.17341416274));
#4196 = CARTESIAN_POINT('',(-23.21556747391,-15.72721848537,
    12.175479472721));
#4197 = CARTESIAN_POINT('',(-23.25,-15.72721848537,12.175479472721));
#4198 = PCURVE('',#4010,#4199);
#4199 = DEFINITIONAL_REPRESENTATION('',(#4200),#4213);
#4200 = B_SPLINE_CURVE_WITH_KNOTS('',11,(#4201,#4202,#4203,#4204,#4205,
    #4206,#4207,#4208,#4209,#4210,#4211,#4212),.UNSPECIFIED.,.F.,.F.,(12
    ,12),(0.,0.85855800122),.PIECEWISE_BEZIER_KNOTS.);
#4201 = CARTESIAN_POINT('',(-1.570796326795,2.635261501472));
#4202 = CARTESIAN_POINT('',(-1.344031028871,2.613795282235));
#4203 = CARTESIAN_POINT('',(-1.117393454483,2.592440202281));
#4204 = CARTESIAN_POINT('',(-0.897524983173,2.570475445586));
#4205 = CARTESIAN_POINT('',(-0.700661142938,2.553345292163));
#4206 = CARTESIAN_POINT('',(-0.509289864386,2.528072964851));
#4207 = CARTESIAN_POINT('',(-0.398455387117,2.528652519699));
#4208 = CARTESIAN_POINT('',(-0.294330231183,2.530275961224));
#4209 = CARTESIAN_POINT('',(-0.21130494474,2.534531224291));
#4210 = CARTESIAN_POINT('',(-0.1377947691,2.538661836454));
#4211 = CARTESIAN_POINT('',(-6.886505217342E-02,2.540598784409));
#4212 = CARTESIAN_POINT('',(-1.142457535706E-16,2.540598784409));
#4213 = ( GEOMETRIC_REPRESENTATION_CONTEXT(2) 
PARAMETRIC_REPRESENTATION_CONTEXT() REPRESENTATION_CONTEXT('2D SPACE',''
  ) );
#4214 = PCURVE('',#3898,#4215);
#4215 = DEFINITIONAL_REPRESENTATION('',(#4216),#4220);
#4216 = LINE('',#4217,#4218);
#4217 = CARTESIAN_POINT('',(0.,0.));
#4218 = VECTOR('',#4219,1.);
#4219 = DIRECTION('',(0.,1.));
#4220 = ( GEOMETRIC_REPRESENTATION_CONTEXT(2) 
PARAMETRIC_REPRESENTATION_CONTEXT() REPRESENTATION_CONTEXT('2D SPACE',''
  ) );
#4221 = ADVANCED_FACE('',(#4222),#4108,.T.);
#4222 = FACE_BOUND('',#4223,.T.);
#4223 = EDGE_LOOP('',(#4224,#4285,#4318));
#4224 = ORIENTED_EDGE('',*,*,#4225,.T.);
#4225 = EDGE_CURVE('',#3969,#4226,#4228,.T.);
#4226 = VERTEX_POINT('',#4227);
#4227 = CARTESIAN_POINT('',(-23.25,-13.29768241397,12.340824786733));
#4228 = SURFACE_CURVE('',#4229,(#4252,#4259),.PCURVE_S1.);
#4229 = ( BOUNDED_CURVE() B_SPLINE_CURVE(11,(#4230,#4231,#4232,#4233,
    #4234,#4235,#4236,#4237,#4238,#4239,#4240,#4241,#4242,#4243,#4244,
    #4245,#4246,#4247,#4248,#4249,#4250,#4251),.UNSPECIFIED.,.F.,.F.) 
B_SPLINE_CURVE_WITH_KNOTS((12,10,12),(0.,0.566264436284,1.132528872567),
.UNSPECIFIED.) CURVE() GEOMETRIC_REPRESENTATION_ITEM() 
RATIONAL_B_SPLINE_CURVE((1.,1.,1.,1.,1.,1.000000000001,0.999999999999,
    1.000000000001,1.,1.,1.,1.,1.,0.999999999999,1.000000000001,
    0.999999999999,1.000000000001,0.999999999999,1.000000000001,1.,1.,1.
)) REPRESENTATION_ITEM('') );
#4230 = CARTESIAN_POINT('',(-22.75,-13.88777850694,12.007543537818));
#4231 = CARTESIAN_POINT('',(-22.75,-13.82928418348,12.040580633661));
#4232 = CARTESIAN_POINT('',(-22.75540454254,-13.77079633269,
    12.073612034633));
#4233 = CARTESIAN_POINT('',(-22.76621175235,-13.71301013643,
    12.106229286768));
#4234 = CARTESIAN_POINT('',(-22.78236478597,-13.6566785775,
    12.137973549848));
#4235 = CARTESIAN_POINT('',(-22.80373344766,-13.60253429878,
    12.168403387193));
#4236 = CARTESIAN_POINT('',(-22.83011360134,-13.55129876095,
    12.197085889694));
#4237 = CARTESIAN_POINT('',(-22.86121535552,-13.50372738565,
    12.223556340587));
#4238 = CARTESIAN_POINT('',(-22.89661099836,-13.46063937052,
    12.247291627469));
#4239 = CARTESIAN_POINT('',(-22.93561365977,-13.42288086262,
    12.267742608061));
#4240 = CARTESIAN_POINT('',(-22.97705767765,-13.391170177,
    12.284470636222));
#4241 = CARTESIAN_POINT('',(-23.06084561291,-13.34037731669,
    12.310396273195));
#4242 = CARTESIAN_POINT('',(-23.1031702161,-13.32125836571,
    12.319630279777));
#4243 = CARTESIAN_POINT('',(-23.1442390971,-13.30891242393,
    12.324843964449));
#4244 = CARTESIAN_POINT('',(-23.17995007576,-13.30182725549,
    12.327763300682));
#4245 = CARTESIAN_POINT('',(-23.21183328826,-13.30219378273,
    12.325937852263));
#4246 = CARTESIAN_POINT('',(-23.2242694862,-13.30082615159,
    12.328900853578));
#4247 = CARTESIAN_POINT('',(-23.23597687446,-13.29953956199,
    12.332755581289));
#4248 = CARTESIAN_POINT('',(-23.24125234923,-13.2987962715,
    12.336412814808));
#4249 = CARTESIAN_POINT('',(-23.24503108048,-13.29801876807,
    12.339385474596));
#4250 = CARTESIAN_POINT('',(-23.24750733055,-13.29768241397,
    12.340824786733));
#4251 = CARTESIAN_POINT('',(-23.25,-13.29768241397,12.340824786733));
#4252 = PCURVE('',#4108,#4253);
#4253 = DEFINITIONAL_REPRESENTATION('',(#4254),#4258);
#4254 = LINE('',#4255,#4256);
#4255 = CARTESIAN_POINT('',(1.132528872567,0.));
#4256 = VECTOR('',#4257,1.);
#4257 = DIRECTION('',(0.,1.));
#4258 = ( GEOMETRIC_REPRESENTATION_CONTEXT(2) 
PARAMETRIC_REPRESENTATION_CONTEXT() REPRESENTATION_CONTEXT('2D SPACE',''
  ) );
#4259 = PCURVE('',#3984,#4260);
#4260 = DEFINITIONAL_REPRESENTATION('',(#4261),#4284);
#4261 = B_SPLINE_CURVE_WITH_KNOTS('',11,(#4262,#4263,#4264,#4265,#4266,
    #4267,#4268,#4269,#4270,#4271,#4272,#4273,#4274,#4275,#4276,#4277,
    #4278,#4279,#4280,#4281,#4282,#4283),.UNSPECIFIED.,.F.,.F.,(12,10,12
    ),(0.,0.566264436284,1.132528872567),.UNSPECIFIED.);
#4262 = CARTESIAN_POINT('',(-4.440892098501E-16,2.859588235845));
#4263 = CARTESIAN_POINT('',(9.912677640931E-02,2.904936952799));
#4264 = CARTESIAN_POINT('',(0.198256498264,2.950278375531));
#4265 = CARTESIAN_POINT('',(0.29747478908,2.995059108569));
#4266 = CARTESIAN_POINT('',(0.396898019269,3.038661884114));
#4267 = CARTESIAN_POINT('',(0.496599048175,3.080491341));
#4268 = CARTESIAN_POINT('',(0.596602782156,3.119963748493));
#4269 = CARTESIAN_POINT('',(0.696883850474,3.156456998056));
#4270 = CARTESIAN_POINT('',(0.797298700687,3.189277185829));
#4271 = CARTESIAN_POINT('',(0.897384415304,3.217698109025));
#4272 = CARTESIAN_POINT('',(0.995956551413,3.241129998998));
#4273 = CARTESIAN_POINT('',(1.184920058634,3.277817629207));
#4274 = CARTESIAN_POINT('',(1.275252199882,3.291114764544));
#4275 = CARTESIAN_POINT('',(1.359484584348,3.298973671965));
#4276 = CARTESIAN_POINT('',(1.430847784126,3.303410903583));
#4277 = CARTESIAN_POINT('',(1.494046184663,3.301549465917));
#4278 = CARTESIAN_POINT('',(1.519664398619,3.304745585425));
#4279 = CARTESIAN_POINT('',(1.542578118626,3.30878939194));
#4280 = CARTESIAN_POINT('',(1.553356175245,3.312521174497));
#4281 = CARTESIAN_POINT('',(1.560849545679,3.315592044223));
#4282 = CARTESIAN_POINT('',(1.56581098791,3.317070246219));
#4283 = CARTESIAN_POINT('',(1.570796326795,3.317070246219));
#4284 = ( GEOMETRIC_REPRESENTATION_CONTEXT(2) 
PARAMETRIC_REPRESENTATION_CONTEXT() REPRESENTATION_CONTEXT('2D SPACE',''
  ) );
#4285 = ORIENTED_EDGE('',*,*,#4286,.F.);
#4286 = EDGE_CURVE('',#4027,#4226,#4287,.T.);
#4287 = SURFACE_CURVE('',#4288,(#4292,#4299),.PCURVE_S1.);
#4288 = ( BOUNDED_CURVE() B_SPLINE_CURVE(2,(#4289,#4290,#4291),
.UNSPECIFIED.,.F.,.F.) B_SPLINE_CURVE_WITH_KNOTS((3,3),(0.,
1.132528872567),.PIECEWISE_BEZIER_KNOTS.) CURVE() 
GEOMETRIC_REPRESENTATION_ITEM() RATIONAL_B_SPLINE_CURVE((1.,
0.548372041138,1.)) REPRESENTATION_ITEM('') );
#4289 = CARTESIAN_POINT('',(-23.25,-13.52896646545,12.582472845385));
#4290 = CARTESIAN_POINT('',(-23.25,-13.22907504026,12.63799597079));
#4291 = CARTESIAN_POINT('',(-23.25,-13.29768241397,12.340824786733));
#4292 = PCURVE('',#4108,#4293);
#4293 = DEFINITIONAL_REPRESENTATION('',(#4294),#4298);
#4294 = LINE('',#4295,#4296);
#4295 = CARTESIAN_POINT('',(0.,1.132528872567));
#4296 = VECTOR('',#4297,1.);
#4297 = DIRECTION('',(1.,0.));
#4298 = ( GEOMETRIC_REPRESENTATION_CONTEXT(2) 
PARAMETRIC_REPRESENTATION_CONTEXT() REPRESENTATION_CONTEXT('2D SPACE',''
  ) );
#4299 = PCURVE('',#4300,#4305);
#4300 = CYLINDRICAL_SURFACE('',#4301,0.2);
#4301 = AXIS2_PLACEMENT_3D('',#4302,#4303,#4304);
#4302 = CARTESIAN_POINT('',(-23.25,-13.49255642693,12.385814997601));
#4303 = DIRECTION('',(-1.,0.,-0.));
#4304 = DIRECTION('',(0.,-0.182050192619,0.983289238916));
#4305 = DEFINITIONAL_REPRESENTATION('',(#4306),#4317);
#4306 = B_SPLINE_CURVE_WITH_KNOTS('',9,(#4307,#4308,#4309,#4310,#4311,
    #4312,#4313,#4314,#4315,#4316),.UNSPECIFIED.,.F.,.F.,(10,10),(0.,
    1.132528872567),.PIECEWISE_BEZIER_KNOTS.);
#4307 = CARTESIAN_POINT('',(1.110223024625E-16,0.));
#4308 = CARTESIAN_POINT('',(0.185829884306,0.));
#4309 = CARTESIAN_POINT('',(0.392630765602,0.));
#4310 = CARTESIAN_POINT('',(0.619924836741,0.));
#4311 = CARTESIAN_POINT('',(0.863654144401,0.));
#4312 = CARTESIAN_POINT('',(1.117106071904,0.));
#4313 = CARTESIAN_POINT('',(1.360835376926,0.));
#4314 = CARTESIAN_POINT('',(1.58812945006,0.));
#4315 = CARTESIAN_POINT('',(1.794930330858,0.));
#4316 = CARTESIAN_POINT('',(1.980760215163,0.));
#4317 = ( GEOMETRIC_REPRESENTATION_CONTEXT(2) 
PARAMETRIC_REPRESENTATION_CONTEXT() REPRESENTATION_CONTEXT('2D SPACE',''
  ) );
#4318 = ORIENTED_EDGE('',*,*,#4056,.F.);
#4319 = ADVANCED_FACE('',(#4320),#4300,.T.);
#4320 = FACE_BOUND('',#4321,.T.);
#4321 = EDGE_LOOP('',(#4322,#4323,#4346,#4446));
#4322 = ORIENTED_EDGE('',*,*,#4286,.T.);
#4323 = ORIENTED_EDGE('',*,*,#4324,.T.);
#4324 = EDGE_CURVE('',#4226,#4325,#4327,.T.);
#4325 = VERTEX_POINT('',#4326);
#4326 = CARTESIAN_POINT('',(-31.45,-13.29768241397,12.340824786733));
#4327 = SURFACE_CURVE('',#4328,(#4332,#4339),.PCURVE_S1.);
#4328 = LINE('',#4329,#4330);
#4329 = CARTESIAN_POINT('',(-23.25,-13.29768241397,12.340824786733));
#4330 = VECTOR('',#4331,1.);
#4331 = DIRECTION('',(-1.,0.,-0.));
#4332 = PCURVE('',#4300,#4333);
#4333 = DEFINITIONAL_REPRESENTATION('',(#4334),#4338);
#4334 = LINE('',#4335,#4336);
#4335 = CARTESIAN_POINT('',(1.980760215163,0.));
#4336 = VECTOR('',#4337,1.);
#4337 = DIRECTION('',(0.,1.));
#4338 = ( GEOMETRIC_REPRESENTATION_CONTEXT(2) 
PARAMETRIC_REPRESENTATION_CONTEXT() REPRESENTATION_CONTEXT('2D SPACE',''
  ) );
#4339 = PCURVE('',#2928,#4340);
#4340 = DEFINITIONAL_REPRESENTATION('',(#4341),#4345);
#4341 = LINE('',#4342,#4343);
#4342 = CARTESIAN_POINT('',(8.9,-63.57367779015));
#4343 = VECTOR('',#4344,1.);
#4344 = DIRECTION('',(-1.,0.));
#4345 = ( GEOMETRIC_REPRESENTATION_CONTEXT(2) 
PARAMETRIC_REPRESENTATION_CONTEXT() REPRESENTATION_CONTEXT('2D SPACE',''
  ) );
#4346 = ORIENTED_EDGE('',*,*,#4347,.F.);
#4347 = EDGE_CURVE('',#4348,#4325,#4350,.T.);
#4348 = VERTEX_POINT('',#4349);
#4349 = CARTESIAN_POINT('',(-31.45,-13.52896646545,12.582472845385));
#4350 = SURFACE_CURVE('',#4351,(#4356,#4363),.PCURVE_S1.);
#4351 = CIRCLE('',#4352,0.2);
#4352 = AXIS2_PLACEMENT_3D('',#4353,#4354,#4355);
#4353 = CARTESIAN_POINT('',(-31.45,-13.49255642693,12.385814997601));
#4354 = DIRECTION('',(-1.,0.,0.));
#4355 = DIRECTION('',(0.,-0.182050192619,0.983289238916));
#4356 = PCURVE('',#4300,#4357);
#4357 = DEFINITIONAL_REPRESENTATION('',(#4358),#4362);
#4358 = LINE('',#4359,#4360);
#4359 = CARTESIAN_POINT('',(0.,8.2));
#4360 = VECTOR('',#4361,1.);
#4361 = DIRECTION('',(1.,0.));
#4362 = ( GEOMETRIC_REPRESENTATION_CONTEXT(2) 
PARAMETRIC_REPRESENTATION_CONTEXT() REPRESENTATION_CONTEXT('2D SPACE',''
  ) );
#4363 = PCURVE('',#4364,#4401);
#4364 = ( BOUNDED_SURFACE() B_SPLINE_SURFACE(2,11,(
    (#4365,#4366,#4367,#4368,#4369,#4370,#4371,#4372,#4373,#4374,#4375
      ,#4376)
    ,(#4377,#4378,#4379,#4380,#4381,#4382,#4383,#4384,#4385,#4386,#4387
      ,#4388)
    ,(#4389,#4390,#4391,#4392,#4393,#4394,#4395,#4396,#4397,#4398,#4399
,#4400
    )),.UNSPECIFIED.,.F.,.F.,.F.) B_SPLINE_SURFACE_WITH_KNOTS((3,3),(12,
    12),(0.,1.000430853272),(9.332528872567,10.332959725839),
.PIECEWISE_BEZIER_KNOTS.) GEOMETRIC_REPRESENTATION_ITEM() 
RATIONAL_B_SPLINE_SURFACE((
    (1.,1.,1.,1.000000000001,0.999999999999,1.000000000002
      ,0.999999999998,1.000000000001,0.999999999999,1.,1.,1.)
    ,(0.548372041138,0.548372041138,0.553334527301,0.563300790461
      ,0.5773836951,0.594750399145,0.612656570543,0.632468716105
      ,0.651327832857,0.670699933592,0.689276827735,0.707106781187)
    ,(1.,1.,1.,1.000000000001,0.999999999999,1.000000000002
      ,0.999999999998,1.000000000001,0.999999999999,1.,1.,1.
))) REPRESENTATION_ITEM('') SURFACE() );
#4365 = CARTESIAN_POINT('',(-31.45,-13.52896646545,12.582472845385));
#4366 = CARTESIAN_POINT('',(-31.58869091071,-13.52896646545,
    12.582472845385));
#4367 = CARTESIAN_POINT('',(-31.72735370442,-13.50347648315,
    12.587192164996));
#4368 = CARTESIAN_POINT('',(-31.86023246301,-13.45413540674,
    12.59632737375));
#4369 = CARTESIAN_POINT('',(-31.98018634805,-13.37610126078,
    12.610774934794));
#4370 = CARTESIAN_POINT('',(-32.08595376012,-13.29522078105,
    12.625749477717));
#4371 = CARTESIAN_POINT('',(-32.17035366306,-13.17457247057,
    12.648086799527));
#4372 = CARTESIAN_POINT('',(-32.24227236699,-13.08240011717,
    12.665151966141));
#4373 = CARTESIAN_POINT('',(-32.29260655236,-12.94388961403,
    12.690796367378));
#4374 = CARTESIAN_POINT('',(-32.32774205847,-12.83608654588,
    12.71075546847));
#4375 = CARTESIAN_POINT('',(-32.3468216175,-12.70524331238,
    12.734980320039));
#4376 = CARTESIAN_POINT('',(-32.34908840497,-12.58326059448,
    12.757564699497));
#4377 = CARTESIAN_POINT('',(-31.45,-13.22907504026,12.63799597079));
#4378 = CARTESIAN_POINT('',(-31.54404112296,-13.22907504026,
    12.63799597079));
#4379 = CARTESIAN_POINT('',(-31.63639829451,-13.21483899254,
    12.640631690908));
#4380 = CARTESIAN_POINT('',(-31.72562764602,-13.18718086685,
    12.645752429456));
#4381 = CARTESIAN_POINT('',(-31.8109584604,-13.1462246205,12.65333523647
    ));
#4382 = CARTESIAN_POINT('',(-31.89154115776,-13.09226923621,
    12.663324757064));
#4383 = CARTESIAN_POINT('',(-31.96426185268,-13.02408345659,
    12.675948951272));
#4384 = CARTESIAN_POINT('',(-32.02679913445,-12.94587806757,
    12.690428216956));
#4385 = CARTESIAN_POINT('',(-32.07763649042,-12.85781194737,
    12.706733138753));
#4386 = CARTESIAN_POINT('',(-32.11549375984,-12.76338062249,
    12.724216540589));
#4387 = CARTESIAN_POINT('',(-32.1397001122,-12.66480665112,
    12.742466928942));
#4388 = CARTESIAN_POINT('',(-32.15,-12.56450560549,12.761037074893));
#4389 = CARTESIAN_POINT('',(-31.45,-13.29768241397,12.340824786733));
#4390 = CARTESIAN_POINT('',(-31.56183746609,-13.29768241397,
    12.340824786733));
#4391 = CARTESIAN_POINT('',(-31.6736890576,-13.27609237864,
    12.347035014195));
#4392 = CARTESIAN_POINT('',(-31.77998445476,-13.23286859561,
    12.359491776154));
#4393 = CARTESIAN_POINT('',(-31.87569395693,-13.17071201933,
    12.377347850535));
#4394 = CARTESIAN_POINT('',(-31.95596164374,-13.09389675279,
    12.399746145451));
#4395 = CARTESIAN_POINT('',(-32.02277939142,-13.00956666799,
    12.424068116604));
#4396 = CARTESIAN_POINT('',(-32.07446089209,-12.91640254575,
    12.451399091989));
#4397 = CARTESIAN_POINT('',(-32.11283004791,-12.82164591936,
    12.478839294764));
#4398 = CARTESIAN_POINT('',(-32.13780623806,-12.7231127066,
    12.507611866378));
#4399 = CARTESIAN_POINT('',(-32.15,-12.6249771285,12.536184622067));
#4400 = CARTESIAN_POINT('',(-32.15,-12.52809556696,12.56437922711));
#4401 = DEFINITIONAL_REPRESENTATION('',(#4402),#4445);
#4402 = B_SPLINE_CURVE_WITH_KNOTS('',11,(#4403,#4404,#4405,#4406,#4407,
    #4408,#4409,#4410,#4411,#4412,#4413,#4414,#4415,#4416,#4417,#4418,
    #4419,#4420,#4421,#4422,#4423,#4424,#4425,#4426,#4427,#4428,#4429,
    #4430,#4431,#4432,#4433,#4434,#4435,#4436,#4437,#4438,#4439,#4440,
    #4441,#4442,#4443,#4444),.UNSPECIFIED.,.F.,.F.,(12,10,10,10,12),(0.,
    0.495190053791,0.990380107582,1.485570161373,1.980760215163),
  .UNSPECIFIED.);
#4403 = CARTESIAN_POINT('',(0.,9.332528872567));
#4404 = CARTESIAN_POINT('',(2.692825670875E-02,9.332528872568));
#4405 = CARTESIAN_POINT('',(5.31365086843E-02,9.332528872566));
#4406 = CARTESIAN_POINT('',(7.869238882632E-02,9.332528872571));
#4407 = CARTESIAN_POINT('',(0.103663055571,9.33252887256));
#4408 = CARTESIAN_POINT('',(0.12808434045,9.332528872578));
#4409 = CARTESIAN_POINT('',(0.152058167496,9.332528872556));
#4410 = CARTESIAN_POINT('',(0.175549722995,9.332528872576));
#4411 = CARTESIAN_POINT('',(0.198683691692,9.332528872563));
#4412 = CARTESIAN_POINT('',(0.221452312916,9.332528872569));
#4413 = CARTESIAN_POINT('',(0.243909685648,9.332528872567));
#4414 = CARTESIAN_POINT('',(0.28826856482,9.332528872568));
#4415 = CARTESIAN_POINT('',(0.310170105847,9.332528872565));
#4416 = CARTESIAN_POINT('',(0.331832049497,9.332528872572));
#4417 = CARTESIAN_POINT('',(0.353284057585,9.332528872559));
#4418 = CARTESIAN_POINT('',(0.374560482862,9.332528872578));
#4419 = CARTESIAN_POINT('',(0.395693727484,9.332528872558));
#4420 = CARTESIAN_POINT('',(0.416712232939,9.332528872574));
#4421 = CARTESIAN_POINT('',(0.437644431139,9.332528872564));
#4422 = CARTESIAN_POINT('',(0.458520487805,9.332528872568));
#4423 = CARTESIAN_POINT('',(0.47936794569,9.332528872567));
#4424 = CARTESIAN_POINT('',(0.521062907582,9.332528872567));
#4425 = CARTESIAN_POINT('',(0.541910365467,9.33252887257));
#4426 = CARTESIAN_POINT('',(0.562786422132,9.332528872559));
#4427 = CARTESIAN_POINT('',(0.583718620334,9.332528872582));
#4428 = CARTESIAN_POINT('',(0.604737125786,9.33252887255));
#4429 = CARTESIAN_POINT('',(0.625870370411,9.332528872584));
#4430 = CARTESIAN_POINT('',(0.647146795686,9.332528872556));
#4431 = CARTESIAN_POINT('',(0.668598803775,9.332528872573));
#4432 = CARTESIAN_POINT('',(0.690260747424,9.332528872565));
#4433 = CARTESIAN_POINT('',(0.712162288452,9.332528872567));
#4434 = CARTESIAN_POINT('',(0.756521167624,9.332528872568));
#4435 = CARTESIAN_POINT('',(0.778978540356,9.332528872564));
#4436 = CARTESIAN_POINT('',(0.80174716158,9.332528872576));
#4437 = CARTESIAN_POINT('',(0.824881130276,9.332528872552));
#4438 = CARTESIAN_POINT('',(0.848372685778,9.332528872586));
#4439 = CARTESIAN_POINT('',(0.87234651282,9.33252887255));
#4440 = CARTESIAN_POINT('',(0.896767797702,9.332528872579));
#4441 = CARTESIAN_POINT('',(0.921738464445,9.332528872561));
#4442 = CARTESIAN_POINT('',(0.947294344588,9.33252887257));
#4443 = CARTESIAN_POINT('',(0.973502596563,9.332528872567));
#4444 = CARTESIAN_POINT('',(1.000430853272,9.332528872567));
#4445 = ( GEOMETRIC_REPRESENTATION_CONTEXT(2) 
PARAMETRIC_REPRESENTATION_CONTEXT() REPRESENTATION_CONTEXT('2D SPACE',''
  ) );
#4446 = ORIENTED_EDGE('',*,*,#4447,.F.);
#4447 = EDGE_CURVE('',#4027,#4348,#4448,.T.);
#4448 = SURFACE_CURVE('',#4449,(#4453,#4460),.PCURVE_S1.);
#4449 = LINE('',#4450,#4451);
#4450 = CARTESIAN_POINT('',(-23.25,-13.52896646545,12.582472845385));
#4451 = VECTOR('',#4452,1.);
#4452 = DIRECTION('',(-1.,0.,-0.));
#4453 = PCURVE('',#4300,#4454);
#4454 = DEFINITIONAL_REPRESENTATION('',(#4455),#4459);
#4455 = LINE('',#4456,#4457);
#4456 = CARTESIAN_POINT('',(0.,0.));
#4457 = VECTOR('',#4458,1.);
#4458 = DIRECTION('',(0.,1.));
#4459 = ( GEOMETRIC_REPRESENTATION_CONTEXT(2) 
PARAMETRIC_REPRESENTATION_CONTEXT() REPRESENTATION_CONTEXT('2D SPACE',''
  ) );
#4460 = PCURVE('',#4044,#4461);
#4461 = DEFINITIONAL_REPRESENTATION('',(#4462),#4466);
#4462 = LINE('',#4463,#4464);
#4463 = CARTESIAN_POINT('',(5.385944122077,23.25));
#4464 = VECTOR('',#4465,1.);
#4465 = DIRECTION('',(-0.,1.));
#4466 = ( GEOMETRIC_REPRESENTATION_CONTEXT(2) 
PARAMETRIC_REPRESENTATION_CONTEXT() REPRESENTATION_CONTEXT('2D SPACE',''
  ) );
#4467 = ADVANCED_FACE('',(#4468),#4364,.T.);
#4468 = FACE_BOUND('',#4469,.T.);
#4469 = EDGE_LOOP('',(#4470,#4471,#4549,#4626));
#4470 = ORIENTED_EDGE('',*,*,#4347,.T.);
#4471 = ORIENTED_EDGE('',*,*,#4472,.T.);
#4472 = EDGE_CURVE('',#4325,#4473,#4475,.T.);
#4473 = VERTEX_POINT('',#4474);
#4474 = CARTESIAN_POINT('',(-32.15,-12.52809556696,12.56437922711));
#4475 = SURFACE_CURVE('',#4476,(#4489,#4496),.PCURVE_S1.);
#4476 = ( BOUNDED_CURVE() B_SPLINE_CURVE(11,(#4477,#4478,#4479,#4480,
    #4481,#4482,#4483,#4484,#4485,#4486,#4487,#4488),.UNSPECIFIED.,.F.,
.F.) B_SPLINE_CURVE_WITH_KNOTS((12,12),(9.332528872567,10.332959725839),
.PIECEWISE_BEZIER_KNOTS.) CURVE() GEOMETRIC_REPRESENTATION_ITEM() 
RATIONAL_B_SPLINE_CURVE((1.,1.,1.,1.000000000001,0.999999999999,
    1.000000000002,0.999999999998,1.000000000001,0.999999999999,1.,1.,1.
)) REPRESENTATION_ITEM('') );
#4477 = CARTESIAN_POINT('',(-31.45,-13.29768241397,12.340824786733));
#4478 = CARTESIAN_POINT('',(-31.56183746609,-13.29768241397,
    12.340824786733));
#4479 = CARTESIAN_POINT('',(-31.6736890576,-13.27609237864,
    12.347035014195));
#4480 = CARTESIAN_POINT('',(-31.77998445476,-13.23286859561,
    12.359491776154));
#4481 = CARTESIAN_POINT('',(-31.87569395693,-13.17071201933,
    12.377347850535));
#4482 = CARTESIAN_POINT('',(-31.95596164374,-13.09389675279,
    12.399746145451));
#4483 = CARTESIAN_POINT('',(-32.02277939142,-13.00956666799,
    12.424068116604));
#4484 = CARTESIAN_POINT('',(-32.07446089209,-12.91640254575,
    12.451399091989));
#4485 = CARTESIAN_POINT('',(-32.11283004791,-12.82164591936,
    12.478839294764));
#4486 = CARTESIAN_POINT('',(-32.13780623806,-12.7231127066,
    12.507611866378));
#4487 = CARTESIAN_POINT('',(-32.15,-12.6249771285,12.536184622067));
#4488 = CARTESIAN_POINT('',(-32.15,-12.52809556696,12.56437922711));
#4489 = PCURVE('',#4364,#4490);
#4490 = DEFINITIONAL_REPRESENTATION('',(#4491),#4495);
#4491 = LINE('',#4492,#4493);
#4492 = CARTESIAN_POINT('',(1.000430853272,0.));
#4493 = VECTOR('',#4494,1.);
#4494 = DIRECTION('',(0.,1.));
#4495 = ( GEOMETRIC_REPRESENTATION_CONTEXT(2) 
PARAMETRIC_REPRESENTATION_CONTEXT() REPRESENTATION_CONTEXT('2D SPACE',''
  ) );
#4496 = PCURVE('',#4497,#4514);
#4497 = B_SPLINE_SURFACE_WITH_KNOTS('',7,1,(
    (#4498,#4499)
    ,(#4500,#4501)
    ,(#4502,#4503)
    ,(#4504,#4505)
    ,(#4506,#4507)
    ,(#4508,#4509)
    ,(#4510,#4511)
    ,(#4512,#4513
    )),.UNSPECIFIED.,.F.,.F.,.F.,(8,8),(2,2),(4.712388980385,
    6.28318530718),(0.,1.),.PIECEWISE_BEZIER_KNOTS.);
#4498 = CARTESIAN_POINT('',(-32.15,-14.07674052652,5.85646094697));
#4499 = CARTESIAN_POINT('',(-32.15,1.679431511837,74.103940002192));
#4500 = CARTESIAN_POINT('',(-32.15,-14.22846780051,5.897116147506));
#4501 = CARTESIAN_POINT('',(-32.15,1.527704237848,74.144595202728));
#4502 = CARTESIAN_POINT('',(-32.10887577941,-14.38019434052,
    5.937771151372));
#4503 = CARTESIAN_POINT('',(-32.10887577941,1.375977697837,
    74.185250206592));
#4504 = CARTESIAN_POINT('',(-32.02663390554,-14.51944641239,
    5.975083631576));
#4505 = CARTESIAN_POINT('',(-32.02663390554,1.236725625961,74.2225626868
    ));
#4506 = CARTESIAN_POINT('',(-31.90832285857,-14.63372610819,
    6.005704783776));
#4507 = CARTESIAN_POINT('',(-31.90832285857,1.12244593016,
    74.253183838996));
#4508 = CARTESIAN_POINT('',(-31.76415850548,-14.71316565817,
    6.026990547039));
#4509 = CARTESIAN_POINT('',(-31.76415850548,1.043006380185,
    74.274469602263));
#4510 = CARTESIAN_POINT('',(-31.60707963267,-14.75288860492,
    6.037634278542));
#4511 = CARTESIAN_POINT('',(-31.60707963267,1.003283433435,
    74.285113333764));
#4512 = CARTESIAN_POINT('',(-31.45,-14.75288860492,6.037634278542));
#4513 = CARTESIAN_POINT('',(-31.45,1.003283433435,74.285113333764));
#4514 = DEFINITIONAL_REPRESENTATION('',(#4515),#4548);
#4515 = B_SPLINE_CURVE_WITH_KNOTS('',11,(#4516,#4517,#4518,#4519,#4520,
    #4521,#4522,#4523,#4524,#4525,#4526,#4527,#4528,#4529,#4530,#4531,
    #4532,#4533,#4534,#4535,#4536,#4537,#4538,#4539,#4540,#4541,#4542,
    #4543,#4544,#4545,#4546,#4547),.UNSPECIFIED.,.F.,.F.,(12,10,10,12),(
    9.332528872567,9.832744299203,10.082852012521,10.332959725839),
  .UNSPECIFIED.);
#4516 = CARTESIAN_POINT('',(6.28318530718,9.235785109499E-02));
#4517 = CARTESIAN_POINT('',(6.203301402828,9.235785109501E-02));
#4518 = CARTESIAN_POINT('',(6.123411816541,9.2399232472E-02));
#4519 = CARTESIAN_POINT('',(6.04383058462,9.248207792799E-02));
#4520 = CARTESIAN_POINT('',(5.964802550873,9.260505675117E-02));
#4521 = CARTESIAN_POINT('',(5.886638859057,9.276602548274E-02));
#4522 = CARTESIAN_POINT('',(5.809503521221,9.296163851579E-02));
#4523 = CARTESIAN_POINT('',(5.733560929009,9.318815613604E-02));
#4524 = CARTESIAN_POINT('',(5.658854754249,9.344178153043E-02));
#4525 = CARTESIAN_POINT('',(5.585409043624,9.371882947642E-02));
#4526 = CARTESIAN_POINT('',(5.513192418075,9.401590747209E-02));
#4527 = CARTESIAN_POINT('',(5.406635474052,9.448687165112E-02));
#4528 = CARTESIAN_POINT('',(5.37141121893,9.464808381091E-02));
#4529 = CARTESIAN_POINT('',(5.336474472884,9.481313312219E-02));
#4530 = CARTESIAN_POINT('',(5.301818029926,9.498164159562E-02));
#4531 = CARTESIAN_POINT('',(5.267432258024,9.515325626962E-02));
#4532 = CARTESIAN_POINT('',(5.233306082122,9.5327645687E-02));
#4533 = CARTESIAN_POINT('',(5.199428315922,9.550449369324E-02));
#4534 = CARTESIAN_POINT('',(5.165787831688,9.568349892103E-02));
#4535 = CARTESIAN_POINT('',(5.132372616885,9.586437976577E-02));
#4536 = CARTESIAN_POINT('',(5.099169327202,9.604687610632E-02));
#4537 = CARTESIAN_POINT('',(5.033163683367,9.64145848322E-02));
#4538 = CARTESIAN_POINT('',(5.000361474118,9.659979603355E-02));
#4539 = CARTESIAN_POINT('',(4.967747192682,9.678611474167E-02));
#4540 = CARTESIAN_POINT('',(4.935309599773,9.697329325061E-02));
#4541 = CARTESIAN_POINT('',(4.903037599222,9.716109632776E-02));
#4542 = CARTESIAN_POINT('',(4.870920807446,9.734929547975E-02));
#4543 = CARTESIAN_POINT('',(4.83895070068,9.753765770037E-02));
#4544 = CARTESIAN_POINT('',(4.807121043041,9.772593969651E-02));
#4545 = CARTESIAN_POINT('',(4.775426301694,9.791389866742E-02));
#4546 = CARTESIAN_POINT('',(4.743856752292,9.810133063503E-02));
#4547 = CARTESIAN_POINT('',(4.712388980385,9.828814738654E-02));
#4548 = ( GEOMETRIC_REPRESENTATION_CONTEXT(2) 
PARAMETRIC_REPRESENTATION_CONTEXT() REPRESENTATION_CONTEXT('2D SPACE',''
  ) );
#4549 = ORIENTED_EDGE('',*,*,#4550,.F.);
#4550 = EDGE_CURVE('',#4551,#4473,#4553,.T.);
#4551 = VERTEX_POINT('',#4552);
#4552 = CARTESIAN_POINT('',(-32.34908840497,-12.58326059448,
    12.757564699497));
#4553 = SURFACE_CURVE('',#4554,(#4558,#4565),.PCURVE_S1.);
#4554 = ( BOUNDED_CURVE() B_SPLINE_CURVE(2,(#4555,#4556,#4557),
.UNSPECIFIED.,.F.,.F.) B_SPLINE_CURVE_WITH_KNOTS((3,3),(0.,
1.000430853272),.PIECEWISE_BEZIER_KNOTS.) CURVE() 
GEOMETRIC_REPRESENTATION_ITEM() RATIONAL_B_SPLINE_CURVE((1.,
0.707106781187,1.)) REPRESENTATION_ITEM('') );
#4555 = CARTESIAN_POINT('',(-32.34908840497,-12.58326059448,
    12.757564699497));
#4556 = CARTESIAN_POINT('',(-32.15,-12.56450560549,12.761037074893));
#4557 = CARTESIAN_POINT('',(-32.15,-12.52809556696,12.56437922711));
#4558 = PCURVE('',#4364,#4559);
#4559 = DEFINITIONAL_REPRESENTATION('',(#4560),#4564);
#4560 = LINE('',#4561,#4562);
#4561 = CARTESIAN_POINT('',(0.,10.332959725839));
#4562 = VECTOR('',#4563,1.);
#4563 = DIRECTION('',(1.,0.));
#4564 = ( GEOMETRIC_REPRESENTATION_CONTEXT(2) 
PARAMETRIC_REPRESENTATION_CONTEXT() REPRESENTATION_CONTEXT('2D SPACE',''
  ) );
#4565 = PCURVE('',#4566,#4621);
#4566 = ( BOUNDED_SURFACE() B_SPLINE_SURFACE(2,9,(
    (#4567,#4568,#4569,#4570,#4571,#4572,#4573,#4574,#4575,#4576,#4577
      ,#4578,#4579,#4580,#4581,#4582,#4583,#4584)
    ,(#4585,#4586,#4587,#4588,#4589,#4590,#4591,#4592,#4593,#4594,#4595
      ,#4596,#4597,#4598,#4599,#4600,#4601,#4602)
    ,(#4603,#4604,#4605,#4606,#4607,#4608,#4609,#4610,#4611,#4612,#4613
      ,#4614,#4615,#4616,#4617,#4618,#4619,#4620
)),.UNSPECIFIED.,.F.,.F.,.F.) B_SPLINE_SURFACE_WITH_KNOTS((3,3),(10,8,10
    ),(0.,3.992065447279),(10.332959725839,10.41213110995,
14.325025173118),.UNSPECIFIED.) GEOMETRIC_REPRESENTATION_ITEM() 
RATIONAL_B_SPLINE_SURFACE((
    (1.,1.,1.,1.,1.,1.,1.,1.,1.,1.,1.,1.,1.,1.,1.,1.,1.,1.)
    ,(0.707106781187,0.707106781187,0.707106781186,0.707106781187
      ,0.707106781186,0.707106781187,0.707106781186,0.707106781187
      ,0.707106781187,0.707106781187,0.707106782679,0.707106774965
      ,0.707106789504,0.707106787619,0.707106775611,0.707106782576
      ,0.707106781187,0.707106781187)
    ,(1.,1.,1.,1.,1.,1.,1.,1.,1.,1.,1.,1.,1.,1.,1.,1.,1.,1.
))) REPRESENTATION_ITEM('') SURFACE() );
#4567 = CARTESIAN_POINT('',(-32.34908840497,-12.58326059448,
    12.757564699497));
#4568 = CARTESIAN_POINT('',(-32.34930765626,-12.57146201719,
    12.759749136369));
#4569 = CARTESIAN_POINT('',(-32.34948853227,-12.55976587166,
    12.761914608605));
#4570 = CARTESIAN_POINT('',(-32.34963323001,-12.54818842363,
    12.764058104699));
#4571 = CARTESIAN_POINT('',(-32.34974448828,-12.53676202594,
    12.766173634716));
#4572 = CARTESIAN_POINT('',(-32.34982558772,-12.52553511851,
    12.768252230292));
#4573 = CARTESIAN_POINT('',(-32.34988035074,-12.51457222831,
    12.770281944635));
#4574 = CARTESIAN_POINT('',(-32.34991314161,-12.50395396945,
    12.772247852523));
#4575 = CARTESIAN_POINT('',(-32.34992886637,-12.49377704307,
    12.774132050309));
#4576 = CARTESIAN_POINT('',(-32.35013593082,-12.00856549454,
    12.863966101548));
#4577 = CARTESIAN_POINT('',(-32.34978582054,-11.54209741104,
    12.950329910986));
#4578 = CARTESIAN_POINT('',(-32.3502436035,-11.07185393287,
    13.037392712438));
#4579 = CARTESIAN_POINT('',(-32.34978985909,-10.60373066504,
    13.124062969475));
#4580 = CARTESIAN_POINT('',(-32.35012937123,-10.13021064147,
    13.211732403948));
#4581 = CARTESIAN_POINT('',(-32.34994884902,-9.658320015618,
    13.299100165063));
#4582 = CARTESIAN_POINT('',(-32.3500101051,-9.184023724444,
    13.386913320897));
#4583 = CARTESIAN_POINT('',(-32.35,-8.708966538915,13.474867351825));
#4584 = CARTESIAN_POINT('',(-32.35,-8.23302556882,13.562985010243));
#4585 = CARTESIAN_POINT('',(-32.15,-12.56450560549,12.761037074893));
#4586 = CARTESIAN_POINT('',(-32.15,-12.55495729423,12.762804888303));
#4587 = CARTESIAN_POINT('',(-32.15,-12.54543238395,12.764568369162));
#4588 = CARTESIAN_POINT('',(-32.15,-12.53592554258,12.766328504669));
#4589 = CARTESIAN_POINT('',(-32.15,-12.52643221525,12.768086138131));
#4590 = CARTESIAN_POINT('',(-32.15,-12.51694862429,12.76984196896));
#4591 = CARTESIAN_POINT('',(-32.15,-12.50747176926,12.771596552673));
#4592 = CARTESIAN_POINT('',(-32.15,-12.4979994269,12.773350300893));
#4593 = CARTESIAN_POINT('',(-32.15,-12.48853015114,12.775103481349));
#4594 = CARTESIAN_POINT('',(-32.15,-12.01118095461,12.863481864569));
#4595 = CARTESIAN_POINT('',(-32.15,-11.54382986331,12.950009157685));
#4596 = CARTESIAN_POINT('',(-32.15,-11.0722225228,13.03732447019));
#4597 = CARTESIAN_POINT('',(-32.15,-10.60375733117,13.124058032399));
#4598 = CARTESIAN_POINT('',(-32.15,-10.13019203287,13.211735849221));
#4599 = CARTESIAN_POINT('',(-32.15,-9.658327985914,13.29909868941));
#4600 = CARTESIAN_POINT('',(-32.15,-9.18402206318,13.38691362847));
#4601 = CARTESIAN_POINT('',(-32.15,-8.708966538915,13.474867351825));
#4602 = CARTESIAN_POINT('',(-32.15,-8.23302556882,13.562985010243));
#4603 = CARTESIAN_POINT('',(-32.15,-12.52809556696,12.564379227109));
#4604 = CARTESIAN_POINT('',(-32.15,-12.51854725571,12.56614704052));
#4605 = CARTESIAN_POINT('',(-32.15,-12.50902234543,12.567910521379));
#4606 = CARTESIAN_POINT('',(-32.15,-12.49951550405,12.569670656886));
#4607 = CARTESIAN_POINT('',(-32.15,-12.49002217672,12.571428290348));
#4608 = CARTESIAN_POINT('',(-32.15,-12.48053858577,12.573184121177));
#4609 = CARTESIAN_POINT('',(-32.15,-12.47106173074,12.57493870489));
#4610 = CARTESIAN_POINT('',(-32.15,-12.46158938837,12.57669245311));
#4611 = CARTESIAN_POINT('',(-32.15,-12.45212011261,12.578445633566));
#4612 = CARTESIAN_POINT('',(-32.15,-11.97477091609,12.666824016786));
#4613 = CARTESIAN_POINT('',(-32.15,-11.50741982611,12.753351310298));
#4614 = CARTESIAN_POINT('',(-32.15,-11.03581248599,12.840666619617));
#4615 = CARTESIAN_POINT('',(-32.15,-10.56734727453,12.927400189951));
#4616 = CARTESIAN_POINT('',(-32.15,-10.09378200651,13.015078007466));
#4617 = CARTESIAN_POINT('',(-32.15,-9.62191976657,13.102440496233));
#4618 = CARTESIAN_POINT('',(-32.15,-9.14761958455,13.190254386683));
#4619 = CARTESIAN_POINT('',(-32.15,-8.672567058904,13.278207545842));
#4620 = CARTESIAN_POINT('',(-32.15,-8.196615530631,13.36632716427));
#4621 = DEFINITIONAL_REPRESENTATION('',(#4622),#4625);
#4622 = B_SPLINE_CURVE_WITH_KNOTS('',1,(#4623,#4624),.UNSPECIFIED.,.F.,
  .F.,(2,2),(0.,1.000430853272),.PIECEWISE_BEZIER_KNOTS.);
#4623 = CARTESIAN_POINT('',(0.,10.332959725839));
#4624 = CARTESIAN_POINT('',(3.992065447279,10.332959725839));
#4625 = ( GEOMETRIC_REPRESENTATION_CONTEXT(2) 
PARAMETRIC_REPRESENTATION_CONTEXT() REPRESENTATION_CONTEXT('2D SPACE',''
  ) );
#4626 = ORIENTED_EDGE('',*,*,#4627,.F.);
#4627 = EDGE_CURVE('',#4348,#4551,#4628,.T.);
#4628 = SURFACE_CURVE('',#4629,(#4642,#4649),.PCURVE_S1.);
#4629 = ( BOUNDED_CURVE() B_SPLINE_CURVE(11,(#4630,#4631,#4632,#4633,
    #4634,#4635,#4636,#4637,#4638,#4639,#4640,#4641),.UNSPECIFIED.,.F.,
.F.) B_SPLINE_CURVE_WITH_KNOTS((12,12),(9.332528872567,10.332959725839),
.PIECEWISE_BEZIER_KNOTS.) CURVE() GEOMETRIC_REPRESENTATION_ITEM() 
RATIONAL_B_SPLINE_CURVE((1.,1.,1.,1.000000000001,0.999999999999,
    1.000000000002,0.999999999998,1.000000000001,0.999999999999,1.,1.,1.
)) REPRESENTATION_ITEM('') );
#4630 = CARTESIAN_POINT('',(-31.45,-13.52896646545,12.582472845385));
#4631 = CARTESIAN_POINT('',(-31.58869091071,-13.52896646545,
    12.582472845385));
#4632 = CARTESIAN_POINT('',(-31.72735370442,-13.50347648315,
    12.587192164996));
#4633 = CARTESIAN_POINT('',(-31.86023246301,-13.45413540674,
    12.59632737375));
#4634 = CARTESIAN_POINT('',(-31.98018634805,-13.37610126078,
    12.610774934794));
#4635 = CARTESIAN_POINT('',(-32.08595376012,-13.29522078105,
    12.625749477717));
#4636 = CARTESIAN_POINT('',(-32.17035366306,-13.17457247057,
    12.648086799527));
#4637 = CARTESIAN_POINT('',(-32.24227236699,-13.08240011717,
    12.665151966141));
#4638 = CARTESIAN_POINT('',(-32.29260655236,-12.94388961403,
    12.690796367378));
#4639 = CARTESIAN_POINT('',(-32.32774205847,-12.83608654588,
    12.71075546847));
#4640 = CARTESIAN_POINT('',(-32.3468216175,-12.70524331238,
    12.734980320039));
#4641 = CARTESIAN_POINT('',(-32.34908840497,-12.58326059448,
    12.757564699497));
#4642 = PCURVE('',#4364,#4643);
#4643 = DEFINITIONAL_REPRESENTATION('',(#4644),#4648);
#4644 = LINE('',#4645,#4646);
#4645 = CARTESIAN_POINT('',(0.,0.));
#4646 = VECTOR('',#4647,1.);
#4647 = DIRECTION('',(0.,1.));
#4648 = ( GEOMETRIC_REPRESENTATION_CONTEXT(2) 
PARAMETRIC_REPRESENTATION_CONTEXT() REPRESENTATION_CONTEXT('2D SPACE',''
  ) );
#4649 = PCURVE('',#4044,#4650);
#4650 = DEFINITIONAL_REPRESENTATION('',(#4651),#4664);
#4651 = ( BOUNDED_CURVE() B_SPLINE_CURVE(11,(#4652,#4653,#4654,#4655,
    #4656,#4657,#4658,#4659,#4660,#4661,#4662,#4663),.UNSPECIFIED.,.F.,
.F.) B_SPLINE_CURVE_WITH_KNOTS((12,12),(9.332528872567,10.332959725839),
.PIECEWISE_BEZIER_KNOTS.) CURVE() GEOMETRIC_REPRESENTATION_ITEM() 
RATIONAL_B_SPLINE_CURVE((1.,1.,1.,1.000000000001,0.999999999999,
    1.000000000002,0.999999999998,1.000000000001,0.999999999999,1.,1.,1.
)) REPRESENTATION_ITEM('') );
#4652 = CARTESIAN_POINT('',(5.385944122077,31.45));
#4653 = CARTESIAN_POINT('',(5.385944122077,31.588690910711));
#4654 = CARTESIAN_POINT('',(5.360020943727,31.727353704424));
#4655 = CARTESIAN_POINT('',(5.309841327751,31.860232463017));
#4656 = CARTESIAN_POINT('',(5.230481010492,31.980186348059));
#4657 = CARTESIAN_POINT('',(5.148225986711,32.085953760123));
#4658 = CARTESIAN_POINT('',(5.025527287582,32.170353663062));
#4659 = CARTESIAN_POINT('',(4.931788487485,32.242272366997));
#4660 = CARTESIAN_POINT('',(4.790924032093,32.292606552369));
#4661 = CARTESIAN_POINT('',(4.68128887706,32.327742058471));
#4662 = CARTESIAN_POINT('',(4.548221994676,32.346821617507));
#4663 = CARTESIAN_POINT('',(4.424166210205,32.349088404978));
#4664 = ( GEOMETRIC_REPRESENTATION_CONTEXT(2) 
PARAMETRIC_REPRESENTATION_CONTEXT() REPRESENTATION_CONTEXT('2D SPACE',''
  ) );
#4665 = ADVANCED_FACE('',(#4666),#4566,.T.);
#4666 = FACE_BOUND('',#4667,.T.);
#4667 = EDGE_LOOP('',(#4668,#4669,#4727,#4771));
#4668 = ORIENTED_EDGE('',*,*,#4550,.T.);
#4669 = ORIENTED_EDGE('',*,*,#4670,.T.);
#4670 = EDGE_CURVE('',#4473,#4671,#4673,.T.);
#4671 = VERTEX_POINT('',#4672);
#4672 = CARTESIAN_POINT('',(-32.15,-8.196615530631,13.36632716427));
#4673 = SURFACE_CURVE('',#4674,(#4693,#4700),.PCURVE_S1.);
#4674 = ( BOUNDED_CURVE() B_SPLINE_CURVE(9,(#4675,#4676,#4677,#4678,
    #4679,#4680,#4681,#4682,#4683,#4684,#4685,#4686,#4687,#4688,#4689,
#4690,#4691,#4692),.UNSPECIFIED.,.F.,.F.) B_SPLINE_CURVE_WITH_KNOTS((10,
    8,10),(10.332959725839,10.41213110995,14.325025173118),
.UNSPECIFIED.) CURVE() GEOMETRIC_REPRESENTATION_ITEM() 
RATIONAL_B_SPLINE_CURVE((1.,1.,1.,1.,1.,1.,1.,1.,1.,1.,1.,1.,1.,1.,1.,1.
,1.,1.)) REPRESENTATION_ITEM('') );
#4675 = CARTESIAN_POINT('',(-32.15,-12.52809556696,12.564379227109));
#4676 = CARTESIAN_POINT('',(-32.15,-12.51854725571,12.56614704052));
#4677 = CARTESIAN_POINT('',(-32.15,-12.50902234543,12.567910521379));
#4678 = CARTESIAN_POINT('',(-32.15,-12.49951550405,12.569670656886));
#4679 = CARTESIAN_POINT('',(-32.15,-12.49002217672,12.571428290348));
#4680 = CARTESIAN_POINT('',(-32.15,-12.48053858577,12.573184121177));
#4681 = CARTESIAN_POINT('',(-32.15,-12.47106173074,12.57493870489));
#4682 = CARTESIAN_POINT('',(-32.15,-12.46158938837,12.57669245311));
#4683 = CARTESIAN_POINT('',(-32.15,-12.45212011261,12.578445633566));
#4684 = CARTESIAN_POINT('',(-32.15,-11.97477091609,12.666824016786));
#4685 = CARTESIAN_POINT('',(-32.15,-11.50741982611,12.753351310298));
#4686 = CARTESIAN_POINT('',(-32.15,-11.03581248599,12.840666619617));
#4687 = CARTESIAN_POINT('',(-32.15,-10.56734727453,12.927400189951));
#4688 = CARTESIAN_POINT('',(-32.15,-10.09378200651,13.015078007466));
#4689 = CARTESIAN_POINT('',(-32.15,-9.62191976657,13.102440496233));
#4690 = CARTESIAN_POINT('',(-32.15,-9.14761958455,13.190254386683));
#4691 = CARTESIAN_POINT('',(-32.15,-8.672567058904,13.278207545842));
#4692 = CARTESIAN_POINT('',(-32.15,-8.196615530631,13.36632716427));
#4693 = PCURVE('',#4566,#4694);
#4694 = DEFINITIONAL_REPRESENTATION('',(#4695),#4699);
#4695 = LINE('',#4696,#4697);
#4696 = CARTESIAN_POINT('',(3.992065447279,0.));
#4697 = VECTOR('',#4698,1.);
#4698 = DIRECTION('',(0.,1.));
#4699 = ( GEOMETRIC_REPRESENTATION_CONTEXT(2) 
PARAMETRIC_REPRESENTATION_CONTEXT() REPRESENTATION_CONTEXT('2D SPACE',''
  ) );
#4700 = PCURVE('',#4701,#4706);
#4701 = B_SPLINE_SURFACE_WITH_KNOTS('',1,1,(
    (#4702,#4703)
    ,(#4704,#4705
    )),.UNSPECIFIED.,.F.,.F.,.F.,(2,2),(2,2),(-7.444453864422,-0.7),(0.,
    1.),.PIECEWISE_BEZIER_KNOTS.);
#4702 = CARTESIAN_POINT('',(-32.15,-9.923259473479,4.74353905303));
#4703 = CARTESIAN_POINT('',(-32.15,8.194073683698,72.358346893264));
#4704 = CARTESIAN_POINT('',(-32.15,-14.07674052652,5.85646094697));
#4705 = CARTESIAN_POINT('',(-32.15,1.679431511837,74.103940002192));
#4706 = DEFINITIONAL_REPRESENTATION('',(#4707),#4726);
#4707 = B_SPLINE_CURVE_WITH_KNOTS('',9,(#4708,#4709,#4710,#4711,#4712,
    #4713,#4714,#4715,#4716,#4717,#4718,#4719,#4720,#4721,#4722,#4723,
    #4724,#4725),.UNSPECIFIED.,.F.,.F.,(10,8,10),(10.332959725839,
    10.41213110995,14.325025173118),.UNSPECIFIED.);
#4708 = CARTESIAN_POINT('',(-0.7,9.828814738653E-02));
#4709 = CARTESIAN_POINT('',(-0.71323760069,9.834784540697E-02));
#4710 = CARTESIAN_POINT('',(-0.726441802508,9.840739711967E-02));
#4711 = CARTESIAN_POINT('',(-0.739620003993,9.846683586185E-02));
#4712 = CARTESIAN_POINT('',(-0.752778524894,9.852619011137E-02));
#4713 = CARTESIAN_POINT('',(-0.765922606178,9.85854834871E-02));
#4714 = CARTESIAN_POINT('',(-0.779056410024,9.864473474838E-02));
#4715 = CARTESIAN_POINT('',(-0.792183019828,9.870395779561E-02));
#4716 = CARTESIAN_POINT('',(-0.805304440198,9.876316166976E-02));
#4717 = CARTESIAN_POINT('',(-1.46671195322,0.101747647756));
#4718 = CARTESIAN_POINT('',(-2.11197137166,0.104669623618));
#4719 = CARTESIAN_POINT('',(-2.760840019703,0.107618210386));
#4720 = CARTESIAN_POINT('',(-3.403036306373,0.110547152018));
#4721 = CARTESIAN_POINT('',(-4.050016366658,0.113507980287));
#4722 = CARTESIAN_POINT('',(-4.692309724793,0.116458160551));
#4723 = CARTESIAN_POINT('',(-5.33567796943,0.119423583764));
#4724 = CARTESIAN_POINT('',(-5.97776347093,0.122393710464));
#4725 = CARTESIAN_POINT('',(-6.618820589435,0.125369624919));
#4726 = ( GEOMETRIC_REPRESENTATION_CONTEXT(2) 
PARAMETRIC_REPRESENTATION_CONTEXT() REPRESENTATION_CONTEXT('2D SPACE',''
  ) );
#4727 = ORIENTED_EDGE('',*,*,#4728,.F.);
#4728 = EDGE_CURVE('',#4729,#4671,#4731,.T.);
#4729 = VERTEX_POINT('',#4730);
#4730 = CARTESIAN_POINT('',(-32.35,-8.23302556882,13.562985010243));
#4731 = SURFACE_CURVE('',#4732,(#4736,#4743),.PCURVE_S1.);
#4732 = ( BOUNDED_CURVE() B_SPLINE_CURVE(2,(#4733,#4734,#4735),
.UNSPECIFIED.,.F.,.F.) B_SPLINE_CURVE_WITH_KNOTS((3,3),(0.,
3.992065447279),.PIECEWISE_BEZIER_KNOTS.) CURVE() 
GEOMETRIC_REPRESENTATION_ITEM() RATIONAL_B_SPLINE_CURVE((1.,
0.707106781187,1.)) REPRESENTATION_ITEM('') );
#4733 = CARTESIAN_POINT('',(-32.35,-8.23302556882,13.562985010243));
#4734 = CARTESIAN_POINT('',(-32.15,-8.23302556882,13.562985010243));
#4735 = CARTESIAN_POINT('',(-32.15,-8.196615530631,13.36632716427));
#4736 = PCURVE('',#4566,#4737);
#4737 = DEFINITIONAL_REPRESENTATION('',(#4738),#4742);
#4738 = LINE('',#4739,#4740);
#4739 = CARTESIAN_POINT('',(0.,14.325025173118));
#4740 = VECTOR('',#4741,1.);
#4741 = DIRECTION('',(1.,0.));
#4742 = ( GEOMETRIC_REPRESENTATION_CONTEXT(2) 
PARAMETRIC_REPRESENTATION_CONTEXT() REPRESENTATION_CONTEXT('2D SPACE',''
  ) );
#4743 = PCURVE('',#4744,#4766);
#4744 = ( BOUNDED_SURFACE() B_SPLINE_SURFACE(2,6,(
    (#4745,#4746,#4747,#4748,#4749,#4750,#4751)
    ,(#4752,#4753,#4754,#4755,#4756,#4757,#4758)
    ,(#4759,#4760,#4761,#4762,#4763,#4764,#4765
)),.UNSPECIFIED.,.F.,.F.,.F.) B_SPLINE_SURFACE_WITH_KNOTS((3,3),(7,7),(
    0.,0.563818227908),(14.325025173118,14.888843401026),
.PIECEWISE_BEZIER_KNOTS.) GEOMETRIC_REPRESENTATION_ITEM() 
RATIONAL_B_SPLINE_SURFACE((
    (1.,1.,1.,1.,1.,1.,1.)
    ,(0.707106781187,0.707106781187,0.707106586818,0.707107266681
      ,0.707106348206,0.707106862166,0.707106783722)
,(1.,1.,1.,1.,1.,1.,1.))) REPRESENTATION_ITEM('') SURFACE() );
#4745 = CARTESIAN_POINT('',(-32.35,-8.23302556882,13.562985010243));
#4746 = CARTESIAN_POINT('',(-32.35,-8.130156366377,13.582030635252));
#4747 = CARTESIAN_POINT('',(-32.34999819223,-8.027210939411,
    13.601199878448));
#4748 = CARTESIAN_POINT('',(-32.35000483837,-7.924517205293,
    13.620131388057));
#4749 = CARTESIAN_POINT('',(-32.34999490373,-7.820783693985,
    13.638579081709));
#4750 = CARTESIAN_POINT('',(-32.35000175554,-7.719483910862,
    13.65578649377));
#4751 = CARTESIAN_POINT('',(-32.34999985985,-7.614464769295,
    13.672217839952));
#4752 = CARTESIAN_POINT('',(-32.15,-8.23302556882,13.562985010243));
#4753 = CARTESIAN_POINT('',(-32.15,-8.130156366377,13.582030635252));
#4754 = CARTESIAN_POINT('',(-32.15,-8.027265628916,13.601197458127));
#4755 = CARTESIAN_POINT('',(-32.15,-7.924304811899,13.620145421238));
#4756 = CARTESIAN_POINT('',(-32.15,-7.821292274003,13.638525754986));
#4757 = CARTESIAN_POINT('',(-32.15,-7.718088757036,13.656002251472));
#4758 = CARTESIAN_POINT('',(-32.15,-7.614697486405,13.672181428919));
#4759 = CARTESIAN_POINT('',(-32.15,-8.196615530631,13.36632716427));
#4760 = CARTESIAN_POINT('',(-32.15,-8.093711599806,13.385379220163));
#4761 = CARTESIAN_POINT('',(-32.15,-7.990817665975,13.404546856561));
#4762 = CARTESIAN_POINT('',(-32.15,-7.888645276515,13.423347518303));
#4763 = CARTESIAN_POINT('',(-32.15,-7.78674293971,13.441524089548));
#4764 = CARTESIAN_POINT('',(-32.15,-7.685123828866,13.458726806375));
#4765 = CARTESIAN_POINT('',(-32.15,-7.583782713778,13.474585183358));
#4766 = DEFINITIONAL_REPRESENTATION('',(#4767),#4770);
#4767 = B_SPLINE_CURVE_WITH_KNOTS('',1,(#4768,#4769),.UNSPECIFIED.,.F.,
  .F.,(2,2),(0.,3.992065447279),.PIECEWISE_BEZIER_KNOTS.);
#4768 = CARTESIAN_POINT('',(0.,14.325025173118));
#4769 = CARTESIAN_POINT('',(0.563818227908,14.325025173118));
#4770 = ( GEOMETRIC_REPRESENTATION_CONTEXT(2) 
PARAMETRIC_REPRESENTATION_CONTEXT() REPRESENTATION_CONTEXT('2D SPACE',''
  ) );
#4771 = ORIENTED_EDGE('',*,*,#4772,.F.);
#4772 = EDGE_CURVE('',#4551,#4729,#4773,.T.);
#4773 = SURFACE_CURVE('',#4774,(#4793,#4800),.PCURVE_S1.);
#4774 = ( BOUNDED_CURVE() B_SPLINE_CURVE(9,(#4775,#4776,#4777,#4778,
    #4779,#4780,#4781,#4782,#4783,#4784,#4785,#4786,#4787,#4788,#4789,
#4790,#4791,#4792),.UNSPECIFIED.,.F.,.F.) B_SPLINE_CURVE_WITH_KNOTS((10,
    8,10),(10.332959725839,10.41213110995,14.325025173118),
.UNSPECIFIED.) CURVE() GEOMETRIC_REPRESENTATION_ITEM() 
RATIONAL_B_SPLINE_CURVE((1.,1.,1.,1.,1.,1.,1.,1.,1.,1.,1.,1.,1.,1.,1.,1.
,1.,1.)) REPRESENTATION_ITEM('') );
#4775 = CARTESIAN_POINT('',(-32.34908840497,-12.58326059448,
    12.757564699497));
#4776 = CARTESIAN_POINT('',(-32.34930765626,-12.57146201719,
    12.759749136369));
#4777 = CARTESIAN_POINT('',(-32.34948853227,-12.55976587166,
    12.761914608605));
#4778 = CARTESIAN_POINT('',(-32.34963323001,-12.54818842363,
    12.764058104699));
#4779 = CARTESIAN_POINT('',(-32.34974448828,-12.53676202594,
    12.766173634716));
#4780 = CARTESIAN_POINT('',(-32.34982558772,-12.52553511851,
    12.768252230292));
#4781 = CARTESIAN_POINT('',(-32.34988035074,-12.51457222831,
    12.770281944635));
#4782 = CARTESIAN_POINT('',(-32.34991314161,-12.50395396945,
    12.772247852523));
#4783 = CARTESIAN_POINT('',(-32.34992886637,-12.49377704307,
    12.774132050309));
#4784 = CARTESIAN_POINT('',(-32.35013593082,-12.00856549454,
    12.863966101548));
#4785 = CARTESIAN_POINT('',(-32.34978582054,-11.54209741104,
    12.950329910986));
#4786 = CARTESIAN_POINT('',(-32.3502436035,-11.07185393287,
    13.037392712438));
#4787 = CARTESIAN_POINT('',(-32.34978985909,-10.60373066504,
    13.124062969475));
#4788 = CARTESIAN_POINT('',(-32.35012937123,-10.13021064147,
    13.211732403948));
#4789 = CARTESIAN_POINT('',(-32.34994884902,-9.658320015618,
    13.299100165063));
#4790 = CARTESIAN_POINT('',(-32.3500101051,-9.184023724444,
    13.386913320897));
#4791 = CARTESIAN_POINT('',(-32.35,-8.708966538915,13.474867351825));
#4792 = CARTESIAN_POINT('',(-32.35,-8.23302556882,13.562985010243));
#4793 = PCURVE('',#4566,#4794);
#4794 = DEFINITIONAL_REPRESENTATION('',(#4795),#4799);
#4795 = LINE('',#4796,#4797);
#4796 = CARTESIAN_POINT('',(0.,0.));
#4797 = VECTOR('',#4798,1.);
#4798 = DIRECTION('',(0.,1.));
#4799 = ( GEOMETRIC_REPRESENTATION_CONTEXT(2) 
PARAMETRIC_REPRESENTATION_CONTEXT() REPRESENTATION_CONTEXT('2D SPACE',''
  ) );
#4800 = PCURVE('',#4044,#4801);
#4801 = DEFINITIONAL_REPRESENTATION('',(#4802),#4821);
#4802 = ( BOUNDED_CURVE() B_SPLINE_CURVE(9,(#4803,#4804,#4805,#4806,
    #4807,#4808,#4809,#4810,#4811,#4812,#4813,#4814,#4815,#4816,#4817,
#4818,#4819,#4820),.UNSPECIFIED.,.F.,.F.) B_SPLINE_CURVE_WITH_KNOTS((10,
    8,10),(10.332959725839,10.41213110995,14.325025173118),
.UNSPECIFIED.) CURVE() GEOMETRIC_REPRESENTATION_ITEM() 
RATIONAL_B_SPLINE_CURVE((1.,1.,1.,1.,1.,1.,1.,1.,1.,1.,1.,1.,1.,1.,1.,1.
,1.,1.)) REPRESENTATION_ITEM('') );
#4803 = CARTESIAN_POINT('',(4.424166210205,32.349088404978));
#4804 = CARTESIAN_POINT('',(4.412167118964,32.34930765626));
#4805 = CARTESIAN_POINT('',(4.400272200287,32.349488532272));
#4806 = CARTESIAN_POINT('',(4.388497996353,32.349633230012));
#4807 = CARTESIAN_POINT('',(4.37687740982,32.349744488287));
#4808 = CARTESIAN_POINT('',(4.365459703824,32.34982558772));
#4809 = CARTESIAN_POINT('',(4.354310501984,32.349880350745));
#4810 = CARTESIAN_POINT('',(4.343511788396,32.34991314161));
#4811 = CARTESIAN_POINT('',(4.333161907637,32.349928866376));
#4812 = CARTESIAN_POINT('',(3.839704307037,32.350135930825));
#4813 = CARTESIAN_POINT('',(3.365308712087,32.349785820542));
#4814 = CARTESIAN_POINT('',(2.88707356056,32.350243603507));
#4815 = CARTESIAN_POINT('',(2.410994651827,32.349789859091));
#4816 = CARTESIAN_POINT('',(1.929427270808,32.35012937123));
#4817 = CARTESIAN_POINT('',(1.449516978717,32.349948849024));
#4818 = CARTESIAN_POINT('',(0.967160137614,32.350010105108));
#4819 = CARTESIAN_POINT('',(0.484029470942,32.35));
#4820 = CARTESIAN_POINT('',(0.,32.35));
#4821 = ( GEOMETRIC_REPRESENTATION_CONTEXT(2) 
PARAMETRIC_REPRESENTATION_CONTEXT() REPRESENTATION_CONTEXT('2D SPACE',''
  ) );
#4822 = ADVANCED_FACE('',(#4823),#4744,.T.);
#4823 = FACE_BOUND('',#4824,.T.);
#4824 = EDGE_LOOP('',(#4825,#4826,#4907,#5032));
#4825 = ORIENTED_EDGE('',*,*,#4728,.T.);
#4826 = ORIENTED_EDGE('',*,*,#4827,.T.);
#4827 = EDGE_CURVE('',#4671,#4828,#4830,.T.);
#4828 = VERTEX_POINT('',#4829);
#4829 = CARTESIAN_POINT('',(-32.15,-7.583782713778,13.474585183358));
#4830 = SURFACE_CURVE('',#4831,(#4839,#4846),.PCURVE_S1.);
#4831 = ( BOUNDED_CURVE() B_SPLINE_CURVE(6,(#4832,#4833,#4834,#4835,
#4836,#4837,#4838),.UNSPECIFIED.,.F.,.F.) B_SPLINE_CURVE_WITH_KNOTS((7,7
),(14.325025173118,14.888843401026),.PIECEWISE_BEZIER_KNOTS.) CURVE() 
GEOMETRIC_REPRESENTATION_ITEM() RATIONAL_B_SPLINE_CURVE((1.,1.,1.,1.,1.,
1.,1.)) REPRESENTATION_ITEM('') );
#4832 = CARTESIAN_POINT('',(-32.15,-8.196615530631,13.36632716427));
#4833 = CARTESIAN_POINT('',(-32.15,-8.093711599806,13.385379220163));
#4834 = CARTESIAN_POINT('',(-32.15,-7.990817665975,13.404546856561));
#4835 = CARTESIAN_POINT('',(-32.15,-7.888645276515,13.423347518303));
#4836 = CARTESIAN_POINT('',(-32.15,-7.78674293971,13.441524089548));
#4837 = CARTESIAN_POINT('',(-32.15,-7.685123828866,13.458726806375));
#4838 = CARTESIAN_POINT('',(-32.15,-7.583782713778,13.474585183358));
#4839 = PCURVE('',#4744,#4840);
#4840 = DEFINITIONAL_REPRESENTATION('',(#4841),#4845);
#4841 = LINE('',#4842,#4843);
#4842 = CARTESIAN_POINT('',(0.563818227908,0.));
#4843 = VECTOR('',#4844,1.);
#4844 = DIRECTION('',(0.,1.));
#4845 = ( GEOMETRIC_REPRESENTATION_CONTEXT(2) 
PARAMETRIC_REPRESENTATION_CONTEXT() REPRESENTATION_CONTEXT('2D SPACE',''
  ) );
#4846 = PCURVE('',#4701,#4847);
#4847 = DEFINITIONAL_REPRESENTATION('',(#4848),#4906);
#4848 = B_SPLINE_CURVE_WITH_KNOTS('',6,(#4849,#4850,#4851,#4852,#4853,
    #4854,#4855,#4856,#4857,#4858,#4859,#4860,#4861,#4862,#4863,#4864,
    #4865,#4866,#4867,#4868,#4869,#4870,#4871,#4872,#4873,#4874,#4875,
    #4876,#4877,#4878,#4879,#4880,#4881,#4882,#4883,#4884,#4885,#4886,
    #4887,#4888,#4889,#4890,#4891,#4892,#4893,#4894,#4895,#4896,#4897,
    #4898,#4899,#4900,#4901,#4902,#4903,#4904,#4905),.UNSPECIFIED.,.F.,
  .F.,(7,5,5,5,5,5,5,5,5,5,5,7),(14.325025173118,14.325575776856,
    14.326126380594,14.327227588071,14.329430003023,14.333834832929,
    14.34264449274,14.360263812362,14.395502451606,14.465979730095,
    14.606934287072,14.888843401026),.UNSPECIFIED.);
#4849 = CARTESIAN_POINT('',(-6.618820589435,0.125369624919));
#4850 = CARTESIAN_POINT('',(-6.618955934263,0.125370253217));
#4851 = CARTESIAN_POINT('',(-6.619082133209,0.125370839059));
#4852 = CARTESIAN_POINT('',(-6.619205462849,0.125371411584));
#4853 = CARTESIAN_POINT('',(-6.619325761007,0.125371970037));
#4854 = CARTESIAN_POINT('',(-6.619457760321,0.125372582812));
#4855 = CARTESIAN_POINT('',(-6.619726897388,0.125373832221));
#4856 = CARTESIAN_POINT('',(-6.619864654689,0.125374471731));
#4857 = CARTESIAN_POINT('',(-6.620005108155,0.12537512376));
#4858 = CARTESIAN_POINT('',(-6.620139478185,0.125375747549));
#4859 = CARTESIAN_POINT('',(-6.620274753658,0.125376375544));
#4860 = CARTESIAN_POINT('',(-6.620679102021,0.125378252675));
#4861 = CARTESIAN_POINT('',(-6.62094822711,0.125379502059));
#4862 = CARTESIAN_POINT('',(-6.621222827759,0.125380776872));
#4863 = CARTESIAN_POINT('',(-6.621491035528,0.125382022015));
#4864 = CARTESIAN_POINT('',(-6.621762181221,0.125383280805));
#4865 = CARTESIAN_POINT('',(-6.622574248884,0.125387050846));
#4866 = CARTESIAN_POINT('',(-6.623115619103,0.125389564203));
#4867 = CARTESIAN_POINT('',(-6.623656982505,0.125392077563));
#4868 = CARTESIAN_POINT('',(-6.624198340499,0.125394590931));
#4869 = CARTESIAN_POINT('',(-6.624739694489,0.125397104315));
#4870 = CARTESIAN_POINT('',(-6.626363748671,0.125404644529));
#4871 = CARTESIAN_POINT('',(-6.627446439565,0.125409671416));
#4872 = CARTESIAN_POINT('',(-6.628529118165,0.125414698377));
#4873 = CARTESIAN_POINT('',(-6.629611784068,0.125419725408));
#4874 = CARTESIAN_POINT('',(-6.630694436875,0.125424752502));
#4875 = CARTESIAN_POINT('',(-6.633942354801,0.125439833967));
#4876 = CARTESIAN_POINT('',(-6.636107579534,0.125449888518));
#4877 = CARTESIAN_POINT('',(-6.638272747632,0.125459943277));
#4878 = CARTESIAN_POINT('',(-6.640437856346,0.125469998209));
#4879 = CARTESIAN_POINT('',(-6.642602902927,0.125480053283));
#4880 = CARTESIAN_POINT('',(-6.64909784802,0.125510218823));
#4881 = CARTESIAN_POINT('',(-6.653427550914,0.125530329607));
#4882 = CARTESIAN_POINT('',(-6.657756974347,0.125550440561));
#4883 = CARTESIAN_POINT('',(-6.662086099361,0.12557055143));
#4884 = CARTESIAN_POINT('',(-6.666414906995,0.12559066196));
#4885 = CARTESIAN_POINT('',(-6.679400320886,0.125650991776));
#4886 = CARTESIAN_POINT('',(-6.688055904886,0.125691209221));
#4887 = CARTESIAN_POINT('',(-6.696710022187,0.12573142241));
#4888 = CARTESIAN_POINT('',(-6.705362564683,0.125771629516));
#4889 = CARTESIAN_POINT('',(-6.714013424268,0.125811828715));
#4890 = CARTESIAN_POINT('',(-6.739960629976,0.125932397114));
#4891 = CARTESIAN_POINT('',(-6.757251663486,0.126012737401));
#4892 = CARTESIAN_POINT('',(-6.774534967535,0.126093025571));
#4893 = CARTESIAN_POINT('',(-6.79181012322,0.126173249124));
#4894 = CARTESIAN_POINT('',(-6.809076918564,0.126253396534));
#4895 = CARTESIAN_POINT('',(-6.860852208433,0.126493578674));
#4896 = CARTESIAN_POINT('',(-6.895335337354,0.126653352005));
#4897 = CARTESIAN_POINT('',(-6.929785166125,0.126812695108));
#4898 = CARTESIAN_POINT('',(-6.964203418547,0.126971531663));
#4899 = CARTESIAN_POINT('',(-6.998593111377,0.127129791159));
#4900 = CARTESIAN_POINT('',(-7.101689440243,0.12760264438));
#4901 = CARTESIAN_POINT('',(-7.170322480865,0.127915308707));
#4902 = CARTESIAN_POINT('',(-7.238887353429,0.128224860785));
#4903 = CARTESIAN_POINT('',(-7.307419175277,0.128530777649));
#4904 = CARTESIAN_POINT('',(-7.375934936739,0.128832436793));
#4905 = CARTESIAN_POINT('',(-7.444453864422,0.129129201268));
#4906 = ( GEOMETRIC_REPRESENTATION_CONTEXT(2) 
PARAMETRIC_REPRESENTATION_CONTEXT() REPRESENTATION_CONTEXT('2D SPACE',''
  ) );
#4907 = ORIENTED_EDGE('',*,*,#4908,.F.);
#4908 = EDGE_CURVE('',#4909,#4828,#4911,.T.);
#4909 = VERTEX_POINT('',#4910);
#4910 = CARTESIAN_POINT('',(-32.34999985985,-7.614464769295,
    13.672217839952));
#4911 = SURFACE_CURVE('',#4912,(#4916,#4923),.PCURVE_S1.);
#4912 = ( BOUNDED_CURVE() B_SPLINE_CURVE(2,(#4913,#4914,#4915),
.UNSPECIFIED.,.F.,.F.) B_SPLINE_CURVE_WITH_KNOTS((3,3),(0.,
0.563818227908),.PIECEWISE_BEZIER_KNOTS.) CURVE() 
GEOMETRIC_REPRESENTATION_ITEM() RATIONAL_B_SPLINE_CURVE((1.,
0.707106783722,1.)) REPRESENTATION_ITEM('') );
#4913 = CARTESIAN_POINT('',(-32.34999985985,-7.614464769295,
    13.672217839952));
#4914 = CARTESIAN_POINT('',(-32.15,-7.614697486405,13.672181428919));
#4915 = CARTESIAN_POINT('',(-32.15,-7.583782713778,13.474585183358));
#4916 = PCURVE('',#4744,#4917);
#4917 = DEFINITIONAL_REPRESENTATION('',(#4918),#4922);
#4918 = LINE('',#4919,#4920);
#4919 = CARTESIAN_POINT('',(0.,14.888843401026));
#4920 = VECTOR('',#4921,1.);
#4921 = DIRECTION('',(1.,0.));
#4922 = ( GEOMETRIC_REPRESENTATION_CONTEXT(2) 
PARAMETRIC_REPRESENTATION_CONTEXT() REPRESENTATION_CONTEXT('2D SPACE',''
  ) );
#4923 = PCURVE('',#4924,#5027);
#4924 = ( BOUNDED_SURFACE() B_SPLINE_SURFACE(2,9,(
    (#4925,#4926,#4927,#4928,#4929,#4930,#4931,#4932,#4933,#4934,#4935
      ,#4936,#4937,#4938,#4939,#4940,#4941,#4942,#4943,#4944,#4945,#4946
      ,#4947,#4948,#4949,#4950,#4951,#4952,#4953,#4954,#4955,#4956,#4957
      ,#4958)
    ,(#4959,#4960,#4961,#4962,#4963,#4964,#4965,#4966,#4967,#4968,#4969
      ,#4970,#4971,#4972,#4973,#4974,#4975,#4976,#4977,#4978,#4979,#4980
      ,#4981,#4982,#4983,#4984,#4985,#4986,#4987,#4988,#4989,#4990,#4991
      ,#4992)
    ,(#4993,#4994,#4995,#4996,#4997,#4998,#4999,#5000,#5001,#5002,#5003
      ,#5004,#5005,#5006,#5007,#5008,#5009,#5010,#5011,#5012,#5013,#5014
      ,#5015,#5016,#5017,#5018,#5019,#5020,#5021,#5022,#5023,#5024,#5025
,#5026
    )),.UNSPECIFIED.,.F.,.F.,.F.) B_SPLINE_SURFACE_WITH_KNOTS((3,3),(10,
    8,8,8,10),(0.,1.173176000381),(14.888843401026,14.968232701483,
    15.13959298629,15.442605662503,16.062019401407),.UNSPECIFIED.) 
GEOMETRIC_REPRESENTATION_ITEM() RATIONAL_B_SPLINE_SURFACE((
    (1.,1.,1.,1.,1.,1.,1.,1.,1.,1.,1.,1.,1.,1.,1.,1.,1.,1.,1.,1.,1.,1.
      ,1.,1.,1.,1.,1.,1.,1.,1.,1.,1.,1.,1.)
    ,(0.707106783722,0.708827040162,0.710535455547,0.712232107311
      ,0.713917072888,0.715590429713,0.717252255222,0.718902626849
      ,0.720541622028,0.725682669201,0.72910468674,0.732400145938
      ,0.735570003566,0.738624726215,0.74156871732,0.744395843005
      ,0.747096056775,0.754230093432,0.758397441878,0.762159205447
      ,0.765506722605,0.768438633205,0.770960878492,0.773086701102
      ,0.774836645062,0.779104319608,0.780429391249,0.78115372777
      ,0.779035163606,0.780254695675,0.776597497299,0.777132573164
      ,0.776109736426,0.776446236574)
    ,(1.,1.,1.,1.,1.,1.,1.,1.,1.,1.,1.,1.,1.,1.,1.,1.,1.,1.,1.,1.,1.,1.
,1.,1.,1.,1.,1.,1.,1.,1.,1.,1.,1.,1.
  ))) REPRESENTATION_ITEM('') SURFACE() );
#4925 = CARTESIAN_POINT('',(-32.34999985985,-7.614464769295,
    13.672217839952));
#4926 = CARTESIAN_POINT('',(-32.3499996819,-7.604606513838,
    13.673760267416));
#4927 = CARTESIAN_POINT('',(-32.34988084329,-7.594718485297,
    13.67529620331));
#4928 = CARTESIAN_POINT('',(-32.34964273936,-7.58479552545,
    13.676825936566));
#4929 = CARTESIAN_POINT('',(-32.34928476547,-7.574832476075,
    13.678349756114));
#4930 = CARTESIAN_POINT('',(-32.34880631696,-7.564824178949,
    13.679867950887));
#4931 = CARTESIAN_POINT('',(-32.34820678917,-7.55476547585,
    13.681380809815));
#4932 = CARTESIAN_POINT('',(-32.34748557746,-7.544651208556,
    13.682888621829));
#4933 = CARTESIAN_POINT('',(-32.34664207717,-7.534476218844,
    13.684391675861));
#4934 = CARTESIAN_POINT('',(-32.34358974174,-7.502130625939,
    13.689124927825));
#4935 = CARTESIAN_POINT('',(-32.34090578778,-7.476815520424,
    13.692762098989));
#4936 = CARTESIAN_POINT('',(-32.33751217139,-7.450779899048,
    13.696403377298));
#4937 = CARTESIAN_POINT('',(-32.33339567767,-7.424913859888,
    13.699912413163));
#4938 = CARTESIAN_POINT('',(-32.32858340909,-7.399342862552,
    13.703274715555));
#4939 = CARTESIAN_POINT('',(-32.32310480801,-7.373988840606,
    13.706504548918));
#4940 = CARTESIAN_POINT('',(-32.31697381975,-7.348857295874,
    13.70959891591));
#4941 = CARTESIAN_POINT('',(-32.31019119626,-7.324050374615,
    13.712538625933));
#4942 = CARTESIAN_POINT('',(-32.28963878964,-7.256104508506,
    13.720283780228));
#4943 = CARTESIAN_POINT('',(-32.27450506619,-7.213567036265,
    13.724777849562));
#4944 = CARTESIAN_POINT('',(-32.25741383687,-7.172001500825,
    13.728804769642));
#4945 = CARTESIAN_POINT('',(-32.23842008771,-7.131515379073,
    13.732358691429));
#4946 = CARTESIAN_POINT('',(-32.21758572386,-7.092215632808,
    13.735441804696));
#4947 = CARTESIAN_POINT('',(-32.19497956966,-7.054208708739,
    13.738064338026));
#4948 = CARTESIAN_POINT('',(-32.17067736858,-7.017600538491,
    13.740244558818));
#4949 = CARTESIAN_POINT('',(-32.14476178327,-6.982496538598,
    13.742008773278));
#4950 = CARTESIAN_POINT('',(-32.06123123143,-6.880531806205,
    13.746217519793));
#4951 = CARTESIAN_POINT('',(-31.99882470659,-6.818591130075,
    13.747439222475));
#4952 = CARTESIAN_POINT('',(-31.93034483967,-6.765203695352,
    13.747421111437));
#4953 = CARTESIAN_POINT('',(-31.85857304726,-6.716456969024,
    13.746298931917));
#4954 = CARTESIAN_POINT('',(-31.77915911279,-6.682945330702,
    13.745105226302));
#4955 = CARTESIAN_POINT('',(-31.70297711548,-6.650766374884,
    13.743527786185));
#4956 = CARTESIAN_POINT('',(-31.61828347815,-6.632252766803,
    13.742488434592));
#4957 = CARTESIAN_POINT('',(-31.52778922292,-6.623217706355,
    13.741995587397));
#4958 = CARTESIAN_POINT('',(-31.45971668505,-6.623156624319,
    13.741992229206));
#4959 = CARTESIAN_POINT('',(-32.15,-7.614697486405,13.672181428919));
#4960 = CARTESIAN_POINT('',(-32.15097076579,-7.605014464434,
    13.673696676066));
#4961 = CARTESIAN_POINT('',(-32.1518145291,-7.595321604847,
    13.675202558144));
#4962 = CARTESIAN_POINT('',(-32.1525309273,-7.5856191798,13.676698741079
    ));
#4963 = CARTESIAN_POINT('',(-32.15311958833,-7.575907462118,
    13.678184892372));
#4964 = CARTESIAN_POINT('',(-32.15358013081,-7.566186725336,
    13.679660681038));
#4965 = CARTESIAN_POINT('',(-32.15391216427,-7.556457243748,
    13.681125777549));
#4966 = CARTESIAN_POINT('',(-32.15411528935,-7.546719292453,
    13.682579853767));
#4967 = CARTESIAN_POINT('',(-32.15418909792,-7.536973147394,
    13.684022582897));
#4968 = CARTESIAN_POINT('',(-32.15401331629,-7.506314284639,
    13.688520664385));
#4969 = CARTESIAN_POINT('',(-32.15328242643,-7.485298498012,
    13.691545598917));
#4970 = CARTESIAN_POINT('',(-32.15193180788,-7.464275737199,
    13.694512697051));
#4971 = CARTESIAN_POINT('',(-32.14996310423,-7.443296366639,
    13.697412947017));
#4972 = CARTESIAN_POINT('',(-32.14738080369,-7.422388198556,
    13.700240311538));
#4973 = CARTESIAN_POINT('',(-32.14418821557,-7.401574678661,
    13.702989658995));
#4974 = CARTESIAN_POINT('',(-32.14038673479,-7.380882812122,
    13.705655996825));
#4975 = CARTESIAN_POINT('',(-32.13597849021,-7.360343339618,
    13.708234662789));
#4976 = CARTESIAN_POINT('',(-32.12220489598,-7.304327718589,
    13.715079191557));
#4977 = CARTESIAN_POINT('',(-32.11157954307,-7.269152589683,
    13.719164131605));
#4978 = CARTESIAN_POINT('',(-32.09913142687,-7.234638634807,
    13.72295501475));
#4979 = CARTESIAN_POINT('',(-32.08490703264,-7.200945002092,
    13.726437845853));
#4980 = CARTESIAN_POINT('',(-32.06896492983,-7.168214520834,
    13.729606134784));
#4981 = CARTESIAN_POINT('',(-32.051376465,-7.136576428777,
    13.732460528515));
#4982 = CARTESIAN_POINT('',(-32.0322267786,-7.106148780694,
    13.735008553472));
#4983 = CARTESIAN_POINT('',(-32.01161612093,-7.077040533738,
    13.737264460282));
#4984 = CARTESIAN_POINT('',(-31.94502785487,-6.993065536304,
    13.743284029712));
#4985 = CARTESIAN_POINT('',(-31.89464918448,-6.942336381663,
    13.746224988912));
#4986 = CARTESIAN_POINT('',(-31.83862027277,-6.897805577602,
    13.748137234282));
#4987 = CARTESIAN_POINT('',(-31.78032044686,-6.860868041564,
    13.749505763753));
#4988 = CARTESIAN_POINT('',(-31.7161423147,-6.830409228989,
    13.749995214685));
#4989 = CARTESIAN_POINT('',(-31.65262994845,-6.808224955063,
    13.750619523526));
#4990 = CARTESIAN_POINT('',(-31.58619000548,-6.792941991126,
    13.750821589549));
#4991 = CARTESIAN_POINT('',(-31.51916271817,-6.78524741093,
    13.750900309002));
#4992 = CARTESIAN_POINT('',(-31.4519838824,-6.785052924941,
    13.750893023207));
#4993 = CARTESIAN_POINT('',(-32.15,-7.583782713778,13.474585183358));
#4994 = CARTESIAN_POINT('',(-32.15,-7.574420138652,13.477035257976));
#4995 = CARTESIAN_POINT('',(-32.14988646946,-7.565056324056,
    13.479470667568));
#4996 = CARTESIAN_POINT('',(-32.14965907246,-7.555692264875,
    13.481891013662));
#4997 = CARTESIAN_POINT('',(-32.1493174731,-7.546328955995,
    13.484295897784));
#4998 = CARTESIAN_POINT('',(-32.14886133545,-7.5369673923,
    13.486684921463));
#4999 = CARTESIAN_POINT('',(-32.1482903236,-7.527608568674,
    13.489057686226));
#5000 = CARTESIAN_POINT('',(-32.14760410162,-7.518253480002,
    13.4914137936));
#5001 = CARTESIAN_POINT('',(-32.14680233362,-7.50890312117,
    13.493752845113));
#5002 = CARTESIAN_POINT('',(-32.1439039538,-7.479388273278,
    13.501085565347));
#5003 = CARTESIAN_POINT('',(-32.14138803148,-7.459313602034,
    13.505983467612));
#5004 = CARTESIAN_POINT('',(-32.13834979391,-7.439421390561,
    13.510735943928));
#5005 = CARTESIAN_POINT('',(-32.13479504336,-7.419718906245,
    13.515341763846));
#5006 = CARTESIAN_POINT('',(-32.13072678507,-7.400192205988,
    13.519807627596));
#5007 = CARTESIAN_POINT('',(-32.12614814843,-7.38084050936,
    13.524134841453));
#5008 = CARTESIAN_POINT('',(-32.1210639513,-7.361686505567,
    13.528315712491));
#5009 = CARTESIAN_POINT('',(-32.11548090752,-7.342762594218,
    13.532339662724));
#5010 = CARTESIAN_POINT('',(-32.09866519484,-7.291024761582,
    13.543051238622));
#5011 = CARTESIAN_POINT('',(-32.08638518482,-7.25871668042,
    13.549404934855));
#5012 = CARTESIAN_POINT('',(-32.07260854253,-7.227252512423,
    13.555250479768));
#5013 = CARTESIAN_POINT('',(-32.05738334912,-7.196728298835,
    13.560577149422));
#5014 = CARTESIAN_POINT('',(-32.04076367183,-7.167232426133,
    13.565383167511));
#5015 = CARTESIAN_POINT('',(-32.02280956406,-7.138845626025,
    13.569675705369));
#5016 = CARTESIAN_POINT('',(-32.0035870653,-7.111640975448,
    13.57347088196));
#5017 = CARTESIAN_POINT('',(-31.98316820117,-7.085683896575,
    13.576793763884));
#5018 = CARTESIAN_POINT('',(-31.91760494225,-7.010639458751,
    13.585575022305));
#5019 = CARTESIAN_POINT('',(-31.86894207049,-6.965718768208,
    13.589594499039));
#5020 = CARTESIAN_POINT('',(-31.81584228054,-6.926411656703,
    13.592350106689));
#5021 = CARTESIAN_POINT('',(-31.76024030798,-6.894123031711,
    13.59294426869));
#5022 = CARTESIAN_POINT('',(-31.70086180753,-6.866957835294,
    13.594647659143));
#5023 = CARTESIAN_POINT('',(-31.63972407082,-6.847457864681,
    13.593466034702));
#5024 = CARTESIAN_POINT('',(-31.57814762634,-6.834449870041,
    13.594337884087));
#5025 = CARTESIAN_POINT('',(-31.51692118252,-6.827118940436,
    13.593900516108));
#5026 = CARTESIAN_POINT('',(-31.45,-6.827062610059,13.594110743939));
#5027 = DEFINITIONAL_REPRESENTATION('',(#5028),#5031);
#5028 = B_SPLINE_CURVE_WITH_KNOTS('',1,(#5029,#5030),.UNSPECIFIED.,.F.,
  .F.,(2,2),(0.,0.563818227908),.PIECEWISE_BEZIER_KNOTS.);
#5029 = CARTESIAN_POINT('',(0.,14.888843401026));
#5030 = CARTESIAN_POINT('',(1.173176000381,14.888843401026));
#5031 = ( GEOMETRIC_REPRESENTATION_CONTEXT(2) 
PARAMETRIC_REPRESENTATION_CONTEXT() REPRESENTATION_CONTEXT('2D SPACE',''
  ) );
#5032 = ORIENTED_EDGE('',*,*,#5033,.F.);
#5033 = EDGE_CURVE('',#4729,#4909,#5034,.T.);
#5034 = SURFACE_CURVE('',#5035,(#5043,#5050),.PCURVE_S1.);
#5035 = ( BOUNDED_CURVE() B_SPLINE_CURVE(6,(#5036,#5037,#5038,#5039,
#5040,#5041,#5042),.UNSPECIFIED.,.F.,.F.) B_SPLINE_CURVE_WITH_KNOTS((7,7
),(14.325025173118,14.888843401026),.PIECEWISE_BEZIER_KNOTS.) CURVE() 
GEOMETRIC_REPRESENTATION_ITEM() RATIONAL_B_SPLINE_CURVE((1.,1.,1.,1.,1.,
1.,1.)) REPRESENTATION_ITEM('') );
#5036 = CARTESIAN_POINT('',(-32.35,-8.23302556882,13.562985010243));
#5037 = CARTESIAN_POINT('',(-32.35,-8.130156366377,13.582030635252));
#5038 = CARTESIAN_POINT('',(-32.34999819223,-8.027210939411,
    13.601199878448));
#5039 = CARTESIAN_POINT('',(-32.35000483837,-7.924517205293,
    13.620131388057));
#5040 = CARTESIAN_POINT('',(-32.34999490373,-7.820783693985,
    13.638579081709));
#5041 = CARTESIAN_POINT('',(-32.35000175554,-7.719483910862,
    13.65578649377));
#5042 = CARTESIAN_POINT('',(-32.34999985985,-7.614464769295,
    13.672217839952));
#5043 = PCURVE('',#4744,#5044);
#5044 = DEFINITIONAL_REPRESENTATION('',(#5045),#5049);
#5045 = LINE('',#5046,#5047);
#5046 = CARTESIAN_POINT('',(0.,0.));
#5047 = VECTOR('',#5048,1.);
#5048 = DIRECTION('',(0.,1.));
#5049 = ( GEOMETRIC_REPRESENTATION_CONTEXT(2) 
PARAMETRIC_REPRESENTATION_CONTEXT() REPRESENTATION_CONTEXT('2D SPACE',''
  ) );
#5050 = PCURVE('',#183,#5051);
#5051 = DEFINITIONAL_REPRESENTATION('',(#5052),#5060);
#5052 = B_SPLINE_CURVE_WITH_KNOTS('',6,(#5053,#5054,#5055,#5056,#5057,
    #5058,#5059),.UNSPECIFIED.,.F.,.F.,(7,7),(14.325025173118,
    14.888843401026),.PIECEWISE_BEZIER_KNOTS.);
#5053 = CARTESIAN_POINT('',(1.,-32.35));
#5054 = CARTESIAN_POINT('',(0.952782675554,-32.35));
#5055 = CARTESIAN_POINT('',(0.905544581858,-32.34999819223));
#5056 = CARTESIAN_POINT('',(0.85839709913,-32.35000483837));
#5057 = CARTESIAN_POINT('',(0.810685107253,-32.34999490373));
#5058 = CARTESIAN_POINT('',(0.763987820527,-32.35000175554));
#5059 = CARTESIAN_POINT('',(0.715393842644,-32.34999985985));
#5060 = ( GEOMETRIC_REPRESENTATION_CONTEXT(2) 
PARAMETRIC_REPRESENTATION_CONTEXT() REPRESENTATION_CONTEXT('2D SPACE',''
  ) );
#5061 = ADVANCED_FACE('',(#5062),#4924,.T.);
#5062 = FACE_BOUND('',#5063,.T.);
#5063 = EDGE_LOOP('',(#5064,#5065,#5163,#5258));
#5064 = ORIENTED_EDGE('',*,*,#4908,.T.);
#5065 = ORIENTED_EDGE('',*,*,#5066,.T.);
#5066 = EDGE_CURVE('',#4828,#5067,#5069,.T.);
#5067 = VERTEX_POINT('',#5068);
#5068 = CARTESIAN_POINT('',(-31.45,-6.827062610059,13.594110743939));
#5069 = SURFACE_CURVE('',#5070,(#5105,#5112),.PCURVE_S1.);
#5070 = ( BOUNDED_CURVE() B_SPLINE_CURVE(9,(#5071,#5072,#5073,#5074,
    #5075,#5076,#5077,#5078,#5079,#5080,#5081,#5082,#5083,#5084,#5085,
    #5086,#5087,#5088,#5089,#5090,#5091,#5092,#5093,#5094,#5095,#5096,
    #5097,#5098,#5099,#5100,#5101,#5102,#5103,#5104),.UNSPECIFIED.,.F.,
.F.) B_SPLINE_CURVE_WITH_KNOTS((10,8,8,8,10),(14.888843401026,
    14.968232701483,15.13959298629,15.442605662503,16.062019401407),
.UNSPECIFIED.) CURVE() GEOMETRIC_REPRESENTATION_ITEM() 
RATIONAL_B_SPLINE_CURVE((1.,1.,1.,1.,1.,1.,1.,1.,1.,1.,1.,1.,1.,1.,1.,1.
    ,1.,1.,1.,1.,1.,1.,1.,1.,1.,1.,1.,1.,1.,1.,1.,1.,1.,1.)) 
REPRESENTATION_ITEM('') );
#5071 = CARTESIAN_POINT('',(-32.15,-7.583782713778,13.474585183358));
#5072 = CARTESIAN_POINT('',(-32.15,-7.574420138652,13.477035257976));
#5073 = CARTESIAN_POINT('',(-32.14988646946,-7.565056324056,
    13.479470667568));
#5074 = CARTESIAN_POINT('',(-32.14965907246,-7.555692264875,
    13.481891013662));
#5075 = CARTESIAN_POINT('',(-32.1493174731,-7.546328955995,
    13.484295897784));
#5076 = CARTESIAN_POINT('',(-32.14886133545,-7.5369673923,
    13.486684921463));
#5077 = CARTESIAN_POINT('',(-32.1482903236,-7.527608568674,
    13.489057686226));
#5078 = CARTESIAN_POINT('',(-32.14760410162,-7.518253480002,
    13.4914137936));
#5079 = CARTESIAN_POINT('',(-32.14680233362,-7.50890312117,
    13.493752845113));
#5080 = CARTESIAN_POINT('',(-32.1439039538,-7.479388273278,
    13.501085565347));
#5081 = CARTESIAN_POINT('',(-32.14138803148,-7.459313602034,
    13.505983467612));
#5082 = CARTESIAN_POINT('',(-32.13834979391,-7.439421390561,
    13.510735943928));
#5083 = CARTESIAN_POINT('',(-32.13479504336,-7.419718906245,
    13.515341763846));
#5084 = CARTESIAN_POINT('',(-32.13072678507,-7.400192205988,
    13.519807627596));
#5085 = CARTESIAN_POINT('',(-32.12614814843,-7.38084050936,
    13.524134841453));
#5086 = CARTESIAN_POINT('',(-32.1210639513,-7.361686505567,
    13.528315712491));
#5087 = CARTESIAN_POINT('',(-32.11548090752,-7.342762594218,
    13.532339662724));
#5088 = CARTESIAN_POINT('',(-32.09866519484,-7.291024761582,
    13.543051238622));
#5089 = CARTESIAN_POINT('',(-32.08638518482,-7.25871668042,
    13.549404934855));
#5090 = CARTESIAN_POINT('',(-32.07260854253,-7.227252512423,
    13.555250479768));
#5091 = CARTESIAN_POINT('',(-32.05738334912,-7.196728298835,
    13.560577149422));
#5092 = CARTESIAN_POINT('',(-32.04076367183,-7.167232426133,
    13.565383167511));
#5093 = CARTESIAN_POINT('',(-32.02280956406,-7.138845626025,
    13.569675705369));
#5094 = CARTESIAN_POINT('',(-32.0035870653,-7.111640975448,
    13.57347088196));
#5095 = CARTESIAN_POINT('',(-31.98316820117,-7.085683896575,
    13.576793763884));
#5096 = CARTESIAN_POINT('',(-31.91760494225,-7.010639458751,
    13.585575022305));
#5097 = CARTESIAN_POINT('',(-31.86894207049,-6.965718768208,
    13.589594499039));
#5098 = CARTESIAN_POINT('',(-31.81584228054,-6.926411656703,
    13.592350106689));
#5099 = CARTESIAN_POINT('',(-31.76024030798,-6.894123031711,
    13.59294426869));
#5100 = CARTESIAN_POINT('',(-31.70086180753,-6.866957835294,
    13.594647659143));
#5101 = CARTESIAN_POINT('',(-31.63972407082,-6.847457864681,
    13.593466034702));
#5102 = CARTESIAN_POINT('',(-31.57814762634,-6.834449870041,
    13.594337884087));
#5103 = CARTESIAN_POINT('',(-31.51692118252,-6.827118940436,
    13.593900516108));
#5104 = CARTESIAN_POINT('',(-31.45,-6.827062610059,13.594110743939));
#5105 = PCURVE('',#4924,#5106);
#5106 = DEFINITIONAL_REPRESENTATION('',(#5107),#5111);
#5107 = LINE('',#5108,#5109);
#5108 = CARTESIAN_POINT('',(1.173176000381,0.));
#5109 = VECTOR('',#5110,1.);
#5110 = DIRECTION('',(0.,1.));
#5111 = ( GEOMETRIC_REPRESENTATION_CONTEXT(2) 
PARAMETRIC_REPRESENTATION_CONTEXT() REPRESENTATION_CONTEXT('2D SPACE',''
  ) );
#5112 = PCURVE('',#5113,#5118);
#5113 = CYLINDRICAL_SURFACE('',#5114,0.7);
#5114 = AXIS2_PLACEMENT_3D('',#5115,#5116,#5117);
#5115 = CARTESIAN_POINT('',(-31.45,-9.923259473479,4.74353905303));
#5116 = DIRECTION('',(0.,0.258819045103,0.965925826289));
#5117 = DIRECTION('',(0.,-0.965925826289,0.258819045103));
#5118 = DEFINITIONAL_REPRESENTATION('',(#5119),#5162);
#5119 = B_SPLINE_CURVE_WITH_KNOTS('',9,(#5120,#5121,#5122,#5123,#5124,
    #5125,#5126,#5127,#5128,#5129,#5130,#5131,#5132,#5133,#5134,#5135,
    #5136,#5137,#5138,#5139,#5140,#5141,#5142,#5143,#5144,#5145,#5146,
    #5147,#5148,#5149,#5150,#5151,#5152,#5153,#5154,#5155,#5156,#5157,
    #5158,#5159,#5160,#5161),.UNSPECIFIED.,.F.,.F.,(10,8,8,8,8,10),(
    14.888843401026,14.96216690105,15.035490401074,15.182137401121,
    15.475431401217,16.062019401407),.UNSPECIFIED.);
#5120 = CARTESIAN_POINT('',(4.712388980385,9.039044088791));
#5121 = CARTESIAN_POINT('',(4.701293411232,9.043467923313));
#5122 = CARTESIAN_POINT('',(4.690191810527,9.047879951192));
#5123 = CARTESIAN_POINT('',(4.679083128162,9.052279665071));
#5124 = CARTESIAN_POINT('',(4.667966314031,9.056666557589));
#5125 = CARTESIAN_POINT('',(4.656840318026,9.061040121389));
#5126 = CARTESIAN_POINT('',(4.645704090039,9.065399849111));
#5127 = CARTESIAN_POINT('',(4.634556579965,9.069745233396));
#5128 = CARTESIAN_POINT('',(4.623396737695,9.074075766885));
#5129 = CARTESIAN_POINT('',(4.601050288548,9.082706117555));
#5130 = CARTESIAN_POINT('',(4.589859074798,9.087008466499));
#5131 = CARTESIAN_POINT('',(4.578677883471,9.091280908256));
#5132 = CARTESIAN_POINT('',(4.567511006598,9.09552044893));
#5133 = CARTESIAN_POINT('',(4.556354792528,9.099728663552));
#5134 = CARTESIAN_POINT('',(4.545206987088,9.103906089729));
#5135 = CARTESIAN_POINT('',(4.534069639997,9.108050533062));
#5136 = CARTESIAN_POINT('',(4.522945576531,9.11215928417));
#5137 = CARTESIAN_POINT('',(4.489594150307,9.124387174076));
#5138 = CARTESIAN_POINT('',(4.467393103812,9.132404618875));
#5139 = CARTESIAN_POINT('',(4.44521307088,9.140286726233));
#5140 = CARTESIAN_POINT('',(4.423047690464,9.148029889983));
#5141 = CARTESIAN_POINT('',(4.400894824248,9.155628725543));
#5142 = CARTESIAN_POINT('',(4.378754916295,9.163077041936));
#5143 = CARTESIAN_POINT('',(4.356629352747,9.170368813925));
#5144 = CARTESIAN_POINT('',(4.334518821472,9.177499154039));
#5145 = CARTESIAN_POINT('',(4.268227372304,9.198397545957));
#5146 = CARTESIAN_POINT('',(4.224094468088,9.21166925164));
#5147 = CARTESIAN_POINT('',(4.180019059926,9.224250395619));
#5148 = CARTESIAN_POINT('',(4.136024956803,9.236111339218));
#5149 = CARTESIAN_POINT('',(4.092111259445,9.247239011364));
#5150 = CARTESIAN_POINT('',(4.048268713592,9.257632855512));
#5151 = CARTESIAN_POINT('',(4.004512212034,9.267295220001));
#5152 = CARTESIAN_POINT('',(3.960876824412,9.276230888372));
#5153 = CARTESIAN_POINT('',(3.830220552678,9.300949562226));
#5154 = CARTESIAN_POINT('',(3.743454007234,9.314648724485));
#5155 = CARTESIAN_POINT('',(3.656933951803,9.325753887298));
#5156 = CARTESIAN_POINT('',(3.571474785888,9.334038929909));
#5157 = CARTESIAN_POINT('',(3.485046989296,9.341374845092));
#5158 = CARTESIAN_POINT('',(3.399721096385,9.345095425623));
#5159 = CARTESIAN_POINT('',(3.315366901483,9.34881070348));
#5160 = CARTESIAN_POINT('',(3.232127945649,9.35014437945));
#5161 = CARTESIAN_POINT('',(3.14159265359,9.350350489312));
#5162 = ( GEOMETRIC_REPRESENTATION_CONTEXT(2) 
PARAMETRIC_REPRESENTATION_CONTEXT() REPRESENTATION_CONTEXT('2D SPACE',''
  ) );
#5163 = ORIENTED_EDGE('',*,*,#5164,.F.);
#5164 = EDGE_CURVE('',#5165,#5067,#5167,.T.);
#5165 = VERTEX_POINT('',#5166);
#5166 = CARTESIAN_POINT('',(-31.45971668505,-6.623156624319,
    13.741992229206));
#5167 = SURFACE_CURVE('',#5168,(#5172,#5179),.PCURVE_S1.);
#5168 = ( BOUNDED_CURVE() B_SPLINE_CURVE(2,(#5169,#5170,#5171),
.UNSPECIFIED.,.F.,.F.) B_SPLINE_CURVE_WITH_KNOTS((3,3),(0.,
1.173176000381),.PIECEWISE_BEZIER_KNOTS.) CURVE() 
GEOMETRIC_REPRESENTATION_ITEM() RATIONAL_B_SPLINE_CURVE((1.,
0.776446236574,1.)) REPRESENTATION_ITEM('') );
#5169 = CARTESIAN_POINT('',(-31.45971668505,-6.623156624319,
    13.741992229206));
#5170 = CARTESIAN_POINT('',(-31.4519838824,-6.785052924941,
    13.750893023207));
#5171 = CARTESIAN_POINT('',(-31.45,-6.827062610059,13.594110743939));
#5172 = PCURVE('',#4924,#5173);
#5173 = DEFINITIONAL_REPRESENTATION('',(#5174),#5178);
#5174 = LINE('',#5175,#5176);
#5175 = CARTESIAN_POINT('',(0.,16.062019401407));
#5176 = VECTOR('',#5177,1.);
#5177 = DIRECTION('',(1.,0.));
#5178 = ( GEOMETRIC_REPRESENTATION_CONTEXT(2) 
PARAMETRIC_REPRESENTATION_CONTEXT() REPRESENTATION_CONTEXT('2D SPACE',''
  ) );
#5179 = PCURVE('',#5180,#5253);
#5180 = ( BOUNDED_SURFACE() B_SPLINE_SURFACE(2,12,(
    (#5181,#5182,#5183,#5184,#5185,#5186,#5187,#5188,#5189,#5190,#5191
      ,#5192,#5193,#5194,#5195,#5196,#5197,#5198,#5199,#5200,#5201,#5202
      ,#5203,#5204)
    ,(#5205,#5206,#5207,#5208,#5209,#5210,#5211,#5212,#5213,#5214,#5215
      ,#5216,#5217,#5218,#5219,#5220,#5221,#5222,#5223,#5224,#5225,#5226
      ,#5227,#5228)
    ,(#5229,#5230,#5231,#5232,#5233,#5234,#5235,#5236,#5237,#5238,#5239
      ,#5240,#5241,#5242,#5243,#5244,#5245,#5246,#5247,#5248,#5249,#5250
      ,#5251,#5252
)),.UNSPECIFIED.,.F.,.F.,.F.) B_SPLINE_SURFACE_WITH_KNOTS((3,3),(13,11,
    13),(0.,22.337655782938),(16.062019401407,16.063997085323,
38.399675184345),.UNSPECIFIED.) GEOMETRIC_REPRESENTATION_ITEM() 
RATIONAL_B_SPLINE_SURFACE((
    (1.,1.,1.,1.000000000001,0.999999999998,1.000000000002
      ,0.999999999998,1.000000000002,0.999999999999,1.,1.,1.,1.
      ,1.000000000001,0.999999999997,1.000000000006,0.999999999991
      ,1.000000000009,0.999999999992,1.000000000005,0.999999999997
      ,1.000000000001,1.,1.)
    ,(0.776446236574,0.776446159829,0.776446087488,0.776446019562
      ,0.776445956053,0.776445896986,0.776445842346,0.776445792169
      ,0.776445746439,0.776445705185,0.776445668404,0.776445636111
      ,0.776131659614,0.776469433238,0.776245592087,0.776300468301
      ,0.776393521736,0.776191612012,0.776401009516,0.776369669084
      ,0.775962994702,0.777170528196,0.775314439658,0.777068185384)
    ,(1.,1.,1.,1.000000000001,0.999999999998,1.000000000002
      ,0.999999999998,1.000000000002,0.999999999999,1.,1.,1.,1.
      ,1.000000000001,0.999999999997,1.000000000006,0.999999999991
      ,1.000000000009,0.999999999992,1.000000000005,0.999999999997
,1.000000000001,1.,1.))) REPRESENTATION_ITEM('') SURFACE() );
#5181 = CARTESIAN_POINT('',(-31.45971668505,-6.623156624319,
    13.741992229206));
#5182 = CARTESIAN_POINT('',(-31.45955367693,-6.623156478051,
    13.741992221165));
#5183 = CARTESIAN_POINT('',(-31.45939079488,-6.623156340174,
    13.741992213584));
#5184 = CARTESIAN_POINT('',(-31.45922803928,-6.623156210708,
    13.741992206467));
#5185 = CARTESIAN_POINT('',(-31.45906541039,-6.623156089668,
    13.741992199812));
#5186 = CARTESIAN_POINT('',(-31.45890290867,-6.623155977074,
    13.741992193622));
#5187 = CARTESIAN_POINT('',(-31.45874053429,-6.623155872943,
    13.741992187897));
#5188 = CARTESIAN_POINT('',(-31.45857828778,-6.623155777291,
    13.741992182638));
#5189 = CARTESIAN_POINT('',(-31.45841616928,-6.623155690137,
    13.741992177846));
#5190 = CARTESIAN_POINT('',(-31.45825417929,-6.623155611499,
    13.741992173523));
#5191 = CARTESIAN_POINT('',(-31.45809231804,-6.623155541394,
    13.741992169669));
#5192 = CARTESIAN_POINT('',(-31.45793058592,-6.62315547984,
    13.741992166284));
#5193 = CARTESIAN_POINT('',(-29.63265164055,-6.622557008655,
    13.74195926307));
#5194 = CARTESIAN_POINT('',(-27.83017730193,-6.623197283132,
    13.741994159559));
#5195 = CARTESIAN_POINT('',(-26.00669505044,-6.622792491881,
    13.741973773172));
#5196 = CARTESIAN_POINT('',(-24.20153013468,-6.622821622846,
    13.741968938631));
#5197 = CARTESIAN_POINT('',(-22.39386382724,-6.623174531234,
    13.74200330215));
#5198 = CARTESIAN_POINT('',(-20.56489553851,-6.622495185875,
    13.741940854616));
#5199 = CARTESIAN_POINT('',(-18.78407387611,-6.623262570645,
    13.742014441153));
#5200 = CARTESIAN_POINT('',(-16.92371493234,-6.622854024073,
    13.741962218302));
#5201 = CARTESIAN_POINT('',(-15.17071968167,-6.622330258385,
    13.741954898425));
#5202 = CARTESIAN_POINT('',(-13.27904103219,-6.624495147214,
    13.742062213959));
#5203 = CARTESIAN_POINT('',(-11.53782200005,-6.621012247172,
    13.741875448369));
#5204 = CARTESIAN_POINT('',(-9.722914838442,-6.624339345089,
    13.742057012508));
#5205 = CARTESIAN_POINT('',(-31.4519838824,-6.785052924941,
    13.750893023207));
#5206 = CARTESIAN_POINT('',(-31.45182306193,-6.785052922788,
    13.750893031243));
#5207 = CARTESIAN_POINT('',(-31.45166224265,-6.785052920758,
    13.750893038818));
#5208 = CARTESIAN_POINT('',(-31.45150142454,-6.785052918852,
    13.750893045931));
#5209 = CARTESIAN_POINT('',(-31.4513406076,-6.78505291707,
    13.750893052581));
#5210 = CARTESIAN_POINT('',(-31.45117979179,-6.785052915413,
    13.750893058767));
#5211 = CARTESIAN_POINT('',(-31.45101897713,-6.78505291388,
    13.750893064488));
#5212 = CARTESIAN_POINT('',(-31.45085816355,-6.785052912472,
    13.750893069743));
#5213 = CARTESIAN_POINT('',(-31.45069735108,-6.785052911189,
    13.750893074531));
#5214 = CARTESIAN_POINT('',(-31.45053653967,-6.785052910031,
    13.750893078851));
#5215 = CARTESIAN_POINT('',(-31.45037572932,-6.785052908999,
    13.750893082703));
#5216 = CARTESIAN_POINT('',(-31.45021492001,-6.785052908093,
    13.750893086085));
#5217 = CARTESIAN_POINT('',(-29.63317361183,-6.785044094368,
    13.750925979353));
#5218 = CARTESIAN_POINT('',(-27.83492141665,-6.785053450602,
    13.750891061414));
#5219 = CARTESIAN_POINT('',(-26.00633073391,-6.785047936747,
    13.7509116394));
#5220 = CARTESIAN_POINT('',(-24.20502238431,-6.785046828146,
    13.750915776755));
#5221 = CARTESIAN_POINT('',(-22.39235026246,-6.785055598869,
    13.750883043972));
#5222 = CARTESIAN_POINT('',(-20.56515962973,-6.785039597698,
    13.750942761155));
#5223 = CARTESIAN_POINT('',(-18.78794217584,-6.785058399783,
    13.75087259082));
#5224 = CARTESIAN_POINT('',(-16.91920819712,-6.785045274498,
    13.750921575049));
#5225 = CARTESIAN_POINT('',(-15.18570551957,-6.785042689036,
    13.750931224124));
#5226 = CARTESIAN_POINT('',(-13.27744447596,-6.785071750556,
    13.750822765057));
#5227 = CARTESIAN_POINT('',(-11.54464979121,-6.785021577893,
    13.751010011983));
#5228 = CARTESIAN_POINT('',(-9.704696672006,-6.785070264363,
    13.750828311605));
#5229 = CARTESIAN_POINT('',(-31.45,-6.827062610059,13.594110743939));
#5230 = CARTESIAN_POINT('',(-31.44983974209,-6.827062620142,
    13.594110706306));
#5231 = CARTESIAN_POINT('',(-31.44967945324,-6.827062629647,
    13.594110670833));
#5232 = CARTESIAN_POINT('',(-31.44951913335,-6.827062638572,
    13.594110637525));
#5233 = CARTESIAN_POINT('',(-31.44935878229,-6.827062646916,
    13.594110606385));
#5234 = CARTESIAN_POINT('',(-31.44919840002,-6.827062654678,
    13.594110577418));
#5235 = CARTESIAN_POINT('',(-31.44903798633,-6.827062661856,
    13.594110550628));
#5236 = CARTESIAN_POINT('',(-31.44887754122,-6.827062668449,
    13.594110526021));
#5237 = CARTESIAN_POINT('',(-31.44871706449,-6.827062674457,
    13.5941105036));
#5238 = CARTESIAN_POINT('',(-31.44855655611,-6.827062679878,
    13.59411048337));
#5239 = CARTESIAN_POINT('',(-31.44839601592,-6.82706268471,
    13.594110465335));
#5240 = CARTESIAN_POINT('',(-31.44823544385,-6.827062688953,
    13.5941104495));
#5241 = CARTESIAN_POINT('',(-29.63423548879,-6.827103941443,
    13.593956493112));
#5242 = CARTESIAN_POINT('',(-27.83394657999,-6.827059364029,
    13.594122858288));
#5243 = CARTESIAN_POINT('',(-26.00905585312,-6.827089991171,
    13.594008556235));
#5244 = CARTESIAN_POINT('',(-24.20354333963,-6.827078584389,
    13.594051126925));
#5245 = CARTESIAN_POINT('',(-22.39282274277,-6.827076117154,
    13.594060334772));
#5246 = CARTESIAN_POINT('',(-20.56734004948,-6.827086274342,
    13.594022427632));
#5247 = CARTESIAN_POINT('',(-18.78252641775,-6.827079237797,
    13.594048688375));
#5248 = CARTESIAN_POINT('',(-16.92904710547,-6.827063954233,
    13.594105727411));
#5249 = CARTESIAN_POINT('',(-15.17539340959,-6.827131377053,
    13.593854102023));
#5250 = CARTESIAN_POINT('',(-13.28874603122,-6.826965103044,
    13.594474645073));
#5251 = CARTESIAN_POINT('',(-11.54125138272,-6.827212036762,
    13.593553075891));
#5252 = CARTESIAN_POINT('',(-9.7,-6.826980738081,13.594416294319));
#5253 = DEFINITIONAL_REPRESENTATION('',(#5254),#5257);
#5254 = B_SPLINE_CURVE_WITH_KNOTS('',1,(#5255,#5256),.UNSPECIFIED.,.F.,
  .F.,(2,2),(0.,1.173176000381),.PIECEWISE_BEZIER_KNOTS.);
#5255 = CARTESIAN_POINT('',(0.,16.062019401407));
#5256 = CARTESIAN_POINT('',(22.337655782938,16.062019401407));
#5257 = ( GEOMETRIC_REPRESENTATION_CONTEXT(2) 
PARAMETRIC_REPRESENTATION_CONTEXT() REPRESENTATION_CONTEXT('2D SPACE',''
  ) );
#5258 = ORIENTED_EDGE('',*,*,#5259,.F.);
#5259 = EDGE_CURVE('',#4909,#5165,#5260,.T.);
#5260 = SURFACE_CURVE('',#5261,(#5296,#5303),.PCURVE_S1.);
#5261 = ( BOUNDED_CURVE() B_SPLINE_CURVE(9,(#5262,#5263,#5264,#5265,
    #5266,#5267,#5268,#5269,#5270,#5271,#5272,#5273,#5274,#5275,#5276,
    #5277,#5278,#5279,#5280,#5281,#5282,#5283,#5284,#5285,#5286,#5287,
    #5288,#5289,#5290,#5291,#5292,#5293,#5294,#5295),.UNSPECIFIED.,.F.,
.F.) B_SPLINE_CURVE_WITH_KNOTS((10,8,8,8,10),(14.888843401026,
    14.968232701483,15.13959298629,15.442605662503,16.062019401407),
.UNSPECIFIED.) CURVE() GEOMETRIC_REPRESENTATION_ITEM() 
RATIONAL_B_SPLINE_CURVE((1.,1.,1.,1.,1.,1.,1.,1.,1.,1.,1.,1.,1.,1.,1.,1.
    ,1.,1.,1.,1.,1.,1.,1.,1.,1.,1.,1.,1.,1.,1.,1.,1.,1.,1.)) 
REPRESENTATION_ITEM('') );
#5262 = CARTESIAN_POINT('',(-32.34999985985,-7.614464769295,
    13.672217839952));
#5263 = CARTESIAN_POINT('',(-32.3499996819,-7.604606513838,
    13.673760267416));
#5264 = CARTESIAN_POINT('',(-32.34988084329,-7.594718485297,
    13.67529620331));
#5265 = CARTESIAN_POINT('',(-32.34964273936,-7.58479552545,
    13.676825936566));
#5266 = CARTESIAN_POINT('',(-32.34928476547,-7.574832476075,
    13.678349756114));
#5267 = CARTESIAN_POINT('',(-32.34880631696,-7.564824178949,
    13.679867950887));
#5268 = CARTESIAN_POINT('',(-32.34820678917,-7.55476547585,
    13.681380809815));
#5269 = CARTESIAN_POINT('',(-32.34748557746,-7.544651208556,
    13.682888621829));
#5270 = CARTESIAN_POINT('',(-32.34664207717,-7.534476218844,
    13.684391675861));
#5271 = CARTESIAN_POINT('',(-32.34358974174,-7.502130625939,
    13.689124927825));
#5272 = CARTESIAN_POINT('',(-32.34090578778,-7.476815520424,
    13.692762098989));
#5273 = CARTESIAN_POINT('',(-32.33751217139,-7.450779899048,
    13.696403377298));
#5274 = CARTESIAN_POINT('',(-32.33339567767,-7.424913859888,
    13.699912413163));
#5275 = CARTESIAN_POINT('',(-32.32858340909,-7.399342862552,
    13.703274715555));
#5276 = CARTESIAN_POINT('',(-32.32310480801,-7.373988840606,
    13.706504548918));
#5277 = CARTESIAN_POINT('',(-32.31697381975,-7.348857295874,
    13.70959891591));
#5278 = CARTESIAN_POINT('',(-32.31019119626,-7.324050374615,
    13.712538625933));
#5279 = CARTESIAN_POINT('',(-32.28963878964,-7.256104508506,
    13.720283780228));
#5280 = CARTESIAN_POINT('',(-32.27450506619,-7.213567036265,
    13.724777849562));
#5281 = CARTESIAN_POINT('',(-32.25741383687,-7.172001500825,
    13.728804769642));
#5282 = CARTESIAN_POINT('',(-32.23842008771,-7.131515379073,
    13.732358691429));
#5283 = CARTESIAN_POINT('',(-32.21758572386,-7.092215632808,
    13.735441804696));
#5284 = CARTESIAN_POINT('',(-32.19497956966,-7.054208708739,
    13.738064338026));
#5285 = CARTESIAN_POINT('',(-32.17067736858,-7.017600538491,
    13.740244558818));
#5286 = CARTESIAN_POINT('',(-32.14476178327,-6.982496538598,
    13.742008773278));
#5287 = CARTESIAN_POINT('',(-32.06123123143,-6.880531806205,
    13.746217519793));
#5288 = CARTESIAN_POINT('',(-31.99882470659,-6.818591130075,
    13.747439222475));
#5289 = CARTESIAN_POINT('',(-31.93034483967,-6.765203695352,
    13.747421111437));
#5290 = CARTESIAN_POINT('',(-31.85857304726,-6.716456969024,
    13.746298931917));
#5291 = CARTESIAN_POINT('',(-31.77915911279,-6.682945330702,
    13.745105226302));
#5292 = CARTESIAN_POINT('',(-31.70297711548,-6.650766374884,
    13.743527786185));
#5293 = CARTESIAN_POINT('',(-31.61828347815,-6.632252766803,
    13.742488434592));
#5294 = CARTESIAN_POINT('',(-31.52778922292,-6.623217706355,
    13.741995587397));
#5295 = CARTESIAN_POINT('',(-31.45971668505,-6.623156624319,
    13.741992229206));
#5296 = PCURVE('',#4924,#5297);
#5297 = DEFINITIONAL_REPRESENTATION('',(#5298),#5302);
#5298 = LINE('',#5299,#5300);
#5299 = CARTESIAN_POINT('',(0.,0.));
#5300 = VECTOR('',#5301,1.);
#5301 = DIRECTION('',(0.,1.));
#5302 = ( GEOMETRIC_REPRESENTATION_CONTEXT(2) 
PARAMETRIC_REPRESENTATION_CONTEXT() REPRESENTATION_CONTEXT('2D SPACE',''
  ) );
#5303 = PCURVE('',#183,#5304);
#5304 = DEFINITIONAL_REPRESENTATION('',(#5305),#5408);
#5305 = B_SPLINE_CURVE_WITH_KNOTS('',11,(#5306,#5307,#5308,#5309,#5310,
    #5311,#5312,#5313,#5314,#5315,#5316,#5317,#5318,#5319,#5320,#5321,
    #5322,#5323,#5324,#5325,#5326,#5327,#5328,#5329,#5330,#5331,#5332,
    #5333,#5334,#5335,#5336,#5337,#5338,#5339,#5340,#5341,#5342,#5343,
    #5344,#5345,#5346,#5347,#5348,#5349,#5350,#5351,#5352,#5353,#5354,
    #5355,#5356,#5357,#5358,#5359,#5360,#5361,#5362,#5363,#5364,#5365,
    #5366,#5367,#5368,#5369,#5370,#5371,#5372,#5373,#5374,#5375,#5376,
    #5377,#5378,#5379,#5380,#5381,#5382,#5383,#5384,#5385,#5386,#5387,
    #5388,#5389,#5390,#5391,#5392,#5393,#5394,#5395,#5396,#5397,#5398,
    #5399,#5400,#5401,#5402,#5403,#5404,#5405,#5406,#5407),
  .UNSPECIFIED.,.F.,.F.,(12,10,10,10,10,10,10,10,10,10,12),(
    14.888843401026,14.96216690105,14.971332338553,14.980497776056,
    14.998828651062,15.035490401074,15.108813901098,15.182137401121,
    15.328784401169,15.475431401217,16.062019401407),.UNSPECIFIED.);
#5306 = CARTESIAN_POINT('',(0.715393842644,-32.34999985985));
#5307 = CARTESIAN_POINT('',(0.711946812415,-32.34999972539));
#5308 = CARTESIAN_POINT('',(0.7084912806,-32.34993333668));
#5309 = CARTESIAN_POINT('',(0.70502626422,-32.3498004515));
#5310 = CARTESIAN_POINT('',(0.701550780291,-32.3496008274));
#5311 = CARTESIAN_POINT('',(0.698063845835,-32.34933422229));
#5312 = CARTESIAN_POINT('',(0.694564477866,-32.34900039362));
#5313 = CARTESIAN_POINT('',(0.691051693407,-32.3485990993));
#5314 = CARTESIAN_POINT('',(0.687524509473,-32.34813009688));
#5315 = CARTESIAN_POINT('',(0.683981943085,-32.34759314413));
#5316 = CARTESIAN_POINT('',(0.680423011261,-32.34698799872));
#5317 = CARTESIAN_POINT('',(0.676399695989,-32.34623022081));
#5318 = CARTESIAN_POINT('',(0.675951315361,-32.34614493294));
#5319 = CARTESIAN_POINT('',(0.675511256155,-32.34605874237));
#5320 = CARTESIAN_POINT('',(0.675038041323,-32.34597084704));
#5321 = CARTESIAN_POINT('',(0.674642506245,-32.34588337087));
#5322 = CARTESIAN_POINT('',(0.674122992944,-32.34579249075));
#5323 = CARTESIAN_POINT('',(0.673734639616,-32.34570296762));
#5324 = CARTESIAN_POINT('',(0.673259517629,-32.34561083139));
#5325 = CARTESIAN_POINT('',(0.672812717774,-32.34551809679));
#5326 = CARTESIAN_POINT('',(0.672356720709,-32.3454241181));
#5327 = CARTESIAN_POINT('',(0.671440908763,-32.34523388994));
#5328 = CARTESIAN_POINT('',(0.670980472947,-32.3451376292));
#5329 = CARTESIAN_POINT('',(0.670517582412,-32.34504021504));
#5330 = CARTESIAN_POINT('',(0.670052312279,-32.34494164062));
#5331 = CARTESIAN_POINT('',(0.66958473767,-32.34484189929));
#5332 = CARTESIAN_POINT('',(0.669114933706,-32.34474098409));
#5333 = CARTESIAN_POINT('',(0.66864297551,-32.34463888844));
#5334 = CARTESIAN_POINT('',(0.668168938203,-32.34453560538));
#5335 = CARTESIAN_POINT('',(0.667692896908,-32.34443112827));
#5336 = CARTESIAN_POINT('',(0.667214926746,-32.34432545025));
#5337 = CARTESIAN_POINT('',(0.665775455024,-32.34400479322));
#5338 = CARTESIAN_POINT('',(0.664808349083,-32.34378619676));
#5339 = CARTESIAN_POINT('',(0.663834315363,-32.34356273033));
#5340 = CARTESIAN_POINT('',(0.662853858315,-32.34333435225));
#5341 = CARTESIAN_POINT('',(0.661867456499,-32.34310102426));
#5342 = CARTESIAN_POINT('',(0.660875562571,-32.34286271116));
#5343 = CARTESIAN_POINT('',(0.659878603299,-32.34261938123));
#5344 = CARTESIAN_POINT('',(0.658876979548,-32.34237100585));
#5345 = CARTESIAN_POINT('',(0.657871066292,-32.34211755977));
#5346 = CARTESIAN_POINT('',(0.656861212608,-32.34185902095));
#5347 = CARTESIAN_POINT('',(0.653820799809,-32.34106807005));
#5348 = CARTESIAN_POINT('',(0.651779537112,-32.3405203017));
#5349 = CARTESIAN_POINT('',(0.649726419948,-32.3399519333));
#5350 = CARTESIAN_POINT('',(0.647663679527,-32.33936285826));
#5351 = CARTESIAN_POINT('',(0.645593311909,-32.33875299583));
#5352 = CARTESIAN_POINT('',(0.643517077996,-32.33812229078));
#5353 = CARTESIAN_POINT('',(0.641436503545,-32.33747071386));
#5354 = CARTESIAN_POINT('',(0.639352879154,-32.33679826133));
#5355 = CARTESIAN_POINT('',(0.637267260272,-32.33610495531));
#5356 = CARTESIAN_POINT('',(0.635180467195,-32.33539084361));
#5357 = CARTESIAN_POINT('',(0.628918320804,-32.33318631205));
#5358 = CARTESIAN_POINT('',(0.624741947868,-32.33163358337));
#5359 = CARTESIAN_POINT('',(0.620569321339,-32.32999831207));
#5360 = CARTESIAN_POINT('',(0.616404164376,-32.32828109204));
#5361 = CARTESIAN_POINT('',(0.612248877181,-32.32648257635));
#5362 = CARTESIAN_POINT('',(0.608104845977,-32.32460344161));
#5363 = CARTESIAN_POINT('',(0.603972751966,-32.32264435141));
#5364 = CARTESIAN_POINT('',(0.599852880311,-32.32060592084));
#5365 = CARTESIAN_POINT('',(0.595745429096,-32.31848867988));
#5366 = CARTESIAN_POINT('',(0.591650818305,-32.31629303776));
#5367 = CARTESIAN_POINT('',(0.583489179263,-32.31174545567));
#5368 = CARTESIAN_POINT('',(0.579421526034,-32.30939356964));
#5369 = CARTESIAN_POINT('',(0.575368827201,-32.30696390767));
#5370 = CARTESIAN_POINT('',(0.571329950105,-32.30445672648));
#5371 = CARTESIAN_POINT('',(0.567303941148,-32.30187233447));
#5372 = CARTESIAN_POINT('',(0.563291014949,-32.29921110848));
#5373 = CARTESIAN_POINT('',(0.559292204847,-32.29647345569));
#5374 = CARTESIAN_POINT('',(0.555308446714,-32.29365975967));
#5375 = CARTESIAN_POINT('',(0.551339868094,-32.29077035368));
#5376 = CARTESIAN_POINT('',(0.547386054644,-32.2878055604));
#5377 = CARTESIAN_POINT('',(0.535572088319,-32.27868639973));
#5378 = CARTESIAN_POINT('',(0.527758733792,-32.27230717949));
#5379 = CARTESIAN_POINT('',(0.520010941292,-32.26563128423));
#5380 = CARTESIAN_POINT('',(0.512331667753,-32.25866196488));
#5381 = CARTESIAN_POINT('',(0.504723888047,-32.25140261881));
#5382 = CARTESIAN_POINT('',(0.497190594972,-32.24385678944));
#5383 = CARTESIAN_POINT('',(0.489734799269,-32.23602816672));
#5384 = CARTESIAN_POINT('',(0.482359529603,-32.22792058663));
#5385 = CARTESIAN_POINT('',(0.47506783258,-32.21953803159));
#5386 = CARTESIAN_POINT('',(0.467862772734,-32.21088463019));
#5387 = CARTESIAN_POINT('',(0.453632092337,-32.19304468453));
#5388 = CARTESIAN_POINT('',(0.446606994454,-32.18385801307));
#5389 = CARTESIAN_POINT('',(0.439670240892,-32.17441021127));
#5390 = CARTESIAN_POINT('',(0.432847611622,-32.16469910825));
#5391 = CARTESIAN_POINT('',(0.426076538214,-32.15475036425));
#5392 = CARTESIAN_POINT('',(0.419492925503,-32.14452109899));
#5393 = CARTESIAN_POINT('',(0.412905136893,-32.13409443399));
#5394 = CARTESIAN_POINT('',(0.406524337684,-32.12338154531));
#5395 = CARTESIAN_POINT('',(0.400198286292,-32.11246665174));
#5396 = CARTESIAN_POINT('',(0.394001855976,-32.10131307257));
#5397 = CARTESIAN_POINT('',(0.363597439548,-32.04442857124));
#5398 = CARTESIAN_POINT('',(0.341151701873,-31.99532853979));
#5399 = CARTESIAN_POINT('',(0.320778764754,-31.94295394878));
#5400 = CARTESIAN_POINT('',(0.302375659657,-31.88784411964));
#5401 = CARTESIAN_POINT('',(0.28658244725,-31.82988070397));
#5402 = CARTESIAN_POINT('',(0.273341268174,-31.76990540945));
#5403 = CARTESIAN_POINT('',(0.262216938294,-31.7086886761));
#5404 = CARTESIAN_POINT('',(0.253580259446,-31.64523162468));
#5405 = CARTESIAN_POINT('',(0.248286004614,-31.57836673874));
#5406 = CARTESIAN_POINT('',(0.245681437784,-31.51246081186));
#5407 = CARTESIAN_POINT('',(0.245658243522,-31.45971668505));
#5408 = ( GEOMETRIC_REPRESENTATION_CONTEXT(2) 
PARAMETRIC_REPRESENTATION_CONTEXT() REPRESENTATION_CONTEXT('2D SPACE',''
  ) );
#5409 = ADVANCED_FACE('',(#5410),#5180,.T.);
#5410 = FACE_BOUND('',#5411,.T.);
#5411 = EDGE_LOOP('',(#5412,#5413,#5478,#5555));
#5412 = ORIENTED_EDGE('',*,*,#5164,.T.);
#5413 = ORIENTED_EDGE('',*,*,#5414,.T.);
#5414 = EDGE_CURVE('',#5067,#5415,#5417,.T.);
#5415 = VERTEX_POINT('',#5416);
#5416 = CARTESIAN_POINT('',(-9.7,-6.826980738081,13.594416294319));
#5417 = SURFACE_CURVE('',#5418,(#5443,#5450),.PCURVE_S1.);
#5418 = ( BOUNDED_CURVE() B_SPLINE_CURVE(12,(#5419,#5420,#5421,#5422,
    #5423,#5424,#5425,#5426,#5427,#5428,#5429,#5430,#5431,#5432,#5433,
    #5434,#5435,#5436,#5437,#5438,#5439,#5440,#5441,#5442),
.UNSPECIFIED.,.F.,.F.) B_SPLINE_CURVE_WITH_KNOTS((13,11,13),(
    16.062019401407,16.063997085323,38.399675184345),.UNSPECIFIED.) 
CURVE() GEOMETRIC_REPRESENTATION_ITEM() RATIONAL_B_SPLINE_CURVE((1.,1.,
    1.,1.000000000001,0.999999999998,1.000000000002,0.999999999998,
    1.000000000002,0.999999999999,1.,1.,1.,1.,1.000000000001,
    0.999999999997,1.000000000006,0.999999999991,1.000000000009,
    0.999999999992,1.000000000005,0.999999999997,1.000000000001,1.,1.)) 
REPRESENTATION_ITEM('') );
#5419 = CARTESIAN_POINT('',(-31.45,-6.827062610059,13.594110743939));
#5420 = CARTESIAN_POINT('',(-31.44983974209,-6.827062620142,
    13.594110706306));
#5421 = CARTESIAN_POINT('',(-31.44967945324,-6.827062629647,
    13.594110670833));
#5422 = CARTESIAN_POINT('',(-31.44951913335,-6.827062638572,
    13.594110637525));
#5423 = CARTESIAN_POINT('',(-31.44935878229,-6.827062646916,
    13.594110606385));
#5424 = CARTESIAN_POINT('',(-31.44919840002,-6.827062654678,
    13.594110577418));
#5425 = CARTESIAN_POINT('',(-31.44903798633,-6.827062661856,
    13.594110550628));
#5426 = CARTESIAN_POINT('',(-31.44887754122,-6.827062668449,
    13.594110526021));
#5427 = CARTESIAN_POINT('',(-31.44871706449,-6.827062674457,
    13.5941105036));
#5428 = CARTESIAN_POINT('',(-31.44855655611,-6.827062679878,
    13.59411048337));
#5429 = CARTESIAN_POINT('',(-31.44839601592,-6.82706268471,
    13.594110465335));
#5430 = CARTESIAN_POINT('',(-31.44823544385,-6.827062688953,
    13.5941104495));
#5431 = CARTESIAN_POINT('',(-29.63423548879,-6.827103941443,
    13.593956493112));
#5432 = CARTESIAN_POINT('',(-27.83394657999,-6.827059364029,
    13.594122858288));
#5433 = CARTESIAN_POINT('',(-26.00905585312,-6.827089991171,
    13.594008556235));
#5434 = CARTESIAN_POINT('',(-24.20354333963,-6.827078584389,
    13.594051126925));
#5435 = CARTESIAN_POINT('',(-22.39282274277,-6.827076117154,
    13.594060334772));
#5436 = CARTESIAN_POINT('',(-20.56734004948,-6.827086274342,
    13.594022427632));
#5437 = CARTESIAN_POINT('',(-18.78252641775,-6.827079237797,
    13.594048688375));
#5438 = CARTESIAN_POINT('',(-16.92904710547,-6.827063954233,
    13.594105727411));
#5439 = CARTESIAN_POINT('',(-15.17539340959,-6.827131377053,
    13.593854102023));
#5440 = CARTESIAN_POINT('',(-13.28874603122,-6.826965103044,
    13.594474645073));
#5441 = CARTESIAN_POINT('',(-11.54125138272,-6.827212036762,
    13.593553075891));
#5442 = CARTESIAN_POINT('',(-9.7,-6.826980738081,13.594416294319));
#5443 = PCURVE('',#5180,#5444);
#5444 = DEFINITIONAL_REPRESENTATION('',(#5445),#5449);
#5445 = LINE('',#5446,#5447);
#5446 = CARTESIAN_POINT('',(22.337655782938,0.));
#5447 = VECTOR('',#5448,1.);
#5448 = DIRECTION('',(0.,1.));
#5449 = ( GEOMETRIC_REPRESENTATION_CONTEXT(2) 
PARAMETRIC_REPRESENTATION_CONTEXT() REPRESENTATION_CONTEXT('2D SPACE',''
  ) );
#5450 = PCURVE('',#1109,#5451);
#5451 = DEFINITIONAL_REPRESENTATION('',(#5452),#5477);
#5452 = ( BOUNDED_CURVE() B_SPLINE_CURVE(12,(#5453,#5454,#5455,#5456,
    #5457,#5458,#5459,#5460,#5461,#5462,#5463,#5464,#5465,#5466,#5467,
    #5468,#5469,#5470,#5471,#5472,#5473,#5474,#5475,#5476),
.UNSPECIFIED.,.F.,.F.) B_SPLINE_CURVE_WITH_KNOTS((13,11,13),(
    16.062019401407,16.063997085323,38.399675184345),.UNSPECIFIED.) 
CURVE() GEOMETRIC_REPRESENTATION_ITEM() RATIONAL_B_SPLINE_CURVE((1.,1.,
    1.,1.000000000001,0.999999999998,1.000000000002,0.999999999998,
    1.000000000002,0.999999999999,1.,1.,1.,1.,1.000000000001,
    0.999999999997,1.000000000006,0.999999999991,1.000000000009,
    0.999999999992,1.000000000005,0.999999999997,1.000000000001,1.,1.)) 
REPRESENTATION_ITEM('') );
#5453 = CARTESIAN_POINT('',(-0.7,-60.64964951068));
#5454 = CARTESIAN_POINT('',(-0.700160257908,-60.64964954964));
#5455 = CARTESIAN_POINT('',(-0.700320546758,-60.64964958637));
#5456 = CARTESIAN_POINT('',(-0.700480866644,-60.64964962085));
#5457 = CARTESIAN_POINT('',(-0.700641217701,-60.64964965309));
#5458 = CARTESIAN_POINT('',(-0.70080159998,-60.64964968308));
#5459 = CARTESIAN_POINT('',(-0.70096201367,-60.64964971081));
#5460 = CARTESIAN_POINT('',(-0.70112245878,-60.64964973629));
#5461 = CARTESIAN_POINT('',(-0.701282935507,-60.6496497595));
#5462 = CARTESIAN_POINT('',(-0.701443443888,-60.64964978044));
#5463 = CARTESIAN_POINT('',(-0.701603984072,-60.64964979912));
#5464 = CARTESIAN_POINT('',(-0.701764556145,-60.64964981551));
#5465 = CARTESIAN_POINT('',(-2.515764511209,-60.64980920289));
#5466 = CARTESIAN_POINT('',(-4.316053420006,-60.64963696899));
#5467 = CARTESIAN_POINT('',(-6.140944146871,-60.64975530318));
#5468 = CARTESIAN_POINT('',(-7.946456660369,-60.64971123076));
#5469 = CARTESIAN_POINT('',(-9.757177257227,-60.64970169809));
#5470 = CARTESIAN_POINT('',(-11.58265995051,-60.64974094245));
#5471 = CARTESIAN_POINT('',(-13.36747358224,-60.64971375533));
#5472 = CARTESIAN_POINT('',(-15.22095289452,-60.64965470418));
#5473 = CARTESIAN_POINT('',(-16.9746065904,-60.64991520595));
#5474 = CARTESIAN_POINT('',(-18.86125396877,-60.64927277251));
#5475 = CARTESIAN_POINT('',(-20.60874861727,-60.65022685113));
#5476 = CARTESIAN_POINT('',(-22.45,-60.64933318165));
#5477 = ( GEOMETRIC_REPRESENTATION_CONTEXT(2) 
PARAMETRIC_REPRESENTATION_CONTEXT() REPRESENTATION_CONTEXT('2D SPACE',''
  ) );
#5478 = ORIENTED_EDGE('',*,*,#5479,.F.);
#5479 = EDGE_CURVE('',#5480,#5415,#5482,.T.);
#5480 = VERTEX_POINT('',#5481);
#5481 = CARTESIAN_POINT('',(-9.722914838442,-6.624339345089,
    13.742057012508));
#5482 = SURFACE_CURVE('',#5483,(#5487,#5494),.PCURVE_S1.);
#5483 = ( BOUNDED_CURVE() B_SPLINE_CURVE(2,(#5484,#5485,#5486),
.UNSPECIFIED.,.F.,.F.) B_SPLINE_CURVE_WITH_KNOTS((3,3),(0.,
22.337655782938),.PIECEWISE_BEZIER_KNOTS.) CURVE() 
GEOMETRIC_REPRESENTATION_ITEM() RATIONAL_B_SPLINE_CURVE((1.,
0.777068185384,1.)) REPRESENTATION_ITEM('') );
#5484 = CARTESIAN_POINT('',(-9.722914838442,-6.624339345089,
    13.742057012508));
#5485 = CARTESIAN_POINT('',(-9.704696672006,-6.785070264363,
    13.750828311605));
#5486 = CARTESIAN_POINT('',(-9.7,-6.826980738081,13.594416294319));
#5487 = PCURVE('',#5180,#5488);
#5488 = DEFINITIONAL_REPRESENTATION('',(#5489),#5493);
#5489 = LINE('',#5490,#5491);
#5490 = CARTESIAN_POINT('',(0.,38.399675184345));
#5491 = VECTOR('',#5492,1.);
#5492 = DIRECTION('',(1.,0.));
#5493 = ( GEOMETRIC_REPRESENTATION_CONTEXT(2) 
PARAMETRIC_REPRESENTATION_CONTEXT() REPRESENTATION_CONTEXT('2D SPACE',''
  ) );
#5494 = PCURVE('',#5495,#5550);
#5495 = ( BOUNDED_SURFACE() B_SPLINE_SURFACE(2,9,(
    (#5496,#5497,#5498,#5499,#5500,#5501,#5502,#5503,#5504,#5505,#5506
      ,#5507,#5508,#5509,#5510,#5511,#5512,#5513)
    ,(#5514,#5515,#5516,#5517,#5518,#5519,#5520,#5521,#5522,#5523,#5524
      ,#5525,#5526,#5527,#5528,#5529,#5530,#5531)
    ,(#5532,#5533,#5534,#5535,#5536,#5537,#5538,#5539,#5540,#5541,#5542
      ,#5543,#5544,#5545,#5546,#5547,#5548,#5549
)),.UNSPECIFIED.,.F.,.F.,.F.) B_SPLINE_SURFACE_WITH_KNOTS((3,3),(10,8,10
    ),(0.,0.284385587668),(38.399675184345,38.404307968313,
38.684060772014),.UNSPECIFIED.) GEOMETRIC_REPRESENTATION_ITEM() 
RATIONAL_B_SPLINE_SURFACE((
    (1.,1.,1.,1.,1.,1.,1.,1.,1.,1.,1.,1.,1.,1.,1.,1.,1.,1.)
    ,(0.777068185384,0.777045281481,0.77702221031,0.776998971364
      ,0.776975564137,0.776951988122,0.776928242813,0.776904327703
      ,0.776880242287,0.775391262373,0.774721212637,0.766294428459
      ,0.760500138181,0.749156532776,0.738315821064,0.727271322378
      ,0.716534048668,0.706184464832)
    ,(1.,1.,1.,1.,1.,1.,1.,1.,1.,1.,1.,1.,1.,1.,1.,1.,1.,1.
))) REPRESENTATION_ITEM('') SURFACE() );
#5496 = CARTESIAN_POINT('',(-9.722914838442,-6.624339345089,
    13.742057012508));
#5497 = CARTESIAN_POINT('',(-9.722412916643,-6.624340265215,
    13.742057062721));
#5498 = CARTESIAN_POINT('',(-9.721911170062,-6.624339588589,
    13.742057025812));
#5499 = CARTESIAN_POINT('',(-9.721409598744,-6.62433731677,
    13.742056901855));
#5500 = CARTESIAN_POINT('',(-9.72090820273,-6.62433345132,
    13.742056690923));
#5501 = CARTESIAN_POINT('',(-9.720406982063,-6.624327993797,
    13.742056393091));
#5502 = CARTESIAN_POINT('',(-9.719905936786,-6.624320945761,
    13.742056008432));
#5503 = CARTESIAN_POINT('',(-9.719405066942,-6.624312308772,
    13.74205553702));
#5504 = CARTESIAN_POINT('',(-9.718904372573,-6.62430208439,
    13.742054978928));
#5505 = CARTESIAN_POINT('',(-9.688179791318,-6.623577108822,
    13.742015403814));
#5506 = CARTESIAN_POINT('',(-9.68303950128,-6.620796465895,
    13.741864315844));
#5507 = CARTESIAN_POINT('',(-9.68213549776,-6.609573874905,
    13.741247612682));
#5508 = CARTESIAN_POINT('',(-9.68702548699,-6.61357119572,13.74142132284
    ));
#5509 = CARTESIAN_POINT('',(-9.680187577979,-6.602985615317,
    13.740866002723));
#5510 = CARTESIAN_POINT('',(-9.685311282183,-6.597231060545,
    13.740451272045));
#5511 = CARTESIAN_POINT('',(-9.688470530681,-6.592737210237,
    13.74015648525));
#5512 = CARTESIAN_POINT('',(-9.692246043156,-6.590890419186,
    13.740046326303));
#5513 = CARTESIAN_POINT('',(-9.696649097292,-6.583736813944,
    13.739554103763));
#5514 = CARTESIAN_POINT('',(-9.704696672006,-6.785070264363,
    13.750828311605));
#5515 = CARTESIAN_POINT('',(-9.704187572884,-6.785082489802,
    13.750828927892));
#5516 = CARTESIAN_POINT('',(-9.703678640858,-6.785093200588,
    13.75082954981));
#5517 = CARTESIAN_POINT('',(-9.703169876021,-6.785102398597,
    13.750830177387));
#5518 = CARTESIAN_POINT('',(-9.702661278468,-6.785110085699,
    13.750830810652));
#5519 = CARTESIAN_POINT('',(-9.702152848289,-6.785116263764,
    13.750831449635));
#5520 = CARTESIAN_POINT('',(-9.701644585575,-6.785120934661,
    13.750832094363));
#5521 = CARTESIAN_POINT('',(-9.701136490415,-6.785124100256,
    13.750832744866));
#5522 = CARTESIAN_POINT('',(-9.700628562898,-6.785125762414,
    13.750833401172));
#5523 = CARTESIAN_POINT('',(-9.669400614632,-6.785135638614,
    13.750874123618));
#5524 = CARTESIAN_POINT('',(-9.639366700954,-6.779933986307,
    13.75074007462));
#5525 = CARTESIAN_POINT('',(-9.608240680748,-6.768875674775,
    13.750797408093));
#5526 = CARTESIAN_POINT('',(-9.583553940576,-6.755126694808,
    13.74966776855));
#5527 = CARTESIAN_POINT('',(-9.555317202647,-6.734531548607,
    13.749173009462));
#5528 = CARTESIAN_POINT('',(-9.535459399537,-6.710719042129,
    13.747808915273));
#5529 = CARTESIAN_POINT('',(-9.517879009141,-6.683425050625,
    13.746135923773));
#5530 = CARTESIAN_POINT('',(-9.506294234605,-6.653643288712,
    13.744265620141));
#5531 = CARTESIAN_POINT('',(-9.5,-6.622864674628,13.742246398673));
#5532 = CARTESIAN_POINT('',(-9.7,-6.826980738081,13.594416294319));
#5533 = CARTESIAN_POINT('',(-9.699490361636,-6.82698451955,
    13.594402181685));
#5534 = CARTESIAN_POINT('',(-9.698980884583,-6.826986809704,
    13.594387990626));
#5535 = CARTESIAN_POINT('',(-9.698471568867,-6.826987610103,
    13.594373720816));
#5536 = CARTESIAN_POINT('',(-9.697962414517,-6.826986922304,
    13.594359371929));
#5537 = CARTESIAN_POINT('',(-9.697453421561,-6.826984747867,
    13.594344943638));
#5538 = CARTESIAN_POINT('',(-9.696944590025,-6.82698108835,
    13.594330435619));
#5539 = CARTESIAN_POINT('',(-9.696435919938,-6.826975945312,
    13.594315847545));
#5540 = CARTESIAN_POINT('',(-9.695927411328,-6.826969320312,
    13.594301179089));
#5541 = CARTESIAN_POINT('',(-9.664722288951,-6.826471766361,
    13.593395794958));
#5542 = CARTESIAN_POINT('',(-9.628410781975,-6.820319045957,
    13.592832424578));
#5543 = CARTESIAN_POINT('',(-9.590893676238,-6.806008443356,
    13.587599180532));
#5544 = CARTESIAN_POINT('',(-9.561776453933,-6.783226894107,
    13.582389380585));
#5545 = CARTESIAN_POINT('',(-9.535302304164,-6.757916113493,
    13.574771787719));
#5546 = CARTESIAN_POINT('',(-9.517031431499,-6.726587582995,
    13.566506670414));
#5547 = CARTESIAN_POINT('',(-9.505422014164,-6.695206954979,
    13.558061511236));
#5548 = CARTESIAN_POINT('',(-9.5,-6.664030849316,13.549887372647));
#5549 = CARTESIAN_POINT('',(-9.5,-6.63396193229,13.542031623315));
#5550 = DEFINITIONAL_REPRESENTATION('',(#5551),#5554);
#5551 = B_SPLINE_CURVE_WITH_KNOTS('',1,(#5552,#5553),.UNSPECIFIED.,.F.,
  .F.,(2,2),(0.,22.337655782938),.PIECEWISE_BEZIER_KNOTS.);
#5552 = CARTESIAN_POINT('',(0.,38.399675184345));
#5553 = CARTESIAN_POINT('',(0.284385587668,38.399675184345));
#5554 = ( GEOMETRIC_REPRESENTATION_CONTEXT(2) 
PARAMETRIC_REPRESENTATION_CONTEXT() REPRESENTATION_CONTEXT('2D SPACE',''
  ) );
#5555 = ORIENTED_EDGE('',*,*,#5556,.F.);
#5556 = EDGE_CURVE('',#5165,#5480,#5557,.T.);
#5557 = SURFACE_CURVE('',#5558,(#5583,#5590),.PCURVE_S1.);
#5558 = ( BOUNDED_CURVE() B_SPLINE_CURVE(12,(#5559,#5560,#5561,#5562,
    #5563,#5564,#5565,#5566,#5567,#5568,#5569,#5570,#5571,#5572,#5573,
    #5574,#5575,#5576,#5577,#5578,#5579,#5580,#5581,#5582),
.UNSPECIFIED.,.F.,.F.) B_SPLINE_CURVE_WITH_KNOTS((13,11,13),(
    16.062019401407,16.063997085323,38.399675184345),.UNSPECIFIED.) 
CURVE() GEOMETRIC_REPRESENTATION_ITEM() RATIONAL_B_SPLINE_CURVE((1.,1.,
    1.,1.000000000001,0.999999999998,1.000000000002,0.999999999998,
    1.000000000002,0.999999999999,1.,1.,1.,1.,1.000000000001,
    0.999999999997,1.000000000006,0.999999999991,1.000000000009,
    0.999999999992,1.000000000005,0.999999999997,1.000000000001,1.,1.)) 
REPRESENTATION_ITEM('') );
#5559 = CARTESIAN_POINT('',(-31.45971668505,-6.623156624319,
    13.741992229206));
#5560 = CARTESIAN_POINT('',(-31.45955367693,-6.623156478051,
    13.741992221165));
#5561 = CARTESIAN_POINT('',(-31.45939079488,-6.623156340174,
    13.741992213584));
#5562 = CARTESIAN_POINT('',(-31.45922803928,-6.623156210708,
    13.741992206467));
#5563 = CARTESIAN_POINT('',(-31.45906541039,-6.623156089668,
    13.741992199812));
#5564 = CARTESIAN_POINT('',(-31.45890290867,-6.623155977074,
    13.741992193622));
#5565 = CARTESIAN_POINT('',(-31.45874053429,-6.623155872943,
    13.741992187897));
#5566 = CARTESIAN_POINT('',(-31.45857828778,-6.623155777291,
    13.741992182638));
#5567 = CARTESIAN_POINT('',(-31.45841616928,-6.623155690137,
    13.741992177846));
#5568 = CARTESIAN_POINT('',(-31.45825417929,-6.623155611499,
    13.741992173523));
#5569 = CARTESIAN_POINT('',(-31.45809231804,-6.623155541394,
    13.741992169669));
#5570 = CARTESIAN_POINT('',(-31.45793058592,-6.62315547984,
    13.741992166284));
#5571 = CARTESIAN_POINT('',(-29.63265164055,-6.622557008655,
    13.74195926307));
#5572 = CARTESIAN_POINT('',(-27.83017730193,-6.623197283132,
    13.741994159559));
#5573 = CARTESIAN_POINT('',(-26.00669505044,-6.622792491881,
    13.741973773172));
#5574 = CARTESIAN_POINT('',(-24.20153013468,-6.622821622846,
    13.741968938631));
#5575 = CARTESIAN_POINT('',(-22.39386382724,-6.623174531234,
    13.74200330215));
#5576 = CARTESIAN_POINT('',(-20.56489553851,-6.622495185875,
    13.741940854616));
#5577 = CARTESIAN_POINT('',(-18.78407387611,-6.623262570645,
    13.742014441153));
#5578 = CARTESIAN_POINT('',(-16.92371493234,-6.622854024073,
    13.741962218302));
#5579 = CARTESIAN_POINT('',(-15.17071968167,-6.622330258385,
    13.741954898425));
#5580 = CARTESIAN_POINT('',(-13.27904103219,-6.624495147214,
    13.742062213959));
#5581 = CARTESIAN_POINT('',(-11.53782200005,-6.621012247172,
    13.741875448369));
#5582 = CARTESIAN_POINT('',(-9.722914838442,-6.624339345089,
    13.742057012508));
#5583 = PCURVE('',#5180,#5584);
#5584 = DEFINITIONAL_REPRESENTATION('',(#5585),#5589);
#5585 = LINE('',#5586,#5587);
#5586 = CARTESIAN_POINT('',(0.,0.));
#5587 = VECTOR('',#5588,1.);
#5588 = DIRECTION('',(0.,1.));
#5589 = ( GEOMETRIC_REPRESENTATION_CONTEXT(2) 
PARAMETRIC_REPRESENTATION_CONTEXT() REPRESENTATION_CONTEXT('2D SPACE',''
  ) );
#5590 = PCURVE('',#183,#5591);
#5591 = DEFINITIONAL_REPRESENTATION('',(#5592),#5617);
#5592 = B_SPLINE_CURVE_WITH_KNOTS('',12,(#5593,#5594,#5595,#5596,#5597,
    #5598,#5599,#5600,#5601,#5602,#5603,#5604,#5605,#5606,#5607,#5608,
    #5609,#5610,#5611,#5612,#5613,#5614,#5615,#5616),.UNSPECIFIED.,.F.,
  .F.,(13,11,13),(16.062019401407,16.063997085323,38.399675184345),
  .UNSPECIFIED.);
#5593 = CARTESIAN_POINT('',(0.245658243522,-31.45971668505));
#5594 = CARTESIAN_POINT('',(0.245658171839,-31.45955367693));
#5595 = CARTESIAN_POINT('',(0.245658104269,-31.45939079487));
#5596 = CARTESIAN_POINT('',(0.245658040821,-31.45922803929));
#5597 = CARTESIAN_POINT('',(0.245657981501,-31.45906541037));
#5598 = CARTESIAN_POINT('',(0.245657926323,-31.4589029087));
#5599 = CARTESIAN_POINT('',(0.245657875289,-31.45874053426));
#5600 = CARTESIAN_POINT('',(0.245657828413,-31.45857828779));
#5601 = CARTESIAN_POINT('',(0.2456577857,-31.45841616927));
#5602 = CARTESIAN_POINT('',(0.245657747162,-31.45825417929));
#5603 = CARTESIAN_POINT('',(0.245657712805,-31.45809231804));
#5604 = CARTESIAN_POINT('',(0.245657682638,-31.45793058592));
#5605 = CARTESIAN_POINT('',(0.245364385262,-29.63265164054));
#5606 = CARTESIAN_POINT('',(0.245678130027,-27.83017730197));
#5607 = CARTESIAN_POINT('',(0.245479992672,-26.00669505034));
#5608 = CARTESIAN_POINT('',(0.245493436214,-24.20153013485));
#5609 = CARTESIAN_POINT('',(0.24566832484,-22.39386382703));
#5610 = CARTESIAN_POINT('',(0.245332144926,-20.56489553872));
#5611 = CARTESIAN_POINT('',(0.245712286104,-18.78407387595));
#5612 = CARTESIAN_POINT('',(0.24550821513,-16.92371493243));
#5613 = CARTESIAN_POINT('',(0.245254308464,-15.17071968163));
#5614 = CARTESIAN_POINT('',(0.246313757133,-13.27904103221));
#5615 = CARTESIAN_POINT('',(0.244607476336,-11.53782200004));
#5616 = CARTESIAN_POINT('',(0.246237837367,-9.722914838442));
#5617 = ( GEOMETRIC_REPRESENTATION_CONTEXT(2) 
PARAMETRIC_REPRESENTATION_CONTEXT() REPRESENTATION_CONTEXT('2D SPACE',''
  ) );
#5618 = ADVANCED_FACE('',(#5619),#5495,.T.);
#5619 = FACE_BOUND('',#5620,.T.);
#5620 = EDGE_LOOP('',(#5621,#5622,#5704,#5775));
#5621 = ORIENTED_EDGE('',*,*,#5479,.T.);
#5622 = ORIENTED_EDGE('',*,*,#5623,.T.);
#5623 = EDGE_CURVE('',#5415,#5624,#5626,.T.);
#5624 = VERTEX_POINT('',#5625);
#5625 = CARTESIAN_POINT('',(-9.5,-6.63396193229,13.542031623315));
#5626 = SURFACE_CURVE('',#5627,(#5646,#5653),.PCURVE_S1.);
#5627 = ( BOUNDED_CURVE() B_SPLINE_CURVE(9,(#5628,#5629,#5630,#5631,
    #5632,#5633,#5634,#5635,#5636,#5637,#5638,#5639,#5640,#5641,#5642,
#5643,#5644,#5645),.UNSPECIFIED.,.F.,.F.) B_SPLINE_CURVE_WITH_KNOTS((10,
    8,10),(38.399675184345,38.404307968313,38.684060772014),
.UNSPECIFIED.) CURVE() GEOMETRIC_REPRESENTATION_ITEM() 
RATIONAL_B_SPLINE_CURVE((1.,1.,1.,1.,1.,1.,1.,1.,1.,1.,1.,1.,1.,1.,1.,1.
,1.,1.)) REPRESENTATION_ITEM('') );
#5628 = CARTESIAN_POINT('',(-9.7,-6.826980738081,13.594416294319));
#5629 = CARTESIAN_POINT('',(-9.699490361636,-6.82698451955,
    13.594402181685));
#5630 = CARTESIAN_POINT('',(-9.698980884583,-6.826986809704,
    13.594387990626));
#5631 = CARTESIAN_POINT('',(-9.698471568867,-6.826987610103,
    13.594373720816));
#5632 = CARTESIAN_POINT('',(-9.697962414517,-6.826986922304,
    13.594359371929));
#5633 = CARTESIAN_POINT('',(-9.697453421561,-6.826984747867,
    13.594344943638));
#5634 = CARTESIAN_POINT('',(-9.696944590025,-6.82698108835,
    13.594330435619));
#5635 = CARTESIAN_POINT('',(-9.696435919938,-6.826975945312,
    13.594315847545));
#5636 = CARTESIAN_POINT('',(-9.695927411328,-6.826969320312,
    13.594301179089));
#5637 = CARTESIAN_POINT('',(-9.664722288951,-6.826471766361,
    13.593395794958));
#5638 = CARTESIAN_POINT('',(-9.628410781975,-6.820319045957,
    13.592832424578));
#5639 = CARTESIAN_POINT('',(-9.590893676238,-6.806008443356,
    13.587599180532));
#5640 = CARTESIAN_POINT('',(-9.561776453933,-6.783226894107,
    13.582389380585));
#5641 = CARTESIAN_POINT('',(-9.535302304164,-6.757916113493,
    13.574771787719));
#5642 = CARTESIAN_POINT('',(-9.517031431499,-6.726587582995,
    13.566506670414));
#5643 = CARTESIAN_POINT('',(-9.505422014164,-6.695206954979,
    13.558061511236));
#5644 = CARTESIAN_POINT('',(-9.5,-6.664030849316,13.549887372647));
#5645 = CARTESIAN_POINT('',(-9.5,-6.63396193229,13.542031623315));
#5646 = PCURVE('',#5495,#5647);
#5647 = DEFINITIONAL_REPRESENTATION('',(#5648),#5652);
#5648 = LINE('',#5649,#5650);
#5649 = CARTESIAN_POINT('',(0.284385587668,0.));
#5650 = VECTOR('',#5651,1.);
#5651 = DIRECTION('',(0.,1.));
#5652 = ( GEOMETRIC_REPRESENTATION_CONTEXT(2) 
PARAMETRIC_REPRESENTATION_CONTEXT() REPRESENTATION_CONTEXT('2D SPACE',''
  ) );
#5653 = PCURVE('',#5654,#5659);
#5654 = CYLINDRICAL_SURFACE('',#5655,0.2);
#5655 = AXIS2_PLACEMENT_3D('',#5656,#5657,#5658);
#5656 = CARTESIAN_POINT('',(-9.7,-6.593016256067,13.694842967329));
#5657 = DIRECTION('',(0.,-0.258819045103,-0.965925826289));
#5658 = DIRECTION('',(1.,0.,0.));
#5659 = DEFINITIONAL_REPRESENTATION('',(#5660),#5703);
#5660 = B_SPLINE_CURVE_WITH_KNOTS('',9,(#5661,#5662,#5663,#5664,#5665,
    #5666,#5667,#5668,#5669,#5670,#5671,#5672,#5673,#5674,#5675,#5676,
    #5677,#5678,#5679,#5680,#5681,#5682,#5683,#5684,#5685,#5686,#5687,
    #5688,#5689,#5690,#5691,#5692,#5693,#5694,#5695,#5696,#5697,#5698,
    #5699,#5700,#5701,#5702),.UNSPECIFIED.,.F.,.F.,(10,8,8,8,8,10),(
    38.399675184345,38.417449283575,38.435223382804,38.470771581262,
    38.54186797818,38.684060772014),.UNSPECIFIED.);
#5661 = CARTESIAN_POINT('',(1.570796326795,0.157559180931));
#5662 = CARTESIAN_POINT('',(1.561019955922,0.157615235348));
#5663 = CARTESIAN_POINT('',(1.551229711394,0.157666004267));
#5664 = CARTESIAN_POINT('',(1.54152032805,0.157714971429));
#5665 = CARTESIAN_POINT('',(1.532027715359,0.157760226929));
#5666 = CARTESIAN_POINT('',(1.521476141335,0.15778295883));
#5667 = CARTESIAN_POINT('',(1.51183296405,0.157820128653));
#5668 = CARTESIAN_POINT('',(1.501470876617,0.157840721938));
#5669 = CARTESIAN_POINT('',(1.491226838939,0.157862057157));
#5670 = CARTESIAN_POINT('',(1.470487658465,0.15789722615));
#5671 = CARTESIAN_POINT('',(1.460026491327,0.157911986185));
#5672 = CARTESIAN_POINT('',(1.449478459737,0.157924275118));
#5673 = CARTESIAN_POINT('',(1.438848276145,0.157934446311));
#5674 = CARTESIAN_POINT('',(1.428140652997,0.157942853122));
#5675 = CARTESIAN_POINT('',(1.417360302747,0.157949848912));
#5676 = CARTESIAN_POINT('',(1.40651193784,0.15795578704));
#5677 = CARTESIAN_POINT('',(1.395600270727,0.157961020867));
#5678 = CARTESIAN_POINT('',(1.362689500116,0.157975669524));
#5679 = CARTESIAN_POINT('',(1.340513113891,0.157983461675));
#5680 = CARTESIAN_POINT('',(1.318136301799,0.157990441184));
#5681 = CARTESIAN_POINT('',(1.295591533316,0.157997514316));
#5682 = CARTESIAN_POINT('',(1.272908300779,0.158005332624));
#5683 = CARTESIAN_POINT('',(1.250113119383,0.158014292945));
#5684 = CARTESIAN_POINT('',(1.227229527188,0.158024537407));
#5685 = CARTESIAN_POINT('',(1.204278085109,0.158035953423));
#5686 = CARTESIAN_POINT('',(1.135272960554,0.158072614231));
#5687 = CARTESIAN_POINT('',(1.089069708617,0.158101157578));
#5688 = CARTESIAN_POINT('',(1.04280661496,0.158132544989));
#5689 = CARTESIAN_POINT('',(0.996583588367,0.158165718495));
#5690 = CARTESIAN_POINT('',(0.950468953227,0.158199787954));
#5691 = CARTESIAN_POINT('',(0.904507950187,0.158233998095));
#5692 = CARTESIAN_POINT('',(0.858731236821,0.158267695569));
#5693 = CARTESIAN_POINT('',(0.813163388285,0.158300296));
#5694 = CARTESIAN_POINT('',(0.677167417381,0.158393161084));
#5695 = CARTESIAN_POINT('',(0.587465927765,0.158449235784));
#5696 = CARTESIAN_POINT('',(0.498830964961,0.158490951545));
#5697 = CARTESIAN_POINT('',(0.411478819424,0.158510387052));
#5698 = CARTESIAN_POINT('',(0.325663525601,0.158501522235));
#5699 = CARTESIAN_POINT('',(0.241602351284,0.158461537244));
#5700 = CARTESIAN_POINT('',(0.15940128697,0.158392111427));
#5701 = CARTESIAN_POINT('',(7.898053521449E-02,0.158300722306));
#5702 = CARTESIAN_POINT('',(-8.130052187028E-12,0.158201944554));
#5703 = ( GEOMETRIC_REPRESENTATION_CONTEXT(2) 
PARAMETRIC_REPRESENTATION_CONTEXT() REPRESENTATION_CONTEXT('2D SPACE',''
  ) );
#5704 = ORIENTED_EDGE('',*,*,#5705,.F.);
#5705 = EDGE_CURVE('',#5706,#5624,#5708,.T.);
#5706 = VERTEX_POINT('',#5707);
#5707 = CARTESIAN_POINT('',(-9.696649097292,-6.583736813944,
    13.739554103763));
#5708 = SURFACE_CURVE('',#5709,(#5713,#5720),.PCURVE_S1.);
#5709 = ( BOUNDED_CURVE() B_SPLINE_CURVE(2,(#5710,#5711,#5712),
.UNSPECIFIED.,.F.,.F.) B_SPLINE_CURVE_WITH_KNOTS((3,3),(0.,
0.284385587668),.PIECEWISE_BEZIER_KNOTS.) CURVE() 
GEOMETRIC_REPRESENTATION_ITEM() RATIONAL_B_SPLINE_CURVE((1.,
0.706184464832,1.)) REPRESENTATION_ITEM('') );
#5710 = CARTESIAN_POINT('',(-9.696649097292,-6.583736813944,
    13.739554103763));
#5711 = CARTESIAN_POINT('',(-9.5,-6.622864674628,13.742246398673));
#5712 = CARTESIAN_POINT('',(-9.5,-6.63396193229,13.542031623315));
#5713 = PCURVE('',#5495,#5714);
#5714 = DEFINITIONAL_REPRESENTATION('',(#5715),#5719);
#5715 = LINE('',#5716,#5717);
#5716 = CARTESIAN_POINT('',(0.,38.684060772014));
#5717 = VECTOR('',#5718,1.);
#5718 = DIRECTION('',(1.,0.));
#5719 = ( GEOMETRIC_REPRESENTATION_CONTEXT(2) 
PARAMETRIC_REPRESENTATION_CONTEXT() REPRESENTATION_CONTEXT('2D SPACE',''
  ) );
#5720 = PCURVE('',#5721,#5770);
#5721 = ( BOUNDED_SURFACE() B_SPLINE_SURFACE(2,8,(
    (#5722,#5723,#5724,#5725,#5726,#5727,#5728,#5729,#5730,#5731,#5732
      ,#5733,#5734,#5735,#5736,#5737)
    ,(#5738,#5739,#5740,#5741,#5742,#5743,#5744,#5745,#5746,#5747,#5748
      ,#5749,#5750,#5751,#5752,#5753)
    ,(#5754,#5755,#5756,#5757,#5758,#5759,#5760,#5761,#5762,#5763,#5764
      ,#5765,#5766,#5767,#5768,#5769
)),.UNSPECIFIED.,.F.,.F.,.F.) B_SPLINE_SURFACE_WITH_KNOTS((3,3),(9,7,9),
  (0.,0.492809375537),(38.684060772012,38.724944209748,39.176870147549),
.UNSPECIFIED.) GEOMETRIC_REPRESENTATION_ITEM() RATIONAL_B_SPLINE_SURFACE
((
    (1.,1.,1.,1.,1.,1.,1.,1.,1.,1.,1.,1.,1.,1.,1.,1.)
    ,(0.706184464832,0.706373127776,0.706534092213,0.706667855414
      ,0.706775699876,0.70685969332,0.706922688694,0.706968324171
      ,0.707362477968,0.706662263179,0.707611638636,0.706719306059
      ,0.707288668565,0.707065283564,0.707106781187,0.707106781187)
    ,(1.,1.,1.,1.,1.,1.,1.,1.,1.,1.,1.,1.,1.,1.,1.,1.
))) REPRESENTATION_ITEM('') SURFACE() );
#5722 = CARTESIAN_POINT('',(-9.69664909729,-6.58373681394,
    13.739554103763));
#5723 = CARTESIAN_POINT('',(-9.69737299884,-6.582560697142,
    13.739473177967));
#5724 = CARTESIAN_POINT('',(-9.697974293165,-6.581268154924,
    13.739383501878));
#5725 = CARTESIAN_POINT('',(-9.698462845665,-6.579813485348,
    13.739282058077));
#5726 = CARTESIAN_POINT('',(-9.698849684509,-6.578146329796,
    13.73916508213));
#5727 = CARTESIAN_POINT('',(-9.699147000632,-6.576211672972,
    13.739028062593));
#5728 = CARTESIAN_POINT('',(-9.699368147736,-6.573949842896,
    13.738865741009));
#5729 = CARTESIAN_POINT('',(-9.69952764229,-6.571296510913,
    13.738672111908));
#5730 = CARTESIAN_POINT('',(-9.700896028478,-6.533762502181,
    13.735879329142));
#5731 = CARTESIAN_POINT('',(-9.698404741361,-6.472176123889,
    13.730842760903));
#5732 = CARTESIAN_POINT('',(-9.701849980557,-6.410346110098,
    13.723643514251));
#5733 = CARTESIAN_POINT('',(-9.698574025823,-6.356688709984,
    13.715371665432));
#5734 = CARTESIAN_POINT('',(-9.70067814921,-6.299253938707,
    13.705837262327));
#5735 = CARTESIAN_POINT('',(-9.699843390455,-6.244456636374,
    13.6945676876));
#5736 = CARTESIAN_POINT('',(-9.7,-6.18923205119,13.681660752648));
#5737 = CARTESIAN_POINT('',(-9.7,-6.134596775004,13.667021274516));
#5738 = CARTESIAN_POINT('',(-9.5,-6.62286467463,13.742246398673));
#5739 = CARTESIAN_POINT('',(-9.5,-6.617522739634,13.741895273699));
#5740 = CARTESIAN_POINT('',(-9.5,-6.612232021432,13.741544845246));
#5741 = CARTESIAN_POINT('',(-9.5,-6.606981699112,13.7411942434));
#5742 = CARTESIAN_POINT('',(-9.5,-6.601762729675,13.740842484195));
#5743 = CARTESIAN_POINT('',(-9.5,-6.596567871497,13.740488471322));
#5744 = CARTESIAN_POINT('',(-9.5,-6.5913917086,13.740130997837));
#5745 = CARTESIAN_POINT('',(-9.5,-6.586230675822,13.739768747936));
#5746 = CARTESIAN_POINT('',(-9.5,-6.52421326851,13.735329728368));
#5747 = CARTESIAN_POINT('',(-9.5,-6.468563822492,13.73033292185));
#5748 = CARTESIAN_POINT('',(-9.5,-6.410931532865,13.723347381609));
#5749 = CARTESIAN_POINT('',(-9.5,-6.356179606433,13.715575874582));
#5750 = CARTESIAN_POINT('',(-9.5,-6.299521456586,13.705747045498));
#5751 = CARTESIAN_POINT('',(-9.5,-6.244389838948,13.694587304693));
#5752 = CARTESIAN_POINT('',(-9.5,-6.18923205119,13.681660752648));
#5753 = CARTESIAN_POINT('',(-9.5,-6.134596775004,13.667021274516));
#5754 = CARTESIAN_POINT('',(-9.5,-6.63396193229,13.542031623315));
#5755 = CARTESIAN_POINT('',(-9.5,-6.628959234332,13.541806314101));
#5756 = CARTESIAN_POINT('',(-9.5,-6.624012785164,13.541566929991));
#5757 = CARTESIAN_POINT('',(-9.5,-6.619111196124,13.541312890804));
#5758 = CARTESIAN_POINT('',(-9.5,-6.61424489652,13.541043943286));
#5759 = CARTESIAN_POINT('',(-9.5,-6.609406133632,13.540760161116));
#5760 = CARTESIAN_POINT('',(-9.5,-6.604588972713,13.540461944903));
#5761 = CARTESIAN_POINT('',(-9.5,-6.599789296991,13.540150022187));
#5762 = CARTESIAN_POINT('',(-9.5,-6.542117013834,13.536237594847));
#5763 = CARTESIAN_POINT('',(-9.5,-6.490866307786,13.53125273124));
#5764 = CARTESIAN_POINT('',(-9.5,-6.437402527533,13.525254508378));
#5765 = CARTESIAN_POINT('',(-9.5,-6.387647486259,13.517776403861));
#5766 = CARTESIAN_POINT('',(-9.5,-6.335605912928,13.50890719776));
#5767 = CARTESIAN_POINT('',(-9.5,-6.286325518383,13.498849467237));
#5768 = CARTESIAN_POINT('',(-9.5,-6.237662069378,13.487611848741));
#5769 = CARTESIAN_POINT('',(-9.5,-6.18367258705,13.473135832381));
#5770 = DEFINITIONAL_REPRESENTATION('',(#5771),#5774);
#5771 = B_SPLINE_CURVE_WITH_KNOTS('',1,(#5772,#5773),.UNSPECIFIED.,.F.,
  .F.,(2,2),(0.,0.284385587668),.PIECEWISE_BEZIER_KNOTS.);
#5772 = CARTESIAN_POINT('',(0.,38.684060772012));
#5773 = CARTESIAN_POINT('',(0.492809375537,38.684060772012));
#5774 = ( GEOMETRIC_REPRESENTATION_CONTEXT(2) 
PARAMETRIC_REPRESENTATION_CONTEXT() REPRESENTATION_CONTEXT('2D SPACE',''
  ) );
#5775 = ORIENTED_EDGE('',*,*,#5776,.F.);
#5776 = EDGE_CURVE('',#5480,#5706,#5777,.T.);
#5777 = SURFACE_CURVE('',#5778,(#5797,#5804),.PCURVE_S1.);
#5778 = ( BOUNDED_CURVE() B_SPLINE_CURVE(9,(#5779,#5780,#5781,#5782,
    #5783,#5784,#5785,#5786,#5787,#5788,#5789,#5790,#5791,#5792,#5793,
#5794,#5795,#5796),.UNSPECIFIED.,.F.,.F.) B_SPLINE_CURVE_WITH_KNOTS((10,
    8,10),(38.399675184345,38.404307968313,38.684060772014),
.UNSPECIFIED.) CURVE() GEOMETRIC_REPRESENTATION_ITEM() 
RATIONAL_B_SPLINE_CURVE((1.,1.,1.,1.,1.,1.,1.,1.,1.,1.,1.,1.,1.,1.,1.,1.
,1.,1.)) REPRESENTATION_ITEM('') );
#5779 = CARTESIAN_POINT('',(-9.722914838442,-6.624339345089,
    13.742057012508));
#5780 = CARTESIAN_POINT('',(-9.722412916643,-6.624340265215,
    13.742057062721));
#5781 = CARTESIAN_POINT('',(-9.721911170062,-6.624339588589,
    13.742057025812));
#5782 = CARTESIAN_POINT('',(-9.721409598744,-6.62433731677,
    13.742056901855));
#5783 = CARTESIAN_POINT('',(-9.72090820273,-6.62433345132,
    13.742056690923));
#5784 = CARTESIAN_POINT('',(-9.720406982063,-6.624327993797,
    13.742056393091));
#5785 = CARTESIAN_POINT('',(-9.719905936786,-6.624320945761,
    13.742056008432));
#5786 = CARTESIAN_POINT('',(-9.719405066942,-6.624312308772,
    13.74205553702));
#5787 = CARTESIAN_POINT('',(-9.718904372573,-6.62430208439,
    13.742054978928));
#5788 = CARTESIAN_POINT('',(-9.688179791318,-6.623577108822,
    13.742015403814));
#5789 = CARTESIAN_POINT('',(-9.68303950128,-6.620796465895,
    13.741864315844));
#5790 = CARTESIAN_POINT('',(-9.68213549776,-6.609573874905,
    13.741247612682));
#5791 = CARTESIAN_POINT('',(-9.68702548699,-6.61357119572,13.74142132284
    ));
#5792 = CARTESIAN_POINT('',(-9.680187577979,-6.602985615317,
    13.740866002723));
#5793 = CARTESIAN_POINT('',(-9.685311282183,-6.597231060545,
    13.740451272045));
#5794 = CARTESIAN_POINT('',(-9.688470530681,-6.592737210237,
    13.74015648525));
#5795 = CARTESIAN_POINT('',(-9.692246043156,-6.590890419186,
    13.740046326303));
#5796 = CARTESIAN_POINT('',(-9.696649097292,-6.583736813944,
    13.739554103763));
#5797 = PCURVE('',#5495,#5798);
#5798 = DEFINITIONAL_REPRESENTATION('',(#5799),#5803);
#5799 = LINE('',#5800,#5801);
#5800 = CARTESIAN_POINT('',(0.,0.));
#5801 = VECTOR('',#5802,1.);
#5802 = DIRECTION('',(0.,1.));
#5803 = ( GEOMETRIC_REPRESENTATION_CONTEXT(2) 
PARAMETRIC_REPRESENTATION_CONTEXT() REPRESENTATION_CONTEXT('2D SPACE',''
  ) );
#5804 = PCURVE('',#183,#5805);
#5805 = DEFINITIONAL_REPRESENTATION('',(#5806),#5825);
#5806 = B_SPLINE_CURVE_WITH_KNOTS('',9,(#5807,#5808,#5809,#5810,#5811,
    #5812,#5813,#5814,#5815,#5816,#5817,#5818,#5819,#5820,#5821,#5822,
    #5823,#5824),.UNSPECIFIED.,.F.,.F.,(10,8,10),(38.399675184345,
    38.404307968313,38.684060772014),.UNSPECIFIED.);
#5807 = CARTESIAN_POINT('',(0.246237837367,-9.722914838442));
#5808 = CARTESIAN_POINT('',(0.246238288251,-9.722412916643));
#5809 = CARTESIAN_POINT('',(0.24623795669,-9.721911170062));
#5810 = CARTESIAN_POINT('',(0.246236843445,-9.721409598744));
#5811 = CARTESIAN_POINT('',(0.246234949279,-9.720908202729));
#5812 = CARTESIAN_POINT('',(0.246232274955,-9.720406982064));
#5813 = CARTESIAN_POINT('',(0.246228821237,-9.719905936786));
#5814 = CARTESIAN_POINT('',(0.246224588886,-9.719405066942));
#5815 = CARTESIAN_POINT('',(0.246219578666,-9.718904372573));
#5816 = CARTESIAN_POINT('',(0.245864320958,-9.688179791318));
#5817 = CARTESIAN_POINT('',(0.244501821327,-9.68303950128));
#5818 = CARTESIAN_POINT('',(0.239001918828,-9.68213549776));
#5819 = CARTESIAN_POINT('',(0.240954956282,-9.687025486989));
#5820 = CARTESIAN_POINT('',(0.235770649822,-9.680187577979));
#5821 = CARTESIAN_POINT('',(0.232937743186,-9.685311282183));
#5822 = CARTESIAN_POINT('',(0.230729231932,-9.688470530681));
#5823 = CARTESIAN_POINT('',(0.22982304473,-9.692246043156));
#5824 = CARTESIAN_POINT('',(0.226304420416,-9.696649097291));
#5825 = ( GEOMETRIC_REPRESENTATION_CONTEXT(2) 
PARAMETRIC_REPRESENTATION_CONTEXT() REPRESENTATION_CONTEXT('2D SPACE',''
  ) );
#5826 = ADVANCED_FACE('',(#5827),#5721,.T.);
#5827 = FACE_BOUND('',#5828,.T.);
#5828 = EDGE_LOOP('',(#5829,#5830,#5884,#5904));
#5829 = ORIENTED_EDGE('',*,*,#5705,.T.);
#5830 = ORIENTED_EDGE('',*,*,#5831,.T.);
#5831 = EDGE_CURVE('',#5624,#5832,#5834,.T.);
#5832 = VERTEX_POINT('',#5833);
#5833 = CARTESIAN_POINT('',(-9.5,-6.18367258705,13.473135832381));
#5834 = SURFACE_CURVE('',#5835,(#5852,#5859),.PCURVE_S1.);
#5835 = ( BOUNDED_CURVE() B_SPLINE_CURVE(8,(#5836,#5837,#5838,#5839,
    #5840,#5841,#5842,#5843,#5844,#5845,#5846,#5847,#5848,#5849,#5850,
#5851),.UNSPECIFIED.,.F.,.F.) B_SPLINE_CURVE_WITH_KNOTS((9,7,9),(
    38.684060772012,38.724944209748,39.176870147549),.UNSPECIFIED.) 
CURVE() GEOMETRIC_REPRESENTATION_ITEM() RATIONAL_B_SPLINE_CURVE((1.,1.,
1.,1.,1.,1.,1.,1.,1.,1.,1.,1.,1.,1.,1.,1.)) REPRESENTATION_ITEM('') );
#5836 = CARTESIAN_POINT('',(-9.5,-6.63396193229,13.542031623315));
#5837 = CARTESIAN_POINT('',(-9.5,-6.628959234332,13.541806314101));
#5838 = CARTESIAN_POINT('',(-9.5,-6.624012785164,13.541566929991));
#5839 = CARTESIAN_POINT('',(-9.5,-6.619111196124,13.541312890804));
#5840 = CARTESIAN_POINT('',(-9.5,-6.61424489652,13.541043943286));
#5841 = CARTESIAN_POINT('',(-9.5,-6.609406133632,13.540760161116));
#5842 = CARTESIAN_POINT('',(-9.5,-6.604588972713,13.540461944903));
#5843 = CARTESIAN_POINT('',(-9.5,-6.599789296991,13.540150022187));
#5844 = CARTESIAN_POINT('',(-9.5,-6.542117013834,13.536237594847));
#5845 = CARTESIAN_POINT('',(-9.5,-6.490866307786,13.53125273124));
#5846 = CARTESIAN_POINT('',(-9.5,-6.437402527533,13.525254508378));
#5847 = CARTESIAN_POINT('',(-9.5,-6.387647486259,13.517776403861));
#5848 = CARTESIAN_POINT('',(-9.5,-6.335605912928,13.50890719776));
#5849 = CARTESIAN_POINT('',(-9.5,-6.286325518383,13.498849467237));
#5850 = CARTESIAN_POINT('',(-9.5,-6.237662069378,13.487611848741));
#5851 = CARTESIAN_POINT('',(-9.5,-6.18367258705,13.473135832381));
#5852 = PCURVE('',#5721,#5853);
#5853 = DEFINITIONAL_REPRESENTATION('',(#5854),#5858);
#5854 = LINE('',#5855,#5856);
#5855 = CARTESIAN_POINT('',(0.492809375537,0.));
#5856 = VECTOR('',#5857,1.);
#5857 = DIRECTION('',(0.,1.));
#5858 = ( GEOMETRIC_REPRESENTATION_CONTEXT(2) 
PARAMETRIC_REPRESENTATION_CONTEXT() REPRESENTATION_CONTEXT('2D SPACE',''
  ) );
#5859 = PCURVE('',#5860,#5865);
#5860 = PLANE('',#5861);
#5861 = AXIS2_PLACEMENT_3D('',#5862,#5863,#5864);
#5862 = CARTESIAN_POINT('',(-9.5,13.844739767489,70.844255479415));
#5863 = DIRECTION('',(1.,0.,0.));
#5864 = DIRECTION('',(0.,-0.258819045103,-0.965925826289));
#5865 = DEFINITIONAL_REPRESENTATION('',(#5866),#5883);
#5866 = ( BOUNDED_CURVE() B_SPLINE_CURVE(8,(#5867,#5868,#5869,#5870,
    #5871,#5872,#5873,#5874,#5875,#5876,#5877,#5878,#5879,#5880,#5881,
#5882),.UNSPECIFIED.,.F.,.F.) B_SPLINE_CURVE_WITH_KNOTS((9,7,9),(
    38.684060772012,38.724944209748,39.176870147549),.UNSPECIFIED.) 
CURVE() GEOMETRIC_REPRESENTATION_ITEM() RATIONAL_B_SPLINE_CURVE((1.,1.,
1.,1.,1.,1.,1.,1.,1.,1.,1.,1.,1.,1.,1.,1.)) REPRESENTATION_ITEM('') );
#5867 = CARTESIAN_POINT('',(60.649975945281,-4.95));
#5868 = CARTESIAN_POINT('',(60.648898783761,-4.945109450525));
#5869 = CARTESIAN_POINT('',(60.647849775805,-4.940269590359));
#5870 = CARTESIAN_POINT('',(60.646826534222,-4.935469268736));
#5871 = CARTESIAN_POINT('',(60.645826826558,-4.930699175529));
#5872 = CARTESIAN_POINT('',(60.644848575095,-4.925951841258));
#5873 = CARTESIAN_POINT('',(60.643889856848,-4.921221637083));
#5874 = CARTESIAN_POINT('',(60.642948903568,-4.916504774805));
#5875 = CARTESIAN_POINT('',(60.631801332923,-4.859785016334));
#5876 = CARTESIAN_POINT('',(60.623351682622,-4.808990458108));
#5877 = CARTESIAN_POINT('',(60.615308076444,-4.755795957678));
#5878 = CARTESIAN_POINT('',(60.609653818456,-4.705800802453));
#5879 = CARTESIAN_POINT('',(60.604751463373,-4.653236983278));
#5880 = CARTESIAN_POINT('',(60.601711780381,-4.603032645247));
#5881 = CARTESIAN_POINT('',(60.599971458909,-4.553118853368));
#5882 = CARTESIAN_POINT('',(60.599980710711,-4.497222349308));
#5883 = ( GEOMETRIC_REPRESENTATION_CONTEXT(2) 
PARAMETRIC_REPRESENTATION_CONTEXT() REPRESENTATION_CONTEXT('2D SPACE',''
  ) );
#5884 = ORIENTED_EDGE('',*,*,#5885,.F.);
#5885 = EDGE_CURVE('',#168,#5832,#5886,.T.);
#5886 = SURFACE_CURVE('',#5887,(#5891,#5898),.PCURVE_S1.);
#5887 = ( BOUNDED_CURVE() B_SPLINE_CURVE(2,(#5888,#5889,#5890),
.UNSPECIFIED.,.F.,.F.) B_SPLINE_CURVE_WITH_KNOTS((3,3),(0.,
0.492809375537),.PIECEWISE_BEZIER_KNOTS.) CURVE() 
GEOMETRIC_REPRESENTATION_ITEM() RATIONAL_B_SPLINE_CURVE((1.,
0.707106781187,1.)) REPRESENTATION_ITEM('') );
#5888 = CARTESIAN_POINT('',(-9.7,-6.134596775004,13.667021274516));
#5889 = CARTESIAN_POINT('',(-9.5,-6.134596775004,13.667021274516));
#5890 = CARTESIAN_POINT('',(-9.5,-6.18367258705,13.473135832381));
#5891 = PCURVE('',#5721,#5892);
#5892 = DEFINITIONAL_REPRESENTATION('',(#5893),#5897);
#5893 = LINE('',#5894,#5895);
#5894 = CARTESIAN_POINT('',(0.,39.176870147549));
#5895 = VECTOR('',#5896,1.);
#5896 = DIRECTION('',(1.,0.));
#5897 = ( GEOMETRIC_REPRESENTATION_CONTEXT(2) 
PARAMETRIC_REPRESENTATION_CONTEXT() REPRESENTATION_CONTEXT('2D SPACE',''
  ) );
#5898 = PCURVE('',#227,#5899);
#5899 = DEFINITIONAL_REPRESENTATION('',(#5900),#5903);
#5900 = B_SPLINE_CURVE_WITH_KNOTS('',1,(#5901,#5902),.UNSPECIFIED.,.F.,
  .F.,(2,2),(0.,0.492809375537),.PIECEWISE_BEZIER_KNOTS.);
#5901 = CARTESIAN_POINT('',(0.,39.176870147549));
#5902 = CARTESIAN_POINT('',(2.100407493637,39.176870147549));
#5903 = ( GEOMETRIC_REPRESENTATION_CONTEXT(2) 
PARAMETRIC_REPRESENTATION_CONTEXT() REPRESENTATION_CONTEXT('2D SPACE',''
  ) );
#5904 = ORIENTED_EDGE('',*,*,#5905,.F.);
#5905 = EDGE_CURVE('',#5706,#168,#5906,.T.);
#5906 = SURFACE_CURVE('',#5907,(#5924,#5931),.PCURVE_S1.);
#5907 = ( BOUNDED_CURVE() B_SPLINE_CURVE(8,(#5908,#5909,#5910,#5911,
    #5912,#5913,#5914,#5915,#5916,#5917,#5918,#5919,#5920,#5921,#5922,
#5923),.UNSPECIFIED.,.F.,.F.) B_SPLINE_CURVE_WITH_KNOTS((9,7,9),(
    38.684060772012,38.724944209748,39.176870147549),.UNSPECIFIED.) 
CURVE() GEOMETRIC_REPRESENTATION_ITEM() RATIONAL_B_SPLINE_CURVE((1.,1.,
1.,1.,1.,1.,1.,1.,1.,1.,1.,1.,1.,1.,1.,1.)) REPRESENTATION_ITEM('') );
#5908 = CARTESIAN_POINT('',(-9.69664909729,-6.58373681394,
    13.739554103763));
#5909 = CARTESIAN_POINT('',(-9.69737299884,-6.582560697142,
    13.739473177967));
#5910 = CARTESIAN_POINT('',(-9.697974293165,-6.581268154924,
    13.739383501878));
#5911 = CARTESIAN_POINT('',(-9.698462845665,-6.579813485348,
    13.739282058077));
#5912 = CARTESIAN_POINT('',(-9.698849684509,-6.578146329796,
    13.73916508213));
#5913 = CARTESIAN_POINT('',(-9.699147000632,-6.576211672972,
    13.739028062593));
#5914 = CARTESIAN_POINT('',(-9.699368147736,-6.573949842896,
    13.738865741009));
#5915 = CARTESIAN_POINT('',(-9.69952764229,-6.571296510913,
    13.738672111908));
#5916 = CARTESIAN_POINT('',(-9.700896028478,-6.533762502181,
    13.735879329142));
#5917 = CARTESIAN_POINT('',(-9.698404741361,-6.472176123889,
    13.730842760903));
#5918 = CARTESIAN_POINT('',(-9.701849980557,-6.410346110098,
    13.723643514251));
#5919 = CARTESIAN_POINT('',(-9.698574025823,-6.356688709984,
    13.715371665432));
#5920 = CARTESIAN_POINT('',(-9.70067814921,-6.299253938707,
    13.705837262327));
#5921 = CARTESIAN_POINT('',(-9.699843390455,-6.244456636374,
    13.6945676876));
#5922 = CARTESIAN_POINT('',(-9.7,-6.18923205119,13.681660752648));
#5923 = CARTESIAN_POINT('',(-9.7,-6.134596775004,13.667021274516));
#5924 = PCURVE('',#5721,#5925);
#5925 = DEFINITIONAL_REPRESENTATION('',(#5926),#5930);
#5926 = LINE('',#5927,#5928);
#5927 = CARTESIAN_POINT('',(0.,0.));
#5928 = VECTOR('',#5929,1.);
#5929 = DIRECTION('',(0.,1.));
#5930 = ( GEOMETRIC_REPRESENTATION_CONTEXT(2) 
PARAMETRIC_REPRESENTATION_CONTEXT() REPRESENTATION_CONTEXT('2D SPACE',''
  ) );
#5931 = PCURVE('',#183,#5932);
#5932 = DEFINITIONAL_REPRESENTATION('',(#5933),#5996);
#5933 = B_SPLINE_CURVE_WITH_KNOTS('',11,(#5934,#5935,#5936,#5937,#5938,
    #5939,#5940,#5941,#5942,#5943,#5944,#5945,#5946,#5947,#5948,#5949,
    #5950,#5951,#5952,#5953,#5954,#5955,#5956,#5957,#5958,#5959,#5960,
    #5961,#5962,#5963,#5964,#5965,#5966,#5967,#5968,#5969,#5970,#5971,
    #5972,#5973,#5974,#5975,#5976,#5977,#5978,#5979,#5980,#5981,#5982,
    #5983,#5984,#5985,#5986,#5987,#5988,#5989,#5990,#5991,#5992,#5993,
    #5994,#5995),.UNSPECIFIED.,.F.,.F.,(12,10,10,10,10,10,12),(
    38.684060772012,38.714861357983,38.730261650969,38.745661943954,
    38.807263115896,38.93046545978,39.176870147549),.UNSPECIFIED.);
#5934 = CARTESIAN_POINT('',(0.226304420416,-9.69664909729));
#5935 = CARTESIAN_POINT('',(0.225987458375,-9.697045729866));
#5936 = CARTESIAN_POINT('',(0.225653924611,-9.697406934012));
#5937 = CARTESIAN_POINT('',(0.225300557265,-9.697734142419));
#5938 = CARTESIAN_POINT('',(0.224923934698,-9.698028867001));
#5939 = CARTESIAN_POINT('',(0.224520475485,-9.698292698824));
#5940 = CARTESIAN_POINT('',(0.22408643842,-9.698527308228));
#5941 = CARTESIAN_POINT('',(0.223617922513,-9.698734444658));
#5942 = CARTESIAN_POINT('',(0.22311086699,-9.698915936859));
#5943 = CARTESIAN_POINT('',(0.222561051297,-9.699073692687));
#5944 = CARTESIAN_POINT('',(0.221964095092,-9.699209699263));
#5945 = CARTESIAN_POINT('',(0.220991139835,-9.699384184668));
#5946 = CARTESIAN_POINT('',(0.220657461619,-9.699437866431));
#5947 = CARTESIAN_POINT('',(0.220281570219,-9.699483306837));
#5948 = CARTESIAN_POINT('',(0.220002606767,-9.699538308306));
#5949 = CARTESIAN_POINT('',(0.219442816626,-9.699555310132));
#5950 = CARTESIAN_POINT('',(0.219295653108,-9.699623742694));
#5951 = CARTESIAN_POINT('',(0.21867111677,-9.699627640735));
#5952 = CARTESIAN_POINT('',(0.218339461205,-9.699670587256));
#5953 = CARTESIAN_POINT('',(0.217884712054,-9.699695137331));
#5954 = CARTESIAN_POINT('',(0.217448050032,-9.699721495717));
#5955 = CARTESIAN_POINT('',(0.216554618339,-9.699769735727));
#5956 = CARTESIAN_POINT('',(0.216100503847,-9.699792049439));
#5957 = CARTESIAN_POINT('',(0.215639149049,-9.699812648919));
#5958 = CARTESIAN_POINT('',(0.215170712289,-9.699831626328));
#5959 = CARTESIAN_POINT('',(0.214695351904,-9.699849073633));
#5960 = CARTESIAN_POINT('',(0.21421322624,-9.69986508309));
#5961 = CARTESIAN_POINT('',(0.213724493633,-9.699879746617));
#5962 = CARTESIAN_POINT('',(0.213229312428,-9.699893156446));
#5963 = CARTESIAN_POINT('',(0.212727840963,-9.699905404577));
#5964 = CARTESIAN_POINT('',(0.212220237581,-9.699916583145));
#5965 = CARTESIAN_POINT('',(0.209652352787,-9.699967588548));
#5966 = CARTESIAN_POINT('',(0.207502295924,-9.699992861099));
#5967 = CARTESIAN_POINT('',(0.205265850803,-9.700006503948));
#5968 = CARTESIAN_POINT('',(0.202951787456,-9.700011882801));
#5969 = CARTESIAN_POINT('',(0.200568285179,-9.700011827059));
#5970 = CARTESIAN_POINT('',(0.19812293253,-9.700008629694));
#5971 = CARTESIAN_POINT('',(0.195622727332,-9.700004047438));
#5972 = CARTESIAN_POINT('',(0.193074076668,-9.699999300562));
#5973 = CARTESIAN_POINT('',(0.190482796888,-9.69999507308));
#5974 = CARTESIAN_POINT('',(0.187854113603,-9.699991512599));
#5975 = CARTESIAN_POINT('',(0.179869757851,-9.699981666017));
#5976 = CARTESIAN_POINT('',(0.174416255306,-9.699978971105));
#5977 = CARTESIAN_POINT('',(0.168870169805,-9.699980085132));
#5978 = CARTESIAN_POINT('',(0.163261601022,-9.699984203452));
#5979 = CARTESIAN_POINT('',(0.157613701614,-9.699990054991));
#5980 = CARTESIAN_POINT('',(0.151943646281,-9.699996179937));
#5981 = CARTESIAN_POINT('',(0.146263600824,-9.700001207413));
#5982 = CARTESIAN_POINT('',(0.140581691211,-9.700004133172));
#5983 = CARTESIAN_POINT('',(0.134902972633,-9.700004597268));
#5984 = CARTESIAN_POINT('',(0.129230398567,-9.700003161749));
#5985 = CARTESIAN_POINT('',(0.112236572381,-9.699998441513));
#5986 = CARTESIAN_POINT('',(0.100938103144,-9.699994039288));
#5987 = CARTESIAN_POINT('',(8.968459312916E-02,-9.699986580052));
#5988 = CARTESIAN_POINT('',(7.846030173708E-02,-9.699991704423));
#5989 = CARTESIAN_POINT('',(6.724927652349E-02,-9.700008897967));
#5990 = CARTESIAN_POINT('',(5.60444531537E-02,-9.700021458716));
#5991 = CARTESIAN_POINT('',(4.484429581683E-02,-9.700013842932));
#5992 = CARTESIAN_POINT('',(3.364515833852E-02,-9.699990202289));
#5993 = CARTESIAN_POINT('',(2.24375462519E-02,-9.699977925831));
#5994 = CARTESIAN_POINT('',(1.121446006784E-02,-9.7));
#5995 = CARTESIAN_POINT('',(-1.244405277261E-17,-9.7));
#5996 = ( GEOMETRIC_REPRESENTATION_CONTEXT(2) 
PARAMETRIC_REPRESENTATION_CONTEXT() REPRESENTATION_CONTEXT('2D SPACE',''
  ) );
#5997 = ADVANCED_FACE('',(#5998),#5860,.T.);
#5998 = FACE_BOUND('',#5999,.T.);
#5999 = EDGE_LOOP('',(#6000,#6023,#6054,#6077,#6116));
#6000 = ORIENTED_EDGE('',*,*,#6001,.T.);
#6001 = EDGE_CURVE('',#5624,#6002,#6004,.T.);
#6002 = VERTEX_POINT('',#6003);
#6003 = CARTESIAN_POINT('',(-9.5,-7.061019582529,11.948230774863));
#6004 = SURFACE_CURVE('',#6005,(#6009,#6016),.PCURVE_S1.);
#6005 = LINE('',#6006,#6007);
#6006 = CARTESIAN_POINT('',(-9.5,-6.593016256067,13.694842967329));
#6007 = VECTOR('',#6008,1.);
#6008 = DIRECTION('',(0.,-0.258819045103,-0.965925826289));
#6009 = PCURVE('',#5860,#6010);
#6010 = DEFINITIONAL_REPRESENTATION('',(#6011),#6015);
#6011 = LINE('',#6012,#6013);
#6012 = CARTESIAN_POINT('',(60.491774000727,-4.95));
#6013 = VECTOR('',#6014,1.);
#6014 = DIRECTION('',(1.,1.225300278295E-17));
#6015 = ( GEOMETRIC_REPRESENTATION_CONTEXT(2) 
PARAMETRIC_REPRESENTATION_CONTEXT() REPRESENTATION_CONTEXT('2D SPACE',''
  ) );
#6016 = PCURVE('',#5654,#6017);
#6017 = DEFINITIONAL_REPRESENTATION('',(#6018),#6022);
#6018 = LINE('',#6019,#6020);
#6019 = CARTESIAN_POINT('',(0.,0.));
#6020 = VECTOR('',#6021,1.);
#6021 = DIRECTION('',(0.,1.));
#6022 = ( GEOMETRIC_REPRESENTATION_CONTEXT(2) 
PARAMETRIC_REPRESENTATION_CONTEXT() REPRESENTATION_CONTEXT('2D SPACE',''
  ) );
#6023 = ORIENTED_EDGE('',*,*,#6024,.F.);
#6024 = EDGE_CURVE('',#6025,#6002,#6027,.T.);
#6025 = VERTEX_POINT('',#6026);
#6026 = CARTESIAN_POINT('',(-9.5,-4.597908725492,11.288242209852));
#6027 = SURFACE_CURVE('',#6028,(#6032,#6039),.PCURVE_S1.);
#6028 = LINE('',#6029,#6030);
#6029 = CARTESIAN_POINT('',(-9.5,-2.279686742398,10.667076501606));
#6030 = VECTOR('',#6031,1.);
#6031 = DIRECTION('',(0.,-0.965925826289,0.258819045103));
#6032 = PCURVE('',#5860,#6033);
#6033 = DEFINITIONAL_REPRESENTATION('',(#6034),#6038);
#6034 = LINE('',#6035,#6036);
#6035 = CARTESIAN_POINT('',(62.3,-2.771030434006E-17));
#6036 = VECTOR('',#6037,1.);
#6037 = DIRECTION('',(-1.225300278295E-17,-1.));
#6038 = ( GEOMETRIC_REPRESENTATION_CONTEXT(2) 
PARAMETRIC_REPRESENTATION_CONTEXT() REPRESENTATION_CONTEXT('2D SPACE',''
  ) );
#6039 = PCURVE('',#6040,#6048);
#6040 = SURFACE_OF_LINEAR_EXTRUSION('',#6041,#6046);
#6041 = B_SPLINE_CURVE_WITH_KNOTS('',3,(#6042,#6043,#6044,#6045),
  .UNSPECIFIED.,.F.,.F.,(4,4),(0.,1.),.PIECEWISE_BEZIER_KNOTS.);
#6042 = CARTESIAN_POINT('',(-9.5,-2.279686742398,10.667076501606));
#6043 = CARTESIAN_POINT('',(-9.5,-2.374587058936,10.312903698633));
#6044 = CARTESIAN_POINT('',(-9.8,-2.469487375473,9.95873089566));
#6045 = CARTESIAN_POINT('',(-9.8,-2.564387692011,9.604558092688));
#6046 = VECTOR('',#6047,1.);
#6047 = DIRECTION('',(0.,0.965925826289,-0.258819045103));
#6048 = DEFINITIONAL_REPRESENTATION('',(#6049),#6053);
#6049 = LINE('',#6050,#6051);
#6050 = CARTESIAN_POINT('',(0.,0.));
#6051 = VECTOR('',#6052,1.);
#6052 = DIRECTION('',(0.,-1.));
#6053 = ( GEOMETRIC_REPRESENTATION_CONTEXT(2) 
PARAMETRIC_REPRESENTATION_CONTEXT() REPRESENTATION_CONTEXT('2D SPACE',''
  ) );
#6054 = ORIENTED_EDGE('',*,*,#6055,.T.);
#6055 = EDGE_CURVE('',#6025,#6056,#6058,.T.);
#6056 = VERTEX_POINT('',#6057);
#6057 = CARTESIAN_POINT('',(-9.5,-4.134381680058,13.018148694095));
#6058 = SURFACE_CURVE('',#6059,(#6063,#6070),.PCURVE_S1.);
#6059 = LINE('',#6060,#6061);
#6060 = CARTESIAN_POINT('',(-9.5,11.526517784395,71.465421187661));
#6061 = VECTOR('',#6062,1.);
#6062 = DIRECTION('',(0.,0.258819045103,0.965925826289));
#6063 = PCURVE('',#5860,#6064);
#6064 = DEFINITIONAL_REPRESENTATION('',(#6065),#6069);
#6065 = LINE('',#6066,#6067);
#6066 = CARTESIAN_POINT('',(-3.416656181458E-15,-2.4));
#6067 = VECTOR('',#6068,1.);
#6068 = DIRECTION('',(-1.,-1.225300278295E-17));
#6069 = ( GEOMETRIC_REPRESENTATION_CONTEXT(2) 
PARAMETRIC_REPRESENTATION_CONTEXT() REPRESENTATION_CONTEXT('2D SPACE',''
  ) );
#6070 = PCURVE('',#316,#6071);
#6071 = DEFINITIONAL_REPRESENTATION('',(#6072),#6076);
#6072 = LINE('',#6073,#6074);
#6073 = CARTESIAN_POINT('',(0.,-1.88));
#6074 = VECTOR('',#6075,1.);
#6075 = DIRECTION('',(-1.,0.));
#6076 = ( GEOMETRIC_REPRESENTATION_CONTEXT(2) 
PARAMETRIC_REPRESENTATION_CONTEXT() REPRESENTATION_CONTEXT('2D SPACE',''
  ) );
#6077 = ORIENTED_EDGE('',*,*,#6078,.F.);
#6078 = EDGE_CURVE('',#5832,#6056,#6079,.T.);
#6079 = SURFACE_CURVE('',#6080,(#6093,#6109),.PCURVE_S1.);
#6080 = B_SPLINE_CURVE_WITH_KNOTS('',6,(#6081,#6082,#6083,#6084,#6085,
    #6086,#6087,#6088,#6089,#6090,#6091,#6092),.UNSPECIFIED.,.F.,.F.,(7,
    5,7),(39.176870147549,41.277277641186,42.646452156512),
  .UNSPECIFIED.);
#6081 = CARTESIAN_POINT('',(-9.5,-6.18367258705,13.473135832381));
#6082 = CARTESIAN_POINT('',(-9.5,-5.849104748165,13.3834292951));
#6083 = CARTESIAN_POINT('',(-9.5,-5.501942993284,13.295627498361));
#6084 = CARTESIAN_POINT('',(-9.5,-5.159506904442,13.215063996044));
#6085 = CARTESIAN_POINT('',(-9.5,-4.812868427997,13.140539328521));
#6086 = CARTESIAN_POINT('',(-9.5,-4.465095535368,13.073594589262));
#6087 = CARTESIAN_POINT('',(-9.5,-3.887543498052,12.976746630968));
#6088 = CARTESIAN_POINT('',(-9.5,-3.659628570915,12.938528264601));
#6089 = CARTESIAN_POINT('',(-9.5,-3.431713643778,12.900309898234));
#6090 = CARTESIAN_POINT('',(-9.5,-3.203798716641,12.862091531867));
#6091 = CARTESIAN_POINT('',(-9.5,-2.975883789504,12.823873165501));
#6092 = CARTESIAN_POINT('',(-9.5,-2.747968862367,12.785654799134));
#6093 = PCURVE('',#5860,#6094);
#6094 = DEFINITIONAL_REPRESENTATION('',(#6095),#6108);
#6095 = B_SPLINE_CURVE_WITH_KNOTS('',6,(#6096,#6097,#6098,#6099,#6100,
    #6101,#6102,#6103,#6104,#6105,#6106,#6107),.UNSPECIFIED.,.F.,.F.,(7,
    5,7),(39.176870147549,41.277277641186,42.646452156512),
  .UNSPECIFIED.);
#6096 = CARTESIAN_POINT('',(60.599980710711,-4.497222349308));
#6097 = CARTESIAN_POINT('',(60.600038043276,-4.150836872765));
#6098 = CARTESIAN_POINT('',(60.594995992446,-3.792779590636));
#6099 = CARTESIAN_POINT('',(60.584185378468,-3.441160359829));
#6100 = CARTESIAN_POINT('',(60.566454040054,-3.087044899761));
#6101 = CARTESIAN_POINT('',(60.541107444656,-2.733795507598));
#6102 = CARTESIAN_POINT('',(60.485173922001,-2.150856982642));
#6103 = CARTESIAN_POINT('',(60.463101305307,-1.920816427236));
#6104 = CARTESIAN_POINT('',(60.441028688613,-1.690775871829));
#6105 = CARTESIAN_POINT('',(60.418956071919,-1.460735316422));
#6106 = CARTESIAN_POINT('',(60.396883455225,-1.230694761015));
#6107 = CARTESIAN_POINT('',(60.374810838531,-1.000654205608));
#6108 = ( GEOMETRIC_REPRESENTATION_CONTEXT(2) 
PARAMETRIC_REPRESENTATION_CONTEXT() REPRESENTATION_CONTEXT('2D SPACE',''
  ) );
#6109 = PCURVE('',#227,#6110);
#6110 = DEFINITIONAL_REPRESENTATION('',(#6111),#6115);
#6111 = LINE('',#6112,#6113);
#6112 = CARTESIAN_POINT('',(2.100407493637,0.));
#6113 = VECTOR('',#6114,1.);
#6114 = DIRECTION('',(0.,1.));
#6115 = ( GEOMETRIC_REPRESENTATION_CONTEXT(2) 
PARAMETRIC_REPRESENTATION_CONTEXT() REPRESENTATION_CONTEXT('2D SPACE',''
  ) );
#6116 = ORIENTED_EDGE('',*,*,#5831,.F.);
#6117 = ADVANCED_FACE('',(#6118),#6040,.T.);
#6118 = FACE_BOUND('',#6119,.T.);
#6119 = EDGE_LOOP('',(#6120,#6150,#6258,#6259));
#6120 = ORIENTED_EDGE('',*,*,#6121,.F.);
#6121 = EDGE_CURVE('',#6122,#6124,#6126,.T.);
#6122 = VERTEX_POINT('',#6123);
#6123 = CARTESIAN_POINT('',(-9.8,-4.882609675105,10.225723800934));
#6124 = VERTEX_POINT('',#6125);
#6125 = CARTESIAN_POINT('',(-9.8,-7.345720532142,10.885712365945));
#6126 = SURFACE_CURVE('',#6127,(#6131,#6138),.PCURVE_S1.);
#6127 = LINE('',#6128,#6129);
#6128 = CARTESIAN_POINT('',(-9.8,-2.564387692011,9.604558092688));
#6129 = VECTOR('',#6130,1.);
#6130 = DIRECTION('',(0.,-0.965925826289,0.258819045103));
#6131 = PCURVE('',#6040,#6132);
#6132 = DEFINITIONAL_REPRESENTATION('',(#6133),#6137);
#6133 = LINE('',#6134,#6135);
#6134 = CARTESIAN_POINT('',(1.,0.));
#6135 = VECTOR('',#6136,1.);
#6136 = DIRECTION('',(0.,-1.));
#6137 = ( GEOMETRIC_REPRESENTATION_CONTEXT(2) 
PARAMETRIC_REPRESENTATION_CONTEXT() REPRESENTATION_CONTEXT('2D SPACE',''
  ) );
#6138 = PCURVE('',#6139,#6144);
#6139 = PLANE('',#6140);
#6140 = AXIS2_PLACEMENT_3D('',#6141,#6142,#6143);
#6141 = CARTESIAN_POINT('',(-9.8,-2.564387692011,9.604558092688));
#6142 = DIRECTION('',(1.,0.,0.));
#6143 = DIRECTION('',(0.,-0.258819045103,-0.965925826289));
#6144 = DEFINITIONAL_REPRESENTATION('',(#6145),#6149);
#6145 = LINE('',#6146,#6147);
#6146 = CARTESIAN_POINT('',(0.,0.));
#6147 = VECTOR('',#6148,1.);
#6148 = DIRECTION('',(-1.225300278295E-17,-1.));
#6149 = ( GEOMETRIC_REPRESENTATION_CONTEXT(2) 
PARAMETRIC_REPRESENTATION_CONTEXT() REPRESENTATION_CONTEXT('2D SPACE',''
  ) );
#6150 = ORIENTED_EDGE('',*,*,#6151,.T.);
#6151 = EDGE_CURVE('',#6122,#6025,#6152,.T.);
#6152 = SURFACE_CURVE('',#6153,(#6186,#6222),.PCURVE_S1.);
#6153 = B_SPLINE_CURVE_WITH_KNOTS('',6,(#6154,#6155,#6156,#6157,#6158,
    #6159,#6160,#6161,#6162,#6163,#6164,#6165,#6166,#6167,#6168,#6169,
    #6170,#6171,#6172,#6173,#6174,#6175,#6176,#6177,#6178,#6179,#6180,
    #6181,#6182,#6183,#6184,#6185),.UNSPECIFIED.,.F.,.F.,(7,5,5,5,5,5,7)
  ,(0.,0.314985095561,0.437797466428,0.553043167242,0.654692742457,
    0.916870899586,1.),.UNSPECIFIED.);
#6154 = CARTESIAN_POINT('',(-9.8,-4.882609675105,10.225723800934));
#6155 = CARTESIAN_POINT('',(-9.8,-4.867301618106,10.282854247418));
#6156 = CARTESIAN_POINT('',(-9.793754931209,-4.852004881063,
    10.339942447253));
#6157 = CARTESIAN_POINT('',(-9.782291567921,-4.836816195291,
    10.396627394255));
#6158 = CARTESIAN_POINT('',(-9.766882614407,-4.821775632264,
    10.452759539644));
#6159 = CARTESIAN_POINT('',(-9.748581958222,-4.806878861813,
    10.508355043837));
#6160 = CARTESIAN_POINT('',(-9.720368260978,-4.78630267389,
    10.585146422591));
#6161 = CARTESIAN_POINT('',(-9.712151517287,-4.780545825098,
    10.606631274774));
#6162 = CARTESIAN_POINT('',(-9.703686631032,-4.774802160355,
    10.628066923419));
#6163 = CARTESIAN_POINT('',(-9.695025649484,-4.769069370047,
    10.649461988115));
#6164 = CARTESIAN_POINT('',(-9.686218664274,-4.763344901351,
    10.670825996137));
#6165 = CARTESIAN_POINT('',(-9.668957601005,-4.752259368492,
    10.712197767992));
#6166 = CARTESIAN_POINT('',(-9.660515557215,-4.746897713374,
    10.732207737308));
#6167 = CARTESIAN_POINT('',(-9.652027495633,-4.741538713746,
    10.752207796196));
#6168 = CARTESIAN_POINT('',(-9.643533165505,-4.736180083443,
    10.772206476746));
#6169 = CARTESIAN_POINT('',(-9.635072249718,-4.730819529253,
    10.792212337341));
#6170 = CARTESIAN_POINT('',(-9.619286041628,-4.720722882962,
    10.829893534285));
#6171 = CARTESIAN_POINT('',(-9.611944755407,-4.715987767574,
    10.847565225493));
#6172 = CARTESIAN_POINT('',(-9.604687773494,-4.7112478271,
    10.865254924166));
#6173 = CARTESIAN_POINT('',(-9.597543147087,-4.706501575709,
    10.882968175503));
#6174 = CARTESIAN_POINT('',(-9.590539711227,-4.701747619391,
    10.90071018202));
#6175 = CARTESIAN_POINT('',(-9.566084134568,-4.684699853263,
    10.964333311365));
#6176 = CARTESIAN_POINT('',(-9.549603182305,-4.672358914799,
    11.010390320722));
#6177 = CARTESIAN_POINT('',(-9.534764049049,-4.659932392787,
    11.056766732234));
#6178 = CARTESIAN_POINT('',(-9.522133342843,-4.647408546354,
    11.103506363429));
#6179 = CARTESIAN_POINT('',(-9.512371043004,-4.634792223124,
    11.150591122729));
#6180 = CARTESIAN_POINT('',(-9.504156447228,-4.618086603507,
    11.212937343909));
#6181 = CARTESIAN_POINT('',(-9.50253333574,-4.614058503646,
    11.227970417248));
#6182 = CARTESIAN_POINT('',(-9.501286006104,-4.610025069489,
    11.243023398451));
#6183 = CARTESIAN_POINT('',(-9.500434982957,-4.605987719607,
    11.258090993339));
#6184 = CARTESIAN_POINT('',(-9.5,-4.601948228279,11.273166580212));
#6185 = CARTESIAN_POINT('',(-9.5,-4.597908725492,11.288242209852));
#6186 = PCURVE('',#6040,#6187);
#6187 = DEFINITIONAL_REPRESENTATION('',(#6188),#6221);
#6188 = B_SPLINE_CURVE_WITH_KNOTS('',6,(#6189,#6190,#6191,#6192,#6193,
    #6194,#6195,#6196,#6197,#6198,#6199,#6200,#6201,#6202,#6203,#6204,
    #6205,#6206,#6207,#6208,#6209,#6210,#6211,#6212,#6213,#6214,#6215,
    #6216,#6217,#6218,#6219,#6220),.UNSPECIFIED.,.F.,.F.,(7,5,5,5,5,5,7)
  ,(0.,0.314985095561,0.437797466428,0.553043167242,0.654692742457,
    0.916870899586,1.),.UNSPECIFIED.);
#6189 = CARTESIAN_POINT('',(1.,-2.4));
#6190 = CARTESIAN_POINT('',(0.946231099617,-2.4));
#6191 = CARTESIAN_POINT('',(0.892501960097,-2.4));
#6192 = CARTESIAN_POINT('',(0.83915234608,-2.4));
#6193 = CARTESIAN_POINT('',(0.786323006919,-2.4));
#6194 = CARTESIAN_POINT('',(0.733998733075,-2.4));
#6195 = CARTESIAN_POINT('',(0.661725746453,-2.4));
#6196 = CARTESIAN_POINT('',(0.641505059449,-2.4));
#6197 = CARTESIAN_POINT('',(0.621330680854,-2.4));
#6198 = CARTESIAN_POINT('',(0.601194498256,-2.4));
#6199 = CARTESIAN_POINT('',(0.581087544962,-2.4));
#6200 = CARTESIAN_POINT('',(0.542150081377,-2.4));
#6201 = CARTESIAN_POINT('',(0.523317495374,-2.4));
#6202 = CARTESIAN_POINT('',(0.504494236671,-2.4));
#6203 = CARTESIAN_POINT('',(0.485672275204,-2.4));
#6204 = CARTESIAN_POINT('',(0.466843556165,-2.4));
#6205 = CARTESIAN_POINT('',(0.43137951467,-2.4));
#6206 = CARTESIAN_POINT('',(0.414747622874,-2.4));
#6207 = CARTESIAN_POINT('',(0.39809878317,-2.4));
#6208 = CARTESIAN_POINT('',(0.381427776637,-2.4));
#6209 = CARTESIAN_POINT('',(0.364729706873,-2.4));
#6210 = CARTESIAN_POINT('',(0.304850152024,-2.4));
#6211 = CARTESIAN_POINT('',(0.261503129543,-2.4));
#6212 = CARTESIAN_POINT('',(0.217855498479,-2.4));
#6213 = CARTESIAN_POINT('',(0.173866019518,-2.4));
#6214 = CARTESIAN_POINT('',(0.129551719732,-2.4));
#6215 = CARTESIAN_POINT('',(7.087393998107E-02,-2.4));
#6216 = CARTESIAN_POINT('',(5.672541021176E-02,-2.4));
#6217 = CARTESIAN_POINT('',(4.255814395395E-02,-2.4));
#6218 = CARTESIAN_POINT('',(2.837712387831E-02,-2.4));
#6219 = CARTESIAN_POINT('',(1.418858206426E-02,-2.4));
#6220 = CARTESIAN_POINT('',(0.,-2.4));
#6221 = ( GEOMETRIC_REPRESENTATION_CONTEXT(2) 
PARAMETRIC_REPRESENTATION_CONTEXT() REPRESENTATION_CONTEXT('2D SPACE',''
  ) );
#6222 = PCURVE('',#316,#6223);
#6223 = DEFINITIONAL_REPRESENTATION('',(#6224),#6257);
#6224 = B_SPLINE_CURVE_WITH_KNOTS('',6,(#6225,#6226,#6227,#6228,#6229,
    #6230,#6231,#6232,#6233,#6234,#6235,#6236,#6237,#6238,#6239,#6240,
    #6241,#6242,#6243,#6244,#6245,#6246,#6247,#6248,#6249,#6250,#6251,
    #6252,#6253,#6254,#6255,#6256),.UNSPECIFIED.,.F.,.F.,(7,5,5,5,5,5,7)
  ,(0.,0.314985095561,0.437797466428,0.553043167242,0.654692742457,
    0.916870899586,1.),.UNSPECIFIED.);
#6225 = CARTESIAN_POINT('',(63.4,-1.58));
#6226 = CARTESIAN_POINT('',(63.340854209579,-1.58));
#6227 = CARTESIAN_POINT('',(63.281752156107,-1.586245068791));
#6228 = CARTESIAN_POINT('',(63.223067580688,-1.597708432079));
#6229 = CARTESIAN_POINT('',(63.164955307611,-1.613117385593));
#6230 = CARTESIAN_POINT('',(63.107398606383,-1.631418041778));
#6231 = CARTESIAN_POINT('',(63.027898321098,-1.659631739022));
#6232 = CARTESIAN_POINT('',(63.005655565393,-1.667848482713));
#6233 = CARTESIAN_POINT('',(62.98346374894,-1.676313368968));
#6234 = CARTESIAN_POINT('',(62.961313948081,-1.684974350516));
#6235 = CARTESIAN_POINT('',(62.939196299458,-1.693781335726));
#6236 = CARTESIAN_POINT('',(62.896365089515,-1.711042398995));
#6237 = CARTESIAN_POINT('',(62.875649244911,-1.719484442785));
#6238 = CARTESIAN_POINT('',(62.854943660338,-1.727972504367));
#6239 = CARTESIAN_POINT('',(62.834239502725,-1.736466834495));
#6240 = CARTESIAN_POINT('',(62.813527911782,-1.744927750282));
#6241 = CARTESIAN_POINT('',(62.774517466137,-1.760713958372));
#6242 = CARTESIAN_POINT('',(62.756222385161,-1.768055244593));
#6243 = CARTESIAN_POINT('',(62.737908661487,-1.775312226506));
#6244 = CARTESIAN_POINT('',(62.7195705543,-1.782456852913));
#6245 = CARTESIAN_POINT('',(62.701202677561,-1.789460288773));
#6246 = CARTESIAN_POINT('',(62.635335167226,-1.813915865432));
#6247 = CARTESIAN_POINT('',(62.587653442498,-1.830396817695));
#6248 = CARTESIAN_POINT('',(62.539641048327,-1.845235950951));
#6249 = CARTESIAN_POINT('',(62.49125262147,-1.857866657157));
#6250 = CARTESIAN_POINT('',(62.442506891706,-1.867628956996));
#6251 = CARTESIAN_POINT('',(62.377961333979,-1.875843552772));
#6252 = CARTESIAN_POINT('',(62.362397951233,-1.87746666426));
#6253 = CARTESIAN_POINT('',(62.346813958349,-1.878713993896));
#6254 = CARTESIAN_POINT('',(62.331214836266,-1.879565017043));
#6255 = CARTESIAN_POINT('',(62.315607440271,-1.88));
#6256 = CARTESIAN_POINT('',(62.3,-1.88));
#6257 = ( GEOMETRIC_REPRESENTATION_CONTEXT(2) 
PARAMETRIC_REPRESENTATION_CONTEXT() REPRESENTATION_CONTEXT('2D SPACE',''
  ) );
#6258 = ORIENTED_EDGE('',*,*,#6024,.T.);
#6259 = ORIENTED_EDGE('',*,*,#6260,.T.);
#6260 = EDGE_CURVE('',#6002,#6124,#6261,.T.);
#6261 = SURFACE_CURVE('',#6262,(#6273,#6287),.PCURVE_S1.);
#6262 = ( BOUNDED_CURVE() B_SPLINE_CURVE(9,(#6263,#6264,#6265,#6266,
    #6267,#6268,#6269,#6270,#6271,#6272),.UNSPECIFIED.,.F.,.F.) 
B_SPLINE_CURVE_WITH_KNOTS((10,10),(1.808225999273,2.955852772449),
.PIECEWISE_BEZIER_KNOTS.) CURVE() GEOMETRIC_REPRESENTATION_ITEM() 
RATIONAL_B_SPLINE_CURVE((1.,1.,1.,1.,1.,1.,1.,1.,1.,1.)) 
REPRESENTATION_ITEM('') );
#6263 = CARTESIAN_POINT('',(-9.5,-7.061019582529,11.948230774863));
#6264 = CARTESIAN_POINT('',(-9.5,-7.094596937285,11.82291838093));
#6265 = CARTESIAN_POINT('',(-9.528201995343,-7.126725626039,
    11.70301248212));
#6266 = CARTESIAN_POINT('',(-9.571529859548,-7.157178071316,
    11.58936240913));
#6267 = CARTESIAN_POINT('',(-9.621475189087,-7.188156656556,
    11.473748755069));
#6268 = CARTESIAN_POINT('',(-9.678524813918,-7.218583459867,
    11.360194379201));
#6269 = CARTESIAN_POINT('',(-9.728470143285,-7.249562045029,
    11.244580725428));
#6270 = CARTESIAN_POINT('',(-9.771798006129,-7.280014490147,
    11.130930653034));
#6271 = CARTESIAN_POINT('',(-9.8,-7.312143178248,11.011024756658));
#6272 = CARTESIAN_POINT('',(-9.8,-7.345720532142,10.885712365945));
#6273 = PCURVE('',#6040,#6274);
#6274 = DEFINITIONAL_REPRESENTATION('',(#6275),#6286);
#6275 = B_SPLINE_CURVE_WITH_KNOTS('',9,(#6276,#6277,#6278,#6279,#6280,
    #6281,#6282,#6283,#6284,#6285),.UNSPECIFIED.,.F.,.F.,(10,10),(
    1.808225999273,2.955852772449),.PIECEWISE_BEZIER_KNOTS.);
#6276 = CARTESIAN_POINT('',(1.110223024625E-16,-4.95));
#6277 = CARTESIAN_POINT('',(0.117939033226,-4.95));
#6278 = CARTESIAN_POINT('',(0.230789030145,-4.95));
#6279 = CARTESIAN_POINT('',(0.337754997797,-4.949999999999));
#6280 = CARTESIAN_POINT('',(0.446559475001,-4.950000000001));
#6281 = CARTESIAN_POINT('',(0.553440531152,-4.949999999999));
#6282 = CARTESIAN_POINT('',(0.662245008086,-4.950000000001));
#6283 = CARTESIAN_POINT('',(0.769210975177,-4.95));
#6284 = CARTESIAN_POINT('',(0.882060969804,-4.95));
#6285 = CARTESIAN_POINT('',(1.,-4.95));
#6286 = ( GEOMETRIC_REPRESENTATION_CONTEXT(2) 
PARAMETRIC_REPRESENTATION_CONTEXT() REPRESENTATION_CONTEXT('2D SPACE',''
  ) );
#6287 = PCURVE('',#6288,#6319);
#6288 = ( BOUNDED_SURFACE() B_SPLINE_SURFACE(2,9,(
    (#6289,#6290,#6291,#6292,#6293,#6294,#6295,#6296,#6297,#6298)
    ,(#6299,#6300,#6301,#6302,#6303,#6304,#6305,#6306,#6307,#6308)
    ,(#6309,#6310,#6311,#6312,#6313,#6314,#6315,#6316,#6317,#6318
)),.UNSPECIFIED.,.F.,.F.,.F.) B_SPLINE_SURFACE_WITH_KNOTS((3,3),(10,10),
  (0.,1.147626773176),(1.808225999273,2.955852772449),
.PIECEWISE_BEZIER_KNOTS.) GEOMETRIC_REPRESENTATION_ITEM() 
RATIONAL_B_SPLINE_SURFACE((
    (1.,1.,1.,1.,1.,1.,1.,1.,1.,1.)
    ,(0.707106781187,0.707106781187,0.707106781187,0.707106781187
      ,0.707106781187,0.707106781187,0.707106781187,0.707106781187
      ,0.707106781187,0.707106781187)
,(1.,1.,1.,1.,1.,1.,1.,1.,1.,1.))) REPRESENTATION_ITEM('') SURFACE() );
#6289 = CARTESIAN_POINT('',(-9.5,-7.061019582529,11.948230774863));
#6290 = CARTESIAN_POINT('',(-9.5,-7.094596937285,11.82291838093));
#6291 = CARTESIAN_POINT('',(-9.528201995343,-7.126725626039,
    11.70301248212));
#6292 = CARTESIAN_POINT('',(-9.571529859548,-7.157178071316,
    11.58936240913));
#6293 = CARTESIAN_POINT('',(-9.621475189087,-7.188156656556,
    11.473748755069));
#6294 = CARTESIAN_POINT('',(-9.678524813918,-7.218583459867,
    11.360194379201));
#6295 = CARTESIAN_POINT('',(-9.728470143285,-7.249562045029,
    11.244580725428));
#6296 = CARTESIAN_POINT('',(-9.771798006129,-7.280014490147,
    11.130930653034));
#6297 = CARTESIAN_POINT('',(-9.8,-7.312143178248,11.011024756658));
#6298 = CARTESIAN_POINT('',(-9.8,-7.345720532142,10.885712365945));
#6299 = CARTESIAN_POINT('',(-9.5,-7.254204747787,11.999994583884));
#6300 = CARTESIAN_POINT('',(-9.5,-7.287782102543,11.874682189951));
#6301 = CARTESIAN_POINT('',(-9.528201995343,-7.319910791297,
    11.754776291141));
#6302 = CARTESIAN_POINT('',(-9.571529859548,-7.350363236574,
    11.641126218151));
#6303 = CARTESIAN_POINT('',(-9.621475189087,-7.381341821814,
    11.52551256409));
#6304 = CARTESIAN_POINT('',(-9.678524813918,-7.411768625125,
    11.411958188221));
#6305 = CARTESIAN_POINT('',(-9.728470143285,-7.442747210287,
    11.296344534449));
#6306 = CARTESIAN_POINT('',(-9.771798006129,-7.473199655405,
    11.182694462054));
#6307 = CARTESIAN_POINT('',(-9.8,-7.505328343506,11.062788565679));
#6308 = CARTESIAN_POINT('',(-9.8,-7.5389056974,10.937476174966));
#6309 = CARTESIAN_POINT('',(-9.7,-7.254204747787,11.999994583884));
#6310 = CARTESIAN_POINT('',(-9.7,-7.278915372954,11.907773275273));
#6311 = CARTESIAN_POINT('',(-9.721614898591,-7.303594642476,
    11.815668987523));
#6312 = CARTESIAN_POINT('',(-9.755265593388,-7.329933673668,
    11.717370384893));
#6313 = CARTESIAN_POINT('',(-9.802222312407,-7.359362736034,
    11.607539628925));
#6314 = CARTESIAN_POINT('',(-9.85927193733,-7.389789539295,
    11.49398525324));
#6315 = CARTESIAN_POINT('',(-9.912205876524,-7.422317647208,
    11.372588701835));
#6316 = CARTESIAN_POINT('',(-9.965210909039,-7.456883506257,
    11.243587159657));
#6317 = CARTESIAN_POINT('',(-10.,-7.49646161369,11.095879651851));
#6318 = CARTESIAN_POINT('',(-10.,-7.5389056974,10.937476174966));
#6319 = DEFINITIONAL_REPRESENTATION('',(#6320),#6324);
#6320 = LINE('',#6321,#6322);
#6321 = CARTESIAN_POINT('',(0.,0.));
#6322 = VECTOR('',#6323,1.);
#6323 = DIRECTION('',(0.,1.));
#6324 = ( GEOMETRIC_REPRESENTATION_CONTEXT(2) 
PARAMETRIC_REPRESENTATION_CONTEXT() REPRESENTATION_CONTEXT('2D SPACE',''
  ) );
#6325 = ADVANCED_FACE('',(#6326),#6288,.T.);
#6326 = FACE_BOUND('',#6327,.T.);
#6327 = EDGE_LOOP('',(#6328,#6359,#6396,#6429));
#6328 = ORIENTED_EDGE('',*,*,#6329,.T.);
#6329 = EDGE_CURVE('',#6002,#6330,#6332,.T.);
#6330 = VERTEX_POINT('',#6331);
#6331 = CARTESIAN_POINT('',(-9.7,-7.254204747787,11.999994583884));
#6332 = SURFACE_CURVE('',#6333,(#6338,#6352),.PCURVE_S1.);
#6333 = CIRCLE('',#6334,0.2);
#6334 = AXIS2_PLACEMENT_3D('',#6335,#6336,#6337);
#6335 = CARTESIAN_POINT('',(-9.7,-7.061019582529,11.948230774863));
#6336 = DIRECTION('',(0.,-0.258819045103,-0.965925826289));
#6337 = DIRECTION('',(1.,0.,0.));
#6338 = PCURVE('',#6288,#6339);
#6339 = DEFINITIONAL_REPRESENTATION('',(#6340),#6351);
#6340 = B_SPLINE_CURVE_WITH_KNOTS('',9,(#6341,#6342,#6343,#6344,#6345,
    #6346,#6347,#6348,#6349,#6350),.UNSPECIFIED.,.F.,.F.,(10,10),(0.,
    1.570796326795),.PIECEWISE_BEZIER_KNOTS.);
#6341 = CARTESIAN_POINT('',(1.110223024625E-16,1.808225999273));
#6342 = CARTESIAN_POINT('',(0.141632539164,1.808225999273));
#6343 = CARTESIAN_POINT('',(0.271746124078,1.808225999273));
#6344 = CARTESIAN_POINT('',(0.395066058927,1.808225999273));
#6345 = CARTESIAN_POINT('',(0.51462124772,1.808225999273));
#6346 = CARTESIAN_POINT('',(0.633005525456,1.808225999273));
#6347 = CARTESIAN_POINT('',(0.752560714249,1.808225999273));
#6348 = CARTESIAN_POINT('',(0.875880649098,1.808225999273));
#6349 = CARTESIAN_POINT('',(1.005994234012,1.808225999273));
#6350 = CARTESIAN_POINT('',(1.147626773176,1.808225999273));
#6351 = ( GEOMETRIC_REPRESENTATION_CONTEXT(2) 
PARAMETRIC_REPRESENTATION_CONTEXT() REPRESENTATION_CONTEXT('2D SPACE',''
  ) );
#6352 = PCURVE('',#5654,#6353);
#6353 = DEFINITIONAL_REPRESENTATION('',(#6354),#6358);
#6354 = LINE('',#6355,#6356);
#6355 = CARTESIAN_POINT('',(0.,1.808225999273));
#6356 = VECTOR('',#6357,1.);
#6357 = DIRECTION('',(1.,0.));
#6358 = ( GEOMETRIC_REPRESENTATION_CONTEXT(2) 
PARAMETRIC_REPRESENTATION_CONTEXT() REPRESENTATION_CONTEXT('2D SPACE',''
  ) );
#6359 = ORIENTED_EDGE('',*,*,#6360,.T.);
#6360 = EDGE_CURVE('',#6330,#6361,#6363,.T.);
#6361 = VERTEX_POINT('',#6362);
#6362 = CARTESIAN_POINT('',(-10.,-7.5389056974,10.937476174966));
#6363 = SURFACE_CURVE('',#6364,(#6375,#6382),.PCURVE_S1.);
#6364 = ( BOUNDED_CURVE() B_SPLINE_CURVE(9,(#6365,#6366,#6367,#6368,
    #6369,#6370,#6371,#6372,#6373,#6374),.UNSPECIFIED.,.F.,.F.) 
B_SPLINE_CURVE_WITH_KNOTS((10,10),(1.808225999273,2.955852772449),
.PIECEWISE_BEZIER_KNOTS.) CURVE() GEOMETRIC_REPRESENTATION_ITEM() 
RATIONAL_B_SPLINE_CURVE((1.,1.,1.,1.,1.,1.,1.,1.,1.,1.)) 
REPRESENTATION_ITEM('') );
#6365 = CARTESIAN_POINT('',(-9.7,-7.254204747787,11.999994583884));
#6366 = CARTESIAN_POINT('',(-9.7,-7.278915372954,11.907773275273));
#6367 = CARTESIAN_POINT('',(-9.721614898591,-7.303594642476,
    11.815668987523));
#6368 = CARTESIAN_POINT('',(-9.755265593388,-7.329933673668,
    11.717370384893));
#6369 = CARTESIAN_POINT('',(-9.802222312407,-7.359362736034,
    11.607539628925));
#6370 = CARTESIAN_POINT('',(-9.85927193733,-7.389789539295,
    11.49398525324));
#6371 = CARTESIAN_POINT('',(-9.912205876524,-7.422317647208,
    11.372588701835));
#6372 = CARTESIAN_POINT('',(-9.965210909039,-7.456883506257,
    11.243587159657));
#6373 = CARTESIAN_POINT('',(-10.,-7.49646161369,11.095879651851));
#6374 = CARTESIAN_POINT('',(-10.,-7.5389056974,10.937476174966));
#6375 = PCURVE('',#6288,#6376);
#6376 = DEFINITIONAL_REPRESENTATION('',(#6377),#6381);
#6377 = LINE('',#6378,#6379);
#6378 = CARTESIAN_POINT('',(1.147626773176,0.));
#6379 = VECTOR('',#6380,1.);
#6380 = DIRECTION('',(0.,1.));
#6381 = ( GEOMETRIC_REPRESENTATION_CONTEXT(2) 
PARAMETRIC_REPRESENTATION_CONTEXT() REPRESENTATION_CONTEXT('2D SPACE',''
  ) );
#6382 = PCURVE('',#1109,#6383);
#6383 = DEFINITIONAL_REPRESENTATION('',(#6384),#6395);
#6384 = ( BOUNDED_CURVE() B_SPLINE_CURVE(9,(#6385,#6386,#6387,#6388,
    #6389,#6390,#6391,#6392,#6393,#6394),.UNSPECIFIED.,.F.,.F.) 
B_SPLINE_CURVE_WITH_KNOTS((10,10),(1.808225999273,2.955852772449),
.PIECEWISE_BEZIER_KNOTS.) CURVE() GEOMETRIC_REPRESENTATION_ITEM() 
RATIONAL_B_SPLINE_CURVE((1.,1.,1.,1.,1.,1.,1.,1.,1.,1.)) 
REPRESENTATION_ITEM('') );
#6385 = CARTESIAN_POINT('',(-22.45,-62.3));
#6386 = CARTESIAN_POINT('',(-22.45,-62.39547452413));
#6387 = CARTESIAN_POINT('',(-22.4283851014,-62.49082789935));
#6388 = CARTESIAN_POINT('',(-22.39473440661,-62.59259410122));
#6389 = CARTESIAN_POINT('',(-22.34777768759,-62.70629926675));
#6390 = CARTESIAN_POINT('',(-22.29072806267,-62.82385940708));
#6391 = CARTESIAN_POINT('',(-22.23779412347,-62.94953836513));
#6392 = CARTESIAN_POINT('',(-22.18478909096,-63.08309058898));
#6393 = CARTESIAN_POINT('',(-22.15,-63.23600865348));
#6394 = CARTESIAN_POINT('',(-22.15,-63.4));
#6395 = ( GEOMETRIC_REPRESENTATION_CONTEXT(2) 
PARAMETRIC_REPRESENTATION_CONTEXT() REPRESENTATION_CONTEXT('2D SPACE',''
  ) );
#6396 = ORIENTED_EDGE('',*,*,#6397,.F.);
#6397 = EDGE_CURVE('',#6124,#6361,#6398,.T.);
#6398 = SURFACE_CURVE('',#6399,(#6403,#6410),.PCURVE_S1.);
#6399 = ( BOUNDED_CURVE() B_SPLINE_CURVE(2,(#6400,#6401,#6402),
.UNSPECIFIED.,.F.,.F.) B_SPLINE_CURVE_WITH_KNOTS((3,3),(0.,
1.147626773176),.PIECEWISE_BEZIER_KNOTS.) CURVE() 
GEOMETRIC_REPRESENTATION_ITEM() RATIONAL_B_SPLINE_CURVE((1.,
0.707106781187,1.)) REPRESENTATION_ITEM('') );
#6400 = CARTESIAN_POINT('',(-9.8,-7.345720532142,10.885712365945));
#6401 = CARTESIAN_POINT('',(-9.8,-7.5389056974,10.937476174966));
#6402 = CARTESIAN_POINT('',(-10.,-7.5389056974,10.937476174966));
#6403 = PCURVE('',#6288,#6404);
#6404 = DEFINITIONAL_REPRESENTATION('',(#6405),#6409);
#6405 = LINE('',#6406,#6407);
#6406 = CARTESIAN_POINT('',(0.,2.955852772449));
#6407 = VECTOR('',#6408,1.);
#6408 = DIRECTION('',(1.,0.));
#6409 = ( GEOMETRIC_REPRESENTATION_CONTEXT(2) 
PARAMETRIC_REPRESENTATION_CONTEXT() REPRESENTATION_CONTEXT('2D SPACE',''
  ) );
#6410 = PCURVE('',#6411,#6416);
#6411 = CYLINDRICAL_SURFACE('',#6412,0.2);
#6412 = AXIS2_PLACEMENT_3D('',#6413,#6414,#6415);
#6413 = CARTESIAN_POINT('',(-10.,-7.345720532142,10.885712365945));
#6414 = DIRECTION('',(0.,-0.258819045103,-0.965925826289));
#6415 = DIRECTION('',(1.,0.,0.));
#6416 = DEFINITIONAL_REPRESENTATION('',(#6417),#6428);
#6417 = B_SPLINE_CURVE_WITH_KNOTS('',9,(#6418,#6419,#6420,#6421,#6422,
    #6423,#6424,#6425,#6426,#6427),.UNSPECIFIED.,.F.,.F.,(10,10),(0.,
    1.147626773176),.PIECEWISE_BEZIER_KNOTS.);
#6418 = CARTESIAN_POINT('',(-1.110223024625E-16,1.655052111849E-15));
#6419 = CARTESIAN_POINT('',(0.157134840264,1.655052111849E-15));
#6420 = CARTESIAN_POINT('',(0.325774716871,1.655052111849E-15));
#6421 = CARTESIAN_POINT('',(0.504566386719,1.655052111849E-15));
#6422 = CARTESIAN_POINT('',(0.690744851727,1.655052111849E-15));
#6423 = CARTESIAN_POINT('',(0.880051475299,1.655052111849E-15));
#6424 = CARTESIAN_POINT('',(1.066229939773,1.655052111849E-15));
#6425 = CARTESIAN_POINT('',(1.245021610025,1.655052111849E-15));
#6426 = CARTESIAN_POINT('',(1.413661486531,1.655052111849E-15));
#6427 = CARTESIAN_POINT('',(1.570796326795,1.655052111849E-15));
#6428 = ( GEOMETRIC_REPRESENTATION_CONTEXT(2) 
PARAMETRIC_REPRESENTATION_CONTEXT() REPRESENTATION_CONTEXT('2D SPACE',''
  ) );
#6429 = ORIENTED_EDGE('',*,*,#6260,.F.);
#6430 = ADVANCED_FACE('',(#6431),#6411,.T.);
#6431 = FACE_BOUND('',#6432,.T.);
#6432 = EDGE_LOOP('',(#6433,#6434,#6457,#6481));
#6433 = ORIENTED_EDGE('',*,*,#6397,.T.);
#6434 = ORIENTED_EDGE('',*,*,#6435,.T.);
#6435 = EDGE_CURVE('',#6361,#6436,#6438,.T.);
#6436 = VERTEX_POINT('',#6437);
#6437 = CARTESIAN_POINT('',(-10.,-7.663138839049,10.473831778347));
#6438 = SURFACE_CURVE('',#6439,(#6443,#6450),.PCURVE_S1.);
#6439 = LINE('',#6440,#6441);
#6440 = CARTESIAN_POINT('',(-10.,-7.5389056974,10.937476174966));
#6441 = VECTOR('',#6442,1.);
#6442 = DIRECTION('',(0.,-0.258819045103,-0.965925826289));
#6443 = PCURVE('',#6411,#6444);
#6444 = DEFINITIONAL_REPRESENTATION('',(#6445),#6449);
#6445 = LINE('',#6446,#6447);
#6446 = CARTESIAN_POINT('',(1.570796326795,0.));
#6447 = VECTOR('',#6448,1.);
#6448 = DIRECTION('',(0.,1.));
#6449 = ( GEOMETRIC_REPRESENTATION_CONTEXT(2) 
PARAMETRIC_REPRESENTATION_CONTEXT() REPRESENTATION_CONTEXT('2D SPACE',''
  ) );
#6450 = PCURVE('',#1109,#6451);
#6451 = DEFINITIONAL_REPRESENTATION('',(#6452),#6456);
#6452 = LINE('',#6453,#6454);
#6453 = CARTESIAN_POINT('',(-22.15,-63.4));
#6454 = VECTOR('',#6455,1.);
#6455 = DIRECTION('',(-0.,-1.));
#6456 = ( GEOMETRIC_REPRESENTATION_CONTEXT(2) 
PARAMETRIC_REPRESENTATION_CONTEXT() REPRESENTATION_CONTEXT('2D SPACE',''
  ) );
#6457 = ORIENTED_EDGE('',*,*,#6458,.F.);
#6458 = EDGE_CURVE('',#6459,#6436,#6461,.T.);
#6459 = VERTEX_POINT('',#6460);
#6460 = CARTESIAN_POINT('',(-9.8,-7.469953673791,10.422067969326));
#6461 = SURFACE_CURVE('',#6462,(#6467,#6474),.PCURVE_S1.);
#6462 = CIRCLE('',#6463,0.2);
#6463 = AXIS2_PLACEMENT_3D('',#6464,#6465,#6466);
#6464 = CARTESIAN_POINT('',(-10.,-7.469953673791,10.422067969326));
#6465 = DIRECTION('',(0.,-0.258819045103,-0.965925826289));
#6466 = DIRECTION('',(1.,0.,0.));
#6467 = PCURVE('',#6411,#6468);
#6468 = DEFINITIONAL_REPRESENTATION('',(#6469),#6473);
#6469 = LINE('',#6470,#6471);
#6470 = CARTESIAN_POINT('',(0.,0.48));
#6471 = VECTOR('',#6472,1.);
#6472 = DIRECTION('',(1.,0.));
#6473 = ( GEOMETRIC_REPRESENTATION_CONTEXT(2) 
PARAMETRIC_REPRESENTATION_CONTEXT() REPRESENTATION_CONTEXT('2D SPACE',''
  ) );
#6474 = PCURVE('',#1081,#6475);
#6475 = DEFINITIONAL_REPRESENTATION('',(#6476),#6480);
#6476 = LINE('',#6477,#6478);
#6477 = CARTESIAN_POINT('',(-0.,3.14159265359));
#6478 = VECTOR('',#6479,1.);
#6479 = DIRECTION('',(-0.,1.));
#6480 = ( GEOMETRIC_REPRESENTATION_CONTEXT(2) 
PARAMETRIC_REPRESENTATION_CONTEXT() REPRESENTATION_CONTEXT('2D SPACE',''
  ) );
#6481 = ORIENTED_EDGE('',*,*,#6482,.F.);
#6482 = EDGE_CURVE('',#6124,#6459,#6483,.T.);
#6483 = SURFACE_CURVE('',#6484,(#6488,#6495),.PCURVE_S1.);
#6484 = LINE('',#6485,#6486);
#6485 = CARTESIAN_POINT('',(-9.8,-7.345720532142,10.885712365945));
#6486 = VECTOR('',#6487,1.);
#6487 = DIRECTION('',(0.,-0.258819045103,-0.965925826289));
#6488 = PCURVE('',#6411,#6489);
#6489 = DEFINITIONAL_REPRESENTATION('',(#6490),#6494);
#6490 = LINE('',#6491,#6492);
#6491 = CARTESIAN_POINT('',(0.,0.));
#6492 = VECTOR('',#6493,1.);
#6493 = DIRECTION('',(0.,1.));
#6494 = ( GEOMETRIC_REPRESENTATION_CONTEXT(2) 
PARAMETRIC_REPRESENTATION_CONTEXT() REPRESENTATION_CONTEXT('2D SPACE',''
  ) );
#6495 = PCURVE('',#6139,#6496);
#6496 = DEFINITIONAL_REPRESENTATION('',(#6497),#6501);
#6497 = LINE('',#6498,#6499);
#6498 = CARTESIAN_POINT('',(-1.143027095085E-15,-4.95));
#6499 = VECTOR('',#6500,1.);
#6500 = DIRECTION('',(1.,1.225300278295E-17));
#6501 = ( GEOMETRIC_REPRESENTATION_CONTEXT(2) 
PARAMETRIC_REPRESENTATION_CONTEXT() REPRESENTATION_CONTEXT('2D SPACE',''
  ) );
#6502 = ADVANCED_FACE('',(#6503),#6139,.T.);
#6503 = FACE_BOUND('',#6504,.T.);
#6504 = EDGE_LOOP('',(#6505,#6528,#6549,#6550));
#6505 = ORIENTED_EDGE('',*,*,#6506,.F.);
#6506 = EDGE_CURVE('',#6507,#6459,#6509,.T.);
#6507 = VERTEX_POINT('',#6508);
#6508 = CARTESIAN_POINT('',(-9.8,-5.006842816754,9.762079404315));
#6509 = SURFACE_CURVE('',#6510,(#6514,#6521),.PCURVE_S1.);
#6510 = LINE('',#6511,#6512);
#6511 = CARTESIAN_POINT('',(-9.8,-2.68862083366,9.140913696069));
#6512 = VECTOR('',#6513,1.);
#6513 = DIRECTION('',(0.,-0.965925826289,0.258819045103));
#6514 = PCURVE('',#6139,#6515);
#6515 = DEFINITIONAL_REPRESENTATION('',(#6516),#6520);
#6516 = LINE('',#6517,#6518);
#6517 = CARTESIAN_POINT('',(0.48,-1.7973216896E-15));
#6518 = VECTOR('',#6519,1.);
#6519 = DIRECTION('',(-1.225300278295E-17,-1.));
#6520 = ( GEOMETRIC_REPRESENTATION_CONTEXT(2) 
PARAMETRIC_REPRESENTATION_CONTEXT() REPRESENTATION_CONTEXT('2D SPACE',''
  ) );
#6521 = PCURVE('',#846,#6522);
#6522 = DEFINITIONAL_REPRESENTATION('',(#6523),#6527);
#6523 = LINE('',#6524,#6525);
#6524 = CARTESIAN_POINT('',(-0.,0.));
#6525 = VECTOR('',#6526,1.);
#6526 = DIRECTION('',(-0.,-1.));
#6527 = ( GEOMETRIC_REPRESENTATION_CONTEXT(2) 
PARAMETRIC_REPRESENTATION_CONTEXT() REPRESENTATION_CONTEXT('2D SPACE',''
  ) );
#6528 = ORIENTED_EDGE('',*,*,#6529,.T.);
#6529 = EDGE_CURVE('',#6507,#6122,#6530,.T.);
#6530 = SURFACE_CURVE('',#6531,(#6535,#6542),.PCURVE_S1.);
#6531 = LINE('',#6532,#6533);
#6532 = CARTESIAN_POINT('',(-9.8,3.321954054645,40.845572494297));
#6533 = VECTOR('',#6534,1.);
#6534 = DIRECTION('',(0.,0.258819045103,0.965925826289));
#6535 = PCURVE('',#6139,#6536);
#6536 = DEFINITIONAL_REPRESENTATION('',(#6537),#6541);
#6537 = LINE('',#6538,#6539);
#6538 = CARTESIAN_POINT('',(-31.7,-2.4));
#6539 = VECTOR('',#6540,1.);
#6540 = DIRECTION('',(-1.,-1.225300278295E-17));
#6541 = ( GEOMETRIC_REPRESENTATION_CONTEXT(2) 
PARAMETRIC_REPRESENTATION_CONTEXT() REPRESENTATION_CONTEXT('2D SPACE',''
  ) );
#6542 = PCURVE('',#316,#6543);
#6543 = DEFINITIONAL_REPRESENTATION('',(#6544),#6548);
#6544 = LINE('',#6545,#6546);
#6545 = CARTESIAN_POINT('',(31.7,-1.58));
#6546 = VECTOR('',#6547,1.);
#6547 = DIRECTION('',(-1.,0.));
#6548 = ( GEOMETRIC_REPRESENTATION_CONTEXT(2) 
PARAMETRIC_REPRESENTATION_CONTEXT() REPRESENTATION_CONTEXT('2D SPACE',''
  ) );
#6549 = ORIENTED_EDGE('',*,*,#6121,.T.);
#6550 = ORIENTED_EDGE('',*,*,#6482,.T.);
#6551 = ADVANCED_FACE('',(#6552),#5654,.T.);
#6552 = FACE_BOUND('',#6553,.T.);
#6553 = EDGE_LOOP('',(#6554,#6555,#6556,#6577));
#6554 = ORIENTED_EDGE('',*,*,#6001,.F.);
#6555 = ORIENTED_EDGE('',*,*,#5623,.F.);
#6556 = ORIENTED_EDGE('',*,*,#6557,.T.);
#6557 = EDGE_CURVE('',#5415,#6330,#6558,.T.);
#6558 = SURFACE_CURVE('',#6559,(#6563,#6570),.PCURVE_S1.);
#6559 = LINE('',#6560,#6561);
#6560 = CARTESIAN_POINT('',(-9.7,-6.786201421325,13.746606776349));
#6561 = VECTOR('',#6562,1.);
#6562 = DIRECTION('',(0.,-0.258819045103,-0.965925826289));
#6563 = PCURVE('',#5654,#6564);
#6564 = DEFINITIONAL_REPRESENTATION('',(#6565),#6569);
#6565 = LINE('',#6566,#6567);
#6566 = CARTESIAN_POINT('',(1.570796326795,0.));
#6567 = VECTOR('',#6568,1.);
#6568 = DIRECTION('',(0.,1.));
#6569 = ( GEOMETRIC_REPRESENTATION_CONTEXT(2) 
PARAMETRIC_REPRESENTATION_CONTEXT() REPRESENTATION_CONTEXT('2D SPACE',''
  ) );
#6570 = PCURVE('',#1109,#6571);
#6571 = DEFINITIONAL_REPRESENTATION('',(#6572),#6576);
#6572 = LINE('',#6573,#6574);
#6573 = CARTESIAN_POINT('',(-22.45,-60.49177400072));
#6574 = VECTOR('',#6575,1.);
#6575 = DIRECTION('',(-0.,-1.));
#6576 = ( GEOMETRIC_REPRESENTATION_CONTEXT(2) 
PARAMETRIC_REPRESENTATION_CONTEXT() REPRESENTATION_CONTEXT('2D SPACE',''
  ) );
#6577 = ORIENTED_EDGE('',*,*,#6329,.F.);
#6578 = ADVANCED_FACE('',(#6579),#5113,.F.);
#6579 = FACE_BOUND('',#6580,.F.);
#6580 = EDGE_LOOP('',(#6581,#6601,#6634,#6653));
#6581 = ORIENTED_EDGE('',*,*,#6582,.F.);
#6582 = EDGE_CURVE('',#6583,#5067,#6585,.T.);
#6583 = VERTEX_POINT('',#6584);
#6584 = CARTESIAN_POINT('',(-31.45,-9.247111395076,4.562365721458));
#6585 = SURFACE_CURVE('',#6586,(#6589,#6595),.PCURVE_S1.);
#6586 = B_SPLINE_CURVE_WITH_KNOTS('',1,(#6587,#6588),.UNSPECIFIED.,.F.,
  .F.,(2,2),(0.,1.),.PIECEWISE_BEZIER_KNOTS.);
#6587 = CARTESIAN_POINT('',(-31.45,-9.247111395076,4.562365721458));
#6588 = CARTESIAN_POINT('',(-31.45,8.8702217621,72.177173561693));
#6589 = PCURVE('',#5113,#6590);
#6590 = DEFINITIONAL_REPRESENTATION('',(#6591),#6594);
#6591 = B_SPLINE_CURVE_WITH_KNOTS('',1,(#6592,#6593),.UNSPECIFIED.,.F.,
  .F.,(2,2),(0.,1.),.PIECEWISE_BEZIER_KNOTS.);
#6592 = CARTESIAN_POINT('',(3.14159265359,0.));
#6593 = CARTESIAN_POINT('',(3.14159265359,70.));
#6594 = ( GEOMETRIC_REPRESENTATION_CONTEXT(2) 
PARAMETRIC_REPRESENTATION_CONTEXT() REPRESENTATION_CONTEXT('2D SPACE',''
  ) );
#6595 = PCURVE('',#1109,#6596);
#6596 = DEFINITIONAL_REPRESENTATION('',(#6597),#6600);
#6597 = B_SPLINE_CURVE_WITH_KNOTS('',1,(#6598,#6599),.UNSPECIFIED.,.F.,
  .F.,(2,2),(0.,1.),.PIECEWISE_BEZIER_KNOTS.);
#6598 = CARTESIAN_POINT('',(-0.7,-70.));
#6599 = CARTESIAN_POINT('',(-0.7,0.));
#6600 = ( GEOMETRIC_REPRESENTATION_CONTEXT(2) 
PARAMETRIC_REPRESENTATION_CONTEXT() REPRESENTATION_CONTEXT('2D SPACE',''
  ) );
#6601 = ORIENTED_EDGE('',*,*,#6602,.F.);
#6602 = EDGE_CURVE('',#6603,#6583,#6605,.T.);
#6603 = VERTEX_POINT('',#6604);
#6604 = CARTESIAN_POINT('',(-32.15,-9.923259473479,4.74353905303));
#6605 = SURFACE_CURVE('',#6606,(#6611,#6618),.PCURVE_S1.);
#6606 = CIRCLE('',#6607,0.7);
#6607 = AXIS2_PLACEMENT_3D('',#6608,#6609,#6610);
#6608 = CARTESIAN_POINT('',(-31.45,-9.923259473479,4.74353905303));
#6609 = DIRECTION('',(-0.,-0.258819045103,-0.965925826289));
#6610 = DIRECTION('',(0.,-0.965925826289,0.258819045103));
#6611 = PCURVE('',#5113,#6612);
#6612 = DEFINITIONAL_REPRESENTATION('',(#6613),#6617);
#6613 = LINE('',#6614,#6615);
#6614 = CARTESIAN_POINT('',(6.28318530718,0.));
#6615 = VECTOR('',#6616,1.);
#6616 = DIRECTION('',(-1.,0.));
#6617 = ( GEOMETRIC_REPRESENTATION_CONTEXT(2) 
PARAMETRIC_REPRESENTATION_CONTEXT() REPRESENTATION_CONTEXT('2D SPACE',''
  ) );
#6618 = PCURVE('',#6619,#6624);
#6619 = PLANE('',#6620);
#6620 = AXIS2_PLACEMENT_3D('',#6621,#6622,#6623);
#6621 = CARTESIAN_POINT('',(-32.15,-14.07674052652,5.85646094697));
#6622 = DIRECTION('',(0.,0.258819045103,0.965925826289));
#6623 = DIRECTION('',(0.997771404347,6.445139382928E-02,
    -1.726969892762E-02));
#6624 = DEFINITIONAL_REPRESENTATION('',(#6625),#6633);
#6625 = ( BOUNDED_CURVE() B_SPLINE_CURVE(2,(#6626,#6627,#6628,#6629,
#6630,#6631,#6632),.UNSPECIFIED.,.T.,.F.) B_SPLINE_CURVE_WITH_KNOTS((1,2
    ,2,2,2,1),(-2.094395102393,0.,2.094395102393,4.188790204786,
6.28318530718,8.377580409573),.UNSPECIFIED.) CURVE() 
GEOMETRIC_REPRESENTATION_ITEM() RATIONAL_B_SPLINE_CURVE((1.,0.5,1.,0.5,
1.,0.5,1.)) REPRESENTATION_ITEM('') );
#6626 = CARTESIAN_POINT('',(0.938649957215,3.545269560671));
#6627 = CARTESIAN_POINT('',(-0.271083579452,3.626169315067));
#6628 = CARTESIAN_POINT('',(0.403844431348,4.633379412433));
#6629 = CARTESIAN_POINT('',(1.078772442149,5.640589509799));
#6630 = CARTESIAN_POINT('',(1.613577968016,4.552479658037));
#6631 = CARTESIAN_POINT('',(2.148383493883,3.464369806275));
#6632 = CARTESIAN_POINT('',(0.938649957215,3.545269560671));
#6633 = ( GEOMETRIC_REPRESENTATION_CONTEXT(2) 
PARAMETRIC_REPRESENTATION_CONTEXT() REPRESENTATION_CONTEXT('2D SPACE',''
  ) );
#6634 = ORIENTED_EDGE('',*,*,#6635,.T.);
#6635 = EDGE_CURVE('',#6603,#4828,#6636,.T.);
#6636 = SURFACE_CURVE('',#6637,(#6640,#6646),.PCURVE_S1.);
#6637 = B_SPLINE_CURVE_WITH_KNOTS('',1,(#6638,#6639),.UNSPECIFIED.,.F.,
  .F.,(2,2),(0.,1.),.PIECEWISE_BEZIER_KNOTS.);
#6638 = CARTESIAN_POINT('',(-32.15,-9.923259473479,4.74353905303));
#6639 = CARTESIAN_POINT('',(-32.15,8.194073683698,72.358346893264));
#6640 = PCURVE('',#5113,#6641);
#6641 = DEFINITIONAL_REPRESENTATION('',(#6642),#6645);
#6642 = B_SPLINE_CURVE_WITH_KNOTS('',1,(#6643,#6644),.UNSPECIFIED.,.F.,
  .F.,(2,2),(0.,1.),.PIECEWISE_BEZIER_KNOTS.);
#6643 = CARTESIAN_POINT('',(4.712388980385,0.));
#6644 = CARTESIAN_POINT('',(4.712388980385,70.));
#6645 = ( GEOMETRIC_REPRESENTATION_CONTEXT(2) 
PARAMETRIC_REPRESENTATION_CONTEXT() REPRESENTATION_CONTEXT('2D SPACE',''
  ) );
#6646 = PCURVE('',#4701,#6647);
#6647 = DEFINITIONAL_REPRESENTATION('',(#6648),#6652);
#6648 = LINE('',#6649,#6650);
#6649 = CARTESIAN_POINT('',(-7.444453864422,0.));
#6650 = VECTOR('',#6651,1.);
#6651 = DIRECTION('',(0.,1.));
#6652 = ( GEOMETRIC_REPRESENTATION_CONTEXT(2) 
PARAMETRIC_REPRESENTATION_CONTEXT() REPRESENTATION_CONTEXT('2D SPACE',''
  ) );
#6653 = ORIENTED_EDGE('',*,*,#5066,.T.);
#6654 = ADVANCED_FACE('',(#6655),#6619,.T.);
#6655 = FACE_BOUND('',#6656,.T.);
#6656 = EDGE_LOOP('',(#6657,#6679,#6703,#6726,#6754,#6776,#6800,#6821));
#6657 = ORIENTED_EDGE('',*,*,#6658,.F.);
#6658 = EDGE_CURVE('',#6659,#6603,#6661,.T.);
#6659 = VERTEX_POINT('',#6660);
#6660 = CARTESIAN_POINT('',(-32.15,-14.07674052652,5.85646094697));
#6661 = SURFACE_CURVE('',#6662,(#6666,#6673),.PCURVE_S1.);
#6662 = LINE('',#6663,#6664);
#6663 = CARTESIAN_POINT('',(-32.15,-14.75288860492,6.037634278542));
#6664 = VECTOR('',#6665,1.);
#6665 = DIRECTION('',(0.,0.965925826289,-0.258819045103));
#6666 = PCURVE('',#6619,#6667);
#6667 = DEFINITIONAL_REPRESENTATION('',(#6668),#6672);
#6668 = LINE('',#6669,#6670);
#6669 = CARTESIAN_POINT('',(-4.670749497798E-02,-0.698439983043));
#6670 = VECTOR('',#6671,1.);
#6671 = DIRECTION('',(6.672499282569E-02,0.997771404347));
#6672 = ( GEOMETRIC_REPRESENTATION_CONTEXT(2) 
PARAMETRIC_REPRESENTATION_CONTEXT() REPRESENTATION_CONTEXT('2D SPACE',''
  ) );
#6673 = PCURVE('',#4701,#6674);
#6674 = DEFINITIONAL_REPRESENTATION('',(#6675),#6678);
#6675 = B_SPLINE_CURVE_WITH_KNOTS('',1,(#6676,#6677),.UNSPECIFIED.,.F.,
  .F.,(2,2),(0.7,5.),.PIECEWISE_BEZIER_KNOTS.);
#6676 = CARTESIAN_POINT('',(-0.7,0.));
#6677 = CARTESIAN_POINT('',(-7.444453864422,0.));
#6678 = ( GEOMETRIC_REPRESENTATION_CONTEXT(2) 
PARAMETRIC_REPRESENTATION_CONTEXT() REPRESENTATION_CONTEXT('2D SPACE',''
  ) );
#6679 = ORIENTED_EDGE('',*,*,#6680,.T.);
#6680 = EDGE_CURVE('',#6659,#6681,#6683,.T.);
#6681 = VERTEX_POINT('',#6682);
#6682 = CARTESIAN_POINT('',(-31.45,-14.75288860492,6.037634278542));
#6683 = SURFACE_CURVE('',#6684,(#6689,#6696),.PCURVE_S1.);
#6684 = CIRCLE('',#6685,0.7);
#6685 = AXIS2_PLACEMENT_3D('',#6686,#6687,#6688);
#6686 = CARTESIAN_POINT('',(-31.45,-14.07674052652,5.85646094697));
#6687 = DIRECTION('',(-0.,0.258819045103,0.965925826289));
#6688 = DIRECTION('',(0.,-0.965925826289,0.258819045103));
#6689 = PCURVE('',#6619,#6690);
#6690 = DEFINITIONAL_REPRESENTATION('',(#6691),#6695);
#6691 = CIRCLE('',#6692,0.7);
#6692 = AXIS2_PLACEMENT_2D('',#6693,#6694);
#6693 = CARTESIAN_POINT('',(0.698439983043,-4.670749497798E-02));
#6694 = DIRECTION('',(-6.672499282569E-02,-0.997771404347));
#6695 = ( GEOMETRIC_REPRESENTATION_CONTEXT(2) 
PARAMETRIC_REPRESENTATION_CONTEXT() REPRESENTATION_CONTEXT('2D SPACE',''
  ) );
#6696 = PCURVE('',#4497,#6697);
#6697 = DEFINITIONAL_REPRESENTATION('',(#6698),#6702);
#6698 = LINE('',#6699,#6700);
#6699 = CARTESIAN_POINT('',(0.,0.));
#6700 = VECTOR('',#6701,1.);
#6701 = DIRECTION('',(1.,0.));
#6702 = ( GEOMETRIC_REPRESENTATION_CONTEXT(2) 
PARAMETRIC_REPRESENTATION_CONTEXT() REPRESENTATION_CONTEXT('2D SPACE',''
  ) );
#6703 = ORIENTED_EDGE('',*,*,#6704,.T.);
#6704 = EDGE_CURVE('',#6681,#6705,#6707,.T.);
#6705 = VERTEX_POINT('',#6706);
#6706 = CARTESIAN_POINT('',(31.45,-14.75288860492,6.037634278542));
#6707 = SURFACE_CURVE('',#6708,(#6712,#6719),.PCURVE_S1.);
#6708 = LINE('',#6709,#6710);
#6709 = CARTESIAN_POINT('',(-32.15,-14.75288860492,6.037634278542));
#6710 = VECTOR('',#6711,1.);
#6711 = DIRECTION('',(1.,0.,0.));
#6712 = PCURVE('',#6619,#6713);
#6713 = DEFINITIONAL_REPRESENTATION('',(#6714),#6718);
#6714 = LINE('',#6715,#6716);
#6715 = CARTESIAN_POINT('',(-4.670749497798E-02,-0.698439983043));
#6716 = VECTOR('',#6717,1.);
#6717 = DIRECTION('',(0.997771404347,-6.672499282569E-02));
#6718 = ( GEOMETRIC_REPRESENTATION_CONTEXT(2) 
PARAMETRIC_REPRESENTATION_CONTEXT() REPRESENTATION_CONTEXT('2D SPACE',''
  ) );
#6719 = PCURVE('',#2928,#6720);
#6720 = DEFINITIONAL_REPRESENTATION('',(#6721),#6725);
#6721 = LINE('',#6722,#6723);
#6722 = CARTESIAN_POINT('',(0.,-70.04266810091));
#6723 = VECTOR('',#6724,1.);
#6724 = DIRECTION('',(1.,0.));
#6725 = ( GEOMETRIC_REPRESENTATION_CONTEXT(2) 
PARAMETRIC_REPRESENTATION_CONTEXT() REPRESENTATION_CONTEXT('2D SPACE',''
  ) );
#6726 = ORIENTED_EDGE('',*,*,#6727,.F.);
#6727 = EDGE_CURVE('',#6728,#6705,#6730,.T.);
#6728 = VERTEX_POINT('',#6729);
#6729 = CARTESIAN_POINT('',(32.15,-14.07674052652,5.85646094697));
#6730 = SURFACE_CURVE('',#6731,(#6736,#6747),.PCURVE_S1.);
#6731 = CIRCLE('',#6732,0.7);
#6732 = AXIS2_PLACEMENT_3D('',#6733,#6734,#6735);
#6733 = CARTESIAN_POINT('',(31.45,-14.07674052652,5.85646094697));
#6734 = DIRECTION('',(-0.,-0.258819045103,-0.965925826289));
#6735 = DIRECTION('',(0.,-0.965925826289,0.258819045103));
#6736 = PCURVE('',#6619,#6737);
#6737 = DEFINITIONAL_REPRESENTATION('',(#6738),#6746);
#6738 = ( BOUNDED_CURVE() B_SPLINE_CURVE(2,(#6739,#6740,#6741,#6742,
#6743,#6744,#6745),.UNSPECIFIED.,.T.,.F.) B_SPLINE_CURVE_WITH_KNOTS((1,2
    ,2,2,2,1),(-2.094395102393,0.,2.094395102393,4.188790204786,
6.28318530718,8.377580409573),.UNSPECIFIED.) CURVE() 
GEOMETRIC_REPRESENTATION_ITEM() RATIONAL_B_SPLINE_CURVE((1.,0.5,1.,0.5,
1.,0.5,1.)) REPRESENTATION_ITEM('') );
#6739 = CARTESIAN_POINT('',(63.411553821486,-4.942149526757));
#6740 = CARTESIAN_POINT('',(62.201820284818,-4.86124977236));
#6741 = CARTESIAN_POINT('',(62.876748295619,-3.854039674994));
#6742 = CARTESIAN_POINT('',(63.55167630642,-2.846829577628));
#6743 = CARTESIAN_POINT('',(64.086481832287,-3.93493942939));
#6744 = CARTESIAN_POINT('',(64.621287358153,-5.023049281153));
#6745 = CARTESIAN_POINT('',(63.411553821486,-4.942149526757));
#6746 = ( GEOMETRIC_REPRESENTATION_CONTEXT(2) 
PARAMETRIC_REPRESENTATION_CONTEXT() REPRESENTATION_CONTEXT('2D SPACE',''
  ) );
#6747 = PCURVE('',#2789,#6748);
#6748 = DEFINITIONAL_REPRESENTATION('',(#6749),#6753);
#6749 = LINE('',#6750,#6751);
#6750 = CARTESIAN_POINT('',(6.28318530718,0.));
#6751 = VECTOR('',#6752,1.);
#6752 = DIRECTION('',(-1.,0.));
#6753 = ( GEOMETRIC_REPRESENTATION_CONTEXT(2) 
PARAMETRIC_REPRESENTATION_CONTEXT() REPRESENTATION_CONTEXT('2D SPACE',''
  ) );
#6754 = ORIENTED_EDGE('',*,*,#6755,.T.);
#6755 = EDGE_CURVE('',#6728,#6756,#6758,.T.);
#6756 = VERTEX_POINT('',#6757);
#6757 = CARTESIAN_POINT('',(32.15,-9.923259473479,4.74353905303));
#6758 = SURFACE_CURVE('',#6759,(#6763,#6770),.PCURVE_S1.);
#6759 = LINE('',#6760,#6761);
#6760 = CARTESIAN_POINT('',(32.15,-14.75288860492,6.037634278542));
#6761 = VECTOR('',#6762,1.);
#6762 = DIRECTION('',(0.,0.965925826289,-0.258819045103));
#6763 = PCURVE('',#6619,#6764);
#6764 = DEFINITIONAL_REPRESENTATION('',(#6765),#6769);
#6765 = LINE('',#6766,#6767);
#6766 = CARTESIAN_POINT('',(64.109993804529,-4.988857021735));
#6767 = VECTOR('',#6768,1.);
#6768 = DIRECTION('',(6.672499282569E-02,0.997771404347));
#6769 = ( GEOMETRIC_REPRESENTATION_CONTEXT(2) 
PARAMETRIC_REPRESENTATION_CONTEXT() REPRESENTATION_CONTEXT('2D SPACE',''
  ) );
#6770 = PCURVE('',#2458,#6771);
#6771 = DEFINITIONAL_REPRESENTATION('',(#6772),#6775);
#6772 = B_SPLINE_CURVE_WITH_KNOTS('',1,(#6773,#6774),.UNSPECIFIED.,.F.,
  .F.,(2,2),(0.7,5.),.PIECEWISE_BEZIER_KNOTS.);
#6773 = CARTESIAN_POINT('',(0.7,0.));
#6774 = CARTESIAN_POINT('',(7.444453864422,0.));
#6775 = ( GEOMETRIC_REPRESENTATION_CONTEXT(2) 
PARAMETRIC_REPRESENTATION_CONTEXT() REPRESENTATION_CONTEXT('2D SPACE',''
  ) );
#6776 = ORIENTED_EDGE('',*,*,#6777,.T.);
#6777 = EDGE_CURVE('',#6756,#6778,#6780,.T.);
#6778 = VERTEX_POINT('',#6779);
#6779 = CARTESIAN_POINT('',(31.45,-9.247111395076,4.562365721458));
#6780 = SURFACE_CURVE('',#6781,(#6786,#6793),.PCURVE_S1.);
#6781 = CIRCLE('',#6782,0.7);
#6782 = AXIS2_PLACEMENT_3D('',#6783,#6784,#6785);
#6783 = CARTESIAN_POINT('',(31.45,-9.923259473479,4.74353905303));
#6784 = DIRECTION('',(-0.,0.258819045103,0.965925826289));
#6785 = DIRECTION('',(0.,-0.965925826289,0.258819045103));
#6786 = PCURVE('',#6619,#6787);
#6787 = DEFINITIONAL_REPRESENTATION('',(#6788),#6792);
#6788 = CIRCLE('',#6789,0.7);
#6789 = AXIS2_PLACEMENT_2D('',#6790,#6791);
#6790 = CARTESIAN_POINT('',(63.745178785614,4.670749497798E-02));
#6791 = DIRECTION('',(-6.672499282569E-02,-0.997771404347));
#6792 = ( GEOMETRIC_REPRESENTATION_CONTEXT(2) 
PARAMETRIC_REPRESENTATION_CONTEXT() REPRESENTATION_CONTEXT('2D SPACE',''
  ) );
#6793 = PCURVE('',#2188,#6794);
#6794 = DEFINITIONAL_REPRESENTATION('',(#6795),#6799);
#6795 = LINE('',#6796,#6797);
#6796 = CARTESIAN_POINT('',(0.,0.));
#6797 = VECTOR('',#6798,1.);
#6798 = DIRECTION('',(1.,0.));
#6799 = ( GEOMETRIC_REPRESENTATION_CONTEXT(2) 
PARAMETRIC_REPRESENTATION_CONTEXT() REPRESENTATION_CONTEXT('2D SPACE',''
  ) );
#6800 = ORIENTED_EDGE('',*,*,#6801,.F.);
#6801 = EDGE_CURVE('',#6583,#6778,#6802,.T.);
#6802 = SURFACE_CURVE('',#6803,(#6807,#6814),.PCURVE_S1.);
#6803 = LINE('',#6804,#6805);
#6804 = CARTESIAN_POINT('',(-32.15,-9.247111395076,4.562365721458));
#6805 = VECTOR('',#6806,1.);
#6806 = DIRECTION('',(1.,0.,0.));
#6807 = PCURVE('',#6619,#6808);
#6808 = DEFINITIONAL_REPRESENTATION('',(#6809),#6813);
#6809 = LINE('',#6810,#6811);
#6810 = CARTESIAN_POINT('',(0.333624964128,4.988857021735));
#6811 = VECTOR('',#6812,1.);
#6812 = DIRECTION('',(0.997771404347,-6.672499282569E-02));
#6813 = ( GEOMETRIC_REPRESENTATION_CONTEXT(2) 
PARAMETRIC_REPRESENTATION_CONTEXT() REPRESENTATION_CONTEXT('2D SPACE',''
  ) );
#6814 = PCURVE('',#1109,#6815);
#6815 = DEFINITIONAL_REPRESENTATION('',(#6816),#6820);
#6816 = LINE('',#6817,#6818);
#6817 = CARTESIAN_POINT('',(-0.,-70.));
#6818 = VECTOR('',#6819,1.);
#6819 = DIRECTION('',(-1.,0.));
#6820 = ( GEOMETRIC_REPRESENTATION_CONTEXT(2) 
PARAMETRIC_REPRESENTATION_CONTEXT() REPRESENTATION_CONTEXT('2D SPACE',''
  ) );
#6821 = ORIENTED_EDGE('',*,*,#6602,.F.);
#6822 = ADVANCED_FACE('',(#6823),#4701,.F.);
#6823 = FACE_BOUND('',#6824,.F.);
#6824 = EDGE_LOOP('',(#6825,#6826,#6827,#6847,#6848));
#6825 = ORIENTED_EDGE('',*,*,#6635,.F.);
#6826 = ORIENTED_EDGE('',*,*,#6658,.F.);
#6827 = ORIENTED_EDGE('',*,*,#6828,.T.);
#6828 = EDGE_CURVE('',#6659,#4473,#6829,.T.);
#6829 = SURFACE_CURVE('',#6830,(#6833,#6840),.PCURVE_S1.);
#6830 = B_SPLINE_CURVE_WITH_KNOTS('',1,(#6831,#6832),.UNSPECIFIED.,.F.,
  .F.,(2,2),(0.,1.),.PIECEWISE_BEZIER_KNOTS.);
#6831 = CARTESIAN_POINT('',(-32.15,-14.07674052652,5.85646094697));
#6832 = CARTESIAN_POINT('',(-32.15,1.679431511837,74.103940002192));
#6833 = PCURVE('',#4701,#6834);
#6834 = DEFINITIONAL_REPRESENTATION('',(#6835),#6839);
#6835 = LINE('',#6836,#6837);
#6836 = CARTESIAN_POINT('',(-0.7,0.));
#6837 = VECTOR('',#6838,1.);
#6838 = DIRECTION('',(0.,1.));
#6839 = ( GEOMETRIC_REPRESENTATION_CONTEXT(2) 
PARAMETRIC_REPRESENTATION_CONTEXT() REPRESENTATION_CONTEXT('2D SPACE',''
  ) );
#6840 = PCURVE('',#4497,#6841);
#6841 = DEFINITIONAL_REPRESENTATION('',(#6842),#6846);
#6842 = LINE('',#6843,#6844);
#6843 = CARTESIAN_POINT('',(4.712388980385,0.));
#6844 = VECTOR('',#6845,1.);
#6845 = DIRECTION('',(0.,1.));
#6846 = ( GEOMETRIC_REPRESENTATION_CONTEXT(2) 
PARAMETRIC_REPRESENTATION_CONTEXT() REPRESENTATION_CONTEXT('2D SPACE',''
  ) );
#6847 = ORIENTED_EDGE('',*,*,#4670,.T.);
#6848 = ORIENTED_EDGE('',*,*,#4827,.T.);
#6849 = ADVANCED_FACE('',(#6850),#4497,.F.);
#6850 = FACE_BOUND('',#6851,.F.);
#6851 = EDGE_LOOP('',(#6852,#6853,#6854,#6873));
#6852 = ORIENTED_EDGE('',*,*,#6828,.F.);
#6853 = ORIENTED_EDGE('',*,*,#6680,.T.);
#6854 = ORIENTED_EDGE('',*,*,#6855,.T.);
#6855 = EDGE_CURVE('',#6681,#4325,#6856,.T.);
#6856 = SURFACE_CURVE('',#6857,(#6860,#6867),.PCURVE_S1.);
#6857 = B_SPLINE_CURVE_WITH_KNOTS('',1,(#6858,#6859),.UNSPECIFIED.,.F.,
  .F.,(2,2),(0.,1.),.PIECEWISE_BEZIER_KNOTS.);
#6858 = CARTESIAN_POINT('',(-31.45,-14.75288860492,6.037634278542));
#6859 = CARTESIAN_POINT('',(-31.45,1.003283433435,74.285113333764));
#6860 = PCURVE('',#4497,#6861);
#6861 = DEFINITIONAL_REPRESENTATION('',(#6862),#6866);
#6862 = LINE('',#6863,#6864);
#6863 = CARTESIAN_POINT('',(6.28318530718,0.));
#6864 = VECTOR('',#6865,1.);
#6865 = DIRECTION('',(0.,1.));
#6866 = ( GEOMETRIC_REPRESENTATION_CONTEXT(2) 
PARAMETRIC_REPRESENTATION_CONTEXT() REPRESENTATION_CONTEXT('2D SPACE',''
  ) );
#6867 = PCURVE('',#2928,#6868);
#6868 = DEFINITIONAL_REPRESENTATION('',(#6869),#6872);
#6869 = B_SPLINE_CURVE_WITH_KNOTS('',1,(#6870,#6871),.UNSPECIFIED.,.F.,
  .F.,(2,2),(0.,1.),.PIECEWISE_BEZIER_KNOTS.);
#6870 = CARTESIAN_POINT('',(0.7,-70.04266810091));
#6871 = CARTESIAN_POINT('',(0.7,0.));
#6872 = ( GEOMETRIC_REPRESENTATION_CONTEXT(2) 
PARAMETRIC_REPRESENTATION_CONTEXT() REPRESENTATION_CONTEXT('2D SPACE',''
  ) );
#6873 = ORIENTED_EDGE('',*,*,#4472,.T.);
#6874 = ADVANCED_FACE('',(#6875),#4044,.F.);
#6875 = FACE_BOUND('',#6876,.F.);
#6876 = EDGE_LOOP('',(#6877,#6878,#6906,#6969,#6997,#7018,#7019,#7020));
#6877 = ORIENTED_EDGE('',*,*,#4026,.T.);
#6878 = ORIENTED_EDGE('',*,*,#6879,.T.);
#6879 = EDGE_CURVE('',#4029,#6880,#6882,.T.);
#6880 = VERTEX_POINT('',#6881);
#6881 = CARTESIAN_POINT('',(-31.15,-15.72721848537,12.175479472721));
#6882 = SURFACE_CURVE('',#6883,(#6887,#6894),.PCURVE_S1.);
#6883 = LINE('',#6884,#6885);
#6884 = CARTESIAN_POINT('',(-23.25,-15.72721848537,12.175479472721));
#6885 = VECTOR('',#6886,1.);
#6886 = DIRECTION('',(-1.,-0.,0.));
#6887 = PCURVE('',#4044,#6888);
#6888 = DEFINITIONAL_REPRESENTATION('',(#6889),#6893);
#6889 = LINE('',#6890,#6891);
#6890 = CARTESIAN_POINT('',(7.62155489957,23.25));
#6891 = VECTOR('',#6892,1.);
#6892 = DIRECTION('',(-0.,1.));
#6893 = ( GEOMETRIC_REPRESENTATION_CONTEXT(2) 
PARAMETRIC_REPRESENTATION_CONTEXT() REPRESENTATION_CONTEXT('2D SPACE',''
  ) );
#6894 = PCURVE('',#6895,#6900);
#6895 = CYLINDRICAL_SURFACE('',#6896,0.65);
#6896 = AXIS2_PLACEMENT_3D('',#6897,#6898,#6899);
#6897 = CARTESIAN_POINT('',(-23.25,-15.60888586017,11.536341467426));
#6898 = DIRECTION('',(-1.,-0.,0.));
#6899 = DIRECTION('',(0.,-0.182050192619,0.983289238916));
#6900 = DEFINITIONAL_REPRESENTATION('',(#6901),#6905);
#6901 = LINE('',#6902,#6903);
#6902 = CARTESIAN_POINT('',(-0.,0.));
#6903 = VECTOR('',#6904,1.);
#6904 = DIRECTION('',(-0.,1.));
#6905 = ( GEOMETRIC_REPRESENTATION_CONTEXT(2) 
PARAMETRIC_REPRESENTATION_CONTEXT() REPRESENTATION_CONTEXT('2D SPACE',''
  ) );
#6906 = ORIENTED_EDGE('',*,*,#6907,.T.);
#6907 = EDGE_CURVE('',#6880,#6908,#6910,.T.);
#6908 = VERTEX_POINT('',#6909);
#6909 = CARTESIAN_POINT('',(-33.50000077872,-13.16633584176,
    12.649611762685));
#6910 = SURFACE_CURVE('',#6911,(#6921,#6934),.PCURVE_S1.);
#6911 = ( BOUNDED_CURVE() B_SPLINE_CURVE(8,(#6912,#6913,#6914,#6915,
    #6916,#6917,#6918,#6919,#6920),.UNSPECIFIED.,.F.,.F.) 
B_SPLINE_CURVE_WITH_KNOTS((9,9),(8.75855800122,13.418011700608),
.PIECEWISE_BEZIER_KNOTS.) CURVE() GEOMETRIC_REPRESENTATION_ITEM() 
RATIONAL_B_SPLINE_CURVE((1.,1.,1.,1.,1.,1.,1.,1.,1.)) 
REPRESENTATION_ITEM('') );
#6912 = CARTESIAN_POINT('',(-31.15,-15.72721848537,12.175479472721));
#6913 = CARTESIAN_POINT('',(-31.62010674754,-15.72721848537,
    12.175479472721));
#6914 = CARTESIAN_POINT('',(-32.1106067383,-15.61028981174,
    12.197128125746));
#6915 = CARTESIAN_POINT('',(-32.58279306057,-15.35933306466,
    12.243591284638));
#6916 = CARTESIAN_POINT('',(-32.97341728074,-14.98056587655,
    12.313717791493));
#6917 = CARTESIAN_POINT('',(-33.24204860832,-14.54107106651,
    12.395087658727));
#6918 = CARTESIAN_POINT('',(-33.4119610785,-14.09167501455,
    12.478290682398));
#6919 = CARTESIAN_POINT('',(-33.5002106125,-13.63392996426,
    12.563039473779));
#6920 = CARTESIAN_POINT('',(-33.50000077872,-13.16633584176,
    12.649611762685));
#6921 = PCURVE('',#4044,#6922);
#6922 = DEFINITIONAL_REPRESENTATION('',(#6923),#6933);
#6923 = ( BOUNDED_CURVE() B_SPLINE_CURVE(8,(#6924,#6925,#6926,#6927,
    #6928,#6929,#6930,#6931,#6932),.UNSPECIFIED.,.F.,.F.) 
B_SPLINE_CURVE_WITH_KNOTS((9,9),(8.75855800122,13.418011700608),
.PIECEWISE_BEZIER_KNOTS.) CURVE() GEOMETRIC_REPRESENTATION_ITEM() 
RATIONAL_B_SPLINE_CURVE((1.,1.,1.,1.,1.,1.,1.,1.,1.)) 
REPRESENTATION_ITEM('') );
#6924 = CARTESIAN_POINT('',(7.62155489957,31.15));
#6925 = CARTESIAN_POINT('',(7.62155489957,31.620106747546));
#6926 = CARTESIAN_POINT('',(7.502639051616,32.110606738304));
#6927 = CARTESIAN_POINT('',(7.247417355756,32.582793060575));
#6928 = CARTESIAN_POINT('',(6.862213111556,32.973417280749));
#6929 = CARTESIAN_POINT('',(6.415249194274,33.242048608325));
#6930 = CARTESIAN_POINT('',(5.958215765891,33.411961078508));
#6931 = CARTESIAN_POINT('',(5.492691449977,33.500210612505));
#6932 = CARTESIAN_POINT('',(5.017150679266,33.500000778721));
#6933 = ( GEOMETRIC_REPRESENTATION_CONTEXT(2) 
PARAMETRIC_REPRESENTATION_CONTEXT() REPRESENTATION_CONTEXT('2D SPACE',''
  ) );
#6934 = PCURVE('',#6935,#6963);
#6935 = ( BOUNDED_SURFACE() B_SPLINE_SURFACE(2,8,(
    (#6936,#6937,#6938,#6939,#6940,#6941,#6942,#6943,#6944)
    ,(#6945,#6946,#6947,#6948,#6949,#6950,#6951,#6952,#6953)
    ,(#6954,#6955,#6956,#6957,#6958,#6959,#6960,#6961,#6962
)),.UNSPECIFIED.,.F.,.F.,.F.) B_SPLINE_SURFACE_WITH_KNOTS((3,3),(9,9),(
    0.,4.659453699387),(8.75855800122,13.418011700608),
.PIECEWISE_BEZIER_KNOTS.) GEOMETRIC_REPRESENTATION_ITEM() 
RATIONAL_B_SPLINE_SURFACE((
    (1.,1.,1.,1.,1.,1.,1.,1.,1.)
    ,(0.845677528555,0.845677528555,0.840086217974,0.82842407654
      ,0.811372005472,0.7885388732,0.763473492481,0.736252264585
      ,0.707106781187)
,(1.,1.,1.,1.,1.,1.,1.,1.,1.))) REPRESENTATION_ITEM('') SURFACE() );
#6936 = CARTESIAN_POINT('',(-31.15,-15.72721848537,12.175479472721));
#6937 = CARTESIAN_POINT('',(-31.62010674754,-15.72721848537,
    12.175479472721));
#6938 = CARTESIAN_POINT('',(-32.1106067383,-15.61028981174,
    12.197128125746));
#6939 = CARTESIAN_POINT('',(-32.58279306057,-15.35933306466,
    12.243591284638));
#6940 = CARTESIAN_POINT('',(-32.97341728074,-14.98056587655,
    12.313717791493));
#6941 = CARTESIAN_POINT('',(-33.24204860832,-14.54107106651,
    12.395087658727));
#6942 = CARTESIAN_POINT('',(-33.4119610785,-14.09167501455,
    12.478290682398));
#6943 = CARTESIAN_POINT('',(-33.5002106125,-13.63392996426,
    12.563039473779));
#6944 = CARTESIAN_POINT('',(-33.50000077872,-13.16633584176,
    12.649611762685));
#6945 = CARTESIAN_POINT('',(-31.15,-16.13056875309,12.100801553929));
#6946 = CARTESIAN_POINT('',(-31.70403079713,-16.13056875309,
    12.100801553929));
#6947 = CARTESIAN_POINT('',(-32.28114944723,-16.00268951077,
    12.124477640044));
#6948 = CARTESIAN_POINT('',(-32.84433098061,-15.73020131465,
    12.174927219504));
#6949 = CARTESIAN_POINT('',(-33.32705603779,-15.30888661575,
    12.252931146581));
#6950 = CARTESIAN_POINT('',(-33.68259369968,-14.82093081876,
    12.343273279207));
#6951 = CARTESIAN_POINT('',(-33.93999995599,-14.29899175141,
    12.439907213543));
#6952 = CARTESIAN_POINT('',(-34.0985379063,-13.74434704289,
    12.542596404093));
#6953 = CARTESIAN_POINT('',(-34.15,-13.16732517736,12.649428593043));
#6954 = CARTESIAN_POINT('',(-31.15,-16.23673764725,11.704573846742));
#6955 = CARTESIAN_POINT('',(-31.74014675359,-16.23673764725,
    11.704573846742));
#6956 = CARTESIAN_POINT('',(-32.34389441098,-16.09573456483,
    11.718165887466));
#6957 = CARTESIAN_POINT('',(-32.92189741503,-15.80241144286,
    11.746453699151));
#6958 = CARTESIAN_POINT('',(-33.41593324604,-15.36211053041,
    11.790161175773));
#6959 = CARTESIAN_POINT('',(-33.78096782419,-14.83092808942,
    11.839664079476));
#6960 = CARTESIAN_POINT('',(-34.02418533764,-14.25869996359,
    11.89429186318));
#6961 = CARTESIAN_POINT('',(-34.15,-13.65963447945,11.951727797746));
#6962 = CARTESIAN_POINT('',(-34.15,-13.04899255216,12.010290587748));
#6963 = DEFINITIONAL_REPRESENTATION('',(#6964),#6968);
#6964 = LINE('',#6965,#6966);
#6965 = CARTESIAN_POINT('',(0.,0.));
#6966 = VECTOR('',#6967,1.);
#6967 = DIRECTION('',(0.,1.));
#6968 = ( GEOMETRIC_REPRESENTATION_CONTEXT(2) 
PARAMETRIC_REPRESENTATION_CONTEXT() REPRESENTATION_CONTEXT('2D SPACE',''
  ) );
#6969 = ORIENTED_EDGE('',*,*,#6970,.T.);
#6970 = EDGE_CURVE('',#6908,#6971,#6973,.T.);
#6971 = VERTEX_POINT('',#6972);
#6972 = CARTESIAN_POINT('',(-33.5,-8.23302556882,13.562985010243));
#6973 = SURFACE_CURVE('',#6974,(#6978,#6985),.PCURVE_S1.);
#6974 = LINE('',#6975,#6976);
#6975 = CARTESIAN_POINT('',(-33.5,-12.86261984925,12.705842984128));
#6976 = VECTOR('',#6977,1.);
#6977 = DIRECTION('',(0.,0.983289238916,0.182050192619));
#6978 = PCURVE('',#4044,#6979);
#6979 = DEFINITIONAL_REPRESENTATION('',(#6980),#6984);
#6980 = LINE('',#6981,#6982);
#6981 = CARTESIAN_POINT('',(4.708273107458,33.5));
#6982 = VECTOR('',#6983,1.);
#6983 = DIRECTION('',(-1.,0.));
#6984 = ( GEOMETRIC_REPRESENTATION_CONTEXT(2) 
PARAMETRIC_REPRESENTATION_CONTEXT() REPRESENTATION_CONTEXT('2D SPACE',''
  ) );
#6985 = PCURVE('',#6986,#6991);
#6986 = CYLINDRICAL_SURFACE('',#6987,0.65);
#6987 = AXIS2_PLACEMENT_3D('',#6988,#6989,#6990);
#6988 = CARTESIAN_POINT('',(-33.5,-12.74428722405,12.066704978833));
#6989 = DIRECTION('',(0.,0.983289238916,0.182050192619));
#6990 = DIRECTION('',(0.,-0.182050192619,0.983289238916));
#6991 = DEFINITIONAL_REPRESENTATION('',(#6992),#6996);
#6992 = LINE('',#6993,#6994);
#6993 = CARTESIAN_POINT('',(-0.,0.));
#6994 = VECTOR('',#6995,1.);
#6995 = DIRECTION('',(-0.,1.));
#6996 = ( GEOMETRIC_REPRESENTATION_CONTEXT(2) 
PARAMETRIC_REPRESENTATION_CONTEXT() REPRESENTATION_CONTEXT('2D SPACE',''
  ) );
#6997 = ORIENTED_EDGE('',*,*,#6998,.F.);
#6998 = EDGE_CURVE('',#4729,#6971,#6999,.T.);
#6999 = SURFACE_CURVE('',#7000,(#7004,#7011),.PCURVE_S1.);
#7000 = LINE('',#7001,#7002);
#7001 = CARTESIAN_POINT('',(0.,-8.23302556882,13.562985010243));
#7002 = VECTOR('',#7003,1.);
#7003 = DIRECTION('',(-1.,0.,0.));
#7004 = PCURVE('',#4044,#7005);
#7005 = DEFINITIONAL_REPRESENTATION('',(#7006),#7010);
#7006 = LINE('',#7007,#7008);
#7007 = CARTESIAN_POINT('',(0.,0.));
#7008 = VECTOR('',#7009,1.);
#7009 = DIRECTION('',(-0.,1.));
#7010 = ( GEOMETRIC_REPRESENTATION_CONTEXT(2) 
PARAMETRIC_REPRESENTATION_CONTEXT() REPRESENTATION_CONTEXT('2D SPACE',''
  ) );
#7011 = PCURVE('',#183,#7012);
#7012 = DEFINITIONAL_REPRESENTATION('',(#7013),#7017);
#7013 = LINE('',#7014,#7015);
#7014 = CARTESIAN_POINT('',(1.,0.));
#7015 = VECTOR('',#7016,1.);
#7016 = DIRECTION('',(0.,-1.));
#7017 = ( GEOMETRIC_REPRESENTATION_CONTEXT(2) 
PARAMETRIC_REPRESENTATION_CONTEXT() REPRESENTATION_CONTEXT('2D SPACE',''
  ) );
#7018 = ORIENTED_EDGE('',*,*,#4772,.F.);
#7019 = ORIENTED_EDGE('',*,*,#4627,.F.);
#7020 = ORIENTED_EDGE('',*,*,#4447,.F.);
#7021 = ADVANCED_FACE('',(#7022),#6986,.T.);
#7022 = FACE_BOUND('',#7023,.F.);
#7023 = EDGE_LOOP('',(#7024,#7048,#7076,#7136));
#7024 = ORIENTED_EDGE('',*,*,#7025,.T.);
#7025 = EDGE_CURVE('',#6908,#7026,#7028,.T.);
#7026 = VERTEX_POINT('',#7027);
#7027 = CARTESIAN_POINT('',(-34.15,-13.04899255216,12.010290587748));
#7028 = SURFACE_CURVE('',#7029,(#7033,#7041),.PCURVE_S1.);
#7029 = ( BOUNDED_CURVE() B_SPLINE_CURVE(2,(#7030,#7031,#7032),
.UNSPECIFIED.,.F.,.F.) B_SPLINE_CURVE_WITH_KNOTS((3,3),(0.,
4.659453699387),.PIECEWISE_BEZIER_KNOTS.) CURVE() 
GEOMETRIC_REPRESENTATION_ITEM() RATIONAL_B_SPLINE_CURVE((1.,
0.707106781187,1.)) REPRESENTATION_ITEM('') );
#7030 = CARTESIAN_POINT('',(-33.50000077872,-13.16633584176,
    12.649611762685));
#7031 = CARTESIAN_POINT('',(-34.15,-13.16732517736,12.649428593043));
#7032 = CARTESIAN_POINT('',(-34.15,-13.04899255216,12.010290587748));
#7033 = PCURVE('',#6986,#7034);
#7034 = DEFINITIONAL_REPRESENTATION('',(#7035),#7040);
#7035 = B_SPLINE_CURVE_WITH_KNOTS('',3,(#7036,#7037,#7038,#7039),
  .UNSPECIFIED.,.F.,.F.,(4,4),(0.,4.659453699387),
  .PIECEWISE_BEZIER_KNOTS.);
#7036 = CARTESIAN_POINT('',(0.,-0.30988372093));
#7037 = CARTESIAN_POINT('',(-0.471404520791,-0.30988372093));
#7038 = CARTESIAN_POINT('',(-1.099391806004,-0.30988372093));
#7039 = CARTESIAN_POINT('',(-1.570796326795,-0.30988372093));
#7040 = ( GEOMETRIC_REPRESENTATION_CONTEXT(2) 
PARAMETRIC_REPRESENTATION_CONTEXT() REPRESENTATION_CONTEXT('2D SPACE',''
  ) );
#7041 = PCURVE('',#6935,#7042);
#7042 = DEFINITIONAL_REPRESENTATION('',(#7043),#7047);
#7043 = LINE('',#7044,#7045);
#7044 = CARTESIAN_POINT('',(0.,13.418011700608));
#7045 = VECTOR('',#7046,1.);
#7046 = DIRECTION('',(1.,0.));
#7047 = ( GEOMETRIC_REPRESENTATION_CONTEXT(2) 
PARAMETRIC_REPRESENTATION_CONTEXT() REPRESENTATION_CONTEXT('2D SPACE',''
  ) );
#7048 = ORIENTED_EDGE('',*,*,#7049,.T.);
#7049 = EDGE_CURVE('',#7026,#7050,#7052,.T.);
#7050 = VERTEX_POINT('',#7051);
#7051 = CARTESIAN_POINT('',(-34.15,-8.114692943617,12.923847004948));
#7052 = SURFACE_CURVE('',#7053,(#7057,#7064),.PCURVE_S1.);
#7053 = LINE('',#7054,#7055);
#7054 = CARTESIAN_POINT('',(-34.15,-12.74428722405,12.066704978833));
#7055 = VECTOR('',#7056,1.);
#7056 = DIRECTION('',(0.,0.983289238916,0.182050192619));
#7057 = PCURVE('',#6986,#7058);
#7058 = DEFINITIONAL_REPRESENTATION('',(#7059),#7063);
#7059 = LINE('',#7060,#7061);
#7060 = CARTESIAN_POINT('',(-1.570796326795,0.));
#7061 = VECTOR('',#7062,1.);
#7062 = DIRECTION('',(-0.,1.));
#7063 = ( GEOMETRIC_REPRESENTATION_CONTEXT(2) 
PARAMETRIC_REPRESENTATION_CONTEXT() REPRESENTATION_CONTEXT('2D SPACE',''
  ) );
#7064 = PCURVE('',#7065,#7070);
#7065 = PLANE('',#7066);
#7066 = AXIS2_PLACEMENT_3D('',#7067,#7068,#7069);
#7067 = CARTESIAN_POINT('',(-34.15,15.,0.));
#7068 = DIRECTION('',(1.,0.,0.));
#7069 = DIRECTION('',(0.,-1.,-1.225300278295E-17));
#7070 = DEFINITIONAL_REPRESENTATION('',(#7071),#7075);
#7071 = LINE('',#7072,#7073);
#7072 = CARTESIAN_POINT('',(27.744287224057,-12.06670497883));
#7073 = VECTOR('',#7074,1.);
#7074 = DIRECTION('',(-0.983289238916,-0.182050192619));
#7075 = ( GEOMETRIC_REPRESENTATION_CONTEXT(2) 
PARAMETRIC_REPRESENTATION_CONTEXT() REPRESENTATION_CONTEXT('2D SPACE',''
  ) );
#7076 = ORIENTED_EDGE('',*,*,#7077,.F.);
#7077 = EDGE_CURVE('',#6971,#7050,#7078,.T.);
#7078 = SURFACE_CURVE('',#7079,(#7084,#7091),.PCURVE_S1.);
#7079 = CIRCLE('',#7080,0.65);
#7080 = AXIS2_PLACEMENT_3D('',#7081,#7082,#7083);
#7081 = CARTESIAN_POINT('',(-33.5,-8.114692943617,12.923847004948));
#7082 = DIRECTION('',(-0.,-0.983289238916,-0.182050192619));
#7083 = DIRECTION('',(0.,-0.182050192619,0.983289238916));
#7084 = PCURVE('',#6986,#7085);
#7085 = DEFINITIONAL_REPRESENTATION('',(#7086),#7090);
#7086 = LINE('',#7087,#7088);
#7087 = CARTESIAN_POINT('',(-0.,4.708273107458));
#7088 = VECTOR('',#7089,1.);
#7089 = DIRECTION('',(-1.,0.));
#7090 = ( GEOMETRIC_REPRESENTATION_CONTEXT(2) 
PARAMETRIC_REPRESENTATION_CONTEXT() REPRESENTATION_CONTEXT('2D SPACE',''
  ) );
#7091 = PCURVE('',#7092,#7123);
#7092 = ( BOUNDED_SURFACE() B_SPLINE_SURFACE(2,9,(
    (#7093,#7094,#7095,#7096,#7097,#7098,#7099,#7100,#7101,#7102)
    ,(#7103,#7104,#7105,#7106,#7107,#7108,#7109,#7110,#7111,#7112)
    ,(#7113,#7114,#7115,#7116,#7117,#7118,#7119,#7120,#7121,#7122
)),.UNSPECIFIED.,.F.,.F.,.F.) B_SPLINE_SURFACE_WITH_KNOTS((3,3),(10,10),
  (0.,2.121165449938),(18.436535913962,20.5577013639),
.PIECEWISE_BEZIER_KNOTS.) GEOMETRIC_REPRESENTATION_ITEM() 
RATIONAL_B_SPLINE_SURFACE((
    (1.,1.,1.,1.,1.,1.,1.,1.,1.,1.)
    ,(0.707106781187,0.707106781187,0.707106781187,0.707106781187
      ,0.707106781187,0.707106781186,0.707106781187,0.707106781187
      ,0.707106781187,0.707106781187)
,(1.,1.,1.,1.,1.,1.,1.,1.,1.,1.))) REPRESENTATION_ITEM('') SURFACE() );
#7093 = CARTESIAN_POINT('',(-33.5,-8.23302556882,13.562985010243));
#7094 = CARTESIAN_POINT('',(-33.5,-8.006498298656,13.604925195831));
#7095 = CARTESIAN_POINT('',(-33.5,-7.774969105678,13.648356282315));
#7096 = CARTESIAN_POINT('',(-33.5,-7.539691232436,13.68983808525));
#7097 = CARTESIAN_POINT('',(-33.5,-7.303350825277,13.726372644199));
#7098 = CARTESIAN_POINT('',(-33.5,-7.064990685891,13.752007511999));
#7099 = CARTESIAN_POINT('',(-33.5,-6.832006993575,13.764748531501));
#7100 = CARTESIAN_POINT('',(-33.5,-6.595058261137,13.759058767186));
#7101 = CARTESIAN_POINT('',(-33.5,-6.361472705568,13.727812496893));
#7102 = CARTESIAN_POINT('',(-33.5,-6.134596775004,13.667021274516));
#7103 = CARTESIAN_POINT('',(-34.15,-8.23302556882,13.562985010243));
#7104 = CARTESIAN_POINT('',(-34.15,-8.006498298656,13.604925195831));
#7105 = CARTESIAN_POINT('',(-34.15,-7.774969105678,13.648356282315));
#7106 = CARTESIAN_POINT('',(-34.15,-7.539691232436,13.68983808525));
#7107 = CARTESIAN_POINT('',(-34.15,-7.303350825277,13.726372644199));
#7108 = CARTESIAN_POINT('',(-34.15,-7.06499068589,13.752007511998));
#7109 = CARTESIAN_POINT('',(-34.15,-6.832006993575,13.764748531501));
#7110 = CARTESIAN_POINT('',(-34.15,-6.595058261137,13.759058767186));
#7111 = CARTESIAN_POINT('',(-34.15,-6.361472705568,13.727812496893));
#7112 = CARTESIAN_POINT('',(-34.15,-6.134596775004,13.667021274516));
#7113 = CARTESIAN_POINT('',(-34.15,-8.114692943617,12.923847004948));
#7114 = CARTESIAN_POINT('',(-34.15,-7.882826293174,12.966775745246));
#7115 = CARTESIAN_POINT('',(-34.15,-7.655331807544,13.00951963704));
#7116 = CARTESIAN_POINT('',(-34.15,-7.432094405755,13.048535576155));
#7117 = CARTESIAN_POINT('',(-34.15,-7.218925315522,13.080771241599));
#7118 = CARTESIAN_POINT('',(-34.15,-7.012160912707,13.101793992743));
#7119 = CARTESIAN_POINT('',(-34.15,-6.827367543783,13.108799102307));
#7120 = CARTESIAN_POINT('',(-34.15,-6.645632652966,13.107552464585));
#7121 = CARTESIAN_POINT('',(-34.15,-6.462360839088,13.084993889407));
#7122 = CARTESIAN_POINT('',(-34.15,-6.264781813111,13.030191740141));
#7123 = DEFINITIONAL_REPRESENTATION('',(#7124),#7135);
#7124 = B_SPLINE_CURVE_WITH_KNOTS('',9,(#7125,#7126,#7127,#7128,#7129,
    #7130,#7131,#7132,#7133,#7134),.UNSPECIFIED.,.F.,.F.,(10,10),(0.,
    1.570796326795),.PIECEWISE_BEZIER_KNOTS.);
#7125 = CARTESIAN_POINT('',(0.,18.436535913962));
#7126 = CARTESIAN_POINT('',(0.261780271848,18.436535913962));
#7127 = CARTESIAN_POINT('',(0.502269991449,18.436535913964));
#7128 = CARTESIAN_POINT('',(0.730202966875,18.436535913959));
#7129 = CARTESIAN_POINT('',(0.95117753958,18.436535913967));
#7130 = CARTESIAN_POINT('',(1.169987910358,18.436535913958));
#7131 = CARTESIAN_POINT('',(1.390962483063,18.436535913965));
#7132 = CARTESIAN_POINT('',(1.618895458489,18.436535913961));
#7133 = CARTESIAN_POINT('',(1.85938517809,18.436535913963));
#7134 = CARTESIAN_POINT('',(2.121165449938,18.436535913962));
#7135 = ( GEOMETRIC_REPRESENTATION_CONTEXT(2) 
PARAMETRIC_REPRESENTATION_CONTEXT() REPRESENTATION_CONTEXT('2D SPACE',''
  ) );
#7136 = ORIENTED_EDGE('',*,*,#6970,.F.);
#7137 = ADVANCED_FACE('',(#7138),#7092,.F.);
#7138 = FACE_BOUND('',#7139,.F.);
#7139 = EDGE_LOOP('',(#7140,#7141,#7178,#7198));
#7140 = ORIENTED_EDGE('',*,*,#7077,.T.);
#7141 = ORIENTED_EDGE('',*,*,#7142,.T.);
#7142 = EDGE_CURVE('',#7050,#7143,#7145,.T.);
#7143 = VERTEX_POINT('',#7144);
#7144 = CARTESIAN_POINT('',(-34.15,-6.264781813111,13.030191740141));
#7145 = SURFACE_CURVE('',#7146,(#7157,#7164),.PCURVE_S1.);
#7146 = ( BOUNDED_CURVE() B_SPLINE_CURVE(9,(#7147,#7148,#7149,#7150,
    #7151,#7152,#7153,#7154,#7155,#7156),.UNSPECIFIED.,.F.,.F.) 
B_SPLINE_CURVE_WITH_KNOTS((10,10),(18.436535913962,20.5577013639),
.PIECEWISE_BEZIER_KNOTS.) CURVE() GEOMETRIC_REPRESENTATION_ITEM() 
RATIONAL_B_SPLINE_CURVE((1.,1.,1.,1.,1.,1.,1.,1.,1.,1.)) 
REPRESENTATION_ITEM('') );
#7147 = CARTESIAN_POINT('',(-34.15,-8.114692943617,12.923847004948));
#7148 = CARTESIAN_POINT('',(-34.15,-7.882826293174,12.966775745246));
#7149 = CARTESIAN_POINT('',(-34.15,-7.655331807544,13.00951963704));
#7150 = CARTESIAN_POINT('',(-34.15,-7.432094405755,13.048535576155));
#7151 = CARTESIAN_POINT('',(-34.15,-7.218925315522,13.080771241599));
#7152 = CARTESIAN_POINT('',(-34.15,-7.012160912707,13.101793992743));
#7153 = CARTESIAN_POINT('',(-34.15,-6.827367543783,13.108799102307));
#7154 = CARTESIAN_POINT('',(-34.15,-6.645632652966,13.107552464585));
#7155 = CARTESIAN_POINT('',(-34.15,-6.462360839088,13.084993889407));
#7156 = CARTESIAN_POINT('',(-34.15,-6.264781813111,13.030191740141));
#7157 = PCURVE('',#7092,#7158);
#7158 = DEFINITIONAL_REPRESENTATION('',(#7159),#7163);
#7159 = LINE('',#7160,#7161);
#7160 = CARTESIAN_POINT('',(2.121165449938,0.));
#7161 = VECTOR('',#7162,1.);
#7162 = DIRECTION('',(0.,1.));
#7163 = ( GEOMETRIC_REPRESENTATION_CONTEXT(2) 
PARAMETRIC_REPRESENTATION_CONTEXT() REPRESENTATION_CONTEXT('2D SPACE',''
  ) );
#7164 = PCURVE('',#7065,#7165);
#7165 = DEFINITIONAL_REPRESENTATION('',(#7166),#7177);
#7166 = ( BOUNDED_CURVE() B_SPLINE_CURVE(9,(#7167,#7168,#7169,#7170,
    #7171,#7172,#7173,#7174,#7175,#7176),.UNSPECIFIED.,.F.,.F.) 
B_SPLINE_CURVE_WITH_KNOTS((10,10),(18.436535913962,20.5577013639),
.PIECEWISE_BEZIER_KNOTS.) CURVE() GEOMETRIC_REPRESENTATION_ITEM() 
RATIONAL_B_SPLINE_CURVE((1.,1.,1.,1.,1.,1.,1.,1.,1.,1.)) 
REPRESENTATION_ITEM('') );
#7167 = CARTESIAN_POINT('',(23.114692943617,-12.92384700494));
#7168 = CARTESIAN_POINT('',(22.882826293174,-12.96677574524));
#7169 = CARTESIAN_POINT('',(22.655331807544,-13.00951963704));
#7170 = CARTESIAN_POINT('',(22.432094405755,-13.04853557615));
#7171 = CARTESIAN_POINT('',(22.218925315522,-13.08077124159));
#7172 = CARTESIAN_POINT('',(22.012160912707,-13.10179399274));
#7173 = CARTESIAN_POINT('',(21.827367543783,-13.1087991023));
#7174 = CARTESIAN_POINT('',(21.645632652966,-13.10755246458));
#7175 = CARTESIAN_POINT('',(21.462360839088,-13.0849938894));
#7176 = CARTESIAN_POINT('',(21.264781813111,-13.03019174014));
#7177 = ( GEOMETRIC_REPRESENTATION_CONTEXT(2) 
PARAMETRIC_REPRESENTATION_CONTEXT() REPRESENTATION_CONTEXT('2D SPACE',''
  ) );
#7178 = ORIENTED_EDGE('',*,*,#7179,.F.);
#7179 = EDGE_CURVE('',#60,#7143,#7180,.T.);
#7180 = SURFACE_CURVE('',#7181,(#7185,#7192),.PCURVE_S1.);
#7181 = ( BOUNDED_CURVE() B_SPLINE_CURVE(2,(#7182,#7183,#7184),
.UNSPECIFIED.,.F.,.F.) B_SPLINE_CURVE_WITH_KNOTS((3,3),(0.,
2.121165449938),.PIECEWISE_BEZIER_KNOTS.) CURVE() 
GEOMETRIC_REPRESENTATION_ITEM() RATIONAL_B_SPLINE_CURVE((1.,
0.707106781187,1.)) REPRESENTATION_ITEM('') );
#7182 = CARTESIAN_POINT('',(-33.5,-6.134596775004,13.667021274516));
#7183 = CARTESIAN_POINT('',(-34.15,-6.134596775004,13.667021274516));
#7184 = CARTESIAN_POINT('',(-34.15,-6.264781813111,13.030191740141));
#7185 = PCURVE('',#7092,#7186);
#7186 = DEFINITIONAL_REPRESENTATION('',(#7187),#7191);
#7187 = LINE('',#7188,#7189);
#7188 = CARTESIAN_POINT('',(0.,20.5577013639));
#7189 = VECTOR('',#7190,1.);
#7190 = DIRECTION('',(1.,0.));
#7191 = ( GEOMETRIC_REPRESENTATION_CONTEXT(2) 
PARAMETRIC_REPRESENTATION_CONTEXT() REPRESENTATION_CONTEXT('2D SPACE',''
  ) );
#7192 = PCURVE('',#105,#7193);
#7193 = DEFINITIONAL_REPRESENTATION('',(#7194),#7197);
#7194 = B_SPLINE_CURVE_WITH_KNOTS('',1,(#7195,#7196),.UNSPECIFIED.,.F.,
  .F.,(2,2),(0.,2.121165449938),.PIECEWISE_BEZIER_KNOTS.);
#7195 = CARTESIAN_POINT('',(0.,20.5577013639));
#7196 = CARTESIAN_POINT('',(4.540446555893,20.5577013639));
#7197 = ( GEOMETRIC_REPRESENTATION_CONTEXT(2) 
PARAMETRIC_REPRESENTATION_CONTEXT() REPRESENTATION_CONTEXT('2D SPACE',''
  ) );
#7198 = ORIENTED_EDGE('',*,*,#7199,.F.);
#7199 = EDGE_CURVE('',#6971,#60,#7200,.T.);
#7200 = SURFACE_CURVE('',#7201,(#7212,#7219),.PCURVE_S1.);
#7201 = ( BOUNDED_CURVE() B_SPLINE_CURVE(9,(#7202,#7203,#7204,#7205,
    #7206,#7207,#7208,#7209,#7210,#7211),.UNSPECIFIED.,.F.,.F.) 
B_SPLINE_CURVE_WITH_KNOTS((10,10),(18.436535913962,20.5577013639),
.PIECEWISE_BEZIER_KNOTS.) CURVE() GEOMETRIC_REPRESENTATION_ITEM() 
RATIONAL_B_SPLINE_CURVE((1.,1.,1.,1.,1.,1.,1.,1.,1.,1.)) 
REPRESENTATION_ITEM('') );
#7202 = CARTESIAN_POINT('',(-33.5,-8.23302556882,13.562985010243));
#7203 = CARTESIAN_POINT('',(-33.5,-8.006498298656,13.604925195831));
#7204 = CARTESIAN_POINT('',(-33.5,-7.774969105678,13.648356282315));
#7205 = CARTESIAN_POINT('',(-33.5,-7.539691232436,13.68983808525));
#7206 = CARTESIAN_POINT('',(-33.5,-7.303350825277,13.726372644199));
#7207 = CARTESIAN_POINT('',(-33.5,-7.064990685891,13.752007511999));
#7208 = CARTESIAN_POINT('',(-33.5,-6.832006993575,13.764748531501));
#7209 = CARTESIAN_POINT('',(-33.5,-6.595058261137,13.759058767186));
#7210 = CARTESIAN_POINT('',(-33.5,-6.361472705568,13.727812496893));
#7211 = CARTESIAN_POINT('',(-33.5,-6.134596775004,13.667021274516));
#7212 = PCURVE('',#7092,#7213);
#7213 = DEFINITIONAL_REPRESENTATION('',(#7214),#7218);
#7214 = LINE('',#7215,#7216);
#7215 = CARTESIAN_POINT('',(0.,0.));
#7216 = VECTOR('',#7217,1.);
#7217 = DIRECTION('',(0.,1.));
#7218 = ( GEOMETRIC_REPRESENTATION_CONTEXT(2) 
PARAMETRIC_REPRESENTATION_CONTEXT() REPRESENTATION_CONTEXT('2D SPACE',''
  ) );
#7219 = PCURVE('',#183,#7220);
#7220 = DEFINITIONAL_REPRESENTATION('',(#7221),#7232);
#7221 = B_SPLINE_CURVE_WITH_KNOTS('',9,(#7222,#7223,#7224,#7225,#7226,
    #7227,#7228,#7229,#7230,#7231),.UNSPECIFIED.,.F.,.F.,(10,10),(
    18.436535913962,20.5577013639),.PIECEWISE_BEZIER_KNOTS.);
#7222 = CARTESIAN_POINT('',(1.,-33.5));
#7223 = CARTESIAN_POINT('',(0.896023189088,-33.5));
#7224 = CARTESIAN_POINT('',(0.789822316984,-33.5));
#7225 = CARTESIAN_POINT('',(0.681566399269,-33.49999999999));
#7226 = CARTESIAN_POINT('',(0.572135670632,-33.5));
#7227 = CARTESIAN_POINT('',(0.460354226844,-33.49999999999));
#7228 = CARTESIAN_POINT('',(0.349463885576,-33.5));
#7229 = CARTESIAN_POINT('',(0.234298050321,-33.49999999999));
#7230 = CARTESIAN_POINT('',(0.11743962341,-33.5));
#7231 = CARTESIAN_POINT('',(6.619408064294E-17,-33.5));
#7232 = ( GEOMETRIC_REPRESENTATION_CONTEXT(2) 
PARAMETRIC_REPRESENTATION_CONTEXT() REPRESENTATION_CONTEXT('2D SPACE',''
  ) );
#7233 = ADVANCED_FACE('',(#7234),#7065,.F.);
#7234 = FACE_BOUND('',#7235,.F.);
#7235 = EDGE_LOOP('',(#7236,#7264,#7292,#7320,#7348,#7399,#7400));
#7236 = ORIENTED_EDGE('',*,*,#7237,.T.);
#7237 = EDGE_CURVE('',#7026,#7238,#7240,.T.);
#7238 = VERTEX_POINT('',#7239);
#7239 = CARTESIAN_POINT('',(-34.15,-16.26714021601,7.993605777301E-15));
#7240 = SURFACE_CURVE('',#7241,(#7245,#7252),.PCURVE_S1.);
#7241 = LINE('',#7242,#7243);
#7242 = CARTESIAN_POINT('',(-34.15,11.225608487957,102.60433500293));
#7243 = VECTOR('',#7244,1.);
#7244 = DIRECTION('',(0.,-0.258819045103,-0.965925826289));
#7245 = PCURVE('',#7065,#7246);
#7246 = DEFINITIONAL_REPRESENTATION('',(#7247),#7251);
#7247 = LINE('',#7248,#7249);
#7248 = CARTESIAN_POINT('',(3.774391512043,-102.6043350029));
#7249 = VECTOR('',#7250,1.);
#7250 = DIRECTION('',(0.258819045103,0.965925826289));
#7251 = ( GEOMETRIC_REPRESENTATION_CONTEXT(2) 
PARAMETRIC_REPRESENTATION_CONTEXT() REPRESENTATION_CONTEXT('2D SPACE',''
  ) );
#7252 = PCURVE('',#7253,#7258);
#7253 = CYLINDRICAL_SURFACE('',#7254,3.);
#7254 = AXIS2_PLACEMENT_3D('',#7255,#7256,#7257);
#7255 = CARTESIAN_POINT('',(-31.15,-14.65629602229,6.011752374032));
#7256 = DIRECTION('',(0.,-0.258819045103,-0.965925826289));
#7257 = DIRECTION('',(-1.,1.286871710911E-15,-3.448162357012E-16));
#7258 = DEFINITIONAL_REPRESENTATION('',(#7259),#7263);
#7259 = LINE('',#7260,#7261);
#7260 = CARTESIAN_POINT('',(-0.,-100.));
#7261 = VECTOR('',#7262,1.);
#7262 = DIRECTION('',(0.,1.));
#7263 = ( GEOMETRIC_REPRESENTATION_CONTEXT(2) 
PARAMETRIC_REPRESENTATION_CONTEXT() REPRESENTATION_CONTEXT('2D SPACE',''
  ) );
#7264 = ORIENTED_EDGE('',*,*,#7265,.F.);
#7265 = EDGE_CURVE('',#7266,#7238,#7268,.T.);
#7266 = VERTEX_POINT('',#7267);
#7267 = CARTESIAN_POINT('',(-34.15,15.,0.));
#7268 = SURFACE_CURVE('',#7269,(#7273,#7280),.PCURVE_S1.);
#7269 = LINE('',#7270,#7271);
#7270 = CARTESIAN_POINT('',(-34.15,15.,0.));
#7271 = VECTOR('',#7272,1.);
#7272 = DIRECTION('',(0.,-1.,-1.225300278295E-17));
#7273 = PCURVE('',#7065,#7274);
#7274 = DEFINITIONAL_REPRESENTATION('',(#7275),#7279);
#7275 = LINE('',#7276,#7277);
#7276 = CARTESIAN_POINT('',(0.,0.));
#7277 = VECTOR('',#7278,1.);
#7278 = DIRECTION('',(1.,2.45060055659E-17));
#7279 = ( GEOMETRIC_REPRESENTATION_CONTEXT(2) 
PARAMETRIC_REPRESENTATION_CONTEXT() REPRESENTATION_CONTEXT('2D SPACE',''
  ) );
#7280 = PCURVE('',#7281,#7286);
#7281 = PLANE('',#7282);
#7282 = AXIS2_PLACEMENT_3D('',#7283,#7284,#7285);
#7283 = CARTESIAN_POINT('',(0.,-0.4420258664,0.));
#7284 = DIRECTION('',(0.,1.225300278295E-17,1.));
#7285 = DIRECTION('',(1.,0.,0.));
#7286 = DEFINITIONAL_REPRESENTATION('',(#7287),#7291);
#7287 = LINE('',#7288,#7289);
#7288 = CARTESIAN_POINT('',(-34.15,15.4420258664));
#7289 = VECTOR('',#7290,1.);
#7290 = DIRECTION('',(0.,-1.));
#7291 = ( GEOMETRIC_REPRESENTATION_CONTEXT(2) 
PARAMETRIC_REPRESENTATION_CONTEXT() REPRESENTATION_CONTEXT('2D SPACE',''
  ) );
#7292 = ORIENTED_EDGE('',*,*,#7293,.T.);
#7293 = EDGE_CURVE('',#7266,#7294,#7296,.T.);
#7294 = VERTEX_POINT('',#7295);
#7295 = CARTESIAN_POINT('',(-34.15,15.,12.35));
#7296 = SURFACE_CURVE('',#7297,(#7301,#7308),.PCURVE_S1.);
#7297 = LINE('',#7298,#7299);
#7298 = CARTESIAN_POINT('',(-34.15,15.,0.));
#7299 = VECTOR('',#7300,1.);
#7300 = DIRECTION('',(0.,1.225300278295E-17,1.));
#7301 = PCURVE('',#7065,#7302);
#7302 = DEFINITIONAL_REPRESENTATION('',(#7303),#7307);
#7303 = LINE('',#7304,#7305);
#7304 = CARTESIAN_POINT('',(0.,0.));
#7305 = VECTOR('',#7306,1.);
#7306 = DIRECTION('',(-2.45060055659E-17,-1.));
#7307 = ( GEOMETRIC_REPRESENTATION_CONTEXT(2) 
PARAMETRIC_REPRESENTATION_CONTEXT() REPRESENTATION_CONTEXT('2D SPACE',''
  ) );
#7308 = PCURVE('',#7309,#7314);
#7309 = CYLINDRICAL_SURFACE('',#7310,5.);
#7310 = AXIS2_PLACEMENT_3D('',#7311,#7312,#7313);
#7311 = CARTESIAN_POINT('',(-29.15,15.,0.));
#7312 = DIRECTION('',(0.,-1.225300278295E-17,-1.));
#7313 = DIRECTION('',(0.,1.,1.225300278295E-17));
#7314 = DEFINITIONAL_REPRESENTATION('',(#7315),#7319);
#7315 = LINE('',#7316,#7317);
#7316 = CARTESIAN_POINT('',(-1.570796326795,0.));
#7317 = VECTOR('',#7318,1.);
#7318 = DIRECTION('',(-0.,-1.));
#7319 = ( GEOMETRIC_REPRESENTATION_CONTEXT(2) 
PARAMETRIC_REPRESENTATION_CONTEXT() REPRESENTATION_CONTEXT('2D SPACE',''
  ) );
#7320 = ORIENTED_EDGE('',*,*,#7321,.F.);
#7321 = EDGE_CURVE('',#7322,#7294,#7324,.T.);
#7322 = VERTEX_POINT('',#7323);
#7323 = CARTESIAN_POINT('',(-34.15,-1.654581775,12.35));
#7324 = SURFACE_CURVE('',#7325,(#7329,#7336),.PCURVE_S1.);
#7325 = LINE('',#7326,#7327);
#7326 = CARTESIAN_POINT('',(-34.15,-1.654581775,12.35));
#7327 = VECTOR('',#7328,1.);
#7328 = DIRECTION('',(0.,1.,6.587265740426E-17));
#7329 = PCURVE('',#7065,#7330);
#7330 = DEFINITIONAL_REPRESENTATION('',(#7331),#7335);
#7331 = LINE('',#7332,#7333);
#7332 = CARTESIAN_POINT('',(16.654581775,-12.35));
#7333 = VECTOR('',#7334,1.);
#7334 = DIRECTION('',(-1.,-7.812566018721E-17));
#7335 = ( GEOMETRIC_REPRESENTATION_CONTEXT(2) 
PARAMETRIC_REPRESENTATION_CONTEXT() REPRESENTATION_CONTEXT('2D SPACE',''
  ) );
#7336 = PCURVE('',#7337,#7342);
#7337 = CYLINDRICAL_SURFACE('',#7338,0.65);
#7338 = AXIS2_PLACEMENT_3D('',#7339,#7340,#7341);
#7339 = CARTESIAN_POINT('',(-33.5,-1.654581775,12.35));
#7340 = DIRECTION('',(0.,1.,6.587265740426E-17));
#7341 = DIRECTION('',(0.,-7.101372406394E-17,1.));
#7342 = DEFINITIONAL_REPRESENTATION('',(#7343),#7347);
#7343 = LINE('',#7344,#7345);
#7344 = CARTESIAN_POINT('',(-1.570796326795,0.));
#7345 = VECTOR('',#7346,1.);
#7346 = DIRECTION('',(-0.,1.));
#7347 = ( GEOMETRIC_REPRESENTATION_CONTEXT(2) 
PARAMETRIC_REPRESENTATION_CONTEXT() REPRESENTATION_CONTEXT('2D SPACE',''
  ) );
#7348 = ORIENTED_EDGE('',*,*,#7349,.F.);
#7349 = EDGE_CURVE('',#7143,#7322,#7350,.T.);
#7350 = SURFACE_CURVE('',#7351,(#7370,#7392),.PCURVE_S1.);
#7351 = ( BOUNDED_CURVE() B_SPLINE_CURVE(9,(#7352,#7353,#7354,#7355,
    #7356,#7357,#7358,#7359,#7360,#7361,#7362,#7363,#7364,#7365,#7366,
#7367,#7368,#7369),.UNSPECIFIED.,.F.,.F.) B_SPLINE_CURVE_WITH_KNOTS((10,
    8,10),(20.5577013639,23.154202938875,25.098147919793),
.UNSPECIFIED.) CURVE() GEOMETRIC_REPRESENTATION_ITEM() 
RATIONAL_B_SPLINE_CURVE((1.,1.,1.,1.,1.,1.,1.,1.,1.,1.,1.,1.,1.,1.,1.,1.
,1.,1.)) REPRESENTATION_ITEM('') );
#7352 = CARTESIAN_POINT('',(-34.15,-6.264781813111,13.030191740141));
#7353 = CARTESIAN_POINT('',(-34.15,-6.022926915773,12.963108869784));
#7354 = CARTESIAN_POINT('',(-34.15,-5.748704936153,12.895010039779));
#7355 = CARTESIAN_POINT('',(-34.15,-5.455185590214,12.821355407029));
#7356 = CARTESIAN_POINT('',(-34.15,-5.161987246825,12.75499114477));
#7357 = CARTESIAN_POINT('',(-34.15,-4.865332564976,12.691265280546));
#7358 = CARTESIAN_POINT('',(-34.15,-4.571783465907,12.634041868745));
#7359 = CARTESIAN_POINT('',(-34.15,-4.277040901027,12.581553985119));
#7360 = CARTESIAN_POINT('',(-34.15,-3.981003644859,12.534719387991));
#7361 = CARTESIAN_POINT('',(-34.15,-3.460690547188,12.463106102181));
#7362 = CARTESIAN_POINT('',(-34.15,-3.237099663046,12.435750329568));
#7363 = CARTESIAN_POINT('',(-34.15,-3.012736437611,12.411875786106));
#7364 = CARTESIAN_POINT('',(-34.15,-2.787663385813,12.391646137894));
#7365 = CARTESIAN_POINT('',(-34.15,-2.56195363717,12.375212199044));
#7366 = CARTESIAN_POINT('',(-34.15,-2.335690935784,12.362711931683));
#7367 = CARTESIAN_POINT('',(-34.15,-2.108969640346,12.35427044595));
#7368 = CARTESIAN_POINT('',(-34.15,-1.881894724131,12.35));
#7369 = CARTESIAN_POINT('',(-34.15,-1.654581775,12.35));
#7370 = PCURVE('',#7065,#7371);
#7371 = DEFINITIONAL_REPRESENTATION('',(#7372),#7391);
#7372 = ( BOUNDED_CURVE() B_SPLINE_CURVE(9,(#7373,#7374,#7375,#7376,
    #7377,#7378,#7379,#7380,#7381,#7382,#7383,#7384,#7385,#7386,#7387,
#7388,#7389,#7390),.UNSPECIFIED.,.F.,.F.) B_SPLINE_CURVE_WITH_KNOTS((10,
    8,10),(20.5577013639,23.154202938875,25.098147919793),
.UNSPECIFIED.) CURVE() GEOMETRIC_REPRESENTATION_ITEM() 
RATIONAL_B_SPLINE_CURVE((1.,1.,1.,1.,1.,1.,1.,1.,1.,1.,1.,1.,1.,1.,1.,1.
,1.,1.)) REPRESENTATION_ITEM('') );
#7373 = CARTESIAN_POINT('',(21.264781813111,-13.03019174014));
#7374 = CARTESIAN_POINT('',(21.022926915773,-12.96310886978));
#7375 = CARTESIAN_POINT('',(20.748704936153,-12.89501003977));
#7376 = CARTESIAN_POINT('',(20.455185590214,-12.82135540702));
#7377 = CARTESIAN_POINT('',(20.161987246825,-12.75499114477));
#7378 = CARTESIAN_POINT('',(19.865332564977,-12.69126528054));
#7379 = CARTESIAN_POINT('',(19.571783465907,-12.63404186874));
#7380 = CARTESIAN_POINT('',(19.277040901027,-12.58155398511));
#7381 = CARTESIAN_POINT('',(18.981003644859,-12.53471938799));
#7382 = CARTESIAN_POINT('',(18.460690547188,-12.46310610218));
#7383 = CARTESIAN_POINT('',(18.237099663046,-12.43575032956));
#7384 = CARTESIAN_POINT('',(18.012736437611,-12.4118757861));
#7385 = CARTESIAN_POINT('',(17.787663385813,-12.39164613789));
#7386 = CARTESIAN_POINT('',(17.56195363717,-12.37521219904));
#7387 = CARTESIAN_POINT('',(17.335690935784,-12.36271193168));
#7388 = CARTESIAN_POINT('',(17.108969640346,-12.35427044595));
#7389 = CARTESIAN_POINT('',(16.881894724131,-12.35));
#7390 = CARTESIAN_POINT('',(16.654581775,-12.35));
#7391 = ( GEOMETRIC_REPRESENTATION_CONTEXT(2) 
PARAMETRIC_REPRESENTATION_CONTEXT() REPRESENTATION_CONTEXT('2D SPACE',''
  ) );
#7392 = PCURVE('',#105,#7393);
#7393 = DEFINITIONAL_REPRESENTATION('',(#7394),#7398);
#7394 = LINE('',#7395,#7396);
#7395 = CARTESIAN_POINT('',(4.540446555893,0.));
#7396 = VECTOR('',#7397,1.);
#7397 = DIRECTION('',(0.,1.));
#7398 = ( GEOMETRIC_REPRESENTATION_CONTEXT(2) 
PARAMETRIC_REPRESENTATION_CONTEXT() REPRESENTATION_CONTEXT('2D SPACE',''
  ) );
#7399 = ORIENTED_EDGE('',*,*,#7142,.F.);
#7400 = ORIENTED_EDGE('',*,*,#7049,.F.);
#7401 = ADVANCED_FACE('',(#7402),#7337,.T.);
#7402 = FACE_BOUND('',#7403,.F.);
#7403 = EDGE_LOOP('',(#7404,#7432,#7433,#7462));
#7404 = ORIENTED_EDGE('',*,*,#7405,.T.);
#7405 = EDGE_CURVE('',#24,#7322,#7406,.T.);
#7406 = SURFACE_CURVE('',#7407,(#7411,#7425),.PCURVE_S1.);
#7407 = ( BOUNDED_CURVE() B_SPLINE_CURVE(2,(#7408,#7409,#7410),
.UNSPECIFIED.,.F.,.F.) B_SPLINE_CURVE_WITH_KNOTS((3,3),(0.,
4.540446555893),.PIECEWISE_BEZIER_KNOTS.) CURVE() 
GEOMETRIC_REPRESENTATION_ITEM() RATIONAL_B_SPLINE_CURVE((1.,
0.707106781187,1.)) REPRESENTATION_ITEM('') );
#7408 = CARTESIAN_POINT('',(-33.5,-1.654581775,13.));
#7409 = CARTESIAN_POINT('',(-34.15,-1.654581775,13.));
#7410 = CARTESIAN_POINT('',(-34.15,-1.654581775,12.35));
#7411 = PCURVE('',#7337,#7412);
#7412 = DEFINITIONAL_REPRESENTATION('',(#7413),#7424);
#7413 = B_SPLINE_CURVE_WITH_KNOTS('',9,(#7414,#7415,#7416,#7417,#7418,
    #7419,#7420,#7421,#7422,#7423),.UNSPECIFIED.,.F.,.F.,(10,10),(0.,
    4.540446555893),.PIECEWISE_BEZIER_KNOTS.);
#7414 = CARTESIAN_POINT('',(1.110223024625E-16,1.42108547152E-14));
#7415 = CARTESIAN_POINT('',(-0.157134840264,1.42108547152E-14));
#7416 = CARTESIAN_POINT('',(-0.325774716821,1.42108547152E-14));
#7417 = CARTESIAN_POINT('',(-0.50456638687,1.42108547152E-14));
#7418 = CARTESIAN_POINT('',(-0.690744851612,1.421085471521E-14));
#7419 = CARTESIAN_POINT('',(-0.880051475183,1.42108547152E-14));
#7420 = CARTESIAN_POINT('',(-1.066229939925,1.42108547152E-14));
#7421 = CARTESIAN_POINT('',(-1.245021609974,1.42108547152E-14));
#7422 = CARTESIAN_POINT('',(-1.413661486531,1.42108547152E-14));
#7423 = CARTESIAN_POINT('',(-1.570796326795,1.42108547152E-14));
#7424 = ( GEOMETRIC_REPRESENTATION_CONTEXT(2) 
PARAMETRIC_REPRESENTATION_CONTEXT() REPRESENTATION_CONTEXT('2D SPACE',''
  ) );
#7425 = PCURVE('',#105,#7426);
#7426 = DEFINITIONAL_REPRESENTATION('',(#7427),#7431);
#7427 = LINE('',#7428,#7429);
#7428 = CARTESIAN_POINT('',(0.,25.098147919793));
#7429 = VECTOR('',#7430,1.);
#7430 = DIRECTION('',(1.,0.));
#7431 = ( GEOMETRIC_REPRESENTATION_CONTEXT(2) 
PARAMETRIC_REPRESENTATION_CONTEXT() REPRESENTATION_CONTEXT('2D SPACE',''
  ) );
#7432 = ORIENTED_EDGE('',*,*,#7321,.T.);
#7433 = ORIENTED_EDGE('',*,*,#7434,.F.);
#7434 = EDGE_CURVE('',#7435,#7294,#7437,.T.);
#7435 = VERTEX_POINT('',#7436);
#7436 = CARTESIAN_POINT('',(-33.5,15.,13.));
#7437 = SURFACE_CURVE('',#7438,(#7443,#7450),.PCURVE_S1.);
#7438 = CIRCLE('',#7439,0.65);
#7439 = AXIS2_PLACEMENT_3D('',#7440,#7441,#7442);
#7440 = CARTESIAN_POINT('',(-33.5,15.,12.35));
#7441 = DIRECTION('',(-0.,-1.,-7.101372406394E-17));
#7442 = DIRECTION('',(0.,-7.101372406394E-17,1.));
#7443 = PCURVE('',#7337,#7444);
#7444 = DEFINITIONAL_REPRESENTATION('',(#7445),#7449);
#7445 = LINE('',#7446,#7447);
#7446 = CARTESIAN_POINT('',(-0.,16.654581775));
#7447 = VECTOR('',#7448,1.);
#7448 = DIRECTION('',(-1.,0.));
#7449 = ( GEOMETRIC_REPRESENTATION_CONTEXT(2) 
PARAMETRIC_REPRESENTATION_CONTEXT() REPRESENTATION_CONTEXT('2D SPACE',''
  ) );
#7450 = PCURVE('',#7451,#7456);
#7451 = TOROIDAL_SURFACE('',#7452,4.35,0.65);
#7452 = AXIS2_PLACEMENT_3D('',#7453,#7454,#7455);
#7453 = CARTESIAN_POINT('',(-29.15,15.,12.35));
#7454 = DIRECTION('',(0.,7.101372406394E-17,-1.));
#7455 = DIRECTION('',(-1.,2.916519597809E-15,8.608198313904E-32));
#7456 = DEFINITIONAL_REPRESENTATION('',(#7457),#7461);
#7457 = LINE('',#7458,#7459);
#7458 = CARTESIAN_POINT('',(0.,4.712388980385));
#7459 = VECTOR('',#7460,1.);
#7460 = DIRECTION('',(0.,1.));
#7461 = ( GEOMETRIC_REPRESENTATION_CONTEXT(2) 
PARAMETRIC_REPRESENTATION_CONTEXT() REPRESENTATION_CONTEXT('2D SPACE',''
  ) );
#7462 = ORIENTED_EDGE('',*,*,#7463,.F.);
#7463 = EDGE_CURVE('',#24,#7435,#7464,.T.);
#7464 = SURFACE_CURVE('',#7465,(#7469,#7476),.PCURVE_S1.);
#7465 = LINE('',#7466,#7467);
#7466 = CARTESIAN_POINT('',(-33.5,-1.654581775,13.));
#7467 = VECTOR('',#7468,1.);
#7468 = DIRECTION('',(0.,1.,6.587265740426E-17));
#7469 = PCURVE('',#7337,#7470);
#7470 = DEFINITIONAL_REPRESENTATION('',(#7471),#7475);
#7471 = LINE('',#7472,#7473);
#7472 = CARTESIAN_POINT('',(-0.,0.));
#7473 = VECTOR('',#7474,1.);
#7474 = DIRECTION('',(-0.,1.));
#7475 = ( GEOMETRIC_REPRESENTATION_CONTEXT(2) 
PARAMETRIC_REPRESENTATION_CONTEXT() REPRESENTATION_CONTEXT('2D SPACE',''
  ) );
#7476 = PCURVE('',#47,#7477);
#7477 = DEFINITIONAL_REPRESENTATION('',(#7478),#7482);
#7478 = LINE('',#7479,#7480);
#7479 = CARTESIAN_POINT('',(64.187123185425,33.5));
#7480 = VECTOR('',#7481,1.);
#7481 = DIRECTION('',(-1.,0.));
#7482 = ( GEOMETRIC_REPRESENTATION_CONTEXT(2) 
PARAMETRIC_REPRESENTATION_CONTEXT() REPRESENTATION_CONTEXT('2D SPACE',''
  ) );
#7483 = ADVANCED_FACE('',(#7484),#7451,.T.);
#7484 = FACE_BOUND('',#7485,.T.);
#7485 = EDGE_LOOP('',(#7486,#7487,#7511,#7540));
#7486 = ORIENTED_EDGE('',*,*,#7434,.F.);
#7487 = ORIENTED_EDGE('',*,*,#7488,.T.);
#7488 = EDGE_CURVE('',#7435,#7489,#7491,.T.);
#7489 = VERTEX_POINT('',#7490);
#7490 = CARTESIAN_POINT('',(-29.15,19.35,13.));
#7491 = SURFACE_CURVE('',#7492,(#7497,#7504),.PCURVE_S1.);
#7492 = CIRCLE('',#7493,4.35);
#7493 = AXIS2_PLACEMENT_3D('',#7494,#7495,#7496);
#7494 = CARTESIAN_POINT('',(-29.15,15.,13.));
#7495 = DIRECTION('',(1.0939688608E-31,6.587265740426E-17,-1.));
#7496 = DIRECTION('',(-1.,2.916519597809E-15,8.272201019926E-32));
#7497 = PCURVE('',#7451,#7498);
#7498 = DEFINITIONAL_REPRESENTATION('',(#7499),#7503);
#7499 = LINE('',#7500,#7501);
#7500 = CARTESIAN_POINT('',(0.,4.712388980385));
#7501 = VECTOR('',#7502,1.);
#7502 = DIRECTION('',(1.,0.));
#7503 = ( GEOMETRIC_REPRESENTATION_CONTEXT(2) 
PARAMETRIC_REPRESENTATION_CONTEXT() REPRESENTATION_CONTEXT('2D SPACE',''
  ) );
#7504 = PCURVE('',#47,#7505);
#7505 = DEFINITIONAL_REPRESENTATION('',(#7506),#7510);
#7506 = CIRCLE('',#7507,4.35);
#7507 = AXIS2_PLACEMENT_2D('',#7508,#7509);
#7508 = CARTESIAN_POINT('',(47.532541410425,29.15));
#7509 = DIRECTION('',(-2.916519597809E-15,1.));
#7510 = ( GEOMETRIC_REPRESENTATION_CONTEXT(2) 
PARAMETRIC_REPRESENTATION_CONTEXT() REPRESENTATION_CONTEXT('2D SPACE',''
  ) );
#7511 = ORIENTED_EDGE('',*,*,#7512,.T.);
#7512 = EDGE_CURVE('',#7489,#7513,#7515,.T.);
#7513 = VERTEX_POINT('',#7514);
#7514 = CARTESIAN_POINT('',(-29.15,20.,12.35));
#7515 = SURFACE_CURVE('',#7516,(#7521,#7528),.PCURVE_S1.);
#7516 = CIRCLE('',#7517,0.65);
#7517 = AXIS2_PLACEMENT_3D('',#7518,#7519,#7520);
#7518 = CARTESIAN_POINT('',(-29.15,19.35,12.35));
#7519 = DIRECTION('',(-1.,2.855287257852E-15,1.76651333139E-31));
#7520 = DIRECTION('',(2.855287257852E-15,1.,6.587265740426E-17));
#7521 = PCURVE('',#7451,#7522);
#7522 = DEFINITIONAL_REPRESENTATION('',(#7523),#7527);
#7523 = LINE('',#7524,#7525);
#7524 = CARTESIAN_POINT('',(1.570796326795,0.));
#7525 = VECTOR('',#7526,1.);
#7526 = DIRECTION('',(0.,1.));
#7527 = ( GEOMETRIC_REPRESENTATION_CONTEXT(2) 
PARAMETRIC_REPRESENTATION_CONTEXT() REPRESENTATION_CONTEXT('2D SPACE',''
  ) );
#7528 = PCURVE('',#7529,#7534);
#7529 = CYLINDRICAL_SURFACE('',#7530,0.65);
#7530 = AXIS2_PLACEMENT_3D('',#7531,#7532,#7533);
#7531 = CARTESIAN_POINT('',(-29.15,19.35,12.35));
#7532 = DIRECTION('',(1.,0.,0.));
#7533 = DIRECTION('',(0.,-7.101372406394E-17,1.));
#7534 = DEFINITIONAL_REPRESENTATION('',(#7535),#7539);
#7535 = LINE('',#7536,#7537);
#7536 = CARTESIAN_POINT('',(4.712388980385,-0.));
#7537 = VECTOR('',#7538,1.);
#7538 = DIRECTION('',(-1.,0.));
#7539 = ( GEOMETRIC_REPRESENTATION_CONTEXT(2) 
PARAMETRIC_REPRESENTATION_CONTEXT() REPRESENTATION_CONTEXT('2D SPACE',''
  ) );
#7540 = ORIENTED_EDGE('',*,*,#7541,.F.);
#7541 = EDGE_CURVE('',#7294,#7513,#7542,.T.);
#7542 = SURFACE_CURVE('',#7543,(#7548,#7555),.PCURVE_S1.);
#7543 = CIRCLE('',#7544,5.);
#7544 = AXIS2_PLACEMENT_3D('',#7545,#7546,#7547);
#7545 = CARTESIAN_POINT('',(-29.15,15.,12.35));
#7546 = DIRECTION('',(1.0939688608E-31,6.587265740426E-17,-1.));
#7547 = DIRECTION('',(-1.,2.916519597809E-15,8.272201019926E-32));
#7548 = PCURVE('',#7451,#7549);
#7549 = DEFINITIONAL_REPRESENTATION('',(#7550),#7554);
#7550 = LINE('',#7551,#7552);
#7551 = CARTESIAN_POINT('',(0.,6.28318530718));
#7552 = VECTOR('',#7553,1.);
#7553 = DIRECTION('',(1.,0.));
#7554 = ( GEOMETRIC_REPRESENTATION_CONTEXT(2) 
PARAMETRIC_REPRESENTATION_CONTEXT() REPRESENTATION_CONTEXT('2D SPACE',''
  ) );
#7555 = PCURVE('',#7309,#7556);
#7556 = DEFINITIONAL_REPRESENTATION('',(#7557),#7561);
#7557 = LINE('',#7558,#7559);
#7558 = CARTESIAN_POINT('',(-1.570796326795,-12.35));
#7559 = VECTOR('',#7560,1.);
#7560 = DIRECTION('',(1.,-0.));
#7561 = ( GEOMETRIC_REPRESENTATION_CONTEXT(2) 
PARAMETRIC_REPRESENTATION_CONTEXT() REPRESENTATION_CONTEXT('2D SPACE',''
  ) );
#7562 = ADVANCED_FACE('',(#7563),#7529,.T.);
#7563 = FACE_BOUND('',#7564,.F.);
#7564 = EDGE_LOOP('',(#7565,#7566,#7594,#7623));
#7565 = ORIENTED_EDGE('',*,*,#7512,.T.);
#7566 = ORIENTED_EDGE('',*,*,#7567,.T.);
#7567 = EDGE_CURVE('',#7513,#7568,#7570,.T.);
#7568 = VERTEX_POINT('',#7569);
#7569 = CARTESIAN_POINT('',(29.15,20.,12.35));
#7570 = SURFACE_CURVE('',#7571,(#7575,#7582),.PCURVE_S1.);
#7571 = LINE('',#7572,#7573);
#7572 = CARTESIAN_POINT('',(-29.15,20.,12.35));
#7573 = VECTOR('',#7574,1.);
#7574 = DIRECTION('',(1.,0.,0.));
#7575 = PCURVE('',#7529,#7576);
#7576 = DEFINITIONAL_REPRESENTATION('',(#7577),#7581);
#7577 = LINE('',#7578,#7579);
#7578 = CARTESIAN_POINT('',(-1.570796326795,0.));
#7579 = VECTOR('',#7580,1.);
#7580 = DIRECTION('',(-0.,1.));
#7581 = ( GEOMETRIC_REPRESENTATION_CONTEXT(2) 
PARAMETRIC_REPRESENTATION_CONTEXT() REPRESENTATION_CONTEXT('2D SPACE',''
  ) );
#7582 = PCURVE('',#7583,#7588);
#7583 = PLANE('',#7584);
#7584 = AXIS2_PLACEMENT_3D('',#7585,#7586,#7587);
#7585 = CARTESIAN_POINT('',(29.15,20.,8.881784197001E-16));
#7586 = DIRECTION('',(0.,-1.,-1.225300278295E-17));
#7587 = DIRECTION('',(-1.,0.,0.));
#7588 = DEFINITIONAL_REPRESENTATION('',(#7589),#7593);
#7589 = LINE('',#7590,#7591);
#7590 = CARTESIAN_POINT('',(58.3,-12.35));
#7591 = VECTOR('',#7592,1.);
#7592 = DIRECTION('',(-1.,0.));
#7593 = ( GEOMETRIC_REPRESENTATION_CONTEXT(2) 
PARAMETRIC_REPRESENTATION_CONTEXT() REPRESENTATION_CONTEXT('2D SPACE',''
  ) );
#7594 = ORIENTED_EDGE('',*,*,#7595,.F.);
#7595 = EDGE_CURVE('',#7596,#7568,#7598,.T.);
#7596 = VERTEX_POINT('',#7597);
#7597 = CARTESIAN_POINT('',(29.15,19.35,13.));
#7598 = SURFACE_CURVE('',#7599,(#7604,#7611),.PCURVE_S1.);
#7599 = CIRCLE('',#7600,0.65);
#7600 = AXIS2_PLACEMENT_3D('',#7601,#7602,#7603);
#7601 = CARTESIAN_POINT('',(29.15,19.35,12.35));
#7602 = DIRECTION('',(-1.,0.,0.));
#7603 = DIRECTION('',(0.,-7.101372406394E-17,1.));
#7604 = PCURVE('',#7529,#7605);
#7605 = DEFINITIONAL_REPRESENTATION('',(#7606),#7610);
#7606 = LINE('',#7607,#7608);
#7607 = CARTESIAN_POINT('',(-0.,58.3));
#7608 = VECTOR('',#7609,1.);
#7609 = DIRECTION('',(-1.,0.));
#7610 = ( GEOMETRIC_REPRESENTATION_CONTEXT(2) 
PARAMETRIC_REPRESENTATION_CONTEXT() REPRESENTATION_CONTEXT('2D SPACE',''
  ) );
#7611 = PCURVE('',#7612,#7617);
#7612 = TOROIDAL_SURFACE('',#7613,4.35,0.65);
#7613 = AXIS2_PLACEMENT_3D('',#7614,#7615,#7616);
#7614 = CARTESIAN_POINT('',(29.15,15.,12.35));
#7615 = DIRECTION('',(0.,7.101372406394E-17,-1.));
#7616 = DIRECTION('',(0.,1.,6.587265740426E-17));
#7617 = DEFINITIONAL_REPRESENTATION('',(#7618),#7622);
#7618 = LINE('',#7619,#7620);
#7619 = CARTESIAN_POINT('',(0.,4.712388980385));
#7620 = VECTOR('',#7621,1.);
#7621 = DIRECTION('',(0.,1.));
#7622 = ( GEOMETRIC_REPRESENTATION_CONTEXT(2) 
PARAMETRIC_REPRESENTATION_CONTEXT() REPRESENTATION_CONTEXT('2D SPACE',''
  ) );
#7623 = ORIENTED_EDGE('',*,*,#7624,.F.);
#7624 = EDGE_CURVE('',#7489,#7596,#7625,.T.);
#7625 = SURFACE_CURVE('',#7626,(#7630,#7637),.PCURVE_S1.);
#7626 = LINE('',#7627,#7628);
#7627 = CARTESIAN_POINT('',(-29.15,19.35,13.));
#7628 = VECTOR('',#7629,1.);
#7629 = DIRECTION('',(1.,0.,0.));
#7630 = PCURVE('',#7529,#7631);
#7631 = DEFINITIONAL_REPRESENTATION('',(#7632),#7636);
#7632 = LINE('',#7633,#7634);
#7633 = CARTESIAN_POINT('',(-0.,0.));
#7634 = VECTOR('',#7635,1.);
#7635 = DIRECTION('',(-0.,1.));
#7636 = ( GEOMETRIC_REPRESENTATION_CONTEXT(2) 
PARAMETRIC_REPRESENTATION_CONTEXT() REPRESENTATION_CONTEXT('2D SPACE',''
  ) );
#7637 = PCURVE('',#47,#7638);
#7638 = DEFINITIONAL_REPRESENTATION('',(#7639),#7643);
#7639 = LINE('',#7640,#7641);
#7640 = CARTESIAN_POINT('',(43.182541410425,29.15));
#7641 = VECTOR('',#7642,1.);
#7642 = DIRECTION('',(0.,-1.));
#7643 = ( GEOMETRIC_REPRESENTATION_CONTEXT(2) 
PARAMETRIC_REPRESENTATION_CONTEXT() REPRESENTATION_CONTEXT('2D SPACE',''
  ) );
#7644 = ADVANCED_FACE('',(#7645),#7612,.T.);
#7645 = FACE_BOUND('',#7646,.T.);
#7646 = EDGE_LOOP('',(#7647,#7648,#7672,#7701));
#7647 = ORIENTED_EDGE('',*,*,#7595,.F.);
#7648 = ORIENTED_EDGE('',*,*,#7649,.T.);
#7649 = EDGE_CURVE('',#7596,#7650,#7652,.T.);
#7650 = VERTEX_POINT('',#7651);
#7651 = CARTESIAN_POINT('',(33.5,15.,13.));
#7652 = SURFACE_CURVE('',#7653,(#7658,#7665),.PCURVE_S1.);
#7653 = CIRCLE('',#7654,4.35);
#7654 = AXIS2_PLACEMENT_3D('',#7655,#7656,#7657);
#7655 = CARTESIAN_POINT('',(29.15,15.,13.));
#7656 = DIRECTION('',(0.,6.587265740426E-17,-1.));
#7657 = DIRECTION('',(0.,1.,6.587265740426E-17));
#7658 = PCURVE('',#7612,#7659);
#7659 = DEFINITIONAL_REPRESENTATION('',(#7660),#7664);
#7660 = LINE('',#7661,#7662);
#7661 = CARTESIAN_POINT('',(0.,4.712388980385));
#7662 = VECTOR('',#7663,1.);
#7663 = DIRECTION('',(1.,0.));
#7664 = ( GEOMETRIC_REPRESENTATION_CONTEXT(2) 
PARAMETRIC_REPRESENTATION_CONTEXT() REPRESENTATION_CONTEXT('2D SPACE',''
  ) );
#7665 = PCURVE('',#47,#7666);
#7666 = DEFINITIONAL_REPRESENTATION('',(#7667),#7671);
#7667 = CIRCLE('',#7668,4.35);
#7668 = AXIS2_PLACEMENT_2D('',#7669,#7670);
#7669 = CARTESIAN_POINT('',(47.532541410425,-29.15));
#7670 = DIRECTION('',(-1.,0.));
#7671 = ( GEOMETRIC_REPRESENTATION_CONTEXT(2) 
PARAMETRIC_REPRESENTATION_CONTEXT() REPRESENTATION_CONTEXT('2D SPACE',''
  ) );
#7672 = ORIENTED_EDGE('',*,*,#7673,.T.);
#7673 = EDGE_CURVE('',#7650,#7674,#7676,.T.);
#7674 = VERTEX_POINT('',#7675);
#7675 = CARTESIAN_POINT('',(34.15,15.,12.35));
#7676 = SURFACE_CURVE('',#7677,(#7682,#7689),.PCURVE_S1.);
#7677 = CIRCLE('',#7678,0.65);
#7678 = AXIS2_PLACEMENT_3D('',#7679,#7680,#7681);
#7679 = CARTESIAN_POINT('',(33.5,15.,12.35));
#7680 = DIRECTION('',(-6.123233995737E-17,1.,7.101372406394E-17));
#7681 = DIRECTION('',(1.,6.123233995737E-17,3.346758304765E-33));
#7682 = PCURVE('',#7612,#7683);
#7683 = DEFINITIONAL_REPRESENTATION('',(#7684),#7688);
#7684 = LINE('',#7685,#7686);
#7685 = CARTESIAN_POINT('',(1.570796326795,0.));
#7686 = VECTOR('',#7687,1.);
#7687 = DIRECTION('',(0.,1.));
#7688 = ( GEOMETRIC_REPRESENTATION_CONTEXT(2) 
PARAMETRIC_REPRESENTATION_CONTEXT() REPRESENTATION_CONTEXT('2D SPACE',''
  ) );
#7689 = PCURVE('',#7690,#7695);
#7690 = CYLINDRICAL_SURFACE('',#7691,0.65);
#7691 = AXIS2_PLACEMENT_3D('',#7692,#7693,#7694);
#7692 = CARTESIAN_POINT('',(33.5,15.,12.35));
#7693 = DIRECTION('',(-0.,-1.,-6.587265740426E-17));
#7694 = DIRECTION('',(0.,-7.101372406394E-17,1.));
#7695 = DEFINITIONAL_REPRESENTATION('',(#7696),#7700);
#7696 = LINE('',#7697,#7698);
#7697 = CARTESIAN_POINT('',(4.712388980385,-1.513245843694E-16));
#7698 = VECTOR('',#7699,1.);
#7699 = DIRECTION('',(-1.,0.));
#7700 = ( GEOMETRIC_REPRESENTATION_CONTEXT(2) 
PARAMETRIC_REPRESENTATION_CONTEXT() REPRESENTATION_CONTEXT('2D SPACE',''
  ) );
#7701 = ORIENTED_EDGE('',*,*,#7702,.F.);
#7702 = EDGE_CURVE('',#7568,#7674,#7703,.T.);
#7703 = SURFACE_CURVE('',#7704,(#7709,#7716),.PCURVE_S1.);
#7704 = CIRCLE('',#7705,5.);
#7705 = AXIS2_PLACEMENT_3D('',#7706,#7707,#7708);
#7706 = CARTESIAN_POINT('',(29.15,15.,12.35));
#7707 = DIRECTION('',(0.,6.587265740426E-17,-1.));
#7708 = DIRECTION('',(0.,1.,6.587265740426E-17));
#7709 = PCURVE('',#7612,#7710);
#7710 = DEFINITIONAL_REPRESENTATION('',(#7711),#7715);
#7711 = LINE('',#7712,#7713);
#7712 = CARTESIAN_POINT('',(0.,6.28318530718));
#7713 = VECTOR('',#7714,1.);
#7714 = DIRECTION('',(1.,0.));
#7715 = ( GEOMETRIC_REPRESENTATION_CONTEXT(2) 
PARAMETRIC_REPRESENTATION_CONTEXT() REPRESENTATION_CONTEXT('2D SPACE',''
  ) );
#7716 = PCURVE('',#7717,#7722);
#7717 = CYLINDRICAL_SURFACE('',#7718,5.);
#7718 = AXIS2_PLACEMENT_3D('',#7719,#7720,#7721);
#7719 = CARTESIAN_POINT('',(29.15,15.,0.));
#7720 = DIRECTION('',(0.,-1.225300278295E-17,-1.));
#7721 = DIRECTION('',(1.,0.,0.));
#7722 = DEFINITIONAL_REPRESENTATION('',(#7723),#7727);
#7723 = LINE('',#7724,#7725);
#7724 = CARTESIAN_POINT('',(-1.570796326795,-12.35));
#7725 = VECTOR('',#7726,1.);
#7726 = DIRECTION('',(1.,-0.));
#7727 = ( GEOMETRIC_REPRESENTATION_CONTEXT(2) 
PARAMETRIC_REPRESENTATION_CONTEXT() REPRESENTATION_CONTEXT('2D SPACE',''
  ) );
#7728 = ADVANCED_FACE('',(#7729),#7690,.T.);
#7729 = FACE_BOUND('',#7730,.F.);
#7730 = EDGE_LOOP('',(#7731,#7754,#7755,#7783));
#7731 = ORIENTED_EDGE('',*,*,#7732,.F.);
#7732 = EDGE_CURVE('',#7650,#7733,#7735,.T.);
#7733 = VERTEX_POINT('',#7734);
#7734 = CARTESIAN_POINT('',(33.5,4.434672141401,13.));
#7735 = SURFACE_CURVE('',#7736,(#7740,#7747),.PCURVE_S1.);
#7736 = LINE('',#7737,#7738);
#7737 = CARTESIAN_POINT('',(33.5,15.,13.));
#7738 = VECTOR('',#7739,1.);
#7739 = DIRECTION('',(-0.,-1.,-6.587265740426E-17));
#7740 = PCURVE('',#7690,#7741);
#7741 = DEFINITIONAL_REPRESENTATION('',(#7742),#7746);
#7742 = LINE('',#7743,#7744);
#7743 = CARTESIAN_POINT('',(-0.,0.));
#7744 = VECTOR('',#7745,1.);
#7745 = DIRECTION('',(-0.,1.));
#7746 = ( GEOMETRIC_REPRESENTATION_CONTEXT(2) 
PARAMETRIC_REPRESENTATION_CONTEXT() REPRESENTATION_CONTEXT('2D SPACE',''
  ) );
#7747 = PCURVE('',#47,#7748);
#7748 = DEFINITIONAL_REPRESENTATION('',(#7749),#7753);
#7749 = LINE('',#7750,#7751);
#7750 = CARTESIAN_POINT('',(47.532541410425,-33.5));
#7751 = VECTOR('',#7752,1.);
#7752 = DIRECTION('',(1.,-0.));
#7753 = ( GEOMETRIC_REPRESENTATION_CONTEXT(2) 
PARAMETRIC_REPRESENTATION_CONTEXT() REPRESENTATION_CONTEXT('2D SPACE',''
  ) );
#7754 = ORIENTED_EDGE('',*,*,#7673,.T.);
#7755 = ORIENTED_EDGE('',*,*,#7756,.T.);
#7756 = EDGE_CURVE('',#7674,#7757,#7759,.T.);
#7757 = VERTEX_POINT('',#7758);
#7758 = CARTESIAN_POINT('',(34.15,4.434672141401,12.35));
#7759 = SURFACE_CURVE('',#7760,(#7764,#7771),.PCURVE_S1.);
#7760 = LINE('',#7761,#7762);
#7761 = CARTESIAN_POINT('',(34.15,15.,12.35));
#7762 = VECTOR('',#7763,1.);
#7763 = DIRECTION('',(-0.,-1.,-6.587265740426E-17));
#7764 = PCURVE('',#7690,#7765);
#7765 = DEFINITIONAL_REPRESENTATION('',(#7766),#7770);
#7766 = LINE('',#7767,#7768);
#7767 = CARTESIAN_POINT('',(-1.570796326795,0.));
#7768 = VECTOR('',#7769,1.);
#7769 = DIRECTION('',(-0.,1.));
#7770 = ( GEOMETRIC_REPRESENTATION_CONTEXT(2) 
PARAMETRIC_REPRESENTATION_CONTEXT() REPRESENTATION_CONTEXT('2D SPACE',''
  ) );
#7771 = PCURVE('',#7772,#7777);
#7772 = PLANE('',#7773);
#7773 = AXIS2_PLACEMENT_3D('',#7774,#7775,#7776);
#7774 = CARTESIAN_POINT('',(34.15,-20.,0.));
#7775 = DIRECTION('',(-1.,0.,0.));
#7776 = DIRECTION('',(0.,1.,1.225300278295E-17));
#7777 = DEFINITIONAL_REPRESENTATION('',(#7778),#7782);
#7778 = LINE('',#7779,#7780);
#7779 = CARTESIAN_POINT('',(35.,-12.35));
#7780 = VECTOR('',#7781,1.);
#7781 = DIRECTION('',(-1.,7.812566018721E-17));
#7782 = ( GEOMETRIC_REPRESENTATION_CONTEXT(2) 
PARAMETRIC_REPRESENTATION_CONTEXT() REPRESENTATION_CONTEXT('2D SPACE',''
  ) );
#7783 = ORIENTED_EDGE('',*,*,#7784,.T.);
#7784 = EDGE_CURVE('',#7757,#7733,#7785,.T.);
#7785 = SURFACE_CURVE('',#7786,(#7800,#7822),.PCURVE_S1.);
#7786 = ( BOUNDED_CURVE() B_SPLINE_CURVE(12,(#7787,#7788,#7789,#7790,
    #7791,#7792,#7793,#7794,#7795,#7796,#7797,#7798,#7799),
.UNSPECIFIED.,.F.,.F.) B_SPLINE_CURVE_WITH_KNOTS((13,13),(
1.338866296775E-07,1.157825199245),.PIECEWISE_BEZIER_KNOTS.) CURVE() 
GEOMETRIC_REPRESENTATION_ITEM() RATIONAL_B_SPLINE_CURVE((1.,1.,1.,
    1.000000000001,0.999999999999,1.000000000002,0.999999999998,
    1.000000000002,0.999999999999,1.000000000001,1.,1.,1.)) 
REPRESENTATION_ITEM('') );
#7787 = CARTESIAN_POINT('',(34.15,4.434672194633,12.35));
#7788 = CARTESIAN_POINT('',(34.150000045732,4.434672152521,
    12.485181121442));
#7789 = CARTESIAN_POINT('',(34.119248155073,4.434768118586,
    12.620229713307));
#7790 = CARTESIAN_POINT('',(34.058696677536,4.435487717691,
    12.745849399865));
#7791 = CARTESIAN_POINT('',(33.968239568165,4.443422527843,
    12.845433599134));
#7792 = CARTESIAN_POINT('',(33.87916898073,4.442440549967,
    12.927928636732));
#7793 = CARTESIAN_POINT('',(33.752599397337,4.468750551573,
    12.956896795068));
#7794 = CARTESIAN_POINT('',(33.714034332844,4.45648474419,
    12.972285829537));
#7795 = CARTESIAN_POINT('',(33.647260103958,4.453398033796,
    12.988746858634));
#7796 = CARTESIAN_POINT('',(33.608736512968,4.444242693648,
    12.993192424529));
#7797 = CARTESIAN_POINT('',(33.569851322986,4.437910944728,
    12.998048165811));
#7798 = CARTESIAN_POINT('',(33.53498750568,4.434672141401,13.));
#7799 = CARTESIAN_POINT('',(33.5,4.434672141401,13.));
#7800 = PCURVE('',#7690,#7801);
#7801 = DEFINITIONAL_REPRESENTATION('',(#7802),#7821);
#7802 = B_SPLINE_CURVE_WITH_KNOTS('',9,(#7803,#7804,#7805,#7806,#7807,
    #7808,#7809,#7810,#7811,#7812,#7813,#7814,#7815,#7816,#7817,#7818,
    #7819,#7820),.UNSPECIFIED.,.F.,.F.,(10,8,10),(1.338866296775E-07,
    0.578912666566,1.157825199245),.UNSPECIFIED.);
#7803 = CARTESIAN_POINT('',(-1.570796665097,10.565327847479));
#7804 = CARTESIAN_POINT('',(-1.432149361053,10.56532784748));
#7805 = CARTESIAN_POINT('',(-1.293560663541,10.565297790932));
#7806 = CARTESIAN_POINT('',(-1.156136103613,10.564942665418));
#7807 = CARTESIAN_POINT('',(-1.022375647429,10.563139207861));
#7808 = CARTESIAN_POINT('',(-0.892512135051,10.560745208971));
#7809 = CARTESIAN_POINT('',(-0.770169263571,10.556491156001));
#7810 = CARTESIAN_POINT('',(-0.658214775058,10.552501809752));
#7811 = CARTESIAN_POINT('',(-0.55865223662,10.549486212292));
#7812 = CARTESIAN_POINT('',(-0.38413847327,10.546490597343));
#7813 = CARTESIAN_POINT('',(-0.30922186549,10.546505355834));
#7814 = CARTESIAN_POINT('',(-0.246450875794,10.548453250712));
#7815 = CARTESIAN_POINT('',(-0.194873835541,10.55236707319));
#7816 = CARTESIAN_POINT('',(-0.149084282381,10.556809233571));
#7817 = CARTESIAN_POINT('',(-0.109346705811,10.560869415906));
#7818 = CARTESIAN_POINT('',(-7.171461569401E-02,10.563852641285));
#7819 = CARTESIAN_POINT('',(-3.588462121071E-02,10.565327858599));
#7820 = CARTESIAN_POINT('',(3.125304439327E-15,10.565327858599));
#7821 = ( GEOMETRIC_REPRESENTATION_CONTEXT(2) 
PARAMETRIC_REPRESENTATION_CONTEXT() REPRESENTATION_CONTEXT('2D SPACE',''
  ) );
#7822 = PCURVE('',#7823,#7863);
#7823 = ( BOUNDED_SURFACE() B_SPLINE_SURFACE(2,12,(
    (#7824,#7825,#7826,#7827,#7828,#7829,#7830,#7831,#7832,#7833,#7834
      ,#7835,#7836)
    ,(#7837,#7838,#7839,#7840,#7841,#7842,#7843,#7844,#7845,#7846,#7847
      ,#7848,#7849)
    ,(#7850,#7851,#7852,#7853,#7854,#7855,#7856,#7857,#7858,#7859,#7860
      ,#7861,#7862
)),.UNSPECIFIED.,.F.,.F.,.F.) B_SPLINE_SURFACE_WITH_KNOTS((3,3),(13,13),
  (0.,1.157825065359),(1.338866296775E-07,1.157825199245),
.PIECEWISE_BEZIER_KNOTS.) GEOMETRIC_REPRESENTATION_ITEM() 
RATIONAL_B_SPLINE_SURFACE((
    (1.,1.,1.,1.000000000001,0.999999999999,1.000000000002
      ,0.999999999998,1.000000000002,0.999999999999,1.000000000001,1.,1.
      ,1.)
    ,(1.,1.000000027094,0.982413714609,0.94838975923,0.895492096117
      ,0.856047307917,0.778784656145,0.79947263457,0.781502111755
      ,0.789814560546,0.791661198881,0.793353340291,0.793353340291)
    ,(1.,1.,1.,1.000000000001,0.999999999999,1.000000000002
      ,0.999999999998,1.000000000002,0.999999999999,1.000000000001,1.,1.
,1.))) REPRESENTATION_ITEM('') SURFACE() );
#7824 = CARTESIAN_POINT('',(34.15,4.434672194633,12.35));
#7825 = CARTESIAN_POINT('',(34.150000045732,4.434672152521,
    12.485181121442));
#7826 = CARTESIAN_POINT('',(34.119248155073,4.434768118586,
    12.620229713307));
#7827 = CARTESIAN_POINT('',(34.058696677536,4.435487717691,
    12.745849399865));
#7828 = CARTESIAN_POINT('',(33.968239568165,4.443422527843,
    12.845433599134));
#7829 = CARTESIAN_POINT('',(33.87916898073,4.442440549967,
    12.927928636732));
#7830 = CARTESIAN_POINT('',(33.752599397337,4.468750551573,
    12.956896795068));
#7831 = CARTESIAN_POINT('',(33.714034332844,4.45648474419,
    12.972285829537));
#7832 = CARTESIAN_POINT('',(33.647260103958,4.453398033796,
    12.988746858634));
#7833 = CARTESIAN_POINT('',(33.608736512968,4.444242693648,
    12.993192424529));
#7834 = CARTESIAN_POINT('',(33.569851322986,4.437910944728,
    12.998048165811));
#7835 = CARTESIAN_POINT('',(33.53498750568,4.434672141401,13.));
#7836 = CARTESIAN_POINT('',(33.5,4.434672141401,13.));
#7837 = CARTESIAN_POINT('',(34.15,4.434672262843,12.349999864757));
#7838 = CARTESIAN_POINT('',(34.150000012285,4.369384690197,
    12.435084285962));
#7839 = CARTESIAN_POINT('',(34.142077932223,4.301772386279,
    12.523197965935));
#7840 = CARTESIAN_POINT('',(34.123639349642,4.232874441759,
    12.612989218186));
#7841 = CARTESIAN_POINT('',(34.102761800505,4.164424710586,
    12.702190376399));
#7842 = CARTESIAN_POINT('',(34.047416011147,4.102328059039,
    12.783123552866));
#7843 = CARTESIAN_POINT('',(34.032927631868,4.040843487239,
    12.86324277979));
#7844 = CARTESIAN_POINT('',(33.926557297352,4.005734388349,
    12.909005807787));
#7845 = CARTESIAN_POINT('',(33.848076636618,3.97298866961,
    12.951675995886));
#7846 = CARTESIAN_POINT('',(33.757173209367,3.954546990553,
    12.975711776195));
#7847 = CARTESIAN_POINT('',(33.670503765856,3.941980238771,
    12.992088511168));
#7848 = CARTESIAN_POINT('',(33.585084423508,3.935909599215,13.));
#7849 = CARTESIAN_POINT('',(33.5,3.935909599215,13.));
#7850 = CARTESIAN_POINT('',(34.15,4.434672141401,12.35));
#7851 = CARTESIAN_POINT('',(34.150000049281,4.304097224335,
    12.384987455092));
#7852 = CARTESIAN_POINT('',(34.119248136199,4.173625093318,
    12.419847622296));
#7853 = CARTESIAN_POINT('',(34.058696731893,4.052101119796,
    12.45166651647));
#7854 = CARTESIAN_POINT('',(33.968239464821,3.95385272967,
    12.469773480498));
#7855 = CARTESIAN_POINT('',(33.879169119137,3.874428899024,
    12.492077967475));
#7856 = CARTESIAN_POINT('',(33.752599263874,3.839631164822,
    12.474156510955));
#7857 = CARTESIAN_POINT('',(33.714034425114,3.827947175907,
    12.489991990432));
#7858 = CARTESIAN_POINT('',(33.647260059669,3.812842214629,
    12.497231091281));
#7859 = CARTESIAN_POINT('',(33.608736526556,3.810919305603,
    12.507226296763));
#7860 = CARTESIAN_POINT('',(33.569851320889,3.807867358245,12.5145987183
    ));
#7861 = CARTESIAN_POINT('',(33.53498750568,3.806820354313,
    12.518232379317));
#7862 = CARTESIAN_POINT('',(33.5,3.806820354313,12.518232379317));
#7863 = DEFINITIONAL_REPRESENTATION('',(#7864),#7868);
#7864 = LINE('',#7865,#7866);
#7865 = CARTESIAN_POINT('',(0.,0.));
#7866 = VECTOR('',#7867,1.);
#7867 = DIRECTION('',(0.,1.));
#7868 = ( GEOMETRIC_REPRESENTATION_CONTEXT(2) 
PARAMETRIC_REPRESENTATION_CONTEXT() REPRESENTATION_CONTEXT('2D SPACE',''
  ) );
#7869 = ADVANCED_FACE('',(#7870),#7772,.F.);
#7870 = FACE_BOUND('',#7871,.F.);
#7871 = EDGE_LOOP('',(#7872,#7895,#7918,#7946,#7974,#8042,#8175,#8203,
    #8231,#8252));
#7872 = ORIENTED_EDGE('',*,*,#7873,.F.);
#7873 = EDGE_CURVE('',#7874,#7674,#7876,.T.);
#7874 = VERTEX_POINT('',#7875);
#7875 = CARTESIAN_POINT('',(34.15,15.,0.));
#7876 = SURFACE_CURVE('',#7877,(#7881,#7888),.PCURVE_S1.);
#7877 = LINE('',#7878,#7879);
#7878 = CARTESIAN_POINT('',(34.15,15.,0.));
#7879 = VECTOR('',#7880,1.);
#7880 = DIRECTION('',(0.,1.225300278295E-17,1.));
#7881 = PCURVE('',#7772,#7882);
#7882 = DEFINITIONAL_REPRESENTATION('',(#7883),#7887);
#7883 = LINE('',#7884,#7885);
#7884 = CARTESIAN_POINT('',(35.,-4.288550974032E-16));
#7885 = VECTOR('',#7886,1.);
#7886 = DIRECTION('',(2.45060055659E-17,-1.));
#7887 = ( GEOMETRIC_REPRESENTATION_CONTEXT(2) 
PARAMETRIC_REPRESENTATION_CONTEXT() REPRESENTATION_CONTEXT('2D SPACE',''
  ) );
#7888 = PCURVE('',#7717,#7889);
#7889 = DEFINITIONAL_REPRESENTATION('',(#7890),#7894);
#7890 = LINE('',#7891,#7892);
#7891 = CARTESIAN_POINT('',(-0.,0.));
#7892 = VECTOR('',#7893,1.);
#7893 = DIRECTION('',(-0.,-1.));
#7894 = ( GEOMETRIC_REPRESENTATION_CONTEXT(2) 
PARAMETRIC_REPRESENTATION_CONTEXT() REPRESENTATION_CONTEXT('2D SPACE',''
  ) );
#7895 = ORIENTED_EDGE('',*,*,#7896,.F.);
#7896 = EDGE_CURVE('',#7897,#7874,#7899,.T.);
#7897 = VERTEX_POINT('',#7898);
#7898 = CARTESIAN_POINT('',(34.15,-16.26714021601,0.));
#7899 = SURFACE_CURVE('',#7900,(#7904,#7911),.PCURVE_S1.);
#7900 = LINE('',#7901,#7902);
#7901 = CARTESIAN_POINT('',(34.15,-20.,0.));
#7902 = VECTOR('',#7903,1.);
#7903 = DIRECTION('',(0.,1.,1.225300278295E-17));
#7904 = PCURVE('',#7772,#7905);
#7905 = DEFINITIONAL_REPRESENTATION('',(#7906),#7910);
#7906 = LINE('',#7907,#7908);
#7907 = CARTESIAN_POINT('',(0.,0.));
#7908 = VECTOR('',#7909,1.);
#7909 = DIRECTION('',(1.,-2.45060055659E-17));
#7910 = ( GEOMETRIC_REPRESENTATION_CONTEXT(2) 
PARAMETRIC_REPRESENTATION_CONTEXT() REPRESENTATION_CONTEXT('2D SPACE',''
  ) );
#7911 = PCURVE('',#7281,#7912);
#7912 = DEFINITIONAL_REPRESENTATION('',(#7913),#7917);
#7913 = LINE('',#7914,#7915);
#7914 = CARTESIAN_POINT('',(34.15,-19.5579741336));
#7915 = VECTOR('',#7916,1.);
#7916 = DIRECTION('',(0.,1.));
#7917 = ( GEOMETRIC_REPRESENTATION_CONTEXT(2) 
PARAMETRIC_REPRESENTATION_CONTEXT() REPRESENTATION_CONTEXT('2D SPACE',''
  ) );
#7918 = ORIENTED_EDGE('',*,*,#7919,.T.);
#7919 = EDGE_CURVE('',#7897,#7920,#7922,.T.);
#7920 = VERTEX_POINT('',#7921);
#7921 = CARTESIAN_POINT('',(34.15,-13.04899255216,12.010290587748));
#7922 = SURFACE_CURVE('',#7923,(#7927,#7934),.PCURVE_S1.);
#7923 = LINE('',#7924,#7925);
#7924 = CARTESIAN_POINT('',(34.15,-40.53820053254,-90.58083025487));
#7925 = VECTOR('',#7926,1.);
#7926 = DIRECTION('',(0.,0.258819045103,0.965925826289));
#7927 = PCURVE('',#7772,#7928);
#7928 = DEFINITIONAL_REPRESENTATION('',(#7929),#7933);
#7929 = LINE('',#7930,#7931);
#7930 = CARTESIAN_POINT('',(-20.53820053254,90.580830254875));
#7931 = VECTOR('',#7932,1.);
#7932 = DIRECTION('',(0.258819045103,-0.965925826289));
#7933 = ( GEOMETRIC_REPRESENTATION_CONTEXT(2) 
PARAMETRIC_REPRESENTATION_CONTEXT() REPRESENTATION_CONTEXT('2D SPACE',''
  ) );
#7934 = PCURVE('',#7935,#7940);
#7935 = CYLINDRICAL_SURFACE('',#7936,3.);
#7936 = AXIS2_PLACEMENT_3D('',#7937,#7938,#7939);
#7937 = CARTESIAN_POINT('',(31.15,-14.65629602229,6.011752374032));
#7938 = DIRECTION('',(0.,-0.258819045103,-0.965925826289));
#7939 = DIRECTION('',(-1.184237892934E-15,-0.965925826289,0.258819045103
    ));
#7940 = DEFINITIONAL_REPRESENTATION('',(#7941),#7945);
#7941 = LINE('',#7942,#7943);
#7942 = CARTESIAN_POINT('',(-1.570796326795,100.));
#7943 = VECTOR('',#7944,1.);
#7944 = DIRECTION('',(-0.,-1.));
#7945 = ( GEOMETRIC_REPRESENTATION_CONTEXT(2) 
PARAMETRIC_REPRESENTATION_CONTEXT() REPRESENTATION_CONTEXT('2D SPACE',''
  ) );
#7946 = ORIENTED_EDGE('',*,*,#7947,.F.);
#7947 = EDGE_CURVE('',#7948,#7920,#7950,.T.);
#7948 = VERTEX_POINT('',#7949);
#7949 = CARTESIAN_POINT('',(34.15,-8.114692943617,12.923847004948));
#7950 = SURFACE_CURVE('',#7951,(#7955,#7962),.PCURVE_S1.);
#7951 = LINE('',#7952,#7953);
#7952 = CARTESIAN_POINT('',(34.15,-8.114692943617,12.923847004948));
#7953 = VECTOR('',#7954,1.);
#7954 = DIRECTION('',(-0.,-0.983289238916,-0.182050192619));
#7955 = PCURVE('',#7772,#7956);
#7956 = DEFINITIONAL_REPRESENTATION('',(#7957),#7961);
#7957 = LINE('',#7958,#7959);
#7958 = CARTESIAN_POINT('',(11.885307056383,-12.92384700494));
#7959 = VECTOR('',#7960,1.);
#7960 = DIRECTION('',(-0.983289238916,0.182050192619));
#7961 = ( GEOMETRIC_REPRESENTATION_CONTEXT(2) 
PARAMETRIC_REPRESENTATION_CONTEXT() REPRESENTATION_CONTEXT('2D SPACE',''
  ) );
#7962 = PCURVE('',#7963,#7968);
#7963 = CYLINDRICAL_SURFACE('',#7964,0.65);
#7964 = AXIS2_PLACEMENT_3D('',#7965,#7966,#7967);
#7965 = CARTESIAN_POINT('',(33.5,-8.114692943617,12.923847004948));
#7966 = DIRECTION('',(-0.,-0.983289238916,-0.182050192619));
#7967 = DIRECTION('',(0.,-0.182050192619,0.983289238916));
#7968 = DEFINITIONAL_REPRESENTATION('',(#7969),#7973);
#7969 = LINE('',#7970,#7971);
#7970 = CARTESIAN_POINT('',(-1.570796326795,0.));
#7971 = VECTOR('',#7972,1.);
#7972 = DIRECTION('',(-0.,1.));
#7973 = ( GEOMETRIC_REPRESENTATION_CONTEXT(2) 
PARAMETRIC_REPRESENTATION_CONTEXT() REPRESENTATION_CONTEXT('2D SPACE',''
  ) );
#7974 = ORIENTED_EDGE('',*,*,#7975,.F.);
#7975 = EDGE_CURVE('',#7976,#7948,#7978,.T.);
#7976 = VERTEX_POINT('',#7977);
#7977 = CARTESIAN_POINT('',(34.15,-6.262902172383,13.029810379283));
#7978 = SURFACE_CURVE('',#7979,(#7990,#8004),.PCURVE_S1.);
#7979 = ( BOUNDED_CURVE() B_SPLINE_CURVE(9,(#7980,#7981,#7982,#7983,
    #7984,#7985,#7986,#7987,#7988,#7989),.UNSPECIFIED.,.F.,.F.) 
B_SPLINE_CURVE_WITH_KNOTS((10,10),(2.129342655841,4.221727387039),
.PIECEWISE_BEZIER_KNOTS.) CURVE() GEOMETRIC_REPRESENTATION_ITEM() 
RATIONAL_B_SPLINE_CURVE((1.,1.,1.,1.,1.,1.,1.,1.,1.,1.)) 
REPRESENTATION_ITEM('') );
#7980 = CARTESIAN_POINT('',(34.15,-6.262902172383,13.029810379283));
#7981 = CARTESIAN_POINT('',(34.15,-6.456461398838,13.0840309041));
#7982 = CARTESIAN_POINT('',(34.15,-6.640622726639,13.107147395636));
#7983 = CARTESIAN_POINT('',(34.15,-6.824671950082,13.10955987586));
#7984 = CARTESIAN_POINT('',(34.15,-7.014401839569,13.102059906293));
#7985 = CARTESIAN_POINT('',(34.15,-7.222073231806,13.080251158402));
#7986 = CARTESIAN_POINT('',(34.15,-7.436333828943,13.047915186855));
#7987 = CARTESIAN_POINT('',(34.15,-7.658864981837,13.008852165096));
#7988 = CARTESIAN_POINT('',(34.15,-7.884959319703,12.966380827988));
#7989 = CARTESIAN_POINT('',(34.15,-8.114692943617,12.923847004948));
#7990 = PCURVE('',#7772,#7991);
#7991 = DEFINITIONAL_REPRESENTATION('',(#7992),#8003);
#7992 = ( BOUNDED_CURVE() B_SPLINE_CURVE(9,(#7993,#7994,#7995,#7996,
    #7997,#7998,#7999,#8000,#8001,#8002),.UNSPECIFIED.,.F.,.F.) 
B_SPLINE_CURVE_WITH_KNOTS((10,10),(2.129342655841,4.221727387039),
.PIECEWISE_BEZIER_KNOTS.) CURVE() GEOMETRIC_REPRESENTATION_ITEM() 
RATIONAL_B_SPLINE_CURVE((1.,1.,1.,1.,1.,1.,1.,1.,1.,1.)) 
REPRESENTATION_ITEM('') );
#7993 = CARTESIAN_POINT('',(13.737097827617,-13.02981037928));
#7994 = CARTESIAN_POINT('',(13.543538601162,-13.0840309041));
#7995 = CARTESIAN_POINT('',(13.359377273361,-13.10714739563));
#7996 = CARTESIAN_POINT('',(13.175328049918,-13.10955987586));
#7997 = CARTESIAN_POINT('',(12.985598160431,-13.10205990629));
#7998 = CARTESIAN_POINT('',(12.777926768194,-13.0802511584));
#7999 = CARTESIAN_POINT('',(12.563666171057,-13.04791518685));
#8000 = CARTESIAN_POINT('',(12.341135018163,-13.00885216509));
#8001 = CARTESIAN_POINT('',(12.115040680297,-12.96638082798));
#8002 = CARTESIAN_POINT('',(11.885307056383,-12.92384700494));
#8003 = ( GEOMETRIC_REPRESENTATION_CONTEXT(2) 
PARAMETRIC_REPRESENTATION_CONTEXT() REPRESENTATION_CONTEXT('2D SPACE',''
  ) );
#8004 = PCURVE('',#8005,#8036);
#8005 = ( BOUNDED_SURFACE() B_SPLINE_SURFACE(2,9,(
    (#8006,#8007,#8008,#8009,#8010,#8011,#8012,#8013,#8014,#8015)
    ,(#8016,#8017,#8018,#8019,#8020,#8021,#8022,#8023,#8024,#8025)
    ,(#8026,#8027,#8028,#8029,#8030,#8031,#8032,#8033,#8034,#8035
)),.UNSPECIFIED.,.F.,.F.,.F.) B_SPLINE_SURFACE_WITH_KNOTS((3,3),(10,10),
  (0.,2.092384731198),(2.129342655841,4.221727387039),
.PIECEWISE_BEZIER_KNOTS.) GEOMETRIC_REPRESENTATION_ITEM() 
RATIONAL_B_SPLINE_SURFACE((
    (1.,1.,1.,1.,1.,1.,1.,1.,1.,1.)
    ,(0.707106781187,0.707106781187,0.707106781187,0.707106781187
      ,0.707106781187,0.707106781187,0.707106781187,0.707106781187
      ,0.707106781187,0.707106781187)
,(1.,1.,1.,1.,1.,1.,1.,1.,1.,1.))) REPRESENTATION_ITEM('') SURFACE() );
#8006 = CARTESIAN_POINT('',(33.5,-6.134596775004,13.667021274516));
#8007 = CARTESIAN_POINT('',(33.5,-6.363541597005,13.728366854683));
#8008 = CARTESIAN_POINT('',(33.5,-6.598728684361,13.759449574421));
#8009 = CARTESIAN_POINT('',(33.5,-6.836446986614,13.76475108008));
#8010 = CARTESIAN_POINT('',(33.5,-7.07136907869,13.751712140208));
#8011 = CARTESIAN_POINT('',(33.5,-7.309847547059,13.72537079227));
#8012 = CARTESIAN_POINT('',(33.5,-7.546009319588,13.688804116856));
#8013 = CARTESIAN_POINT('',(33.5,-7.780073629972,13.647386543571));
#8014 = CARTESIAN_POINT('',(33.5,-8.009526836084,13.604364480021));
#8015 = CARTESIAN_POINT('',(33.5,-8.23302556882,13.562985010243));
#8016 = CARTESIAN_POINT('',(34.15,-6.134596775004,13.667021274516));
#8017 = CARTESIAN_POINT('',(34.15,-6.363541597005,13.728366854683));
#8018 = CARTESIAN_POINT('',(34.15,-6.598728684361,13.759449574421));
#8019 = CARTESIAN_POINT('',(34.15,-6.836446986614,13.76475108008));
#8020 = CARTESIAN_POINT('',(34.15,-7.07136907869,13.751712140208));
#8021 = CARTESIAN_POINT('',(34.15,-7.309847547059,13.72537079227));
#8022 = CARTESIAN_POINT('',(34.15,-7.546009319588,13.688804116856));
#8023 = CARTESIAN_POINT('',(34.15,-7.780073629972,13.647386543571));
#8024 = CARTESIAN_POINT('',(34.15,-8.009526836084,13.604364480021));
#8025 = CARTESIAN_POINT('',(34.15,-8.23302556882,13.562985010243));
#8026 = CARTESIAN_POINT('',(34.15,-6.262902172383,13.029810379283));
#8027 = CARTESIAN_POINT('',(34.15,-6.456461398838,13.0840309041));
#8028 = CARTESIAN_POINT('',(34.15,-6.640622726639,13.107147395636));
#8029 = CARTESIAN_POINT('',(34.15,-6.824671950082,13.10955987586));
#8030 = CARTESIAN_POINT('',(34.15,-7.014401839569,13.102059906293));
#8031 = CARTESIAN_POINT('',(34.15,-7.222073231806,13.080251158402));
#8032 = CARTESIAN_POINT('',(34.15,-7.436333828943,13.047915186855));
#8033 = CARTESIAN_POINT('',(34.15,-7.658864981837,13.008852165096));
#8034 = CARTESIAN_POINT('',(34.15,-7.884959319703,12.966380827988));
#8035 = CARTESIAN_POINT('',(34.15,-8.114692943617,12.923847004948));
#8036 = DEFINITIONAL_REPRESENTATION('',(#8037),#8041);
#8037 = LINE('',#8038,#8039);
#8038 = CARTESIAN_POINT('',(2.092384731198,0.));
#8039 = VECTOR('',#8040,1.);
#8040 = DIRECTION('',(0.,1.));
#8041 = ( GEOMETRIC_REPRESENTATION_CONTEXT(2) 
PARAMETRIC_REPRESENTATION_CONTEXT() REPRESENTATION_CONTEXT('2D SPACE',''
  ) );
#8042 = ORIENTED_EDGE('',*,*,#8043,.F.);
#8043 = EDGE_CURVE('',#8044,#7976,#8046,.T.);
#8044 = VERTEX_POINT('',#8045);
#8045 = CARTESIAN_POINT('',(34.15,-4.891815260208,12.702775237967));
#8046 = SURFACE_CURVE('',#8047,(#8071,#8098),.PCURVE_S1.);
#8047 = B_SPLINE_CURVE_WITH_KNOTS('',8,(#8048,#8049,#8050,#8051,#8052,
    #8053,#8054,#8055,#8056,#8057,#8058,#8059,#8060,#8061,#8062,#8063,
    #8064,#8065,#8066,#8067,#8068,#8069,#8070),.UNSPECIFIED.,.F.,.F.,(9,
    7,7,9),(-0.2316423679,9.65260028418E-02,2.103151827178,
    2.129342655841),.UNSPECIFIED.);
#8048 = CARTESIAN_POINT('',(34.15,-3.879354467331,12.519655373268));
#8049 = CARTESIAN_POINT('',(34.15,-3.922088729812,12.526850141707));
#8050 = CARTESIAN_POINT('',(34.15,-3.964822992294,12.534044910146));
#8051 = CARTESIAN_POINT('',(34.15,-4.007557254775,12.541239678585));
#8052 = CARTESIAN_POINT('',(34.15,-4.050291517256,12.548434447023));
#8053 = CARTESIAN_POINT('',(34.15,-4.093025779738,12.555629215462));
#8054 = CARTESIAN_POINT('',(34.15,-4.135760042219,12.562823983901));
#8055 = CARTESIAN_POINT('',(34.15,-4.1784943047,12.57001875234));
#8056 = CARTESIAN_POINT('',(34.15,-4.482532465803,12.621206816405));
#8057 = CARTESIAN_POINT('',(34.15,-4.742890110675,12.669632807608));
#8058 = CARTESIAN_POINT('',(34.15,-5.002011284842,12.721782192321));
#8059 = CARTESIAN_POINT('',(34.15,-5.263391210013,12.7793863834));
#8060 = CARTESIAN_POINT('',(34.15,-5.52366548397,12.838392775691));
#8061 = CARTESIAN_POINT('',(34.15,-5.785274031843,12.904735883641));
#8062 = CARTESIAN_POINT('',(34.15,-6.030364431078,12.965312663389));
#8063 = CARTESIAN_POINT('',(34.15,-6.243753025618,13.024470297416));
#8064 = CARTESIAN_POINT('',(34.15,-6.246498795207,13.025232613441));
#8065 = CARTESIAN_POINT('',(34.150000000001,-6.249241085742,
    13.025995078893));
#8066 = CARTESIAN_POINT('',(34.149999999999,-6.251979949218,
    13.026757714676));
#8067 = CARTESIAN_POINT('',(34.15,-6.254715437626,13.0275205417));
#8068 = CARTESIAN_POINT('',(34.15,-6.25744760296,13.028283580871));
#8069 = CARTESIAN_POINT('',(34.15,-6.260176497215,13.029046853097));
#8070 = CARTESIAN_POINT('',(34.15,-6.262902172383,13.029810379283));
#8071 = PCURVE('',#7772,#8072);
#8072 = DEFINITIONAL_REPRESENTATION('',(#8073),#8097);
#8073 = B_SPLINE_CURVE_WITH_KNOTS('',8,(#8074,#8075,#8076,#8077,#8078,
    #8079,#8080,#8081,#8082,#8083,#8084,#8085,#8086,#8087,#8088,#8089,
    #8090,#8091,#8092,#8093,#8094,#8095,#8096),.UNSPECIFIED.,.F.,.F.,(9,
    7,7,9),(-0.2316423679,9.65260028418E-02,2.103151827178,
    2.129342655841),.UNSPECIFIED.);
#8074 = CARTESIAN_POINT('',(16.120645532669,-12.51965537326));
#8075 = CARTESIAN_POINT('',(16.077911270188,-12.5268501417));
#8076 = CARTESIAN_POINT('',(16.035177007707,-12.53404491014));
#8077 = CARTESIAN_POINT('',(15.992442745225,-12.54123967858));
#8078 = CARTESIAN_POINT('',(15.949708482744,-12.54843444702));
#8079 = CARTESIAN_POINT('',(15.906974220262,-12.55562921546));
#8080 = CARTESIAN_POINT('',(15.864239957781,-12.5628239839));
#8081 = CARTESIAN_POINT('',(15.8215056953,-12.57001875234));
#8082 = CARTESIAN_POINT('',(15.517467534197,-12.6212068164));
#8083 = CARTESIAN_POINT('',(15.257109889325,-12.6696328076));
#8084 = CARTESIAN_POINT('',(14.997988715158,-12.72178219232));
#8085 = CARTESIAN_POINT('',(14.736608789987,-12.7793863834));
#8086 = CARTESIAN_POINT('',(14.47633451603,-12.83839277569));
#8087 = CARTESIAN_POINT('',(14.214725968157,-12.90473588364));
#8088 = CARTESIAN_POINT('',(13.969635568922,-12.96531266338));
#8089 = CARTESIAN_POINT('',(13.756246974382,-13.02447029741));
#8090 = CARTESIAN_POINT('',(13.753501204793,-13.02523261344));
#8091 = CARTESIAN_POINT('',(13.750758914258,-13.02599507889));
#8092 = CARTESIAN_POINT('',(13.748020050782,-13.02675771467));
#8093 = CARTESIAN_POINT('',(13.745284562374,-13.0275205417));
#8094 = CARTESIAN_POINT('',(13.74255239704,-13.02828358087));
#8095 = CARTESIAN_POINT('',(13.739823502785,-13.02904685309));
#8096 = CARTESIAN_POINT('',(13.737097827617,-13.02981037928));
#8097 = ( GEOMETRIC_REPRESENTATION_CONTEXT(2) 
PARAMETRIC_REPRESENTATION_CONTEXT() REPRESENTATION_CONTEXT('2D SPACE',''
  ) );
#8098 = PCURVE('',#8099,#8169);
#8099 = ( BOUNDED_SURFACE() B_SPLINE_SURFACE(2,8,(
    (#8100,#8101,#8102,#8103,#8104,#8105,#8106,#8107,#8108,#8109,#8110
      ,#8111,#8112,#8113,#8114,#8115,#8116,#8117,#8118,#8119,#8120,#8121
      ,#8122)
    ,(#8123,#8124,#8125,#8126,#8127,#8128,#8129,#8130,#8131,#8132,#8133
      ,#8134,#8135,#8136,#8137,#8138,#8139,#8140,#8141,#8142,#8143,#8144
      ,#8145)
    ,(#8146,#8147,#8148,#8149,#8150,#8151,#8152,#8153,#8154,#8155,#8156
      ,#8157,#8158,#8159,#8160,#8161,#8162,#8163,#8164,#8165,#8166,#8167
,#8168
    )),.UNSPECIFIED.,.F.,.F.,.F.) B_SPLINE_SURFACE_WITH_KNOTS((3,3),(9,7
    ,7,9),(0.,2.032816652999),(-0.2316423679,9.65260028418E-02,
    2.103151827178,2.129342655841),.UNSPECIFIED.) 
GEOMETRIC_REPRESENTATION_ITEM() RATIONAL_B_SPLINE_SURFACE((
    (1.,1.,1.,1.,1.,1.,1.,1.,1.,1.,1.,1.,1.,1.,1.,1.,1.,1.,1.,1.,1.,1.
      ,1.)
    ,(0.707106781187,0.707106781187,0.707106781187,0.707106781187
      ,0.707106781187,0.707106781187,0.707106781187,0.707106781187
      ,0.707106781187,0.707106781187,0.707106781187,0.707106781187
      ,0.707106781187,0.707106781187,0.707106781187,0.707106781187
      ,0.707106781187,0.707106781187,0.707106781187,0.707106781187
      ,0.707106781187,0.707106781187,0.707106781187)
    ,(1.,1.,1.,1.,1.,1.,1.,1.,1.,1.,1.,1.,1.,1.,1.,1.,1.,1.,1.,1.,1.,1.
,1.))) REPRESENTATION_ITEM('') SURFACE() );
#8100 = CARTESIAN_POINT('',(33.5,-3.740471091566,13.154876901639));
#8101 = CARTESIAN_POINT('',(33.5,-3.783779600106,13.162139174744));
#8102 = CARTESIAN_POINT('',(33.5,-3.826925382535,13.169374160798));
#8103 = CARTESIAN_POINT('',(33.5,-3.869908438852,13.176581859801));
#8104 = CARTESIAN_POINT('',(33.5,-3.912728769057,13.183762271754));
#8105 = CARTESIAN_POINT('',(33.5,-3.955386373151,13.190915396656));
#8106 = CARTESIAN_POINT('',(33.5,-3.997881251133,13.198041234508));
#8107 = CARTESIAN_POINT('',(33.5,-4.040213403004,13.205139785309));
#8108 = CARTESIAN_POINT('',(33.5,-4.340232963847,13.255449160095));
#8109 = CARTESIAN_POINT('',(33.5,-4.597067265929,13.303042751533));
#8110 = CARTESIAN_POINT('',(33.5,-4.852249260109,13.354510194968));
#8111 = CARTESIAN_POINT('',(33.5,-5.107497517275,13.410045067838));
#8112 = CARTESIAN_POINT('',(33.5,-5.358968210875,13.468140094747));
#8113 = CARTESIAN_POINT('',(33.5,-5.613468978291,13.530491083337));
#8114 = CARTESIAN_POINT('',(33.5,-5.861744317535,13.594161481782));
#8115 = CARTESIAN_POINT('',(33.5,-6.112027292872,13.66098311507));
#8116 = CARTESIAN_POINT('',(33.5,-6.11525180737,13.661844456298));
#8117 = CARTESIAN_POINT('',(33.500000000001,-6.11847620047,
    13.662706210827));
#8118 = CARTESIAN_POINT('',(33.499999999999,-6.121700484459,
    13.66356838127));
#8119 = CARTESIAN_POINT('',(33.5,-6.12492467162,13.664430970245));
#8120 = CARTESIAN_POINT('',(33.5,-6.128148774241,13.665293980367));
#8121 = CARTESIAN_POINT('',(33.5,-6.131372804607,13.666157414252));
#8122 = CARTESIAN_POINT('',(33.5,-6.134596775004,13.667021274516));
#8123 = CARTESIAN_POINT('',(34.15,-3.740471091566,13.154876901639));
#8124 = CARTESIAN_POINT('',(34.15,-3.783779600106,13.162139174744));
#8125 = CARTESIAN_POINT('',(34.15,-3.826925382535,13.169374160798));
#8126 = CARTESIAN_POINT('',(34.15,-3.869908438852,13.176581859801));
#8127 = CARTESIAN_POINT('',(34.15,-3.912728769057,13.183762271754));
#8128 = CARTESIAN_POINT('',(34.15,-3.955386373151,13.190915396656));
#8129 = CARTESIAN_POINT('',(34.15,-3.997881251133,13.198041234508));
#8130 = CARTESIAN_POINT('',(34.15,-4.040213403004,13.205139785309));
#8131 = CARTESIAN_POINT('',(34.15,-4.340232963847,13.255449160095));
#8132 = CARTESIAN_POINT('',(34.15,-4.597067265929,13.303042751533));
#8133 = CARTESIAN_POINT('',(34.15,-4.852249260109,13.354510194968));
#8134 = CARTESIAN_POINT('',(34.15,-5.107497517275,13.410045067839));
#8135 = CARTESIAN_POINT('',(34.15,-5.358968210875,13.468140094747));
#8136 = CARTESIAN_POINT('',(34.15,-5.613468978291,13.530491083337));
#8137 = CARTESIAN_POINT('',(34.15,-5.861744317535,13.594161481782));
#8138 = CARTESIAN_POINT('',(34.15,-6.112027292872,13.66098311507));
#8139 = CARTESIAN_POINT('',(34.15,-6.11525180737,13.661844456298));
#8140 = CARTESIAN_POINT('',(34.15,-6.118476200471,13.662706210826));
#8141 = CARTESIAN_POINT('',(34.15,-6.121700484459,13.66356838127));
#8142 = CARTESIAN_POINT('',(34.15,-6.12492467162,13.664430970245));
#8143 = CARTESIAN_POINT('',(34.15,-6.128148774241,13.665293980367));
#8144 = CARTESIAN_POINT('',(34.15,-6.131372804607,13.666157414252));
#8145 = CARTESIAN_POINT('',(34.15,-6.134596775004,13.667021274516));
#8146 = CARTESIAN_POINT('',(34.15,-3.879354467331,12.519655373268));
#8147 = CARTESIAN_POINT('',(34.15,-3.922088729812,12.526850141707));
#8148 = CARTESIAN_POINT('',(34.15,-3.964822992294,12.534044910146));
#8149 = CARTESIAN_POINT('',(34.15,-4.007557254775,12.541239678585));
#8150 = CARTESIAN_POINT('',(34.15,-4.050291517256,12.548434447023));
#8151 = CARTESIAN_POINT('',(34.15,-4.093025779738,12.555629215462));
#8152 = CARTESIAN_POINT('',(34.15,-4.135760042219,12.562823983901));
#8153 = CARTESIAN_POINT('',(34.15,-4.1784943047,12.57001875234));
#8154 = CARTESIAN_POINT('',(34.15,-4.482532465803,12.621206816405));
#8155 = CARTESIAN_POINT('',(34.15,-4.742890110675,12.669632807608));
#8156 = CARTESIAN_POINT('',(34.15,-5.002011284842,12.721782192321));
#8157 = CARTESIAN_POINT('',(34.15,-5.263391210013,12.7793863834));
#8158 = CARTESIAN_POINT('',(34.15,-5.52366548397,12.838392775691));
#8159 = CARTESIAN_POINT('',(34.15,-5.785274031843,12.904735883641));
#8160 = CARTESIAN_POINT('',(34.15,-6.030364431078,12.965312663389));
#8161 = CARTESIAN_POINT('',(34.15,-6.243753025618,13.024470297416));
#8162 = CARTESIAN_POINT('',(34.15,-6.246498795207,13.025232613441));
#8163 = CARTESIAN_POINT('',(34.150000000001,-6.249241085742,
    13.025995078893));
#8164 = CARTESIAN_POINT('',(34.149999999999,-6.251979949218,
    13.026757714676));
#8165 = CARTESIAN_POINT('',(34.15,-6.254715437626,13.0275205417));
#8166 = CARTESIAN_POINT('',(34.15,-6.25744760296,13.028283580871));
#8167 = CARTESIAN_POINT('',(34.15,-6.260176497215,13.029046853097));
#8168 = CARTESIAN_POINT('',(34.15,-6.262902172383,13.029810379283));
#8169 = DEFINITIONAL_REPRESENTATION('',(#8170),#8174);
#8170 = LINE('',#8171,#8172);
#8171 = CARTESIAN_POINT('',(2.032816652999,0.));
#8172 = VECTOR('',#8173,1.);
#8173 = DIRECTION('',(0.,1.));
#8174 = ( GEOMETRIC_REPRESENTATION_CONTEXT(2) 
PARAMETRIC_REPRESENTATION_CONTEXT() REPRESENTATION_CONTEXT('2D SPACE',''
  ) );
#8175 = ORIENTED_EDGE('',*,*,#8176,.T.);
#8176 = EDGE_CURVE('',#8044,#8177,#8179,.T.);
#8177 = VERTEX_POINT('',#8178);
#8178 = CARTESIAN_POINT('',(34.15,-6.193743741263,7.843911998847));
#8179 = SURFACE_CURVE('',#8180,(#8184,#8191),.PCURVE_S1.);
#8180 = LINE('',#8181,#8182);
#8181 = CARTESIAN_POINT('',(34.15,-4.710234616125,13.380443427355));
#8182 = VECTOR('',#8183,1.);
#8183 = DIRECTION('',(0.,-0.258819045103,-0.965925826289));
#8184 = PCURVE('',#7772,#8185);
#8185 = DEFINITIONAL_REPRESENTATION('',(#8186),#8190);
#8186 = LINE('',#8187,#8188);
#8187 = CARTESIAN_POINT('',(15.289765383875,-13.38044342735));
#8188 = VECTOR('',#8189,1.);
#8189 = DIRECTION('',(-0.258819045103,0.965925826289));
#8190 = ( GEOMETRIC_REPRESENTATION_CONTEXT(2) 
PARAMETRIC_REPRESENTATION_CONTEXT() REPRESENTATION_CONTEXT('2D SPACE',''
  ) );
#8191 = PCURVE('',#8192,#8197);
#8192 = CYLINDRICAL_SURFACE('',#8193,0.65);
#8193 = AXIS2_PLACEMENT_3D('',#8194,#8195,#8196);
#8194 = CARTESIAN_POINT('',(33.5,-4.710234616125,13.380443427355));
#8195 = DIRECTION('',(0.,-0.258819045103,-0.965925826289));
#8196 = DIRECTION('',(1.,0.,0.));
#8197 = DEFINITIONAL_REPRESENTATION('',(#8198),#8202);
#8198 = LINE('',#8199,#8200);
#8199 = CARTESIAN_POINT('',(-0.,0.));
#8200 = VECTOR('',#8201,1.);
#8201 = DIRECTION('',(-0.,1.));
#8202 = ( GEOMETRIC_REPRESENTATION_CONTEXT(2) 
PARAMETRIC_REPRESENTATION_CONTEXT() REPRESENTATION_CONTEXT('2D SPACE',''
  ) );
#8203 = ORIENTED_EDGE('',*,*,#8204,.T.);
#8204 = EDGE_CURVE('',#8177,#8205,#8207,.T.);
#8205 = VERTEX_POINT('',#8206);
#8206 = CARTESIAN_POINT('',(34.15,2.596181277967,5.488658688414));
#8207 = SURFACE_CURVE('',#8208,(#8213,#8224),.PCURVE_S1.);
#8208 = CIRCLE('',#8209,4.55);
#8209 = AXIS2_PLACEMENT_3D('',#8210,#8211,#8212);
#8210 = CARTESIAN_POINT('',(34.15,-1.798781231648,6.666285343631));
#8211 = DIRECTION('',(1.,0.,-0.));
#8212 = DIRECTION('',(0.,-0.965925826289,0.258819045103));
#8213 = PCURVE('',#7772,#8214);
#8214 = DEFINITIONAL_REPRESENTATION('',(#8215),#8223);
#8215 = ( BOUNDED_CURVE() B_SPLINE_CURVE(2,(#8216,#8217,#8218,#8219,
#8220,#8221,#8222),.UNSPECIFIED.,.T.,.F.) B_SPLINE_CURVE_WITH_KNOTS((1,2
    ,2,2,2,1),(-2.094395102393,0.,2.094395102393,4.188790204786,
6.28318530718,8.377580409573),.UNSPECIFIED.) CURVE() 
GEOMETRIC_REPRESENTATION_ITEM() RATIONAL_B_SPLINE_CURVE((1.,0.5,1.,0.5,
1.,0.5,1.)) REPRESENTATION_ITEM('') );
#8216 = CARTESIAN_POINT('',(13.806256258737,-7.843911998847));
#8217 = CARTESIAN_POINT('',(11.766547059555,-0.231613634833));
#8218 = CARTESIAN_POINT('',(19.378845423569,-2.271322834016));
#8219 = CARTESIAN_POINT('',(26.991143787583,-4.311032033198));
#8220 = CARTESIAN_POINT('',(21.418554622751,-9.88362119803));
#8221 = CARTESIAN_POINT('',(15.845965457919,-15.45621036286));
#8222 = CARTESIAN_POINT('',(13.806256258737,-7.843911998847));
#8223 = ( GEOMETRIC_REPRESENTATION_CONTEXT(2) 
PARAMETRIC_REPRESENTATION_CONTEXT() REPRESENTATION_CONTEXT('2D SPACE',''
  ) );
#8224 = PCURVE('',#973,#8225);
#8225 = DEFINITIONAL_REPRESENTATION('',(#8226),#8230);
#8226 = LINE('',#8227,#8228);
#8227 = CARTESIAN_POINT('',(0.,1.570796326795));
#8228 = VECTOR('',#8229,1.);
#8229 = DIRECTION('',(1.,0.));
#8230 = ( GEOMETRIC_REPRESENTATION_CONTEXT(2) 
PARAMETRIC_REPRESENTATION_CONTEXT() REPRESENTATION_CONTEXT('2D SPACE',''
  ) );
#8231 = ORIENTED_EDGE('',*,*,#8232,.T.);
#8232 = EDGE_CURVE('',#8205,#7757,#8233,.T.);
#8233 = SURFACE_CURVE('',#8234,(#8238,#8245),.PCURVE_S1.);
#8234 = LINE('',#8235,#8236);
#8235 = CARTESIAN_POINT('',(34.15,2.596181277967,5.488658688414));
#8236 = VECTOR('',#8237,1.);
#8237 = DIRECTION('',(0.,0.258819045103,0.965925826289));
#8238 = PCURVE('',#7772,#8239);
#8239 = DEFINITIONAL_REPRESENTATION('',(#8240),#8244);
#8240 = LINE('',#8241,#8242);
#8241 = CARTESIAN_POINT('',(22.596181277967,-5.488658688414));
#8242 = VECTOR('',#8243,1.);
#8243 = DIRECTION('',(0.258819045103,-0.965925826289));
#8244 = ( GEOMETRIC_REPRESENTATION_CONTEXT(2) 
PARAMETRIC_REPRESENTATION_CONTEXT() REPRESENTATION_CONTEXT('2D SPACE',''
  ) );
#8245 = PCURVE('',#688,#8246);
#8246 = DEFINITIONAL_REPRESENTATION('',(#8247),#8251);
#8247 = LINE('',#8248,#8249);
#8248 = CARTESIAN_POINT('',(-0.,0.));
#8249 = VECTOR('',#8250,1.);
#8250 = DIRECTION('',(-0.,1.));
#8251 = ( GEOMETRIC_REPRESENTATION_CONTEXT(2) 
PARAMETRIC_REPRESENTATION_CONTEXT() REPRESENTATION_CONTEXT('2D SPACE',''
  ) );
#8252 = ORIENTED_EDGE('',*,*,#7756,.F.);
#8253 = ADVANCED_FACE('',(#8254),#8099,.F.);
#8254 = FACE_BOUND('',#8255,.F.);
#8255 = EDGE_LOOP('',(#8256,#8348,#8349,#8371));
#8256 = ORIENTED_EDGE('',*,*,#8257,.T.);
#8257 = EDGE_CURVE('',#8258,#8044,#8260,.T.);
#8258 = VERTEX_POINT('',#8259);
#8259 = CARTESIAN_POINT('',(33.5,-4.082382828763,13.212211049059));
#8260 = SURFACE_CURVE('',#8261,(#8288,#8318),.PCURVE_S1.);
#8261 = B_SPLINE_CURVE_WITH_KNOTS('',7,(#8262,#8263,#8264,#8265,#8266,
    #8267,#8268,#8269,#8270,#8271,#8272,#8273,#8274,#8275,#8276,#8277,
    #8278,#8279,#8280,#8281,#8282,#8283,#8284,#8285,#8286,#8287),
  .UNSPECIFIED.,.F.,.F.,(8,6,6,6,8),(0.,0.105971136874,0.433751294078,
    0.86654629822,1.),.UNSPECIFIED.);
#8262 = CARTESIAN_POINT('',(33.5,-4.082382828763,13.212211049059));
#8263 = CARTESIAN_POINT('',(33.516099287364,-4.082382828763,
    13.212211049059));
#8264 = CARTESIAN_POINT('',(33.532312954136,-4.082964540148,
    13.211837468892));
#8265 = CARTESIAN_POINT('',(33.548612766371,-4.084142876816,
    13.211080728182));
#8266 = CARTESIAN_POINT('',(33.564968806579,-4.085929309901,
    13.209933534521));
#8267 = CARTESIAN_POINT('',(33.581349895219,-4.088331540158,
    13.208391096008));
#8268 = CARTESIAN_POINT('',(33.597724012181,-4.091353170344,
    13.206451333774));
#8269 = CARTESIAN_POINT('',(33.664583726214,-4.106252931348,
    13.196888854517));
#8270 = CARTESIAN_POINT('',(33.714749398153,-4.123434501494,
    13.185866894095));
#8271 = CARTESIAN_POINT('',(33.763550708814,-4.14651327999,
    13.171074442639));
#8272 = CARTESIAN_POINT('',(33.810108708878,-4.175066383935,
    13.152799654682));
#8273 = CARTESIAN_POINT('',(33.853795701542,-4.208421310332,
    13.131495524858));
#8274 = CARTESIAN_POINT('',(33.894202974717,-4.245849720176,
    13.107647132618));
#8275 = CARTESIAN_POINT('',(33.979802631419,-4.340497223176,
    13.047497691952));
#8276 = CARTESIAN_POINT('',(34.022386660867,-4.400222280497,
    13.009650342069));
#8277 = CARTESIAN_POINT('',(34.058451360677,-4.464349867948,
    12.96915455602));
#8278 = CARTESIAN_POINT('',(34.087945836923,-4.531526655677,
    12.926898784481));
#8279 = CARTESIAN_POINT('',(34.110983439611,-4.600622021732,
    12.883611526214));
#8280 = CARTESIAN_POINT('',(34.127765160076,-4.670682508685,
    12.839895286229));
#8281 = CARTESIAN_POINT('',(34.141847979283,-4.762557598198,
    12.7827882909));
#8282 = CARTESIAN_POINT('',(34.144594181072,-4.784221634102,
    12.769338565114));
#8283 = CARTESIAN_POINT('',(34.146774510967,-4.805870754405,
    12.755914056876));
#8284 = CARTESIAN_POINT('',(34.148396610187,-4.827479530792,
    12.742530376741));
#8285 = CARTESIAN_POINT('',(34.149468790887,-4.84902290349,
    12.729202799997));
#8286 = CARTESIAN_POINT('',(34.150000036152,-4.870476181265,
    12.715946266664));
#8287 = CARTESIAN_POINT('',(34.15,-4.89181504143,12.702775381494));
#8288 = PCURVE('',#8099,#8289);
#8289 = DEFINITIONAL_REPRESENTATION('',(#8290),#8317);
#8290 = B_SPLINE_CURVE_WITH_KNOTS('',7,(#8291,#8292,#8293,#8294,#8295,
    #8296,#8297,#8298,#8299,#8300,#8301,#8302,#8303,#8304,#8305,#8306,
    #8307,#8308,#8309,#8310,#8311,#8312,#8313,#8314,#8315,#8316),
  .UNSPECIFIED.,.F.,.F.,(8,6,6,6,8),(0.,0.105971136874,0.433751294078,
    0.86654629822,1.),.UNSPECIFIED.);
#8291 = CARTESIAN_POINT('',(0.,9.65260028418E-02));
#8292 = CARTESIAN_POINT('',(3.560217312548E-02,9.65260028418E-02));
#8293 = CARTESIAN_POINT('',(7.103117265939E-02,9.699520760468E-02));
#8294 = CARTESIAN_POINT('',(0.106276293158,9.794564813715E-02));
#8295 = CARTESIAN_POINT('',(0.141327448404,9.938653372052E-02));
#8296 = CARTESIAN_POINT('',(0.176174979493,0.101323986723));
#8297 = CARTESIAN_POINT('',(0.210809462923,0.103760777413));
#8298 = CARTESIAN_POINT('',(0.351661719073,0.11577520063));
#8299 = CARTESIAN_POINT('',(0.456011202564,0.129626696695));
#8300 = CARTESIAN_POINT('',(0.557893319106,0.148225212167));
#8301 = CARTESIAN_POINT('',(0.657289755694,0.171220045984));
#8302 = CARTESIAN_POINT('',(0.754349142222,0.198057076883));
#8303 = CARTESIAN_POINT('',(0.849298335372,0.228138384975));
#8304 = CARTESIAN_POINT('',(1.065380766239,0.304109931991));
#8305 = CARTESIAN_POINT('',(1.185172246731,0.351983207522));
#8306 = CARTESIAN_POINT('',(1.302841460364,0.403293795772));
#8307 = CARTESIAN_POINT('',(1.419387893007,0.456927201294));
#8308 = CARTESIAN_POINT('',(1.535740972978,0.511946220138));
#8309 = CARTESIAN_POINT('',(1.652851855984,0.567559107251));
#8310 = CARTESIAN_POINT('',(1.808438826053,0.640236888781));
#8311 = CARTESIAN_POINT('',(1.845271945077,0.657356017429));
#8312 = CARTESIAN_POINT('',(1.882296251615,0.674444481145));
#8313 = CARTESIAN_POINT('',(1.919537855035,0.691481688557));
#8314 = CARTESIAN_POINT('',(1.957022111656,0.708447524408));
#8315 = CARTESIAN_POINT('',(1.994773624755,0.725322349559));
#8316 = CARTESIAN_POINT('',(2.032816244563,0.742087000986));
#8317 = ( GEOMETRIC_REPRESENTATION_CONTEXT(2) 
PARAMETRIC_REPRESENTATION_CONTEXT() REPRESENTATION_CONTEXT('2D SPACE',''
  ) );
#8318 = PCURVE('',#8192,#8319);
#8319 = DEFINITIONAL_REPRESENTATION('',(#8320),#8347);
#8320 = B_SPLINE_CURVE_WITH_KNOTS('',7,(#8321,#8322,#8323,#8324,#8325,
    #8326,#8327,#8328,#8329,#8330,#8331,#8332,#8333,#8334,#8335,#8336,
    #8337,#8338,#8339,#8340,#8341,#8342,#8343,#8344,#8345,#8346),
  .UNSPECIFIED.,.F.,.F.,(8,6,6,6,8),(0.,0.105971136874,0.433751294078,
    0.86654629822,1.),.UNSPECIFIED.);
#8321 = CARTESIAN_POINT('',(-1.570796326795,-1.057356868728E-09));
#8322 = CARTESIAN_POINT('',(-1.546028192389,-1.0573567782E-09));
#8323 = CARTESIAN_POINT('',(-1.521084080521,5.11407659143E-04));
#8324 = CARTESIAN_POINT('',(-1.495982646393,1.547339026566E-03));
#8325 = CARTESIAN_POINT('',(-1.470743467164,3.117805916354E-03));
#8326 = CARTESIAN_POINT('',(-1.445386998274,5.229430053075E-03));
#8327 = CARTESIAN_POINT('',(-1.419934529767,7.885151930536E-03));
#8328 = CARTESIAN_POINT('',(-1.315452273705,2.097813952375E-02));
#8329 = CARTESIAN_POINT('',(-1.235761514948,3.607145333072E-02));
#8330 = CARTESIAN_POINT('',(-1.156059667566,5.633309163808E-02));
#8331 = CARTESIAN_POINT('',(-1.076893417634,8.137526839361E-02));
#8332 = CARTESIAN_POINT('',(-0.998630627069,0.110586367797));
#8333 = CARTESIAN_POINT('',(-0.921514536863,0.143309331072));
#8334 = CARTESIAN_POINT('',(-0.745555769099,0.225905805596));
#8335 = CARTESIAN_POINT('',(-0.647655268385,0.27792152061));
#8336 = CARTESIAN_POINT('',(-0.551980970027,0.333634887159));
#8337 = CARTESIAN_POINT('',(-0.458384406592,0.391837460251));
#8338 = CARTESIAN_POINT('',(-0.366688360385,0.451532937624));
#8339 = CARTESIAN_POINT('',(-0.276683722447,0.511892571186));
#8340 = CARTESIAN_POINT('',(-0.160848496095,0.590832715773));
#8341 = CARTESIAN_POINT('',(-0.133693733653,0.609431218352));
#8342 = CARTESIAN_POINT('',(-0.106680487238,0.628001502209));
#8343 = CARTESIAN_POINT('',(-7.980591275094E-02,0.646521907372));
#8344 = CARTESIAN_POINT('',(-5.306813196464E-02,0.6649711931));
#8345 = CARTESIAN_POINT('',(-2.646623252779E-02,0.683328537882));
#8346 = CARTESIAN_POINT('',(-2.679630780514E-07,0.701573539434));
#8347 = ( GEOMETRIC_REPRESENTATION_CONTEXT(2) 
PARAMETRIC_REPRESENTATION_CONTEXT() REPRESENTATION_CONTEXT('2D SPACE',''
  ) );
#8348 = ORIENTED_EDGE('',*,*,#8043,.T.);
#8349 = ORIENTED_EDGE('',*,*,#8350,.F.);
#8350 = EDGE_CURVE('',#8351,#7976,#8353,.T.);
#8351 = VERTEX_POINT('',#8352);
#8352 = CARTESIAN_POINT('',(33.5,-6.134596775004,13.667021274516));
#8353 = SURFACE_CURVE('',#8354,(#8358,#8365),.PCURVE_S1.);
#8354 = ( BOUNDED_CURVE() B_SPLINE_CURVE(2,(#8355,#8356,#8357),
.UNSPECIFIED.,.F.,.F.) B_SPLINE_CURVE_WITH_KNOTS((3,3),(0.,
2.032816652999),.PIECEWISE_BEZIER_KNOTS.) CURVE() 
GEOMETRIC_REPRESENTATION_ITEM() RATIONAL_B_SPLINE_CURVE((1.,
0.707106781187,1.)) REPRESENTATION_ITEM('') );
#8355 = CARTESIAN_POINT('',(33.5,-6.134596775004,13.667021274516));
#8356 = CARTESIAN_POINT('',(34.15,-6.134596775004,13.667021274516));
#8357 = CARTESIAN_POINT('',(34.15,-6.262902172383,13.029810379283));
#8358 = PCURVE('',#8099,#8359);
#8359 = DEFINITIONAL_REPRESENTATION('',(#8360),#8364);
#8360 = LINE('',#8361,#8362);
#8361 = CARTESIAN_POINT('',(0.,2.129342655841));
#8362 = VECTOR('',#8363,1.);
#8363 = DIRECTION('',(1.,0.));
#8364 = ( GEOMETRIC_REPRESENTATION_CONTEXT(2) 
PARAMETRIC_REPRESENTATION_CONTEXT() REPRESENTATION_CONTEXT('2D SPACE',''
  ) );
#8365 = PCURVE('',#8005,#8366);
#8366 = DEFINITIONAL_REPRESENTATION('',(#8367),#8370);
#8367 = B_SPLINE_CURVE_WITH_KNOTS('',1,(#8368,#8369),.UNSPECIFIED.,.F.,
  .F.,(2,2),(0.,2.032816652999),.PIECEWISE_BEZIER_KNOTS.);
#8368 = CARTESIAN_POINT('',(0.,2.129342655841));
#8369 = CARTESIAN_POINT('',(2.092384731198,2.129342655841));
#8370 = ( GEOMETRIC_REPRESENTATION_CONTEXT(2) 
PARAMETRIC_REPRESENTATION_CONTEXT() REPRESENTATION_CONTEXT('2D SPACE',''
  ) );
#8371 = ORIENTED_EDGE('',*,*,#8372,.F.);
#8372 = EDGE_CURVE('',#8258,#8351,#8373,.T.);
#8373 = SURFACE_CURVE('',#8374,(#8398,#8405),.PCURVE_S1.);
#8374 = B_SPLINE_CURVE_WITH_KNOTS('',8,(#8375,#8376,#8377,#8378,#8379,
    #8380,#8381,#8382,#8383,#8384,#8385,#8386,#8387,#8388,#8389,#8390,
    #8391,#8392,#8393,#8394,#8395,#8396,#8397),.UNSPECIFIED.,.F.,.F.,(9,
    7,7,9),(-0.2316423679,9.65260028418E-02,2.103151827178,
    2.129342655841),.UNSPECIFIED.);
#8375 = CARTESIAN_POINT('',(33.5,-3.740471091566,13.154876901639));
#8376 = CARTESIAN_POINT('',(33.5,-3.783779600106,13.162139174744));
#8377 = CARTESIAN_POINT('',(33.5,-3.826925382535,13.169374160798));
#8378 = CARTESIAN_POINT('',(33.5,-3.869908438852,13.176581859801));
#8379 = CARTESIAN_POINT('',(33.5,-3.912728769057,13.183762271754));
#8380 = CARTESIAN_POINT('',(33.5,-3.955386373151,13.190915396656));
#8381 = CARTESIAN_POINT('',(33.5,-3.997881251133,13.198041234508));
#8382 = CARTESIAN_POINT('',(33.5,-4.040213403004,13.205139785309));
#8383 = CARTESIAN_POINT('',(33.5,-4.340232963847,13.255449160095));
#8384 = CARTESIAN_POINT('',(33.5,-4.597067265929,13.303042751533));
#8385 = CARTESIAN_POINT('',(33.5,-4.852249260109,13.354510194968));
#8386 = CARTESIAN_POINT('',(33.5,-5.107497517275,13.410045067838));
#8387 = CARTESIAN_POINT('',(33.5,-5.358968210875,13.468140094747));
#8388 = CARTESIAN_POINT('',(33.5,-5.613468978291,13.530491083337));
#8389 = CARTESIAN_POINT('',(33.5,-5.861744317535,13.594161481782));
#8390 = CARTESIAN_POINT('',(33.5,-6.112027292872,13.66098311507));
#8391 = CARTESIAN_POINT('',(33.5,-6.11525180737,13.661844456298));
#8392 = CARTESIAN_POINT('',(33.500000000001,-6.11847620047,
    13.662706210827));
#8393 = CARTESIAN_POINT('',(33.499999999999,-6.121700484459,
    13.66356838127));
#8394 = CARTESIAN_POINT('',(33.5,-6.12492467162,13.664430970245));
#8395 = CARTESIAN_POINT('',(33.5,-6.128148774241,13.665293980367));
#8396 = CARTESIAN_POINT('',(33.5,-6.131372804607,13.666157414252));
#8397 = CARTESIAN_POINT('',(33.5,-6.134596775004,13.667021274516));
#8398 = PCURVE('',#8099,#8399);
#8399 = DEFINITIONAL_REPRESENTATION('',(#8400),#8404);
#8400 = LINE('',#8401,#8402);
#8401 = CARTESIAN_POINT('',(0.,0.));
#8402 = VECTOR('',#8403,1.);
#8403 = DIRECTION('',(0.,1.));
#8404 = ( GEOMETRIC_REPRESENTATION_CONTEXT(2) 
PARAMETRIC_REPRESENTATION_CONTEXT() REPRESENTATION_CONTEXT('2D SPACE',''
  ) );
#8405 = PCURVE('',#8406,#8414);
#8406 = SURFACE_OF_LINEAR_EXTRUSION('',#8407,#8412);
#8407 = B_SPLINE_CURVE_WITH_KNOTS('',3,(#8408,#8409,#8410,#8411),
  .UNSPECIFIED.,.F.,.F.,(4,4),(0.,1.),.PIECEWISE_BEZIER_KNOTS.);
#8408 = CARTESIAN_POINT('',(0.,-1.654581775,13.));
#8409 = CARTESIAN_POINT('',(0.,-3.207496045615,13.));
#8410 = CARTESIAN_POINT('',(0.,-4.68570803557,13.278792706862));
#8411 = CARTESIAN_POINT('',(0.,-6.134596775004,13.667021274516));
#8412 = VECTOR('',#8413,1.);
#8413 = DIRECTION('',(-1.,0.,0.));
#8414 = DEFINITIONAL_REPRESENTATION('',(#8415),#8442);
#8415 = B_SPLINE_CURVE_WITH_KNOTS('',9,(#8416,#8417,#8418,#8419,#8420,
    #8421,#8422,#8423,#8424,#8425,#8426,#8427,#8428,#8429,#8430,#8431,
    #8432,#8433,#8434,#8435,#8436,#8437,#8438,#8439,#8440,#8441),
  .UNSPECIFIED.,.F.,.F.,(10,8,8,10),(9.65260028418E-02,1.112934329341,
    1.621138492591,2.129342655841),.UNSPECIFIED.);
#8416 = CARTESIAN_POINT('',(0.533333333333,-33.5));
#8417 = CARTESIAN_POINT('',(0.559373021651,-33.49999999999));
#8418 = CARTESIAN_POINT('',(0.585418979071,-33.5));
#8419 = CARTESIAN_POINT('',(0.611458013724,-33.49999999999));
#8420 = CARTESIAN_POINT('',(0.637493688742,-33.50000000001));
#8421 = CARTESIAN_POINT('',(0.66352626339,-33.49999999999));
#8422 = CARTESIAN_POINT('',(0.689551154493,-33.5));
#8423 = CARTESIAN_POINT('',(0.715565121633,-33.49999999999));
#8424 = CARTESIAN_POINT('',(0.741569379615,-33.5));
#8425 = CARTESIAN_POINT('',(0.780553572654,-33.5));
#8426 = CARTESIAN_POINT('',(0.793544563424,-33.49999999999));
#8427 = CARTESIAN_POINT('',(0.806531484955,-33.5));
#8428 = CARTESIAN_POINT('',(0.819513579186,-33.49999999999));
#8429 = CARTESIAN_POINT('',(0.832489658996,-33.5));
#8430 = CARTESIAN_POINT('',(0.845458108197,-33.49999999999));
#8431 = CARTESIAN_POINT('',(0.858416881542,-33.5));
#8432 = CARTESIAN_POINT('',(0.871363504719,-33.49999999999));
#8433 = CARTESIAN_POINT('',(0.897226643992,-33.5));
#8434 = CARTESIAN_POINT('',(0.910142897955,-33.49999999999));
#8435 = CARTESIAN_POINT('',(0.923043614059,-33.5));
#8436 = CARTESIAN_POINT('',(0.935916775978,-33.49999999999));
#8437 = CARTESIAN_POINT('',(0.948781348891,-33.5));
#8438 = CARTESIAN_POINT('',(0.961602064612,-33.49999999999));
#8439 = CARTESIAN_POINT('',(0.974419703701,-33.5));
#8440 = CARTESIAN_POINT('',(0.987207035048,-33.5));
#8441 = CARTESIAN_POINT('',(1.,-33.5));
#8442 = ( GEOMETRIC_REPRESENTATION_CONTEXT(2) 
PARAMETRIC_REPRESENTATION_CONTEXT() REPRESENTATION_CONTEXT('2D SPACE',''
  ) );
#8443 = ADVANCED_FACE('',(#8444),#8406,.F.);
#8444 = FACE_BOUND('',#8445,.F.);
#8445 = EDGE_LOOP('',(#8446,#8469,#8542,#8569));
#8446 = ORIENTED_EDGE('',*,*,#8447,.F.);
#8447 = EDGE_CURVE('',#8448,#8351,#8450,.T.);
#8448 = VERTEX_POINT('',#8449);
#8449 = CARTESIAN_POINT('',(9.7,-6.134596775004,13.667021274516));
#8450 = SURFACE_CURVE('',#8451,(#8455,#8462),.PCURVE_S1.);
#8451 = LINE('',#8452,#8453);
#8452 = CARTESIAN_POINT('',(0.,-6.134596775004,13.667021274516));
#8453 = VECTOR('',#8454,1.);
#8454 = DIRECTION('',(1.,0.,0.));
#8455 = PCURVE('',#8406,#8456);
#8456 = DEFINITIONAL_REPRESENTATION('',(#8457),#8461);
#8457 = LINE('',#8458,#8459);
#8458 = CARTESIAN_POINT('',(1.,0.));
#8459 = VECTOR('',#8460,1.);
#8460 = DIRECTION('',(0.,-1.));
#8461 = ( GEOMETRIC_REPRESENTATION_CONTEXT(2) 
PARAMETRIC_REPRESENTATION_CONTEXT() REPRESENTATION_CONTEXT('2D SPACE',''
  ) );
#8462 = PCURVE('',#1850,#8463);
#8463 = DEFINITIONAL_REPRESENTATION('',(#8464),#8468);
#8464 = LINE('',#8465,#8466);
#8465 = CARTESIAN_POINT('',(0.,0.));
#8466 = VECTOR('',#8467,1.);
#8467 = DIRECTION('',(0.,-1.));
#8468 = ( GEOMETRIC_REPRESENTATION_CONTEXT(2) 
PARAMETRIC_REPRESENTATION_CONTEXT() REPRESENTATION_CONTEXT('2D SPACE',''
  ) );
#8469 = ORIENTED_EDGE('',*,*,#8470,.F.);
#8470 = EDGE_CURVE('',#8471,#8448,#8473,.T.);
#8471 = VERTEX_POINT('',#8472);
#8472 = CARTESIAN_POINT('',(9.7,-4.082382828763,13.212211049059));
#8473 = SURFACE_CURVE('',#8474,(#8487,#8498),.PCURVE_S1.);
#8474 = B_SPLINE_CURVE_WITH_KNOTS('',6,(#8475,#8476,#8477,#8478,#8479,
    #8480,#8481,#8482,#8483,#8484,#8485,#8486),.UNSPECIFIED.,.F.,.F.,(7,
    5,7),(-1.369232805242,-1.890322277495E-05,2.100407491757),
  .UNSPECIFIED.);
#8475 = CARTESIAN_POINT('',(9.7,-2.714893266263,12.98290085101));
#8476 = CARTESIAN_POINT('',(9.7,-2.945378562917,13.021550234868));
#8477 = CARTESIAN_POINT('',(9.7,-3.174835711743,13.06002721172));
#8478 = CARTESIAN_POINT('',(9.7,-3.40326471274,13.098331781565));
#8479 = CARTESIAN_POINT('',(9.7,-3.630665565909,13.136463944403));
#8480 = CARTESIAN_POINT('',(9.7,-3.857038271251,13.174423700234));
#8481 = CARTESIAN_POINT('',(9.7,-4.428069982441,13.270178284676));
#8482 = CARTESIAN_POINT('',(9.7,-4.772381011121,13.336441716034));
#8483 = CARTESIAN_POINT('',(9.7,-5.11502711215,13.410120484752));
#8484 = CARTESIAN_POINT('',(9.7,-5.456350131968,13.490408606962));
#8485 = CARTESIAN_POINT('',(9.7,-5.796023964149,13.576300963269));
#8486 = CARTESIAN_POINT('',(9.7,-6.134596775004,13.667021274516));
#8487 = PCURVE('',#8406,#8488);
#8488 = DEFINITIONAL_REPRESENTATION('',(#8489),#8497);
#8489 = B_SPLINE_CURVE_WITH_KNOTS('',6,(#8490,#8491,#8492,#8493,#8494,
    #8495,#8496),.UNSPECIFIED.,.F.,.F.,(7,7),(-1.890322277251E-05,
    2.100407491757),.PIECEWISE_BEZIER_KNOTS.);
#8490 = CARTESIAN_POINT('',(0.533333333333,-9.7));
#8491 = CARTESIAN_POINT('',(0.610869149805,-9.7));
#8492 = CARTESIAN_POINT('',(0.688586728249,-9.7));
#8493 = CARTESIAN_POINT('',(0.766373464381,-9.7));
#8494 = CARTESIAN_POINT('',(0.844256287683,-9.7));
#8495 = CARTESIAN_POINT('',(0.922107474131,-9.7));
#8496 = CARTESIAN_POINT('',(1.,-9.7));
#8497 = ( GEOMETRIC_REPRESENTATION_CONTEXT(2) 
PARAMETRIC_REPRESENTATION_CONTEXT() REPRESENTATION_CONTEXT('2D SPACE',''
  ) );
#8498 = PCURVE('',#8499,#8536);
#8499 = ( BOUNDED_SURFACE() B_SPLINE_SURFACE(2,6,(
    (#8500,#8501,#8502,#8503,#8504,#8505,#8506,#8507,#8508,#8509,#8510
      ,#8511)
    ,(#8512,#8513,#8514,#8515,#8516,#8517,#8518,#8519,#8520,#8521,#8522
      ,#8523)
    ,(#8524,#8525,#8526,#8527,#8528,#8529,#8530,#8531,#8532,#8533,#8534
,#8535
    )),.UNSPECIFIED.,.F.,.F.,.F.) B_SPLINE_SURFACE_WITH_KNOTS((3,3),(7,5
    ,7),(0.,2.100426394979),(-1.369232805242,-1.890322277495E-05,
2.100407491757),.UNSPECIFIED.) GEOMETRIC_REPRESENTATION_ITEM() 
RATIONAL_B_SPLINE_SURFACE((
    (1.,1.,1.,1.,1.,1.,1.,1.,1.,1.,1.,1.)
    ,(0.707106781187,0.707106781187,0.707106781187,0.707106781187
      ,0.707106781187,0.707106781187,0.707106781187,0.707106781187
      ,0.707106781187,0.707106781187,0.707106781187,0.707106781187)
,(1.,1.,1.,1.,1.,1.,1.,1.,1.,1.,1.,1.
))) REPRESENTATION_ITEM('') SURFACE() );
#8500 = CARTESIAN_POINT('',(9.7,-2.714893266263,12.98290085101));
#8501 = CARTESIAN_POINT('',(9.7,-2.945378562917,13.021550234868));
#8502 = CARTESIAN_POINT('',(9.7,-3.174835711743,13.06002721172));
#8503 = CARTESIAN_POINT('',(9.7,-3.40326471274,13.098331781565));
#8504 = CARTESIAN_POINT('',(9.7,-3.630665565909,13.136463944403));
#8505 = CARTESIAN_POINT('',(9.7,-3.857038271251,13.174423700234));
#8506 = CARTESIAN_POINT('',(9.7,-4.428069982441,13.270178284676));
#8507 = CARTESIAN_POINT('',(9.7,-4.772381011121,13.336441716034));
#8508 = CARTESIAN_POINT('',(9.7,-5.11502711215,13.410120484752));
#8509 = CARTESIAN_POINT('',(9.7,-5.456350131968,13.490408606962));
#8510 = CARTESIAN_POINT('',(9.7,-5.796023964149,13.576300963269));
#8511 = CARTESIAN_POINT('',(9.7,-6.134596775004,13.667021274516));
#8512 = CARTESIAN_POINT('',(9.5,-2.714893266263,12.98290085101));
#8513 = CARTESIAN_POINT('',(9.5,-2.945378562917,13.021550234868));
#8514 = CARTESIAN_POINT('',(9.5,-3.174835711743,13.06002721172));
#8515 = CARTESIAN_POINT('',(9.5,-3.40326471274,13.098331781565));
#8516 = CARTESIAN_POINT('',(9.5,-3.630665565909,13.136463944403));
#8517 = CARTESIAN_POINT('',(9.5,-3.857038271251,13.174423700234));
#8518 = CARTESIAN_POINT('',(9.5,-4.428069982441,13.270178284676));
#8519 = CARTESIAN_POINT('',(9.5,-4.772381011121,13.336441716034));
#8520 = CARTESIAN_POINT('',(9.5,-5.11502711215,13.410120484752));
#8521 = CARTESIAN_POINT('',(9.5,-5.456350131968,13.490408606962));
#8522 = CARTESIAN_POINT('',(9.5,-5.796023964149,13.576300963269));
#8523 = CARTESIAN_POINT('',(9.5,-6.134596775004,13.667021274516));
#8524 = CARTESIAN_POINT('',(9.5,-2.74796839905,12.785654758231));
#8525 = CARTESIAN_POINT('',(9.5,-2.975883327131,12.823873118625));
#8526 = CARTESIAN_POINT('',(9.5,-3.203798255212,12.862091479018));
#8527 = CARTESIAN_POINT('',(9.5,-3.431713183293,12.900309839412));
#8528 = CARTESIAN_POINT('',(9.5,-3.659628111373,12.938528199805));
#8529 = CARTESIAN_POINT('',(9.5,-3.887543039454,12.976746560199));
#8530 = CARTESIAN_POINT('',(9.5,-4.465088167787,13.073593344409));
#8531 = CARTESIAN_POINT('',(9.5,-4.812881425609,13.140541401064));
#8532 = CARTESIAN_POINT('',(9.5,-5.159503472959,13.215064079034));
#8533 = CARTESIAN_POINT('',(9.5,-5.501933347353,13.295624905775));
#8534 = CARTESIAN_POINT('',(9.5,-5.849101737142,13.383428487765));
#8535 = CARTESIAN_POINT('',(9.5,-6.18367258705,13.473135832381));
#8536 = DEFINITIONAL_REPRESENTATION('',(#8537),#8541);
#8537 = LINE('',#8538,#8539);
#8538 = CARTESIAN_POINT('',(0.,0.));
#8539 = VECTOR('',#8540,1.);
#8540 = DIRECTION('',(0.,1.));
#8541 = ( GEOMETRIC_REPRESENTATION_CONTEXT(2) 
PARAMETRIC_REPRESENTATION_CONTEXT() REPRESENTATION_CONTEXT('2D SPACE',''
  ) );
#8542 = ORIENTED_EDGE('',*,*,#8543,.F.);
#8543 = EDGE_CURVE('',#8258,#8471,#8544,.T.);
#8544 = SURFACE_CURVE('',#8545,(#8551,#8560),.PCURVE_S1.);
#8545 = B_SPLINE_CURVE_WITH_KNOTS('',4,(#8546,#8547,#8548,#8549,#8550),
  .UNSPECIFIED.,.F.,.F.,(5,5),(0.,1.),.PIECEWISE_BEZIER_KNOTS.);
#8546 = CARTESIAN_POINT('',(34.1500006,-4.082382828763,13.212211049059)
  );
#8547 = CARTESIAN_POINT('',(27.9875003,-4.082382828763,13.212211049059)
  );
#8548 = CARTESIAN_POINT('',(21.825,-4.082382828763,13.212211049059));
#8549 = CARTESIAN_POINT('',(15.6624997,-4.082382828763,13.212211049059)
  );
#8550 = CARTESIAN_POINT('',(9.4999994,-4.082382828763,13.212211049059));
#8551 = PCURVE('',#8406,#8552);
#8552 = DEFINITIONAL_REPRESENTATION('',(#8553),#8559);
#8553 = B_SPLINE_CURVE_WITH_KNOTS('',4,(#8554,#8555,#8556,#8557,#8558),
  .UNSPECIFIED.,.F.,.F.,(5,5),(0.,1.),.PIECEWISE_BEZIER_KNOTS.);
#8554 = CARTESIAN_POINT('',(0.533333333333,-34.1500006));
#8555 = CARTESIAN_POINT('',(0.533333333333,-27.9875003));
#8556 = CARTESIAN_POINT('',(0.533333333333,-21.825));
#8557 = CARTESIAN_POINT('',(0.533333333333,-15.6624997));
#8558 = CARTESIAN_POINT('',(0.533333333333,-9.4999994));
#8559 = ( GEOMETRIC_REPRESENTATION_CONTEXT(2) 
PARAMETRIC_REPRESENTATION_CONTEXT() REPRESENTATION_CONTEXT('2D SPACE',''
  ) );
#8560 = PCURVE('',#946,#8561);
#8561 = DEFINITIONAL_REPRESENTATION('',(#8562),#8568);
#8562 = B_SPLINE_CURVE_WITH_KNOTS('',4,(#8563,#8564,#8565,#8566,#8567),
  .UNSPECIFIED.,.F.,.F.,(5,5),(0.,1.),.PIECEWISE_BEZIER_KNOTS.);
#8563 = CARTESIAN_POINT('',(60.308160888917,-45.5300006));
#8564 = CARTESIAN_POINT('',(60.308160888917,-39.3675003));
#8565 = CARTESIAN_POINT('',(60.308160888917,-33.205));
#8566 = CARTESIAN_POINT('',(60.308160888917,-27.0424997));
#8567 = CARTESIAN_POINT('',(60.308160888917,-20.8799994));
#8568 = ( GEOMETRIC_REPRESENTATION_CONTEXT(2) 
PARAMETRIC_REPRESENTATION_CONTEXT() REPRESENTATION_CONTEXT('2D SPACE',''
  ) );
#8569 = ORIENTED_EDGE('',*,*,#8372,.T.);
#8570 = ADVANCED_FACE('',(#8571),#8499,.T.);
#8571 = FACE_BOUND('',#8572,.T.);
#8572 = EDGE_LOOP('',(#8573,#8629,#8670,#8690));
#8573 = ORIENTED_EDGE('',*,*,#8574,.T.);
#8574 = EDGE_CURVE('',#8471,#8575,#8577,.T.);
#8575 = VERTEX_POINT('',#8576);
#8576 = CARTESIAN_POINT('',(9.5,-4.134381680057,13.018148694095));
#8577 = SURFACE_CURVE('',#8578,(#8593,#8611),.PCURVE_S1.);
#8578 = B_SPLINE_CURVE_WITH_KNOTS('',7,(#8579,#8580,#8581,#8582,#8583,
    #8584,#8585,#8586,#8587,#8588,#8589,#8590,#8591,#8592),
  .UNSPECIFIED.,.F.,.F.,(8,6,8),(0.,0.487954448781,1.),.UNSPECIFIED.);
#8579 = CARTESIAN_POINT('',(9.7,-4.082382828763,13.212211049059));
#8580 = CARTESIAN_POINT('',(9.68024123798,-4.082382828763,
    13.212211049059));
#8581 = CARTESIAN_POINT('',(9.659553281778,-4.082974998101,
    13.210001043005));
#8582 = CARTESIAN_POINT('',(9.638334895541,-4.084259339248,
    13.205207816592));
#8583 = CARTESIAN_POINT('',(9.617161080035,-4.086314927589,
    13.197536256462));
#8584 = CARTESIAN_POINT('',(9.596814830731,-4.089164846312,
    13.18690021499));
#8585 = CARTESIAN_POINT('',(9.578051326106,-4.092733761042,
    13.173580843891));
#8586 = CARTESIAN_POINT('',(9.543963650784,-4.101250973652,
    13.141794173692));
#8587 = CARTESIAN_POINT('',(9.52885400296,-4.106258933947,
    13.123104211426));
#8588 = CARTESIAN_POINT('',(9.516722317141,-4.111761574983,
    13.102568075504));
#8589 = CARTESIAN_POINT('',(9.507965259377,-4.117534683303,
    13.081022541937));
#8590 = CARTESIAN_POINT('',(9.502507174194,-4.12333644798,13.05937006139
    ));
#8591 = CARTESIAN_POINT('',(9.5,-4.128992071253,13.038262987985));
#8592 = CARTESIAN_POINT('',(9.5,-4.134381678187,13.018148701077));
#8593 = PCURVE('',#8499,#8594);
#8594 = DEFINITIONAL_REPRESENTATION('',(#8595),#8610);
#8595 = B_SPLINE_CURVE_WITH_KNOTS('',7,(#8596,#8597,#8598,#8599,#8600,
    #8601,#8602,#8603,#8604,#8605,#8606,#8607,#8608,#8609),
  .UNSPECIFIED.,.F.,.F.,(8,6,8),(0.,0.487954448781,1.),.UNSPECIFIED.);
#8596 = CARTESIAN_POINT('',(0.,-1.890322277199E-05));
#8597 = CARTESIAN_POINT('',(0.146731110435,-1.890322277225E-05));
#8598 = CARTESIAN_POINT('',(0.293355132782,1.993572227032E-04));
#8599 = CARTESIAN_POINT('',(0.439852043877,6.727213218144E-04));
#8600 = CARTESIAN_POINT('',(0.586225425693,1.430028765615E-03));
#8601 = CARTESIAN_POINT('',(0.732514975668,2.478621899335E-03));
#8602 = CARTESIAN_POINT('',(0.878769222978,3.788926439843E-03));
#8603 = CARTESIAN_POINT('',(1.178466933575,6.908286897255E-03));
#8604 = CARTESIAN_POINT('',(1.33192333448,8.738861431154E-03));
#8605 = CARTESIAN_POINT('',(1.485398751794,1.074521014057E-02));
#8606 = CARTESIAN_POINT('',(1.638954804147,1.284357845427E-02));
#8607 = CARTESIAN_POINT('',(1.792645384213,1.494563602306E-02));
#8608 = CARTESIAN_POINT('',(1.946476963906,1.698882997763E-02));
#8609 = CARTESIAN_POINT('',(2.100426394979,1.893090540089E-02));
#8610 = ( GEOMETRIC_REPRESENTATION_CONTEXT(2) 
PARAMETRIC_REPRESENTATION_CONTEXT() REPRESENTATION_CONTEXT('2D SPACE',''
  ) );
#8611 = PCURVE('',#946,#8612);
#8612 = DEFINITIONAL_REPRESENTATION('',(#8613),#8628);
#8613 = B_SPLINE_CURVE_WITH_KNOTS('',7,(#8614,#8615,#8616,#8617,#8618,
    #8619,#8620,#8621,#8622,#8623,#8624,#8625,#8626,#8627),
  .UNSPECIFIED.,.F.,.F.,(8,6,8),(0.,0.487954448781,1.),.UNSPECIFIED.);
#8614 = CARTESIAN_POINT('',(60.308160888917,-21.08));
#8615 = CARTESIAN_POINT('',(60.308160888917,-21.06024123798));
#8616 = CARTESIAN_POINT('',(60.310448855544,-21.03955328177));
#8617 = CARTESIAN_POINT('',(60.315411168677,-21.01833489554));
#8618 = CARTESIAN_POINT('',(60.323353352146,-20.99716108003));
#8619 = CARTESIAN_POINT('',(60.334364592535,-20.97681483073));
#8620 = CARTESIAN_POINT('',(60.348153820172,-20.9580513261));
#8621 = CARTESIAN_POINT('',(60.381061802684,-20.92396365078));
#8622 = CARTESIAN_POINT('',(60.400411075431,-20.90885400296));
#8623 = CARTESIAN_POINT('',(60.421671647788,-20.89672231714));
#8624 = CARTESIAN_POINT('',(60.443977225485,-20.88796525937));
#8625 = CARTESIAN_POINT('',(60.466393522842,-20.88250717419));
#8626 = CARTESIAN_POINT('',(60.488245173176,-20.88));
#8627 = CARTESIAN_POINT('',(60.509069015297,-20.88));
#8628 = ( GEOMETRIC_REPRESENTATION_CONTEXT(2) 
PARAMETRIC_REPRESENTATION_CONTEXT() REPRESENTATION_CONTEXT('2D SPACE',''
  ) );
#8629 = ORIENTED_EDGE('',*,*,#8630,.T.);
#8630 = EDGE_CURVE('',#8575,#8631,#8633,.T.);
#8631 = VERTEX_POINT('',#8632);
#8632 = CARTESIAN_POINT('',(9.5,-6.18367258705,13.473135832381));
#8633 = SURFACE_CURVE('',#8634,(#8647,#8654),.PCURVE_S1.);
#8634 = B_SPLINE_CURVE_WITH_KNOTS('',6,(#8635,#8636,#8637,#8638,#8639,
    #8640,#8641,#8642,#8643,#8644,#8645,#8646),.UNSPECIFIED.,.F.,.F.,(7,
    5,7),(-1.369232805242,-1.890322277495E-05,2.100407491757),
  .UNSPECIFIED.);
#8635 = CARTESIAN_POINT('',(9.5,-2.74796839905,12.785654758231));
#8636 = CARTESIAN_POINT('',(9.5,-2.975883327131,12.823873118625));
#8637 = CARTESIAN_POINT('',(9.5,-3.203798255212,12.862091479018));
#8638 = CARTESIAN_POINT('',(9.5,-3.431713183293,12.900309839412));
#8639 = CARTESIAN_POINT('',(9.5,-3.659628111373,12.938528199805));
#8640 = CARTESIAN_POINT('',(9.5,-3.887543039454,12.976746560199));
#8641 = CARTESIAN_POINT('',(9.5,-4.465088167787,13.073593344409));
#8642 = CARTESIAN_POINT('',(9.5,-4.812881425609,13.140541401064));
#8643 = CARTESIAN_POINT('',(9.5,-5.159503472959,13.215064079034));
#8644 = CARTESIAN_POINT('',(9.5,-5.501933347353,13.295624905775));
#8645 = CARTESIAN_POINT('',(9.5,-5.849101737142,13.383428487765));
#8646 = CARTESIAN_POINT('',(9.5,-6.18367258705,13.473135832381));
#8647 = PCURVE('',#8499,#8648);
#8648 = DEFINITIONAL_REPRESENTATION('',(#8649),#8653);
#8649 = LINE('',#8650,#8651);
#8650 = CARTESIAN_POINT('',(2.100426394979,0.));
#8651 = VECTOR('',#8652,1.);
#8652 = DIRECTION('',(0.,1.));
#8653 = ( GEOMETRIC_REPRESENTATION_CONTEXT(2) 
PARAMETRIC_REPRESENTATION_CONTEXT() REPRESENTATION_CONTEXT('2D SPACE',''
  ) );
#8654 = PCURVE('',#1485,#8655);
#8655 = DEFINITIONAL_REPRESENTATION('',(#8656),#8669);
#8656 = B_SPLINE_CURVE_WITH_KNOTS('',6,(#8657,#8658,#8659,#8660,#8661,
    #8662,#8663,#8664,#8665,#8666,#8667,#8668),.UNSPECIFIED.,.F.,.F.,(7,
    5,7),(-1.369232805242,-1.890322277495E-05,2.100407491757),
  .UNSPECIFIED.);
#8657 = CARTESIAN_POINT('',(1.925189241876,-1.000653747492));
#8658 = CARTESIAN_POINT('',(1.903116619168,-1.230694302265));
#8659 = CARTESIAN_POINT('',(1.88104399646,-1.460734857037));
#8660 = CARTESIAN_POINT('',(1.858971373752,-1.69077541181));
#8661 = CARTESIAN_POINT('',(1.836898751044,-1.920815966582));
#8662 = CARTESIAN_POINT('',(1.814826128336,-2.150856521355));
#8663 = CARTESIAN_POINT('',(1.758893259779,-2.73378806887));
#8664 = CARTESIAN_POINT('',(1.733544597839,-3.087057990904));
#8665 = CARTESIAN_POINT('',(1.715815589827,-3.441157066751));
#8666 = CARTESIAN_POINT('',(1.705003999858,-3.792769602371));
#8667 = CARTESIAN_POINT('',(1.699961956208,-4.150833755386));
#8668 = CARTESIAN_POINT('',(1.700019289289,-4.497222349309));
#8669 = ( GEOMETRIC_REPRESENTATION_CONTEXT(2) 
PARAMETRIC_REPRESENTATION_CONTEXT() REPRESENTATION_CONTEXT('2D SPACE',''
  ) );
#8670 = ORIENTED_EDGE('',*,*,#8671,.F.);
#8671 = EDGE_CURVE('',#8448,#8631,#8672,.T.);
#8672 = SURFACE_CURVE('',#8673,(#8677,#8684),.PCURVE_S1.);
#8673 = ( BOUNDED_CURVE() B_SPLINE_CURVE(2,(#8674,#8675,#8676),
.UNSPECIFIED.,.F.,.F.) B_SPLINE_CURVE_WITH_KNOTS((3,3),(0.,
2.100426394979),.PIECEWISE_BEZIER_KNOTS.) CURVE() 
GEOMETRIC_REPRESENTATION_ITEM() RATIONAL_B_SPLINE_CURVE((1.,
0.707106781187,1.)) REPRESENTATION_ITEM('') );
#8674 = CARTESIAN_POINT('',(9.7,-6.134596775004,13.667021274516));
#8675 = CARTESIAN_POINT('',(9.5,-6.134596775004,13.667021274516));
#8676 = CARTESIAN_POINT('',(9.5,-6.18367258705,13.473135832381));
#8677 = PCURVE('',#8499,#8678);
#8678 = DEFINITIONAL_REPRESENTATION('',(#8679),#8683);
#8679 = LINE('',#8680,#8681);
#8680 = CARTESIAN_POINT('',(0.,2.100407491757));
#8681 = VECTOR('',#8682,1.);
#8682 = DIRECTION('',(1.,0.));
#8683 = ( GEOMETRIC_REPRESENTATION_CONTEXT(2) 
PARAMETRIC_REPRESENTATION_CONTEXT() REPRESENTATION_CONTEXT('2D SPACE',''
  ) );
#8684 = PCURVE('',#1669,#8685);
#8685 = DEFINITIONAL_REPRESENTATION('',(#8686),#8689);
#8686 = B_SPLINE_CURVE_WITH_KNOTS('',1,(#8687,#8688),.UNSPECIFIED.,.F.,
  .F.,(2,2),(0.,2.100426394979),.PIECEWISE_BEZIER_KNOTS.);
#8687 = CARTESIAN_POINT('',(0.,2.100407491757));
#8688 = CARTESIAN_POINT('',(0.492809375119,2.100407491757));
#8689 = ( GEOMETRIC_REPRESENTATION_CONTEXT(2) 
PARAMETRIC_REPRESENTATION_CONTEXT() REPRESENTATION_CONTEXT('2D SPACE',''
  ) );
#8690 = ORIENTED_EDGE('',*,*,#8470,.F.);
#8691 = ADVANCED_FACE('',(#8692),#8005,.F.);
#8692 = FACE_BOUND('',#8693,.F.);
#8693 = EDGE_LOOP('',(#8694,#8695,#8696,#8726));
#8694 = ORIENTED_EDGE('',*,*,#8350,.T.);
#8695 = ORIENTED_EDGE('',*,*,#7975,.T.);
#8696 = ORIENTED_EDGE('',*,*,#8697,.F.);
#8697 = EDGE_CURVE('',#8698,#7948,#8700,.T.);
#8698 = VERTEX_POINT('',#8699);
#8699 = CARTESIAN_POINT('',(33.5,-8.23302556882,13.562985010243));
#8700 = SURFACE_CURVE('',#8701,(#8705,#8712),.PCURVE_S1.);
#8701 = ( BOUNDED_CURVE() B_SPLINE_CURVE(2,(#8702,#8703,#8704),
.UNSPECIFIED.,.F.,.F.) B_SPLINE_CURVE_WITH_KNOTS((3,3),(0.,
2.092384731198),.PIECEWISE_BEZIER_KNOTS.) CURVE() 
GEOMETRIC_REPRESENTATION_ITEM() RATIONAL_B_SPLINE_CURVE((1.,
0.707106781187,1.)) REPRESENTATION_ITEM('') );
#8702 = CARTESIAN_POINT('',(33.5,-8.23302556882,13.562985010243));
#8703 = CARTESIAN_POINT('',(34.15,-8.23302556882,13.562985010243));
#8704 = CARTESIAN_POINT('',(34.15,-8.114692943617,12.923847004948));
#8705 = PCURVE('',#8005,#8706);
#8706 = DEFINITIONAL_REPRESENTATION('',(#8707),#8711);
#8707 = LINE('',#8708,#8709);
#8708 = CARTESIAN_POINT('',(0.,4.221727387039));
#8709 = VECTOR('',#8710,1.);
#8710 = DIRECTION('',(1.,0.));
#8711 = ( GEOMETRIC_REPRESENTATION_CONTEXT(2) 
PARAMETRIC_REPRESENTATION_CONTEXT() REPRESENTATION_CONTEXT('2D SPACE',''
  ) );
#8712 = PCURVE('',#7963,#8713);
#8713 = DEFINITIONAL_REPRESENTATION('',(#8714),#8725);
#8714 = B_SPLINE_CURVE_WITH_KNOTS('',9,(#8715,#8716,#8717,#8718,#8719,
    #8720,#8721,#8722,#8723,#8724),.UNSPECIFIED.,.F.,.F.,(10,10),(0.,
    2.092384731198),.PIECEWISE_BEZIER_KNOTS.);
#8715 = CARTESIAN_POINT('',(1.110223024625E-16,1.7763568394E-15));
#8716 = CARTESIAN_POINT('',(-0.157134840264,1.7763568394E-15));
#8717 = CARTESIAN_POINT('',(-0.325774716821,1.7763568394E-15));
#8718 = CARTESIAN_POINT('',(-0.50456638687,1.7763568394E-15));
#8719 = CARTESIAN_POINT('',(-0.690744851612,1.7763568394E-15));
#8720 = CARTESIAN_POINT('',(-0.880051475183,1.7763568394E-15));
#8721 = CARTESIAN_POINT('',(-1.066229939925,1.7763568394E-15));
#8722 = CARTESIAN_POINT('',(-1.245021609974,1.7763568394E-15));
#8723 = CARTESIAN_POINT('',(-1.413661486531,1.7763568394E-15));
#8724 = CARTESIAN_POINT('',(-1.570796326795,1.7763568394E-15));
#8725 = ( GEOMETRIC_REPRESENTATION_CONTEXT(2) 
PARAMETRIC_REPRESENTATION_CONTEXT() REPRESENTATION_CONTEXT('2D SPACE',''
  ) );
#8726 = ORIENTED_EDGE('',*,*,#8727,.F.);
#8727 = EDGE_CURVE('',#8351,#8698,#8728,.T.);
#8728 = SURFACE_CURVE('',#8729,(#8740,#8747),.PCURVE_S1.);
#8729 = ( BOUNDED_CURVE() B_SPLINE_CURVE(9,(#8730,#8731,#8732,#8733,
    #8734,#8735,#8736,#8737,#8738,#8739),.UNSPECIFIED.,.F.,.F.) 
B_SPLINE_CURVE_WITH_KNOTS((10,10),(2.129342655841,4.221727387039),
.PIECEWISE_BEZIER_KNOTS.) CURVE() GEOMETRIC_REPRESENTATION_ITEM() 
RATIONAL_B_SPLINE_CURVE((1.,1.,1.,1.,1.,1.,1.,1.,1.,1.)) 
REPRESENTATION_ITEM('') );
#8730 = CARTESIAN_POINT('',(33.5,-6.134596775004,13.667021274516));
#8731 = CARTESIAN_POINT('',(33.5,-6.363541597005,13.728366854683));
#8732 = CARTESIAN_POINT('',(33.5,-6.598728684361,13.759449574421));
#8733 = CARTESIAN_POINT('',(33.5,-6.836446986614,13.76475108008));
#8734 = CARTESIAN_POINT('',(33.5,-7.07136907869,13.751712140208));
#8735 = CARTESIAN_POINT('',(33.5,-7.309847547059,13.72537079227));
#8736 = CARTESIAN_POINT('',(33.5,-7.546009319588,13.688804116856));
#8737 = CARTESIAN_POINT('',(33.5,-7.780073629972,13.647386543571));
#8738 = CARTESIAN_POINT('',(33.5,-8.009526836084,13.604364480021));
#8739 = CARTESIAN_POINT('',(33.5,-8.23302556882,13.562985010243));
#8740 = PCURVE('',#8005,#8741);
#8741 = DEFINITIONAL_REPRESENTATION('',(#8742),#8746);
#8742 = LINE('',#8743,#8744);
#8743 = CARTESIAN_POINT('',(0.,0.));
#8744 = VECTOR('',#8745,1.);
#8745 = DIRECTION('',(0.,1.));
#8746 = ( GEOMETRIC_REPRESENTATION_CONTEXT(2) 
PARAMETRIC_REPRESENTATION_CONTEXT() REPRESENTATION_CONTEXT('2D SPACE',''
  ) );
#8747 = PCURVE('',#1850,#8748);
#8748 = DEFINITIONAL_REPRESENTATION('',(#8749),#8760);
#8749 = B_SPLINE_CURVE_WITH_KNOTS('',9,(#8750,#8751,#8752,#8753,#8754,
    #8755,#8756,#8757,#8758,#8759),.UNSPECIFIED.,.F.,.F.,(10,10),(
    2.129342655841,4.221727387039),.PIECEWISE_BEZIER_KNOTS.);
#8750 = CARTESIAN_POINT('',(5.586303019878E-16,-33.5));
#8751 = CARTESIAN_POINT('',(0.118510560423,-33.5));
#8752 = CARTESIAN_POINT('',(0.236120779426,-33.5));
#8753 = CARTESIAN_POINT('',(0.351610478462,-33.49999999999));
#8754 = CARTESIAN_POINT('',(0.463393324674,-33.5));
#8755 = CARTESIAN_POINT('',(0.575146711755,-33.49999999999));
#8756 = CARTESIAN_POINT('',(0.684482405491,-33.5));
#8757 = CARTESIAN_POINT('',(0.792162505713,-33.49999999999));
#8758 = CARTESIAN_POINT('',(0.897413298381,-33.5));
#8759 = CARTESIAN_POINT('',(1.,-33.5));
#8760 = ( GEOMETRIC_REPRESENTATION_CONTEXT(2) 
PARAMETRIC_REPRESENTATION_CONTEXT() REPRESENTATION_CONTEXT('2D SPACE',''
  ) );
#8761 = ADVANCED_FACE('',(#8762),#8192,.T.);
#8762 = FACE_BOUND('',#8763,.F.);
#8763 = EDGE_LOOP('',(#8764,#8765,#8786,#8808));
#8764 = ORIENTED_EDGE('',*,*,#8257,.F.);
#8765 = ORIENTED_EDGE('',*,*,#8766,.T.);
#8766 = EDGE_CURVE('',#8258,#931,#8767,.T.);
#8767 = SURFACE_CURVE('',#8768,(#8772,#8779),.PCURVE_S1.);
#8768 = LINE('',#8769,#8770);
#8769 = CARTESIAN_POINT('',(33.5,-4.082382829037,13.212211048038));
#8770 = VECTOR('',#8771,1.);
#8771 = DIRECTION('',(0.,-0.258819045103,-0.965925826289));
#8772 = PCURVE('',#8192,#8773);
#8773 = DEFINITIONAL_REPRESENTATION('',(#8774),#8778);
#8774 = LINE('',#8775,#8776);
#8775 = CARTESIAN_POINT('',(-1.570796326795,0.));
#8776 = VECTOR('',#8777,1.);
#8777 = DIRECTION('',(-0.,1.));
#8778 = ( GEOMETRIC_REPRESENTATION_CONTEXT(2) 
PARAMETRIC_REPRESENTATION_CONTEXT() REPRESENTATION_CONTEXT('2D SPACE',''
  ) );
#8779 = PCURVE('',#946,#8780);
#8780 = DEFINITIONAL_REPRESENTATION('',(#8781),#8785);
#8781 = LINE('',#8782,#8783);
#8782 = CARTESIAN_POINT('',(60.308160889974,-44.88));
#8783 = VECTOR('',#8784,1.);
#8784 = DIRECTION('',(1.,-0.));
#8785 = ( GEOMETRIC_REPRESENTATION_CONTEXT(2) 
PARAMETRIC_REPRESENTATION_CONTEXT() REPRESENTATION_CONTEXT('2D SPACE',''
  ) );
#8786 = ORIENTED_EDGE('',*,*,#8787,.F.);
#8787 = EDGE_CURVE('',#8177,#931,#8788,.T.);
#8788 = SURFACE_CURVE('',#8789,(#8794,#8801),.PCURVE_S1.);
#8789 = CIRCLE('',#8790,0.65);
#8790 = AXIS2_PLACEMENT_3D('',#8791,#8792,#8793);
#8791 = CARTESIAN_POINT('',(33.5,-6.193743741263,7.843911998847));
#8792 = DIRECTION('',(-0.,0.258819045103,0.965925826289));
#8793 = DIRECTION('',(1.,0.,0.));
#8794 = PCURVE('',#8192,#8795);
#8795 = DEFINITIONAL_REPRESENTATION('',(#8796),#8800);
#8796 = LINE('',#8797,#8798);
#8797 = CARTESIAN_POINT('',(-0.,5.731839110026));
#8798 = VECTOR('',#8799,1.);
#8799 = DIRECTION('',(-1.,0.));
#8800 = ( GEOMETRIC_REPRESENTATION_CONTEXT(2) 
PARAMETRIC_REPRESENTATION_CONTEXT() REPRESENTATION_CONTEXT('2D SPACE',''
  ) );
#8801 = PCURVE('',#973,#8802);
#8802 = DEFINITIONAL_REPRESENTATION('',(#8803),#8807);
#8803 = LINE('',#8804,#8805);
#8804 = CARTESIAN_POINT('',(-2.277380563334E-16,1.570796326795));
#8805 = VECTOR('',#8806,1.);
#8806 = DIRECTION('',(0.,1.));
#8807 = ( GEOMETRIC_REPRESENTATION_CONTEXT(2) 
PARAMETRIC_REPRESENTATION_CONTEXT() REPRESENTATION_CONTEXT('2D SPACE',''
  ) );
#8808 = ORIENTED_EDGE('',*,*,#8176,.F.);
#8809 = ADVANCED_FACE('',(#8810),#7963,.T.);
#8810 = FACE_BOUND('',#8811,.F.);
#8811 = EDGE_LOOP('',(#8812,#8813,#8814,#8869));
#8812 = ORIENTED_EDGE('',*,*,#8697,.T.);
#8813 = ORIENTED_EDGE('',*,*,#7947,.T.);
#8814 = ORIENTED_EDGE('',*,*,#8815,.F.);
#8815 = EDGE_CURVE('',#8816,#7920,#8818,.T.);
#8816 = VERTEX_POINT('',#8817);
#8817 = CARTESIAN_POINT('',(33.5,-13.16732517736,12.649428593043));
#8818 = SURFACE_CURVE('',#8819,(#8824,#8831),.PCURVE_S1.);
#8819 = CIRCLE('',#8820,0.65);
#8820 = AXIS2_PLACEMENT_3D('',#8821,#8822,#8823);
#8821 = CARTESIAN_POINT('',(33.5,-13.04899255216,12.010290587748));
#8822 = DIRECTION('',(-0.,0.983289238916,0.182050192619));
#8823 = DIRECTION('',(0.,-0.182050192619,0.983289238916));
#8824 = PCURVE('',#7963,#8825);
#8825 = DEFINITIONAL_REPRESENTATION('',(#8826),#8830);
#8826 = LINE('',#8827,#8828);
#8827 = CARTESIAN_POINT('',(-0.,5.018156828388));
#8828 = VECTOR('',#8829,1.);
#8829 = DIRECTION('',(-1.,0.));
#8830 = ( GEOMETRIC_REPRESENTATION_CONTEXT(2) 
PARAMETRIC_REPRESENTATION_CONTEXT() REPRESENTATION_CONTEXT('2D SPACE',''
  ) );
#8831 = PCURVE('',#8832,#8860);
#8832 = ( BOUNDED_SURFACE() B_SPLINE_SURFACE(2,8,(
    (#8833,#8834,#8835,#8836,#8837,#8838,#8839,#8840,#8841)
    ,(#8842,#8843,#8844,#8845,#8846,#8847,#8848,#8849,#8850)
    ,(#8851,#8852,#8853,#8854,#8855,#8856,#8857,#8858,#8859
)),.UNSPECIFIED.,.F.,.F.,.F.) B_SPLINE_SURFACE_WITH_KNOTS((3,3),(9,9),(
    0.,4.659453699387),(9.240251600393,13.899705299781),
.PIECEWISE_BEZIER_KNOTS.) GEOMETRIC_REPRESENTATION_ITEM() 
RATIONAL_B_SPLINE_SURFACE((
    (1.,1.,1.,1.,1.,1.,1.,1.,1.)
    ,(0.707106781187,0.736252264585,0.763473492481,0.7885388732
      ,0.811372005472,0.82842407654,0.840086217974,0.845677528555
      ,0.845677528555)
,(1.,1.,1.,1.,1.,1.,1.,1.,1.))) REPRESENTATION_ITEM('') SURFACE() );
#8833 = CARTESIAN_POINT('',(33.500000778721,-13.16633584176,
    12.649611762685));
#8834 = CARTESIAN_POINT('',(33.500210612505,-13.63392996426,
    12.563039473779));
#8835 = CARTESIAN_POINT('',(33.411961078508,-14.09167501455,
    12.478290682398));
#8836 = CARTESIAN_POINT('',(33.242048608325,-14.54107106651,
    12.395087658727));
#8837 = CARTESIAN_POINT('',(32.973417280749,-14.98056587655,
    12.313717791493));
#8838 = CARTESIAN_POINT('',(32.582793060575,-15.35933306466,
    12.243591284638));
#8839 = CARTESIAN_POINT('',(32.110606738304,-15.61028981174,
    12.197128125746));
#8840 = CARTESIAN_POINT('',(31.620106747546,-15.72721848537,
    12.175479472721));
#8841 = CARTESIAN_POINT('',(31.15,-15.72721848537,12.175479472721));
#8842 = CARTESIAN_POINT('',(34.15,-13.16732517736,12.649428593043));
#8843 = CARTESIAN_POINT('',(34.098537906302,-13.74434704289,
    12.542596404093));
#8844 = CARTESIAN_POINT('',(33.939999955992,-14.29899175141,
    12.439907213543));
#8845 = CARTESIAN_POINT('',(33.682593699687,-14.82093081876,
    12.343273279207));
#8846 = CARTESIAN_POINT('',(33.327056037794,-15.30888661575,
    12.252931146581));
#8847 = CARTESIAN_POINT('',(32.844330980618,-15.73020131465,
    12.174927219504));
#8848 = CARTESIAN_POINT('',(32.281149447239,-16.00268951077,
    12.124477640044));
#8849 = CARTESIAN_POINT('',(31.704030797138,-16.13056875309,
    12.100801553929));
#8850 = CARTESIAN_POINT('',(31.15,-16.13056875309,12.100801553929));
#8851 = CARTESIAN_POINT('',(34.15,-13.04899255216,12.010290587748));
#8852 = CARTESIAN_POINT('',(34.15,-13.65963447945,11.951727797746));
#8853 = CARTESIAN_POINT('',(34.02418533764,-14.25869996359,
    11.89429186318));
#8854 = CARTESIAN_POINT('',(33.780967824197,-14.83092808942,
    11.839664079476));
#8855 = CARTESIAN_POINT('',(33.415933246041,-15.36211053041,
    11.790161175773));
#8856 = CARTESIAN_POINT('',(32.921897415032,-15.80241144286,
    11.746453699151));
#8857 = CARTESIAN_POINT('',(32.343894410985,-16.09573456483,
    11.718165887466));
#8858 = CARTESIAN_POINT('',(31.740146753592,-16.23673764725,
    11.704573846742));
#8859 = CARTESIAN_POINT('',(31.15,-16.23673764725,11.704573846742));
#8860 = DEFINITIONAL_REPRESENTATION('',(#8861),#8868);
#8861 = B_SPLINE_CURVE_WITH_KNOTS('',5,(#8862,#8863,#8864,#8865,#8866,
    #8867),.UNSPECIFIED.,.F.,.F.,(6,6),(0.,1.570796326795),
  .PIECEWISE_BEZIER_KNOTS.);
#8862 = CARTESIAN_POINT('',(0.,9.240251600393));
#8863 = CARTESIAN_POINT('',(1.035070367107,9.240251600393));
#8864 = CARTESIAN_POINT('',(1.902427971222,9.240251600393));
#8865 = CARTESIAN_POINT('',(2.757021961439,9.240251600393));
#8866 = CARTESIAN_POINT('',(3.62438333228,9.240251600393));
#8867 = CARTESIAN_POINT('',(4.659453699387,9.240251600393));
#8868 = ( GEOMETRIC_REPRESENTATION_CONTEXT(2) 
PARAMETRIC_REPRESENTATION_CONTEXT() REPRESENTATION_CONTEXT('2D SPACE',''
  ) );
#8869 = ORIENTED_EDGE('',*,*,#8870,.F.);
#8870 = EDGE_CURVE('',#8698,#8816,#8871,.T.);
#8871 = SURFACE_CURVE('',#8872,(#8876,#8883),.PCURVE_S1.);
#8872 = LINE('',#8873,#8874);
#8873 = CARTESIAN_POINT('',(33.5,-8.23302556882,13.562985010243));
#8874 = VECTOR('',#8875,1.);
#8875 = DIRECTION('',(-0.,-0.983289238916,-0.182050192619));
#8876 = PCURVE('',#7963,#8877);
#8877 = DEFINITIONAL_REPRESENTATION('',(#8878),#8882);
#8878 = LINE('',#8879,#8880);
#8879 = CARTESIAN_POINT('',(-0.,0.));
#8880 = VECTOR('',#8881,1.);
#8881 = DIRECTION('',(-0.,1.));
#8882 = ( GEOMETRIC_REPRESENTATION_CONTEXT(2) 
PARAMETRIC_REPRESENTATION_CONTEXT() REPRESENTATION_CONTEXT('2D SPACE',''
  ) );
#8883 = PCURVE('',#2731,#8884);
#8884 = DEFINITIONAL_REPRESENTATION('',(#8885),#8889);
#8885 = LINE('',#8886,#8887);
#8886 = CARTESIAN_POINT('',(-1.746672564657E-15,-33.5));
#8887 = VECTOR('',#8888,1.);
#8888 = DIRECTION('',(1.,-0.));
#8889 = ( GEOMETRIC_REPRESENTATION_CONTEXT(2) 
PARAMETRIC_REPRESENTATION_CONTEXT() REPRESENTATION_CONTEXT('2D SPACE',''
  ) );
#8890 = ADVANCED_FACE('',(#8891),#8832,.F.);
#8891 = FACE_BOUND('',#8892,.F.);
#8892 = EDGE_LOOP('',(#8893,#8894,#8930,#8963));
#8893 = ORIENTED_EDGE('',*,*,#8815,.T.);
#8894 = ORIENTED_EDGE('',*,*,#8895,.T.);
#8895 = EDGE_CURVE('',#7920,#8896,#8898,.T.);
#8896 = VERTEX_POINT('',#8897);
#8897 = CARTESIAN_POINT('',(31.15,-16.23673764725,11.704573846742));
#8898 = SURFACE_CURVE('',#8899,(#8909,#8916),.PCURVE_S1.);
#8899 = ( BOUNDED_CURVE() B_SPLINE_CURVE(8,(#8900,#8901,#8902,#8903,
    #8904,#8905,#8906,#8907,#8908),.UNSPECIFIED.,.F.,.F.) 
B_SPLINE_CURVE_WITH_KNOTS((9,9),(9.240251600393,13.899705299781),
.PIECEWISE_BEZIER_KNOTS.) CURVE() GEOMETRIC_REPRESENTATION_ITEM() 
RATIONAL_B_SPLINE_CURVE((1.,1.,1.,1.,1.,1.,1.,1.,1.)) 
REPRESENTATION_ITEM('') );
#8900 = CARTESIAN_POINT('',(34.15,-13.04899255216,12.010290587748));
#8901 = CARTESIAN_POINT('',(34.15,-13.65963447945,11.951727797746));
#8902 = CARTESIAN_POINT('',(34.02418533764,-14.25869996359,
    11.89429186318));
#8903 = CARTESIAN_POINT('',(33.780967824197,-14.83092808942,
    11.839664079476));
#8904 = CARTESIAN_POINT('',(33.415933246041,-15.36211053041,
    11.790161175773));
#8905 = CARTESIAN_POINT('',(32.921897415032,-15.80241144286,
    11.746453699151));
#8906 = CARTESIAN_POINT('',(32.343894410985,-16.09573456483,
    11.718165887466));
#8907 = CARTESIAN_POINT('',(31.740146753592,-16.23673764725,
    11.704573846742));
#8908 = CARTESIAN_POINT('',(31.15,-16.23673764725,11.704573846742));
#8909 = PCURVE('',#8832,#8910);
#8910 = DEFINITIONAL_REPRESENTATION('',(#8911),#8915);
#8911 = LINE('',#8912,#8913);
#8912 = CARTESIAN_POINT('',(4.659453699387,0.));
#8913 = VECTOR('',#8914,1.);
#8914 = DIRECTION('',(0.,1.));
#8915 = ( GEOMETRIC_REPRESENTATION_CONTEXT(2) 
PARAMETRIC_REPRESENTATION_CONTEXT() REPRESENTATION_CONTEXT('2D SPACE',''
  ) );
#8916 = PCURVE('',#7935,#8917);
#8917 = DEFINITIONAL_REPRESENTATION('',(#8918),#8929);
#8918 = B_SPLINE_CURVE_WITH_KNOTS('',9,(#8919,#8920,#8921,#8922,#8923,
    #8924,#8925,#8926,#8927,#8928),.UNSPECIFIED.,.F.,.F.,(10,10),(
    9.240251600393,13.899705299781),.PIECEWISE_BEZIER_KNOTS.);
#8919 = CARTESIAN_POINT('',(-1.570796326795,-6.21014372994));
#8920 = CARTESIAN_POINT('',(-1.400521469669,-6.019376554968));
#8921 = CARTESIAN_POINT('',(-1.233071507295,-5.831783315414));
#8922 = CARTESIAN_POINT('',(-1.064473658949,-5.65109939223));
#8923 = CARTESIAN_POINT('',(-0.891540139238,-5.481173420299));
#8924 = CARTESIAN_POINT('',(-0.71432995289,-5.329439043542));
#8925 = CARTESIAN_POINT('',(-0.534131754561,-5.208238391212));
#8926 = CARTESIAN_POINT('',(-0.353244816812,-5.128392403033));
#8927 = CARTESIAN_POINT('',(-0.174858297361,-5.089794892731));
#8928 = CARTESIAN_POINT('',(5.465173828398E-16,-5.089794892731));
#8929 = ( GEOMETRIC_REPRESENTATION_CONTEXT(2) 
PARAMETRIC_REPRESENTATION_CONTEXT() REPRESENTATION_CONTEXT('2D SPACE',''
  ) );
#8930 = ORIENTED_EDGE('',*,*,#8931,.F.);
#8931 = EDGE_CURVE('',#8932,#8896,#8934,.T.);
#8932 = VERTEX_POINT('',#8933);
#8933 = CARTESIAN_POINT('',(31.15,-15.72721848537,12.175479472721));
#8934 = SURFACE_CURVE('',#8935,(#8939,#8946),.PCURVE_S1.);
#8935 = ( BOUNDED_CURVE() B_SPLINE_CURVE(2,(#8936,#8937,#8938),
.UNSPECIFIED.,.F.,.F.) B_SPLINE_CURVE_WITH_KNOTS((3,3),(0.,
4.659453699387),.PIECEWISE_BEZIER_KNOTS.) CURVE() 
GEOMETRIC_REPRESENTATION_ITEM() RATIONAL_B_SPLINE_CURVE((1.,
0.845677528555,1.)) REPRESENTATION_ITEM('') );
#8936 = CARTESIAN_POINT('',(31.15,-15.72721848537,12.175479472721));
#8937 = CARTESIAN_POINT('',(31.15,-16.13056875309,12.100801553929));
#8938 = CARTESIAN_POINT('',(31.15,-16.23673764725,11.704573846742));
#8939 = PCURVE('',#8832,#8940);
#8940 = DEFINITIONAL_REPRESENTATION('',(#8941),#8945);
#8941 = LINE('',#8942,#8943);
#8942 = CARTESIAN_POINT('',(0.,13.899705299781));
#8943 = VECTOR('',#8944,1.);
#8944 = DIRECTION('',(1.,0.));
#8945 = ( GEOMETRIC_REPRESENTATION_CONTEXT(2) 
PARAMETRIC_REPRESENTATION_CONTEXT() REPRESENTATION_CONTEXT('2D SPACE',''
  ) );
#8946 = PCURVE('',#8947,#8952);
#8947 = CYLINDRICAL_SURFACE('',#8948,0.65);
#8948 = AXIS2_PLACEMENT_3D('',#8949,#8950,#8951);
#8949 = CARTESIAN_POINT('',(31.15,-15.60888586017,11.536341467426));
#8950 = DIRECTION('',(-1.,-0.,0.));
#8951 = DIRECTION('',(0.,-0.182050192619,0.983289238916));
#8952 = DEFINITIONAL_REPRESENTATION('',(#8953),#8962);
#8953 = B_SPLINE_CURVE_WITH_KNOTS('',7,(#8954,#8955,#8956,#8957,#8958,
    #8959,#8960,#8961),.UNSPECIFIED.,.F.,.F.,(8,8),(0.,4.659453699387),
  .PIECEWISE_BEZIER_KNOTS.);
#8954 = CARTESIAN_POINT('',(-1.110223024625E-16,0.));
#8955 = CARTESIAN_POINT('',(-0.152484062117,0.));
#8956 = CARTESIAN_POINT('',(-0.312812915378,0.));
#8957 = CARTESIAN_POINT('',(-0.478809012906,0.));
#8958 = CARTESIAN_POINT('',(-0.647116840481,0.));
#8959 = CARTESIAN_POINT('',(-0.813112938008,0.));
#8960 = CARTESIAN_POINT('',(-0.97344179127,0.));
#8961 = CARTESIAN_POINT('',(-1.125925853387,0.));
#8962 = ( GEOMETRIC_REPRESENTATION_CONTEXT(2) 
PARAMETRIC_REPRESENTATION_CONTEXT() REPRESENTATION_CONTEXT('2D SPACE',''
  ) );
#8963 = ORIENTED_EDGE('',*,*,#8964,.F.);
#8964 = EDGE_CURVE('',#8816,#8932,#8965,.T.);
#8965 = SURFACE_CURVE('',#8966,(#8976,#8983),.PCURVE_S1.);
#8966 = ( BOUNDED_CURVE() B_SPLINE_CURVE(8,(#8967,#8968,#8969,#8970,
    #8971,#8972,#8973,#8974,#8975),.UNSPECIFIED.,.F.,.F.) 
B_SPLINE_CURVE_WITH_KNOTS((9,9),(9.240251600393,13.899705299781),
.PIECEWISE_BEZIER_KNOTS.) CURVE() GEOMETRIC_REPRESENTATION_ITEM() 
RATIONAL_B_SPLINE_CURVE((1.,1.,1.,1.,1.,1.,1.,1.,1.)) 
REPRESENTATION_ITEM('') );
#8967 = CARTESIAN_POINT('',(33.500000778721,-13.16633584176,
    12.649611762685));
#8968 = CARTESIAN_POINT('',(33.500210612505,-13.63392996426,
    12.563039473779));
#8969 = CARTESIAN_POINT('',(33.411961078508,-14.09167501455,
    12.478290682398));
#8970 = CARTESIAN_POINT('',(33.242048608325,-14.54107106651,
    12.395087658727));
#8971 = CARTESIAN_POINT('',(32.973417280749,-14.98056587655,
    12.313717791493));
#8972 = CARTESIAN_POINT('',(32.582793060575,-15.35933306466,
    12.243591284638));
#8973 = CARTESIAN_POINT('',(32.110606738304,-15.61028981174,
    12.197128125746));
#8974 = CARTESIAN_POINT('',(31.620106747546,-15.72721848537,
    12.175479472721));
#8975 = CARTESIAN_POINT('',(31.15,-15.72721848537,12.175479472721));
#8976 = PCURVE('',#8832,#8977);
#8977 = DEFINITIONAL_REPRESENTATION('',(#8978),#8982);
#8978 = LINE('',#8979,#8980);
#8979 = CARTESIAN_POINT('',(0.,0.));
#8980 = VECTOR('',#8981,1.);
#8981 = DIRECTION('',(0.,1.));
#8982 = ( GEOMETRIC_REPRESENTATION_CONTEXT(2) 
PARAMETRIC_REPRESENTATION_CONTEXT() REPRESENTATION_CONTEXT('2D SPACE',''
  ) );
#8983 = PCURVE('',#2731,#8984);
#8984 = DEFINITIONAL_REPRESENTATION('',(#8985),#8995);
#8985 = ( BOUNDED_CURVE() B_SPLINE_CURVE(8,(#8986,#8987,#8988,#8989,
    #8990,#8991,#8992,#8993,#8994),.UNSPECIFIED.,.F.,.F.) 
B_SPLINE_CURVE_WITH_KNOTS((9,9),(9.240251600393,13.899705299781),
.PIECEWISE_BEZIER_KNOTS.) CURVE() GEOMETRIC_REPRESENTATION_ITEM() 
RATIONAL_B_SPLINE_CURVE((1.,1.,1.,1.,1.,1.,1.,1.,1.)) 
REPRESENTATION_ITEM('') );
#8986 = CARTESIAN_POINT('',(5.017150679266,-33.50000077872));
#8987 = CARTESIAN_POINT('',(5.492691449977,-33.5002106125));
#8988 = CARTESIAN_POINT('',(5.958215765891,-33.4119610785));
#8989 = CARTESIAN_POINT('',(6.415249194274,-33.24204860832));
#8990 = CARTESIAN_POINT('',(6.862213111556,-32.97341728074));
#8991 = CARTESIAN_POINT('',(7.247417355756,-32.58279306057));
#8992 = CARTESIAN_POINT('',(7.502639051616,-32.1106067383));
#8993 = CARTESIAN_POINT('',(7.62155489957,-31.62010674754));
#8994 = CARTESIAN_POINT('',(7.62155489957,-31.15));
#8995 = ( GEOMETRIC_REPRESENTATION_CONTEXT(2) 
PARAMETRIC_REPRESENTATION_CONTEXT() REPRESENTATION_CONTEXT('2D SPACE',''
  ) );
#8996 = ADVANCED_FACE('',(#8997),#8947,.T.);
#8997 = FACE_BOUND('',#8998,.F.);
#8998 = EDGE_LOOP('',(#8999,#9000,#9021,#9064));
#8999 = ORIENTED_EDGE('',*,*,#8931,.T.);
#9000 = ORIENTED_EDGE('',*,*,#9001,.T.);
#9001 = EDGE_CURVE('',#8896,#3433,#9002,.T.);
#9002 = SURFACE_CURVE('',#9003,(#9007,#9014),.PCURVE_S1.);
#9003 = LINE('',#9004,#9005);
#9004 = CARTESIAN_POINT('',(31.15,-16.23673764725,11.704573846742));
#9005 = VECTOR('',#9006,1.);
#9006 = DIRECTION('',(-1.,-0.,0.));
#9007 = PCURVE('',#8947,#9008);
#9008 = DEFINITIONAL_REPRESENTATION('',(#9009),#9013);
#9009 = LINE('',#9010,#9011);
#9010 = CARTESIAN_POINT('',(-1.125925853387,0.));
#9011 = VECTOR('',#9012,1.);
#9012 = DIRECTION('',(-0.,1.));
#9013 = ( GEOMETRIC_REPRESENTATION_CONTEXT(2) 
PARAMETRIC_REPRESENTATION_CONTEXT() REPRESENTATION_CONTEXT('2D SPACE',''
  ) );
#9014 = PCURVE('',#3450,#9015);
#9015 = DEFINITIONAL_REPRESENTATION('',(#9016),#9020);
#9016 = LINE('',#9017,#9018);
#9017 = CARTESIAN_POINT('',(62.3,-5.089794892731));
#9018 = VECTOR('',#9019,1.);
#9019 = DIRECTION('',(-1.,-0.));
#9020 = ( GEOMETRIC_REPRESENTATION_CONTEXT(2) 
PARAMETRIC_REPRESENTATION_CONTEXT() REPRESENTATION_CONTEXT('2D SPACE',''
  ) );
#9021 = ORIENTED_EDGE('',*,*,#9022,.F.);
#9022 = EDGE_CURVE('',#9023,#3433,#9025,.T.);
#9023 = VERTEX_POINT('',#9024);
#9024 = CARTESIAN_POINT('',(23.25,-15.72721848537,12.175479472721));
#9025 = SURFACE_CURVE('',#9026,(#9031,#9038),.PCURVE_S1.);
#9026 = CIRCLE('',#9027,0.65);
#9027 = AXIS2_PLACEMENT_3D('',#9028,#9029,#9030);
#9028 = CARTESIAN_POINT('',(23.25,-15.60888586017,11.536341467426));
#9029 = DIRECTION('',(1.,0.,0.));
#9030 = DIRECTION('',(0.,-0.182050192619,0.983289238916));
#9031 = PCURVE('',#8947,#9032);
#9032 = DEFINITIONAL_REPRESENTATION('',(#9033),#9037);
#9033 = LINE('',#9034,#9035);
#9034 = CARTESIAN_POINT('',(-0.,7.9));
#9035 = VECTOR('',#9036,1.);
#9036 = DIRECTION('',(-1.,0.));
#9037 = ( GEOMETRIC_REPRESENTATION_CONTEXT(2) 
PARAMETRIC_REPRESENTATION_CONTEXT() REPRESENTATION_CONTEXT('2D SPACE',''
  ) );
#9038 = PCURVE('',#3494,#9039);
#9039 = DEFINITIONAL_REPRESENTATION('',(#9040),#9063);
#9040 = B_SPLINE_CURVE_WITH_KNOTS('',6,(#9041,#9042,#9043,#9044,#9045,
    #9046,#9047,#9048,#9049,#9050,#9051,#9052,#9053,#9054,#9055,#9056,
    #9057,#9058,#9059,#9060,#9061,#9062),.UNSPECIFIED.,.F.,.F.,(7,5,5,5,
    7),(0.,0.281481463347,0.562962926693,0.84444439004,1.125925853387),
  .UNSPECIFIED.);
#9041 = CARTESIAN_POINT('',(0.,21.799705299781));
#9042 = CARTESIAN_POINT('',(3.773511664359E-02,21.799705299781));
#9043 = CARTESIAN_POINT('',(7.485598578713E-02,21.79970529978));
#9044 = CARTESIAN_POINT('',(0.111455970913,21.799705299781));
#9045 = CARTESIAN_POINT('',(0.147619693197,21.79970529978));
#9046 = CARTESIAN_POINT('',(0.183425477575,21.799705299781));
#9047 = CARTESIAN_POINT('',(0.254470120071,21.799705299781));
#9048 = CARTESIAN_POINT('',(0.289709549374,21.799705299781));
#9049 = CARTESIAN_POINT('',(0.324739663238,21.79970529978));
#9050 = CARTESIAN_POINT('',(0.359632151661,21.799705299781));
#9051 = CARTESIAN_POINT('',(0.394455571461,21.799705299781));
#9052 = CARTESIAN_POINT('',(0.464102429759,21.799705299781));
#9053 = CARTESIAN_POINT('',(0.49892584956,21.799705299781));
#9054 = CARTESIAN_POINT('',(0.533818337983,21.79970529978));
#9055 = CARTESIAN_POINT('',(0.568848451847,21.799705299781));
#9056 = CARTESIAN_POINT('',(0.60408788115,21.799705299781));
#9057 = CARTESIAN_POINT('',(0.675132523646,21.799705299781));
#9058 = CARTESIAN_POINT('',(0.710938308024,21.799705299781));
#9059 = CARTESIAN_POINT('',(0.747102030307,21.79970529978));
#9060 = CARTESIAN_POINT('',(0.783702015433,21.799705299781));
#9061 = CARTESIAN_POINT('',(0.820822884577,21.799705299781));
#9062 = CARTESIAN_POINT('',(0.85855800122,21.799705299781));
#9063 = ( GEOMETRIC_REPRESENTATION_CONTEXT(2) 
PARAMETRIC_REPRESENTATION_CONTEXT() REPRESENTATION_CONTEXT('2D SPACE',''
  ) );
#9064 = ORIENTED_EDGE('',*,*,#9065,.F.);
#9065 = EDGE_CURVE('',#8932,#9023,#9066,.T.);
#9066 = SURFACE_CURVE('',#9067,(#9071,#9078),.PCURVE_S1.);
#9067 = LINE('',#9068,#9069);
#9068 = CARTESIAN_POINT('',(31.15,-15.72721848537,12.175479472721));
#9069 = VECTOR('',#9070,1.);
#9070 = DIRECTION('',(-1.,-0.,0.));
#9071 = PCURVE('',#8947,#9072);
#9072 = DEFINITIONAL_REPRESENTATION('',(#9073),#9077);
#9073 = LINE('',#9074,#9075);
#9074 = CARTESIAN_POINT('',(-0.,0.));
#9075 = VECTOR('',#9076,1.);
#9076 = DIRECTION('',(-0.,1.));
#9077 = ( GEOMETRIC_REPRESENTATION_CONTEXT(2) 
PARAMETRIC_REPRESENTATION_CONTEXT() REPRESENTATION_CONTEXT('2D SPACE',''
  ) );
#9078 = PCURVE('',#2731,#9079);
#9079 = DEFINITIONAL_REPRESENTATION('',(#9080),#9084);
#9080 = LINE('',#9081,#9082);
#9081 = CARTESIAN_POINT('',(7.62155489957,-31.15));
#9082 = VECTOR('',#9083,1.);
#9083 = DIRECTION('',(-0.,1.));
#9084 = ( GEOMETRIC_REPRESENTATION_CONTEXT(2) 
PARAMETRIC_REPRESENTATION_CONTEXT() REPRESENTATION_CONTEXT('2D SPACE',''
  ) );
#9085 = ADVANCED_FACE('',(#9086),#7935,.T.);
#9086 = FACE_BOUND('',#9087,.F.);
#9087 = EDGE_LOOP('',(#9088,#9111,#9112,#9113));
#9088 = ORIENTED_EDGE('',*,*,#9089,.T.);
#9089 = EDGE_CURVE('',#9090,#8896,#9092,.T.);
#9090 = VERTEX_POINT('',#9091);
#9091 = CARTESIAN_POINT('',(31.15,-19.37296875724,3.552713678801E-15));
#9092 = SURFACE_CURVE('',#9093,(#9097,#9104),.PCURVE_S1.);
#9093 = LINE('',#9094,#9095);
#9094 = CARTESIAN_POINT('',(31.15,-43.43597801141,-89.80437311956));
#9095 = VECTOR('',#9096,1.);
#9096 = DIRECTION('',(0.,0.258819045103,0.965925826289));
#9097 = PCURVE('',#7935,#9098);
#9098 = DEFINITIONAL_REPRESENTATION('',(#9099),#9103);
#9099 = LINE('',#9100,#9101);
#9100 = CARTESIAN_POINT('',(-0.,100.));
#9101 = VECTOR('',#9102,1.);
#9102 = DIRECTION('',(-0.,-1.));
#9103 = ( GEOMETRIC_REPRESENTATION_CONTEXT(2) 
PARAMETRIC_REPRESENTATION_CONTEXT() REPRESENTATION_CONTEXT('2D SPACE',''
  ) );
#9104 = PCURVE('',#3450,#9105);
#9105 = DEFINITIONAL_REPRESENTATION('',(#9106),#9110);
#9106 = LINE('',#9107,#9108);
#9107 = CARTESIAN_POINT('',(62.3,100.));
#9108 = VECTOR('',#9109,1.);
#9109 = DIRECTION('',(0.,-1.));
#9110 = ( GEOMETRIC_REPRESENTATION_CONTEXT(2) 
PARAMETRIC_REPRESENTATION_CONTEXT() REPRESENTATION_CONTEXT('2D SPACE',''
  ) );
#9111 = ORIENTED_EDGE('',*,*,#8895,.F.);
#9112 = ORIENTED_EDGE('',*,*,#7919,.F.);
#9113 = ORIENTED_EDGE('',*,*,#9114,.F.);
#9114 = EDGE_CURVE('',#9090,#7897,#9115,.T.);
#9115 = SURFACE_CURVE('',#9116,(#9121,#9133),.PCURVE_S1.);
#9116 = ELLIPSE('',#9117,3.10582854123,3.);
#9117 = AXIS2_PLACEMENT_3D('',#9118,#9119,#9120);
#9118 = CARTESIAN_POINT('',(31.15,-16.26714021601,0.));
#9119 = DIRECTION('',(0.,-1.225300278295E-17,1.));
#9120 = DIRECTION('',(0.,-1.,-1.225300278295E-17));
#9121 = PCURVE('',#7935,#9122);
#9122 = DEFINITIONAL_REPRESENTATION('',(#9123),#9132);
#9123 = B_SPLINE_CURVE_WITH_KNOTS('',7,(#9124,#9125,#9126,#9127,#9128,
    #9129,#9130,#9131),.UNSPECIFIED.,.F.,.F.,(8,8),(-8.881784197001E-16,
    1.570796326795),.PIECEWISE_BEZIER_KNOTS.);
#9124 = CARTESIAN_POINT('',(8.881784197001E-16,7.027671612652));
#9125 = CARTESIAN_POINT('',(-0.224399475256,7.027671612652));
#9126 = CARTESIAN_POINT('',(-0.448798950513,6.980446634507));
#9127 = CARTESIAN_POINT('',(-0.673198425769,6.886003528966));
#9128 = CARTESIAN_POINT('',(-0.897597901026,6.750140685002));
#9129 = CARTESIAN_POINT('',(-1.121997376282,6.584589251959));
#9130 = CARTESIAN_POINT('',(-1.346396851538,6.40420700989));
#9131 = CARTESIAN_POINT('',(-1.570796326795,6.223824035359));
#9132 = ( GEOMETRIC_REPRESENTATION_CONTEXT(2) 
PARAMETRIC_REPRESENTATION_CONTEXT() REPRESENTATION_CONTEXT('2D SPACE',''
  ) );
#9133 = PCURVE('',#7281,#9134);
#9134 = DEFINITIONAL_REPRESENTATION('',(#9135),#9139);
#9135 = ELLIPSE('',#9136,3.10582854123,3.);
#9136 = AXIS2_PLACEMENT_2D('',#9137,#9138);
#9137 = CARTESIAN_POINT('',(31.15,-15.82511434961));
#9138 = DIRECTION('',(0.,-1.));
#9139 = ( GEOMETRIC_REPRESENTATION_CONTEXT(2) 
PARAMETRIC_REPRESENTATION_CONTEXT() REPRESENTATION_CONTEXT('2D SPACE',''
  ) );
#9140 = ADVANCED_FACE('',(#9141),#7823,.F.);
#9141 = FACE_BOUND('',#9142,.F.);
#9142 = EDGE_LOOP('',(#9143,#9189,#9215));
#9143 = ORIENTED_EDGE('',*,*,#9144,.T.);
#9144 = EDGE_CURVE('',#7757,#673,#9145,.T.);
#9145 = SURFACE_CURVE('',#9146,(#9160,#9167),.PCURVE_S1.);
#9146 = ( BOUNDED_CURVE() B_SPLINE_CURVE(12,(#9147,#9148,#9149,#9150,
    #9151,#9152,#9153,#9154,#9155,#9156,#9157,#9158,#9159),
.UNSPECIFIED.,.F.,.F.) B_SPLINE_CURVE_WITH_KNOTS((13,13),(
1.338866296775E-07,1.157825199245),.PIECEWISE_BEZIER_KNOTS.) CURVE() 
GEOMETRIC_REPRESENTATION_ITEM() RATIONAL_B_SPLINE_CURVE((1.,1.,1.,
    1.000000000001,0.999999999999,1.000000000002,0.999999999998,
    1.000000000002,0.999999999999,1.000000000001,1.,1.,1.)) 
REPRESENTATION_ITEM('') );
#9147 = CARTESIAN_POINT('',(34.15,4.434672141401,12.35));
#9148 = CARTESIAN_POINT('',(34.150000049281,4.304097224335,
    12.384987455092));
#9149 = CARTESIAN_POINT('',(34.119248136199,4.173625093318,
    12.419847622296));
#9150 = CARTESIAN_POINT('',(34.058696731893,4.052101119796,
    12.45166651647));
#9151 = CARTESIAN_POINT('',(33.968239464821,3.95385272967,
    12.469773480498));
#9152 = CARTESIAN_POINT('',(33.879169119137,3.874428899024,
    12.492077967475));
#9153 = CARTESIAN_POINT('',(33.752599263874,3.839631164822,
    12.474156510955));
#9154 = CARTESIAN_POINT('',(33.714034425114,3.827947175907,
    12.489991990432));
#9155 = CARTESIAN_POINT('',(33.647260059669,3.812842214629,
    12.497231091281));
#9156 = CARTESIAN_POINT('',(33.608736526556,3.810919305603,
    12.507226296763));
#9157 = CARTESIAN_POINT('',(33.569851320889,3.807867358245,12.5145987183
    ));
#9158 = CARTESIAN_POINT('',(33.53498750568,3.806820354313,
    12.518232379317));
#9159 = CARTESIAN_POINT('',(33.5,3.806820354313,12.518232379317));
#9160 = PCURVE('',#7823,#9161);
#9161 = DEFINITIONAL_REPRESENTATION('',(#9162),#9166);
#9162 = LINE('',#9163,#9164);
#9163 = CARTESIAN_POINT('',(1.157825065359,0.));
#9164 = VECTOR('',#9165,1.);
#9165 = DIRECTION('',(0.,1.));
#9166 = ( GEOMETRIC_REPRESENTATION_CONTEXT(2) 
PARAMETRIC_REPRESENTATION_CONTEXT() REPRESENTATION_CONTEXT('2D SPACE',''
  ) );
#9167 = PCURVE('',#688,#9168);
#9168 = DEFINITIONAL_REPRESENTATION('',(#9169),#9188);
#9169 = B_SPLINE_CURVE_WITH_KNOTS('',9,(#9170,#9171,#9172,#9173,#9174,
    #9175,#9176,#9177,#9178,#9179,#9180,#9181,#9182,#9183,#9184,#9185,
    #9186,#9187),.UNSPECIFIED.,.F.,.F.,(10,8,10),(1.338866296775E-07,
    0.578912666566,1.157825199245),.UNSPECIFIED.);
#9170 = CARTESIAN_POINT('',(3.645551286402E-07,7.103383236668));
#9171 = CARTESIAN_POINT('',(-0.138646921986,7.103383236668));
#9172 = CARTESIAN_POINT('',(-0.277236068036,7.103353017713));
#9173 = CARTESIAN_POINT('',(-0.414659409057,7.102998258872));
#9174 = CARTESIAN_POINT('',(-0.548421601783,7.101194392107));
#9175 = CARTESIAN_POINT('',(-0.678283541018,7.098800656358));
#9176 = CARTESIAN_POINT('',(-0.800627347911,7.094546497414));
#9177 = CARTESIAN_POINT('',(-0.91258148772,7.090557185599));
#9178 = CARTESIAN_POINT('',(-1.012144090023,7.087541579616));
#9179 = CARTESIAN_POINT('',(-1.186657854543,7.084545962451));
#9180 = CARTESIAN_POINT('',(-1.261574461948,7.084560725361));
#9181 = CARTESIAN_POINT('',(-1.324345447484,7.086508601042));
#9182 = CARTESIAN_POINT('',(-1.375922489395,7.090422504803));
#9183 = CARTESIAN_POINT('',(-1.421712054162,7.094864499277));
#9184 = CARTESIAN_POINT('',(-1.461449612357,7.098924857729));
#9185 = CARTESIAN_POINT('',(-1.499081713784,7.101907985139));
#9186 = CARTESIAN_POINT('',(-1.534911705584,7.103383225549));
#9187 = CARTESIAN_POINT('',(-1.570796326795,7.103383225548));
#9188 = ( GEOMETRIC_REPRESENTATION_CONTEXT(2) 
PARAMETRIC_REPRESENTATION_CONTEXT() REPRESENTATION_CONTEXT('2D SPACE',''
  ) );
#9189 = ORIENTED_EDGE('',*,*,#9190,.F.);
#9190 = EDGE_CURVE('',#7733,#673,#9191,.T.);
#9191 = SURFACE_CURVE('',#9192,(#9196,#9203),.PCURVE_S1.);
#9192 = ( BOUNDED_CURVE() B_SPLINE_CURVE(2,(#9193,#9194,#9195),
.UNSPECIFIED.,.F.,.F.) B_SPLINE_CURVE_WITH_KNOTS((3,3),(0.,
1.157825065359),.PIECEWISE_BEZIER_KNOTS.) CURVE() 
GEOMETRIC_REPRESENTATION_ITEM() RATIONAL_B_SPLINE_CURVE((1.,
0.793353340291,1.)) REPRESENTATION_ITEM('') );
#9193 = CARTESIAN_POINT('',(33.5,4.434672141401,13.));
#9194 = CARTESIAN_POINT('',(33.5,3.935909599215,13.));
#9195 = CARTESIAN_POINT('',(33.5,3.806820354313,12.518232379317));
#9196 = PCURVE('',#7823,#9197);
#9197 = DEFINITIONAL_REPRESENTATION('',(#9198),#9202);
#9198 = LINE('',#9199,#9200);
#9199 = CARTESIAN_POINT('',(0.,1.157825199245));
#9200 = VECTOR('',#9201,1.);
#9201 = DIRECTION('',(1.,0.));
#9202 = ( GEOMETRIC_REPRESENTATION_CONTEXT(2) 
PARAMETRIC_REPRESENTATION_CONTEXT() REPRESENTATION_CONTEXT('2D SPACE',''
  ) );
#9203 = PCURVE('',#572,#9204);
#9204 = DEFINITIONAL_REPRESENTATION('',(#9205),#9214);
#9205 = B_SPLINE_CURVE_WITH_KNOTS('',7,(#9206,#9207,#9208,#9209,#9210,
    #9211,#9212,#9213),.UNSPECIFIED.,.F.,.F.,(8,8),(0.,1.157825065359),
  .PIECEWISE_BEZIER_KNOTS.);
#9206 = CARTESIAN_POINT('',(0.,0.));
#9207 = CARTESIAN_POINT('',(-0.17393183686,0.));
#9208 = CARTESIAN_POINT('',(-0.359847938879,0.));
#9209 = CARTESIAN_POINT('',(-0.55490416328,0.));
#9210 = CARTESIAN_POINT('',(-0.754092775805,0.));
#9211 = CARTESIAN_POINT('',(-0.949149000049,0.));
#9212 = CARTESIAN_POINT('',(-1.135065102136,0.));
#9213 = CARTESIAN_POINT('',(-1.308996938996,0.));
#9214 = ( GEOMETRIC_REPRESENTATION_CONTEXT(2) 
PARAMETRIC_REPRESENTATION_CONTEXT() REPRESENTATION_CONTEXT('2D SPACE',''
  ) );
#9215 = ORIENTED_EDGE('',*,*,#7784,.F.);
#9216 = ADVANCED_FACE('',(#9217),#7717,.T.);
#9217 = FACE_BOUND('',#9218,.F.);
#9218 = EDGE_LOOP('',(#9219,#9242,#9264,#9265));
#9219 = ORIENTED_EDGE('',*,*,#9220,.F.);
#9220 = EDGE_CURVE('',#9221,#7568,#9223,.T.);
#9221 = VERTEX_POINT('',#9222);
#9222 = CARTESIAN_POINT('',(29.15,20.,8.881784197001E-16));
#9223 = SURFACE_CURVE('',#9224,(#9228,#9235),.PCURVE_S1.);
#9224 = LINE('',#9225,#9226);
#9225 = CARTESIAN_POINT('',(29.15,20.,8.881784197001E-16));
#9226 = VECTOR('',#9227,1.);
#9227 = DIRECTION('',(0.,1.225300278295E-17,1.));
#9228 = PCURVE('',#7717,#9229);
#9229 = DEFINITIONAL_REPRESENTATION('',(#9230),#9234);
#9230 = LINE('',#9231,#9232);
#9231 = CARTESIAN_POINT('',(-1.570796326795,0.));
#9232 = VECTOR('',#9233,1.);
#9233 = DIRECTION('',(-0.,-1.));
#9234 = ( GEOMETRIC_REPRESENTATION_CONTEXT(2) 
PARAMETRIC_REPRESENTATION_CONTEXT() REPRESENTATION_CONTEXT('2D SPACE',''
  ) );
#9235 = PCURVE('',#7583,#9236);
#9236 = DEFINITIONAL_REPRESENTATION('',(#9237),#9241);
#9237 = LINE('',#9238,#9239);
#9238 = CARTESIAN_POINT('',(0.,0.));
#9239 = VECTOR('',#9240,1.);
#9240 = DIRECTION('',(0.,-1.));
#9241 = ( GEOMETRIC_REPRESENTATION_CONTEXT(2) 
PARAMETRIC_REPRESENTATION_CONTEXT() REPRESENTATION_CONTEXT('2D SPACE',''
  ) );
#9242 = ORIENTED_EDGE('',*,*,#9243,.F.);
#9243 = EDGE_CURVE('',#7874,#9221,#9244,.T.);
#9244 = SURFACE_CURVE('',#9245,(#9250,#9257),.PCURVE_S1.);
#9245 = CIRCLE('',#9246,5.);
#9246 = AXIS2_PLACEMENT_3D('',#9247,#9248,#9249);
#9247 = CARTESIAN_POINT('',(29.15,15.,0.));
#9248 = DIRECTION('',(0.,-1.225300278295E-17,1.));
#9249 = DIRECTION('',(1.,0.,0.));
#9250 = PCURVE('',#7717,#9251);
#9251 = DEFINITIONAL_REPRESENTATION('',(#9252),#9256);
#9252 = LINE('',#9253,#9254);
#9253 = CARTESIAN_POINT('',(-0.,0.));
#9254 = VECTOR('',#9255,1.);
#9255 = DIRECTION('',(-1.,0.));
#9256 = ( GEOMETRIC_REPRESENTATION_CONTEXT(2) 
PARAMETRIC_REPRESENTATION_CONTEXT() REPRESENTATION_CONTEXT('2D SPACE',''
  ) );
#9257 = PCURVE('',#7281,#9258);
#9258 = DEFINITIONAL_REPRESENTATION('',(#9259),#9263);
#9259 = CIRCLE('',#9260,5.);
#9260 = AXIS2_PLACEMENT_2D('',#9261,#9262);
#9261 = CARTESIAN_POINT('',(29.15,15.4420258664));
#9262 = DIRECTION('',(1.,0.));
#9263 = ( GEOMETRIC_REPRESENTATION_CONTEXT(2) 
PARAMETRIC_REPRESENTATION_CONTEXT() REPRESENTATION_CONTEXT('2D SPACE',''
  ) );
#9264 = ORIENTED_EDGE('',*,*,#7873,.T.);
#9265 = ORIENTED_EDGE('',*,*,#7702,.F.);
#9266 = ADVANCED_FACE('',(#9267),#7583,.F.);
#9267 = FACE_BOUND('',#9268,.F.);
#9268 = EDGE_LOOP('',(#9269,#9292,#9313,#9314));
#9269 = ORIENTED_EDGE('',*,*,#9270,.F.);
#9270 = EDGE_CURVE('',#9271,#7513,#9273,.T.);
#9271 = VERTEX_POINT('',#9272);
#9272 = CARTESIAN_POINT('',(-29.15,20.,8.881784197001E-16));
#9273 = SURFACE_CURVE('',#9274,(#9278,#9285),.PCURVE_S1.);
#9274 = LINE('',#9275,#9276);
#9275 = CARTESIAN_POINT('',(-29.15,20.,8.881784197001E-16));
#9276 = VECTOR('',#9277,1.);
#9277 = DIRECTION('',(0.,1.225300278295E-17,1.));
#9278 = PCURVE('',#7583,#9279);
#9279 = DEFINITIONAL_REPRESENTATION('',(#9280),#9284);
#9280 = LINE('',#9281,#9282);
#9281 = CARTESIAN_POINT('',(58.3,-0.));
#9282 = VECTOR('',#9283,1.);
#9283 = DIRECTION('',(0.,-1.));
#9284 = ( GEOMETRIC_REPRESENTATION_CONTEXT(2) 
PARAMETRIC_REPRESENTATION_CONTEXT() REPRESENTATION_CONTEXT('2D SPACE',''
  ) );
#9285 = PCURVE('',#7309,#9286);
#9286 = DEFINITIONAL_REPRESENTATION('',(#9287),#9291);
#9287 = LINE('',#9288,#9289);
#9288 = CARTESIAN_POINT('',(-0.,0.));
#9289 = VECTOR('',#9290,1.);
#9290 = DIRECTION('',(-0.,-1.));
#9291 = ( GEOMETRIC_REPRESENTATION_CONTEXT(2) 
PARAMETRIC_REPRESENTATION_CONTEXT() REPRESENTATION_CONTEXT('2D SPACE',''
  ) );
#9292 = ORIENTED_EDGE('',*,*,#9293,.F.);
#9293 = EDGE_CURVE('',#9221,#9271,#9294,.T.);
#9294 = SURFACE_CURVE('',#9295,(#9299,#9306),.PCURVE_S1.);
#9295 = LINE('',#9296,#9297);
#9296 = CARTESIAN_POINT('',(29.15,20.,8.881784197001E-16));
#9297 = VECTOR('',#9298,1.);
#9298 = DIRECTION('',(-1.,0.,0.));
#9299 = PCURVE('',#7583,#9300);
#9300 = DEFINITIONAL_REPRESENTATION('',(#9301),#9305);
#9301 = LINE('',#9302,#9303);
#9302 = CARTESIAN_POINT('',(0.,0.));
#9303 = VECTOR('',#9304,1.);
#9304 = DIRECTION('',(1.,-0.));
#9305 = ( GEOMETRIC_REPRESENTATION_CONTEXT(2) 
PARAMETRIC_REPRESENTATION_CONTEXT() REPRESENTATION_CONTEXT('2D SPACE',''
  ) );
#9306 = PCURVE('',#7281,#9307);
#9307 = DEFINITIONAL_REPRESENTATION('',(#9308),#9312);
#9308 = LINE('',#9309,#9310);
#9309 = CARTESIAN_POINT('',(29.15,20.4420258664));
#9310 = VECTOR('',#9311,1.);
#9311 = DIRECTION('',(-1.,0.));
#9312 = ( GEOMETRIC_REPRESENTATION_CONTEXT(2) 
PARAMETRIC_REPRESENTATION_CONTEXT() REPRESENTATION_CONTEXT('2D SPACE',''
  ) );
#9313 = ORIENTED_EDGE('',*,*,#9220,.T.);
#9314 = ORIENTED_EDGE('',*,*,#7567,.F.);
#9315 = ADVANCED_FACE('',(#9316),#7309,.T.);
#9316 = FACE_BOUND('',#9317,.F.);
#9317 = EDGE_LOOP('',(#9318,#9319,#9341,#9342));
#9318 = ORIENTED_EDGE('',*,*,#7293,.F.);
#9319 = ORIENTED_EDGE('',*,*,#9320,.F.);
#9320 = EDGE_CURVE('',#9271,#7266,#9321,.T.);
#9321 = SURFACE_CURVE('',#9322,(#9327,#9334),.PCURVE_S1.);
#9322 = CIRCLE('',#9323,5.);
#9323 = AXIS2_PLACEMENT_3D('',#9324,#9325,#9326);
#9324 = CARTESIAN_POINT('',(-29.15,15.,0.));
#9325 = DIRECTION('',(0.,-1.225300278295E-17,1.));
#9326 = DIRECTION('',(0.,1.,1.225300278295E-17));
#9327 = PCURVE('',#7309,#9328);
#9328 = DEFINITIONAL_REPRESENTATION('',(#9329),#9333);
#9329 = LINE('',#9330,#9331);
#9330 = CARTESIAN_POINT('',(-0.,0.));
#9331 = VECTOR('',#9332,1.);
#9332 = DIRECTION('',(-1.,0.));
#9333 = ( GEOMETRIC_REPRESENTATION_CONTEXT(2) 
PARAMETRIC_REPRESENTATION_CONTEXT() REPRESENTATION_CONTEXT('2D SPACE',''
  ) );
#9334 = PCURVE('',#7281,#9335);
#9335 = DEFINITIONAL_REPRESENTATION('',(#9336),#9340);
#9336 = CIRCLE('',#9337,5.);
#9337 = AXIS2_PLACEMENT_2D('',#9338,#9339);
#9338 = CARTESIAN_POINT('',(-29.15,15.4420258664));
#9339 = DIRECTION('',(0.,1.));
#9340 = ( GEOMETRIC_REPRESENTATION_CONTEXT(2) 
PARAMETRIC_REPRESENTATION_CONTEXT() REPRESENTATION_CONTEXT('2D SPACE',''
  ) );
#9341 = ORIENTED_EDGE('',*,*,#9270,.T.);
#9342 = ORIENTED_EDGE('',*,*,#7541,.F.);
#9343 = ADVANCED_FACE('',(#9344),#7281,.F.);
#9344 = FACE_BOUND('',#9345,.F.);
#9345 = EDGE_LOOP('',(#9346,#9347,#9376,#9397,#9398,#9399,#9400,#9401));
#9346 = ORIENTED_EDGE('',*,*,#7265,.T.);
#9347 = ORIENTED_EDGE('',*,*,#9348,.T.);
#9348 = EDGE_CURVE('',#7238,#9349,#9351,.T.);
#9349 = VERTEX_POINT('',#9350);
#9350 = CARTESIAN_POINT('',(-31.15,-19.37296875724,6.217248937901E-15));
#9351 = SURFACE_CURVE('',#9352,(#9357,#9364),.PCURVE_S1.);
#9352 = ELLIPSE('',#9353,3.10582854123,3.);
#9353 = AXIS2_PLACEMENT_3D('',#9354,#9355,#9356);
#9354 = CARTESIAN_POINT('',(-31.15,-16.26714021601,0.));
#9355 = DIRECTION('',(0.,-1.225300278295E-17,1.));
#9356 = DIRECTION('',(0.,-1.,-1.225300278295E-17));
#9357 = PCURVE('',#7281,#9358);
#9358 = DEFINITIONAL_REPRESENTATION('',(#9359),#9363);
#9359 = ELLIPSE('',#9360,3.10582854123,3.);
#9360 = AXIS2_PLACEMENT_2D('',#9361,#9362);
#9361 = CARTESIAN_POINT('',(-31.15,-15.82511434961));
#9362 = DIRECTION('',(0.,-1.));
#9363 = ( GEOMETRIC_REPRESENTATION_CONTEXT(2) 
PARAMETRIC_REPRESENTATION_CONTEXT() REPRESENTATION_CONTEXT('2D SPACE',''
  ) );
#9364 = PCURVE('',#7253,#9365);
#9365 = DEFINITIONAL_REPRESENTATION('',(#9366),#9375);
#9366 = B_SPLINE_CURVE_WITH_KNOTS('',7,(#9367,#9368,#9369,#9370,#9371,
    #9372,#9373,#9374),.UNSPECIFIED.,.F.,.F.,(8,8),(4.712388980385,
    6.28318530718),.PIECEWISE_BEZIER_KNOTS.);
#9367 = CARTESIAN_POINT('',(8.881784197001E-16,6.223824035359));
#9368 = CARTESIAN_POINT('',(-0.224399475256,6.40420700989));
#9369 = CARTESIAN_POINT('',(-0.448798950513,6.584589251959));
#9370 = CARTESIAN_POINT('',(-0.673198425769,6.750140685));
#9371 = CARTESIAN_POINT('',(-0.897597901026,6.886003528967));
#9372 = CARTESIAN_POINT('',(-1.121997376282,6.980446634507));
#9373 = CARTESIAN_POINT('',(-1.346396851538,7.027671612652));
#9374 = CARTESIAN_POINT('',(-1.570796326795,7.027671612652));
#9375 = ( GEOMETRIC_REPRESENTATION_CONTEXT(2) 
PARAMETRIC_REPRESENTATION_CONTEXT() REPRESENTATION_CONTEXT('2D SPACE',''
  ) );
#9376 = ORIENTED_EDGE('',*,*,#9377,.F.);
#9377 = EDGE_CURVE('',#9090,#9349,#9378,.T.);
#9378 = SURFACE_CURVE('',#9379,(#9383,#9390),.PCURVE_S1.);
#9379 = LINE('',#9380,#9381);
#9380 = CARTESIAN_POINT('',(-15.575,-19.37296875724,0.));
#9381 = VECTOR('',#9382,1.);
#9382 = DIRECTION('',(-1.,0.,0.));
#9383 = PCURVE('',#7281,#9384);
#9384 = DEFINITIONAL_REPRESENTATION('',(#9385),#9389);
#9385 = LINE('',#9386,#9387);
#9386 = CARTESIAN_POINT('',(-15.575,-18.93094289084));
#9387 = VECTOR('',#9388,1.);
#9388 = DIRECTION('',(-1.,0.));
#9389 = ( GEOMETRIC_REPRESENTATION_CONTEXT(2) 
PARAMETRIC_REPRESENTATION_CONTEXT() REPRESENTATION_CONTEXT('2D SPACE',''
  ) );
#9390 = PCURVE('',#3450,#9391);
#9391 = DEFINITIONAL_REPRESENTATION('',(#9392),#9396);
#9392 = LINE('',#9393,#9394);
#9393 = CARTESIAN_POINT('',(15.575,7.027671612652));
#9394 = VECTOR('',#9395,1.);
#9395 = DIRECTION('',(-1.,-0.));
#9396 = ( GEOMETRIC_REPRESENTATION_CONTEXT(2) 
PARAMETRIC_REPRESENTATION_CONTEXT() REPRESENTATION_CONTEXT('2D SPACE',''
  ) );
#9397 = ORIENTED_EDGE('',*,*,#9114,.T.);
#9398 = ORIENTED_EDGE('',*,*,#7896,.T.);
#9399 = ORIENTED_EDGE('',*,*,#9243,.T.);
#9400 = ORIENTED_EDGE('',*,*,#9293,.T.);
#9401 = ORIENTED_EDGE('',*,*,#9320,.T.);
#9402 = ADVANCED_FACE('',(#9403),#7253,.T.);
#9403 = FACE_BOUND('',#9404,.F.);
#9404 = EDGE_LOOP('',(#9405,#9406,#9442,#9463));
#9405 = ORIENTED_EDGE('',*,*,#7237,.F.);
#9406 = ORIENTED_EDGE('',*,*,#9407,.F.);
#9407 = EDGE_CURVE('',#9408,#7026,#9410,.T.);
#9408 = VERTEX_POINT('',#9409);
#9409 = CARTESIAN_POINT('',(-31.15,-16.23673764725,11.704573846742));
#9410 = SURFACE_CURVE('',#9411,(#9421,#9435),.PCURVE_S1.);
#9411 = ( BOUNDED_CURVE() B_SPLINE_CURVE(8,(#9412,#9413,#9414,#9415,
    #9416,#9417,#9418,#9419,#9420),.UNSPECIFIED.,.F.,.F.) 
B_SPLINE_CURVE_WITH_KNOTS((9,9),(8.75855800122,13.418011700608),
.PIECEWISE_BEZIER_KNOTS.) CURVE() GEOMETRIC_REPRESENTATION_ITEM() 
RATIONAL_B_SPLINE_CURVE((1.,1.,1.,1.,1.,1.,1.,1.,1.)) 
REPRESENTATION_ITEM('') );
#9412 = CARTESIAN_POINT('',(-31.15,-16.23673764725,11.704573846742));
#9413 = CARTESIAN_POINT('',(-31.74014675359,-16.23673764725,
    11.704573846742));
#9414 = CARTESIAN_POINT('',(-32.34389441098,-16.09573456483,
    11.718165887466));
#9415 = CARTESIAN_POINT('',(-32.92189741503,-15.80241144286,
    11.746453699151));
#9416 = CARTESIAN_POINT('',(-33.41593324604,-15.36211053041,
    11.790161175773));
#9417 = CARTESIAN_POINT('',(-33.78096782419,-14.83092808942,
    11.839664079476));
#9418 = CARTESIAN_POINT('',(-34.02418533764,-14.25869996359,
    11.89429186318));
#9419 = CARTESIAN_POINT('',(-34.15,-13.65963447945,11.951727797746));
#9420 = CARTESIAN_POINT('',(-34.15,-13.04899255216,12.010290587748));
#9421 = PCURVE('',#7253,#9422);
#9422 = DEFINITIONAL_REPRESENTATION('',(#9423),#9434);
#9423 = B_SPLINE_CURVE_WITH_KNOTS('',9,(#9424,#9425,#9426,#9427,#9428,
    #9429,#9430,#9431,#9432,#9433),.UNSPECIFIED.,.F.,.F.,(10,10),(
    8.75855800122,13.418011700608),.PIECEWISE_BEZIER_KNOTS.);
#9424 = CARTESIAN_POINT('',(-1.570796326795,-5.089794892731));
#9425 = CARTESIAN_POINT('',(-1.395938029434,-5.089794892731));
#9426 = CARTESIAN_POINT('',(-1.217551509983,-5.128392403033));
#9427 = CARTESIAN_POINT('',(-1.036664572234,-5.208238391212));
#9428 = CARTESIAN_POINT('',(-0.856466373905,-5.329439043542));
#9429 = CARTESIAN_POINT('',(-0.679256187557,-5.481173420299));
#9430 = CARTESIAN_POINT('',(-0.506322667845,-5.65109939223));
#9431 = CARTESIAN_POINT('',(-0.337724819499,-5.831783315413));
#9432 = CARTESIAN_POINT('',(-0.170274857126,-6.019376554968));
#9433 = CARTESIAN_POINT('',(3.298723790741E-16,-6.21014372994));
#9434 = ( GEOMETRIC_REPRESENTATION_CONTEXT(2) 
PARAMETRIC_REPRESENTATION_CONTEXT() REPRESENTATION_CONTEXT('2D SPACE',''
  ) );
#9435 = PCURVE('',#6935,#9436);
#9436 = DEFINITIONAL_REPRESENTATION('',(#9437),#9441);
#9437 = LINE('',#9438,#9439);
#9438 = CARTESIAN_POINT('',(4.659453699387,0.));
#9439 = VECTOR('',#9440,1.);
#9440 = DIRECTION('',(0.,1.));
#9441 = ( GEOMETRIC_REPRESENTATION_CONTEXT(2) 
PARAMETRIC_REPRESENTATION_CONTEXT() REPRESENTATION_CONTEXT('2D SPACE',''
  ) );
#9442 = ORIENTED_EDGE('',*,*,#9443,.T.);
#9443 = EDGE_CURVE('',#9408,#9349,#9444,.T.);
#9444 = SURFACE_CURVE('',#9445,(#9449,#9456),.PCURVE_S1.);
#9445 = LINE('',#9446,#9447);
#9446 = CARTESIAN_POINT('',(-31.15,8.32783100909,103.38079213824));
#9447 = VECTOR('',#9448,1.);
#9448 = DIRECTION('',(0.,-0.258819045103,-0.965925826289));
#9449 = PCURVE('',#7253,#9450);
#9450 = DEFINITIONAL_REPRESENTATION('',(#9451),#9455);
#9451 = LINE('',#9452,#9453);
#9452 = CARTESIAN_POINT('',(-1.570796326795,-100.));
#9453 = VECTOR('',#9454,1.);
#9454 = DIRECTION('',(0.,1.));
#9455 = ( GEOMETRIC_REPRESENTATION_CONTEXT(2) 
PARAMETRIC_REPRESENTATION_CONTEXT() REPRESENTATION_CONTEXT('2D SPACE',''
  ) );
#9456 = PCURVE('',#3450,#9457);
#9457 = DEFINITIONAL_REPRESENTATION('',(#9458),#9462);
#9458 = LINE('',#9459,#9460);
#9459 = CARTESIAN_POINT('',(0.,-100.));
#9460 = VECTOR('',#9461,1.);
#9461 = DIRECTION('',(0.,1.));
#9462 = ( GEOMETRIC_REPRESENTATION_CONTEXT(2) 
PARAMETRIC_REPRESENTATION_CONTEXT() REPRESENTATION_CONTEXT('2D SPACE',''
  ) );
#9463 = ORIENTED_EDGE('',*,*,#9348,.F.);
#9464 = ADVANCED_FACE('',(#9465),#6935,.F.);
#9465 = FACE_BOUND('',#9466,.F.);
#9466 = EDGE_LOOP('',(#9467,#9516,#9517,#9518));
#9467 = ORIENTED_EDGE('',*,*,#9468,.T.);
#9468 = EDGE_CURVE('',#6880,#9408,#9469,.T.);
#9469 = SURFACE_CURVE('',#9470,(#9475,#9509),.PCURVE_S1.);
#9470 = CIRCLE('',#9471,0.65);
#9471 = AXIS2_PLACEMENT_3D('',#9472,#9473,#9474);
#9472 = CARTESIAN_POINT('',(-31.15,-15.60888586017,11.536341467426));
#9473 = DIRECTION('',(1.,0.,0.));
#9474 = DIRECTION('',(0.,-0.182050192619,0.983289238916));
#9475 = PCURVE('',#6935,#9476);
#9476 = DEFINITIONAL_REPRESENTATION('',(#9477),#9508);
#9477 = B_SPLINE_CURVE_WITH_KNOTS('',8,(#9478,#9479,#9480,#9481,#9482,
    #9483,#9484,#9485,#9486,#9487,#9488,#9489,#9490,#9491,#9492,#9493,
    #9494,#9495,#9496,#9497,#9498,#9499,#9500,#9501,#9502,#9503,#9504,
    #9505,#9506,#9507),.UNSPECIFIED.,.F.,.F.,(9,7,7,7,9),(0.,
    0.281481463347,0.562962926693,0.84444439004,1.125925853387),
  .UNSPECIFIED.);
#9478 = CARTESIAN_POINT('',(1.110223024625E-16,8.75855800122));
#9479 = CARTESIAN_POINT('',(0.153593317451,8.758558001221));
#9480 = CARTESIAN_POINT('',(0.305400525036,8.75855800122));
#9481 = CARTESIAN_POINT('',(0.455603852746,8.758558001221));
#9482 = CARTESIAN_POINT('',(0.604371905981,8.75855800122));
#9483 = CARTESIAN_POINT('',(0.751867948336,8.758558001221));
#9484 = CARTESIAN_POINT('',(0.898247882761,8.75855800122));
#9485 = CARTESIAN_POINT('',(1.043658286989,8.75855800122));
#9486 = CARTESIAN_POINT('',(1.332831431229,8.758558001221));
#9487 = CARTESIAN_POINT('',(1.476594230402,8.75855800122));
#9488 = CARTESIAN_POINT('',(1.619683370964,8.758558001221));
#9489 = CARTESIAN_POINT('',(1.762220367736,8.75855800122));
#9490 = CARTESIAN_POINT('',(1.904369855736,8.758558001221));
#9491 = CARTESIAN_POINT('',(2.046242560818,8.75855800122));
#9492 = CARTESIAN_POINT('',(2.187984979421,8.758558001221));
#9493 = CARTESIAN_POINT('',(2.471468719966,8.75855800122));
#9494 = CARTESIAN_POINT('',(2.613211138569,8.758558001221));
#9495 = CARTESIAN_POINT('',(2.755083843652,8.75855800122));
#9496 = CARTESIAN_POINT('',(2.897233331651,8.758558001221));
#9497 = CARTESIAN_POINT('',(3.039770328423,8.75855800122));
#9498 = CARTESIAN_POINT('',(3.182859468986,8.758558001221));
#9499 = CARTESIAN_POINT('',(3.326622268158,8.75855800122));
#9500 = CARTESIAN_POINT('',(3.615795412398,8.758558001221));
#9501 = CARTESIAN_POINT('',(3.761205816626,8.75855800122));
#9502 = CARTESIAN_POINT('',(3.907585751052,8.758558001221));
#9503 = CARTESIAN_POINT('',(4.055081793406,8.75855800122));
#9504 = CARTESIAN_POINT('',(4.203849846642,8.758558001221));
#9505 = CARTESIAN_POINT('',(4.354053174351,8.75855800122));
#9506 = CARTESIAN_POINT('',(4.505860381937,8.758558001221));
#9507 = CARTESIAN_POINT('',(4.659453699387,8.75855800122));
#9508 = ( GEOMETRIC_REPRESENTATION_CONTEXT(2) 
PARAMETRIC_REPRESENTATION_CONTEXT() REPRESENTATION_CONTEXT('2D SPACE',''
  ) );
#9509 = PCURVE('',#6895,#9510);
#9510 = DEFINITIONAL_REPRESENTATION('',(#9511),#9515);
#9511 = LINE('',#9512,#9513);
#9512 = CARTESIAN_POINT('',(-0.,7.9));
#9513 = VECTOR('',#9514,1.);
#9514 = DIRECTION('',(-1.,0.));
#9515 = ( GEOMETRIC_REPRESENTATION_CONTEXT(2) 
PARAMETRIC_REPRESENTATION_CONTEXT() REPRESENTATION_CONTEXT('2D SPACE',''
  ) );
#9516 = ORIENTED_EDGE('',*,*,#9407,.T.);
#9517 = ORIENTED_EDGE('',*,*,#7025,.F.);
#9518 = ORIENTED_EDGE('',*,*,#6907,.F.);
#9519 = ADVANCED_FACE('',(#9520),#6895,.T.);
#9520 = FACE_BOUND('',#9521,.F.);
#9521 = EDGE_LOOP('',(#9522,#9548,#9569,#9570));
#9522 = ORIENTED_EDGE('',*,*,#9523,.T.);
#9523 = EDGE_CURVE('',#4029,#3815,#9524,.T.);
#9524 = SURFACE_CURVE('',#9525,(#9529,#9541),.PCURVE_S1.);
#9525 = ( BOUNDED_CURVE() B_SPLINE_CURVE(2,(#9526,#9527,#9528),
.UNSPECIFIED.,.F.,.F.) B_SPLINE_CURVE_WITH_KNOTS((3,3),(0.,0.85855800122
),.PIECEWISE_BEZIER_KNOTS.) CURVE() GEOMETRIC_REPRESENTATION_ITEM() 
RATIONAL_B_SPLINE_CURVE((1.,0.845677528555,1.)) REPRESENTATION_ITEM('') 
  );
#9526 = CARTESIAN_POINT('',(-23.25,-15.72721848537,12.175479472721));
#9527 = CARTESIAN_POINT('',(-23.25,-16.13056875309,12.100801553929));
#9528 = CARTESIAN_POINT('',(-23.25,-16.23673764725,11.704573846742));
#9529 = PCURVE('',#6895,#9530);
#9530 = DEFINITIONAL_REPRESENTATION('',(#9531),#9540);
#9531 = B_SPLINE_CURVE_WITH_KNOTS('',7,(#9532,#9533,#9534,#9535,#9536,
    #9537,#9538,#9539),.UNSPECIFIED.,.F.,.F.,(8,8),(0.,0.85855800122),
  .PIECEWISE_BEZIER_KNOTS.);
#9532 = CARTESIAN_POINT('',(0.,0.));
#9533 = CARTESIAN_POINT('',(-0.152484062117,0.));
#9534 = CARTESIAN_POINT('',(-0.312812915351,0.));
#9535 = CARTESIAN_POINT('',(-0.478809012941,0.));
#9536 = CARTESIAN_POINT('',(-0.647116840516,0.));
#9537 = CARTESIAN_POINT('',(-0.813112937982,0.));
#9538 = CARTESIAN_POINT('',(-0.97344179127,0.));
#9539 = CARTESIAN_POINT('',(-1.125925853387,0.));
#9540 = ( GEOMETRIC_REPRESENTATION_CONTEXT(2) 
PARAMETRIC_REPRESENTATION_CONTEXT() REPRESENTATION_CONTEXT('2D SPACE',''
  ) );
#9541 = PCURVE('',#3898,#9542);
#9542 = DEFINITIONAL_REPRESENTATION('',(#9543),#9547);
#9543 = LINE('',#9544,#9545);
#9544 = CARTESIAN_POINT('',(0.,0.85855800122));
#9545 = VECTOR('',#9546,1.);
#9546 = DIRECTION('',(1.,0.));
#9547 = ( GEOMETRIC_REPRESENTATION_CONTEXT(2) 
PARAMETRIC_REPRESENTATION_CONTEXT() REPRESENTATION_CONTEXT('2D SPACE',''
  ) );
#9548 = ORIENTED_EDGE('',*,*,#9549,.T.);
#9549 = EDGE_CURVE('',#3815,#9408,#9550,.T.);
#9550 = SURFACE_CURVE('',#9551,(#9555,#9562),.PCURVE_S1.);
#9551 = LINE('',#9552,#9553);
#9552 = CARTESIAN_POINT('',(-23.25,-16.23673764725,11.704573846742));
#9553 = VECTOR('',#9554,1.);
#9554 = DIRECTION('',(-1.,-0.,0.));
#9555 = PCURVE('',#6895,#9556);
#9556 = DEFINITIONAL_REPRESENTATION('',(#9557),#9561);
#9557 = LINE('',#9558,#9559);
#9558 = CARTESIAN_POINT('',(-1.125925853387,0.));
#9559 = VECTOR('',#9560,1.);
#9560 = DIRECTION('',(-0.,1.));
#9561 = ( GEOMETRIC_REPRESENTATION_CONTEXT(2) 
PARAMETRIC_REPRESENTATION_CONTEXT() REPRESENTATION_CONTEXT('2D SPACE',''
  ) );
#9562 = PCURVE('',#3450,#9563);
#9563 = DEFINITIONAL_REPRESENTATION('',(#9564),#9568);
#9564 = LINE('',#9565,#9566);
#9565 = CARTESIAN_POINT('',(7.9,-5.089794892731));
#9566 = VECTOR('',#9567,1.);
#9567 = DIRECTION('',(-1.,-0.));
#9568 = ( GEOMETRIC_REPRESENTATION_CONTEXT(2) 
PARAMETRIC_REPRESENTATION_CONTEXT() REPRESENTATION_CONTEXT('2D SPACE',''
  ) );
#9569 = ORIENTED_EDGE('',*,*,#9468,.F.);
#9570 = ORIENTED_EDGE('',*,*,#6879,.F.);
#9571 = ADVANCED_FACE('',(#9572),#3984,.T.);
#9572 = FACE_BOUND('',#9573,.T.);
#9573 = EDGE_LOOP('',(#9574,#9597,#9598,#9599));
#9574 = ORIENTED_EDGE('',*,*,#9575,.T.);
#9575 = EDGE_CURVE('',#9576,#4226,#9578,.T.);
#9576 = VERTEX_POINT('',#9577);
#9577 = CARTESIAN_POINT('',(-23.25,-14.03993313124,9.125783712243));
#9578 = SURFACE_CURVE('',#9579,(#9583,#9590),.PCURVE_S1.);
#9579 = LINE('',#9580,#9581);
#9580 = CARTESIAN_POINT('',(-23.25,-14.04386086319,9.108770836027));
#9581 = VECTOR('',#9582,1.);
#9582 = DIRECTION('',(0.,0.224951054344,0.974370064785));
#9583 = PCURVE('',#3984,#9584);
#9584 = DEFINITIONAL_REPRESENTATION('',(#9585),#9589);
#9585 = LINE('',#9586,#9587);
#9586 = CARTESIAN_POINT('',(1.570796326795,0.));
#9587 = VECTOR('',#9588,1.);
#9588 = DIRECTION('',(0.,1.));
#9589 = ( GEOMETRIC_REPRESENTATION_CONTEXT(2) 
PARAMETRIC_REPRESENTATION_CONTEXT() REPRESENTATION_CONTEXT('2D SPACE',''
  ) );
#9590 = PCURVE('',#2928,#9591);
#9591 = DEFINITIONAL_REPRESENTATION('',(#9592),#9596);
#9592 = LINE('',#9593,#9594);
#9593 = CARTESIAN_POINT('',(8.9,-66.89074803637));
#9594 = VECTOR('',#9595,1.);
#9595 = DIRECTION('',(0.,1.));
#9596 = ( GEOMETRIC_REPRESENTATION_CONTEXT(2) 
PARAMETRIC_REPRESENTATION_CONTEXT() REPRESENTATION_CONTEXT('2D SPACE',''
  ) );
#9597 = ORIENTED_EDGE('',*,*,#4225,.F.);
#9598 = ORIENTED_EDGE('',*,*,#3968,.F.);
#9599 = ORIENTED_EDGE('',*,*,#9600,.T.);
#9600 = EDGE_CURVE('',#3946,#9576,#9601,.T.);
#9601 = SURFACE_CURVE('',#9602,(#9606,#9620),.PCURVE_S1.);
#9602 = ( BOUNDED_CURVE() B_SPLINE_CURVE(2,(#9603,#9604,#9605),
.UNSPECIFIED.,.F.,.F.) B_SPLINE_CURVE_WITH_KNOTS((3,3),(0.,
3.160010581212),.PIECEWISE_BEZIER_KNOTS.) CURVE() 
GEOMETRIC_REPRESENTATION_ITEM() RATIONAL_B_SPLINE_CURVE((1.,
0.707106781187,1.)) REPRESENTATION_ITEM('') );
#9603 = CARTESIAN_POINT('',(-22.75,-14.52711816363,9.238259239415));
#9604 = CARTESIAN_POINT('',(-22.75,-14.03993313124,9.125783712243));
#9605 = CARTESIAN_POINT('',(-23.25,-14.03993313124,9.125783712243));
#9606 = PCURVE('',#3984,#9607);
#9607 = DEFINITIONAL_REPRESENTATION('',(#9608),#9619);
#9608 = B_SPLINE_CURVE_WITH_KNOTS('',9,(#9609,#9610,#9611,#9612,#9613,
    #9614,#9615,#9616,#9617,#9618),.UNSPECIFIED.,.F.,.F.,(10,10),(0.,
    3.160010581212),.PIECEWISE_BEZIER_KNOTS.);
#9609 = CARTESIAN_POINT('',(-1.110223024625E-16,1.746038474589E-02));
#9610 = CARTESIAN_POINT('',(0.157134840264,1.746038474589E-02));
#9611 = CARTESIAN_POINT('',(0.325774716821,1.746038474589E-02));
#9612 = CARTESIAN_POINT('',(0.50456638687,1.746038474589E-02));
#9613 = CARTESIAN_POINT('',(0.690744851612,1.746038474589E-02));
#9614 = CARTESIAN_POINT('',(0.880051475183,1.746038474589E-02));
#9615 = CARTESIAN_POINT('',(1.066229939925,1.746038474589E-02));
#9616 = CARTESIAN_POINT('',(1.245021609974,1.746038474589E-02));
#9617 = CARTESIAN_POINT('',(1.413661486531,1.746038474589E-02));
#9618 = CARTESIAN_POINT('',(1.570796326795,1.746038474589E-02));
#9619 = ( GEOMETRIC_REPRESENTATION_CONTEXT(2) 
PARAMETRIC_REPRESENTATION_CONTEXT() REPRESENTATION_CONTEXT('2D SPACE',''
  ) );
#9620 = PCURVE('',#9621,#9658);
#9621 = ( BOUNDED_SURFACE() B_SPLINE_SURFACE(2,6,(
    (#9622,#9623,#9624,#9625,#9626,#9627,#9628,#9629,#9630,#9631,#9632
      ,#9633)
    ,(#9634,#9635,#9636,#9637,#9638,#9639,#9640,#9641,#9642,#9643,#9644
      ,#9645)
    ,(#9646,#9647,#9648,#9649,#9650,#9651,#9652,#9653,#9654,#9655,#9656
,#9657
    )),.UNSPECIFIED.,.F.,.F.,.F.) B_SPLINE_SURFACE_WITH_KNOTS((3,3),(7,5
    ,7),(0.,3.160010581212),(48.264608449601,51.407163855018,
51.424619030812),.UNSPECIFIED.) GEOMETRIC_REPRESENTATION_ITEM() 
RATIONAL_B_SPLINE_SURFACE((
    (1.,1.,1.,1.,1.,1.,1.,1.,1.,1.,1.,1.)
    ,(0.719339800339,0.719339800339,0.718359218007,0.716397154549
      ,0.713637364883,0.710443181286,0.707196464232,0.707178525333
      ,0.707160591644,0.707142654376,0.707124718189,0.707106781187)
,(1.,1.,1.,1.,1.,1.,1.,1.,1.,1.,1.,1.
))) REPRESENTATION_ITEM('') SURFACE() );
#9622 = CARTESIAN_POINT('',(-20.75,-14.96042907102,7.283812186302));
#9623 = CARTESIAN_POINT('',(-21.26918212146,-14.96042907102,
    7.283812186302));
#9624 = CARTESIAN_POINT('',(-21.78833172249,-14.92539969392,
    7.441811525536));
#9625 = CARTESIAN_POINT('',(-22.24522421842,-14.85527641848,
    7.758101491059));
#9626 = CARTESIAN_POINT('',(-22.57642719599,-14.75709683095,
    8.200939520304));
#9627 = CARTESIAN_POINT('',(-22.74535841984,-14.64429812833,
    8.709718757818));
#9628 = CARTESIAN_POINT('',(-22.74994928068,-14.5302677041,9.22405323065
    ));
#9629 = CARTESIAN_POINT('',(-22.74996956993,-14.52963776771,
    9.226894576223));
#9630 = CARTESIAN_POINT('',(-22.74998478399,-14.52900789001,9.2297356314
    ));
#9631 = CARTESIAN_POINT('',(-22.74999492838,-14.52837797115,
    9.232576883924));
#9632 = CARTESIAN_POINT('',(-22.75,-14.52774806902,9.235418053768));
#9633 = CARTESIAN_POINT('',(-22.75,-14.52711816363,9.238259239415));
#9634 = CARTESIAN_POINT('',(-20.75,-14.49403720715,7.158842863021));
#9635 = CARTESIAN_POINT('',(-21.27359637863,-14.49403720715,
    7.158842863021));
#9636 = CARTESIAN_POINT('',(-21.79856996659,-14.45699100023,
    7.31930761451));
#9637 = CARTESIAN_POINT('',(-22.25943449409,-14.3824178181,
    7.642319553779));
#9638 = CARTESIAN_POINT('',(-22.58705085092,-14.27873780506,
    8.091407028903));
#9639 = CARTESIAN_POINT('',(-22.75007466684,-14.16118507285,
    8.600583852419));
#9640 = CARTESIAN_POINT('',(-22.7500760886,-14.04320620893,
    9.111606455192));
#9641 = CARTESIAN_POINT('',(-22.75007101715,-14.04255160322,
    9.114441864007));
#9642 = CARTESIAN_POINT('',(-22.75006087608,-14.04189696189,
    9.117277427159));
#9643 = CARTESIAN_POINT('',(-22.75004565759,-14.04124235016,
    9.120112862052));
#9644 = CARTESIAN_POINT('',(-22.7500253661,-14.04058773662,
    9.122948304799));
#9645 = CARTESIAN_POINT('',(-22.75,-14.03993313124,9.125783712243));
#9646 = CARTESIAN_POINT('',(-20.75,-14.60265356118,6.688373745985));
#9647 = CARTESIAN_POINT('',(-21.40008121612,-14.60265356118,
    6.688373745985));
#9648 = CARTESIAN_POINT('',(-22.05017641678,-14.55701523868,
    6.886055038833));
#9649 = CARTESIAN_POINT('',(-22.62165178495,-14.46559788698,
    7.282027092197));
#9650 = CARTESIAN_POINT('',(-23.03551647148,-14.33785927421,
    7.835323811646));
#9651 = CARTESIAN_POINT('',(-23.24528642557,-14.19103757427,
    8.47127846276));
#9652 = CARTESIAN_POINT('',(-23.24994958344,-14.04310466382,
    9.112046295387));
#9653 = CARTESIAN_POINT('',(-23.24996901733,-14.04261646579,
    9.114160913343));
#9654 = CARTESIAN_POINT('',(-23.24998522994,-14.04186320109,
    9.117423661251));
#9655 = CARTESIAN_POINT('',(-23.24999476723,-14.04125190593,
    9.120071471486));
#9656 = CARTESIAN_POINT('',(-23.25,-14.04058775323,9.122948232874));
#9657 = CARTESIAN_POINT('',(-23.25,-14.03993313124,9.125783712243));
#9658 = DEFINITIONAL_REPRESENTATION('',(#9659),#9663);
#9659 = LINE('',#9660,#9661);
#9660 = CARTESIAN_POINT('',(0.,51.424619030812));
#9661 = VECTOR('',#9662,1.);
#9662 = DIRECTION('',(1.,0.));
#9663 = ( GEOMETRIC_REPRESENTATION_CONTEXT(2) 
PARAMETRIC_REPRESENTATION_CONTEXT() REPRESENTATION_CONTEXT('2D SPACE',''
  ) );
#9664 = ADVANCED_FACE('',(#9665),#9621,.T.);
#9665 = FACE_BOUND('',#9666,.T.);
#9666 = EDGE_LOOP('',(#9667,#9705,#9744,#9745));
#9667 = ORIENTED_EDGE('',*,*,#9668,.T.);
#9668 = EDGE_CURVE('',#9669,#9671,#9673,.T.);
#9669 = VERTEX_POINT('',#9670);
#9670 = CARTESIAN_POINT('',(-20.75,-14.96042907102,7.283812186302));
#9671 = VERTEX_POINT('',#9672);
#9672 = CARTESIAN_POINT('',(-20.75,-14.60265356118,6.688373745985));
#9673 = SURFACE_CURVE('',#9674,(#9679,#9693),.PCURVE_S1.);
#9674 = CIRCLE('',#9675,0.5);
#9675 = AXIS2_PLACEMENT_3D('',#9676,#9677,#9678);
#9676 = CARTESIAN_POINT('',(-20.75,-15.08983859357,6.800849273157));
#9677 = DIRECTION('',(-1.,0.,0.));
#9678 = DIRECTION('',(0.,0.258819045103,0.965925826289));
#9679 = PCURVE('',#9621,#9680);
#9680 = DEFINITIONAL_REPRESENTATION('',(#9681),#9692);
#9681 = B_SPLINE_CURVE_WITH_KNOTS('',9,(#9682,#9683,#9684,#9685,#9686,
    #9687,#9688,#9689,#9690,#9691),.UNSPECIFIED.,.F.,.F.,(10,10),(0.,
    1.535889741755),.PIECEWISE_BEZIER_KNOTS.);
#9682 = CARTESIAN_POINT('',(-4.440892098501E-16,48.264608449601));
#9683 = CARTESIAN_POINT('',(0.388154654457,48.264608449601));
#9684 = CARTESIAN_POINT('',(0.746201389081,48.2646084496));
#9685 = CARTESIAN_POINT('',(1.086317001364,48.264608449601));
#9686 = CARTESIAN_POINT('',(1.416479994478,48.2646084496));
#9687 = CARTESIAN_POINT('',(1.743530586735,48.2646084496));
#9688 = CARTESIAN_POINT('',(2.073693579847,48.264608449601));
#9689 = CARTESIAN_POINT('',(2.413809192132,48.2646084496));
#9690 = CARTESIAN_POINT('',(2.771855926755,48.264608449601));
#9691 = CARTESIAN_POINT('',(3.160010581212,48.264608449601));
#9692 = ( GEOMETRIC_REPRESENTATION_CONTEXT(2) 
PARAMETRIC_REPRESENTATION_CONTEXT() REPRESENTATION_CONTEXT('2D SPACE',''
  ) );
#9693 = PCURVE('',#9694,#9699);
#9694 = CYLINDRICAL_SURFACE('',#9695,0.5);
#9695 = AXIS2_PLACEMENT_3D('',#9696,#9697,#9698);
#9696 = CARTESIAN_POINT('',(20.75,-15.08983859357,6.800849273157));
#9697 = DIRECTION('',(-1.,0.,0.));
#9698 = DIRECTION('',(0.,0.258819045103,0.965925826289));
#9699 = DEFINITIONAL_REPRESENTATION('',(#9700),#9704);
#9700 = LINE('',#9701,#9702);
#9701 = CARTESIAN_POINT('',(0.,41.5));
#9702 = VECTOR('',#9703,1.);
#9703 = DIRECTION('',(1.,0.));
#9704 = ( GEOMETRIC_REPRESENTATION_CONTEXT(2) 
PARAMETRIC_REPRESENTATION_CONTEXT() REPRESENTATION_CONTEXT('2D SPACE',''
  ) );
#9705 = ORIENTED_EDGE('',*,*,#9706,.T.);
#9706 = EDGE_CURVE('',#9671,#9576,#9707,.T.);
#9707 = SURFACE_CURVE('',#9708,(#9721,#9728),.PCURVE_S1.);
#9708 = ( BOUNDED_CURVE() B_SPLINE_CURVE(6,(#9709,#9710,#9711,#9712,
    #9713,#9714,#9715,#9716,#9717,#9718,#9719,#9720),.UNSPECIFIED.,.F.,
.F.) B_SPLINE_CURVE_WITH_KNOTS((7,5,7),(48.264608449601,51.407163855018,
51.424619030812),.UNSPECIFIED.) CURVE() GEOMETRIC_REPRESENTATION_ITEM() 
RATIONAL_B_SPLINE_CURVE((1.,1.,1.,1.,1.,1.,1.,1.,1.,1.,1.,1.)) 
REPRESENTATION_ITEM('') );
#9709 = CARTESIAN_POINT('',(-20.75,-14.60265356118,6.688373745985));
#9710 = CARTESIAN_POINT('',(-21.40008121612,-14.60265356118,
    6.688373745985));
#9711 = CARTESIAN_POINT('',(-22.05017641678,-14.55701523868,
    6.886055038833));
#9712 = CARTESIAN_POINT('',(-22.62165178495,-14.46559788698,
    7.282027092197));
#9713 = CARTESIAN_POINT('',(-23.03551647148,-14.33785927421,
    7.835323811646));
#9714 = CARTESIAN_POINT('',(-23.24528642557,-14.19103757427,
    8.47127846276));
#9715 = CARTESIAN_POINT('',(-23.24994958344,-14.04310466382,
    9.112046295387));
#9716 = CARTESIAN_POINT('',(-23.24996901733,-14.04261646579,
    9.114160913343));
#9717 = CARTESIAN_POINT('',(-23.24998522994,-14.04186320109,
    9.117423661251));
#9718 = CARTESIAN_POINT('',(-23.24999476723,-14.04125190593,
    9.120071471486));
#9719 = CARTESIAN_POINT('',(-23.25,-14.04058775323,9.122948232874));
#9720 = CARTESIAN_POINT('',(-23.25,-14.03993313124,9.125783712243));
#9721 = PCURVE('',#9621,#9722);
#9722 = DEFINITIONAL_REPRESENTATION('',(#9723),#9727);
#9723 = LINE('',#9724,#9725);
#9724 = CARTESIAN_POINT('',(3.160010581212,0.));
#9725 = VECTOR('',#9726,1.);
#9726 = DIRECTION('',(0.,1.));
#9727 = ( GEOMETRIC_REPRESENTATION_CONTEXT(2) 
PARAMETRIC_REPRESENTATION_CONTEXT() REPRESENTATION_CONTEXT('2D SPACE',''
  ) );
#9728 = PCURVE('',#2928,#9729);
#9729 = DEFINITIONAL_REPRESENTATION('',(#9730),#9743);
#9730 = ( BOUNDED_CURVE() B_SPLINE_CURVE(6,(#9731,#9732,#9733,#9734,
    #9735,#9736,#9737,#9738,#9739,#9740,#9741,#9742),.UNSPECIFIED.,.F.,
.F.) B_SPLINE_CURVE_WITH_KNOTS((7,5,7),(48.264608449601,51.407163855018,
51.424619030812),.UNSPECIFIED.) CURVE() GEOMETRIC_REPRESENTATION_ITEM() 
RATIONAL_B_SPLINE_CURVE((1.,1.,1.,1.,1.,1.,1.,1.,1.,1.,1.,1.)) 
REPRESENTATION_ITEM('') );
#9731 = CARTESIAN_POINT('',(11.4,-69.37481151237));
#9732 = CARTESIAN_POINT('',(10.749918783877,-69.37481151237));
#9733 = CARTESIAN_POINT('',(10.099823583219,-69.17193038949));
#9734 = CARTESIAN_POINT('',(9.528348215049,-68.76554264455));
#9735 = CARTESIAN_POINT('',(9.114483528514,-68.19769194855));
#9736 = CARTESIAN_POINT('',(8.904713574427,-67.54500907774));
#9737 = CARTESIAN_POINT('',(8.900050416558,-66.88738641898));
#9738 = CARTESIAN_POINT('',(8.900030982667,-66.88521617788));
#9739 = CARTESIAN_POINT('',(8.900014770057,-66.8818676063));
#9740 = CARTESIAN_POINT('',(8.900005232761,-66.87915014778));
#9741 = CARTESIAN_POINT('',(8.9,-66.87619771575));
#9742 = CARTESIAN_POINT('',(8.9,-66.87328765163));
#9743 = ( GEOMETRIC_REPRESENTATION_CONTEXT(2) 
PARAMETRIC_REPRESENTATION_CONTEXT() REPRESENTATION_CONTEXT('2D SPACE',''
  ) );
#9744 = ORIENTED_EDGE('',*,*,#9600,.F.);
#9745 = ORIENTED_EDGE('',*,*,#9746,.F.);
#9746 = EDGE_CURVE('',#9669,#3946,#9747,.T.);
#9747 = SURFACE_CURVE('',#9748,(#9761,#9768),.PCURVE_S1.);
#9748 = ( BOUNDED_CURVE() B_SPLINE_CURVE(6,(#9749,#9750,#9751,#9752,
    #9753,#9754,#9755,#9756,#9757,#9758,#9759,#9760),.UNSPECIFIED.,.F.,
.F.) B_SPLINE_CURVE_WITH_KNOTS((7,5,7),(48.264608449601,51.407163855018,
51.424619030812),.UNSPECIFIED.) CURVE() GEOMETRIC_REPRESENTATION_ITEM() 
RATIONAL_B_SPLINE_CURVE((1.,1.,1.,1.,1.,1.,1.,1.,1.,1.,1.,1.)) 
REPRESENTATION_ITEM('') );
#9749 = CARTESIAN_POINT('',(-20.75,-14.96042907102,7.283812186302));
#9750 = CARTESIAN_POINT('',(-21.26918212146,-14.96042907102,
    7.283812186302));
#9751 = CARTESIAN_POINT('',(-21.78833172249,-14.92539969392,
    7.441811525536));
#9752 = CARTESIAN_POINT('',(-22.24522421842,-14.85527641848,
    7.758101491059));
#9753 = CARTESIAN_POINT('',(-22.57642719599,-14.75709683095,
    8.200939520304));
#9754 = CARTESIAN_POINT('',(-22.74535841984,-14.64429812833,
    8.709718757818));
#9755 = CARTESIAN_POINT('',(-22.74994928068,-14.5302677041,9.22405323065
    ));
#9756 = CARTESIAN_POINT('',(-22.74996956993,-14.52963776771,
    9.226894576223));
#9757 = CARTESIAN_POINT('',(-22.74998478399,-14.52900789001,9.2297356314
    ));
#9758 = CARTESIAN_POINT('',(-22.74999492838,-14.52837797115,
    9.232576883924));
#9759 = CARTESIAN_POINT('',(-22.75,-14.52774806902,9.235418053768));
#9760 = CARTESIAN_POINT('',(-22.75,-14.52711816363,9.238259239415));
#9761 = PCURVE('',#9621,#9762);
#9762 = DEFINITIONAL_REPRESENTATION('',(#9763),#9767);
#9763 = LINE('',#9764,#9765);
#9764 = CARTESIAN_POINT('',(0.,0.));
#9765 = VECTOR('',#9766,1.);
#9766 = DIRECTION('',(0.,1.));
#9767 = ( GEOMETRIC_REPRESENTATION_CONTEXT(2) 
PARAMETRIC_REPRESENTATION_CONTEXT() REPRESENTATION_CONTEXT('2D SPACE',''
  ) );
#9768 = PCURVE('',#3799,#9769);
#9769 = DEFINITIONAL_REPRESENTATION('',(#9770),#9783);
#9770 = B_SPLINE_CURVE_WITH_KNOTS('',11,(#9771,#9772,#9773,#9774,#9775,
    #9776,#9777,#9778,#9779,#9780,#9781,#9782),.UNSPECIFIED.,.F.,.F.,(12
    ,12),(48.264608449601,51.424619030812),.PIECEWISE_BEZIER_KNOTS.);
#9771 = CARTESIAN_POINT('',(-1.570796326795,16.276996727681));
#9772 = CARTESIAN_POINT('',(-1.42841471932,16.27699672768));
#9773 = CARTESIAN_POINT('',(-1.286032281739,16.27505000477));
#9774 = CARTESIAN_POINT('',(-1.143653354987,16.271159610144));
#9775 = CARTESIAN_POINT('',(-1.001047194386,16.26537072225));
#9776 = CARTESIAN_POINT('',(-0.858741196773,16.257865144659));
#9777 = CARTESIAN_POINT('',(-0.715695691635,16.248734809229));
#9778 = CARTESIAN_POINT('',(-0.573277743619,16.238360123626));
#9779 = CARTESIAN_POINT('',(-0.429996691112,16.226886089266));
#9780 = CARTESIAN_POINT('',(-0.286975066747,16.214748661507));
#9781 = CARTESIAN_POINT('',(-0.143548473111,16.202226861806));
#9782 = CARTESIAN_POINT('',(-1.665334536938E-15,16.189694803952));
#9783 = ( GEOMETRIC_REPRESENTATION_CONTEXT(2) 
PARAMETRIC_REPRESENTATION_CONTEXT() REPRESENTATION_CONTEXT('2D SPACE',''
  ) );
#9784 = ADVANCED_FACE('',(#9785),#9694,.T.);
#9785 = FACE_BOUND('',#9786,.T.);
#9786 = EDGE_LOOP('',(#9787,#9819,#9840,#9841));
#9787 = ORIENTED_EDGE('',*,*,#9788,.T.);
#9788 = EDGE_CURVE('',#9789,#9791,#9793,.T.);
#9789 = VERTEX_POINT('',#9790);
#9790 = CARTESIAN_POINT('',(20.75,-14.96042907102,7.283812186302));
#9791 = VERTEX_POINT('',#9792);
#9792 = CARTESIAN_POINT('',(20.75,-14.60265356118,6.688373745985));
#9793 = SURFACE_CURVE('',#9794,(#9798,#9812),.PCURVE_S1.);
#9794 = ( BOUNDED_CURVE() B_SPLINE_CURVE(2,(#9795,#9796,#9797),
.UNSPECIFIED.,.F.,.F.) B_SPLINE_CURVE_WITH_KNOTS((3,3),(0.,
3.160010581224),.PIECEWISE_BEZIER_KNOTS.) CURVE() 
GEOMETRIC_REPRESENTATION_ITEM() RATIONAL_B_SPLINE_CURVE((1.,
0.719339800339,1.)) REPRESENTATION_ITEM('') );
#9795 = CARTESIAN_POINT('',(20.75,-14.96042907102,7.283812186302));
#9796 = CARTESIAN_POINT('',(20.75,-14.49403720715,7.158842863021));
#9797 = CARTESIAN_POINT('',(20.75,-14.60265356118,6.688373745985));
#9798 = PCURVE('',#9694,#9799);
#9799 = DEFINITIONAL_REPRESENTATION('',(#9800),#9811);
#9800 = B_SPLINE_CURVE_WITH_KNOTS('',9,(#9801,#9802,#9803,#9804,#9805,
    #9806,#9807,#9808,#9809,#9810),.UNSPECIFIED.,.F.,.F.,(10,10),(0.,
    3.160010581224),.PIECEWISE_BEZIER_KNOTS.);
#9801 = CARTESIAN_POINT('',(1.110223024625E-16,0.));
#9802 = CARTESIAN_POINT('',(0.154368526769,0.));
#9803 = CARTESIAN_POINT('',(0.31956761815,0.));
#9804 = CARTESIAN_POINT('',(0.494246378975,0.));
#9805 = CARTESIAN_POINT('',(0.675764958752,0.));
#9806 = CARTESIAN_POINT('',(0.860124783003,0.));
#9807 = CARTESIAN_POINT('',(1.04164336278,0.));
#9808 = CARTESIAN_POINT('',(1.216322123604,0.));
#9809 = CARTESIAN_POINT('',(1.381521214986,0.));
#9810 = CARTESIAN_POINT('',(1.535889741755,0.));
#9811 = ( GEOMETRIC_REPRESENTATION_CONTEXT(2) 
PARAMETRIC_REPRESENTATION_CONTEXT() REPRESENTATION_CONTEXT('2D SPACE',''
  ) );
#9812 = PCURVE('',#3270,#9813);
#9813 = DEFINITIONAL_REPRESENTATION('',(#9814),#9818);
#9814 = LINE('',#9815,#9816);
#9815 = CARTESIAN_POINT('',(0.,6.764608449613));
#9816 = VECTOR('',#9817,1.);
#9817 = DIRECTION('',(1.,0.));
#9818 = ( GEOMETRIC_REPRESENTATION_CONTEXT(2) 
PARAMETRIC_REPRESENTATION_CONTEXT() REPRESENTATION_CONTEXT('2D SPACE',''
  ) );
#9819 = ORIENTED_EDGE('',*,*,#9820,.T.);
#9820 = EDGE_CURVE('',#9791,#9671,#9821,.T.);
#9821 = SURFACE_CURVE('',#9822,(#9826,#9833),.PCURVE_S1.);
#9822 = LINE('',#9823,#9824);
#9823 = CARTESIAN_POINT('',(20.75,-14.60265356118,6.688373745985));
#9824 = VECTOR('',#9825,1.);
#9825 = DIRECTION('',(-1.,0.,0.));
#9826 = PCURVE('',#9694,#9827);
#9827 = DEFINITIONAL_REPRESENTATION('',(#9828),#9832);
#9828 = LINE('',#9829,#9830);
#9829 = CARTESIAN_POINT('',(1.535889741755,0.));
#9830 = VECTOR('',#9831,1.);
#9831 = DIRECTION('',(0.,1.));
#9832 = ( GEOMETRIC_REPRESENTATION_CONTEXT(2) 
PARAMETRIC_REPRESENTATION_CONTEXT() REPRESENTATION_CONTEXT('2D SPACE',''
  ) );
#9833 = PCURVE('',#2928,#9834);
#9834 = DEFINITIONAL_REPRESENTATION('',(#9835),#9839);
#9835 = LINE('',#9836,#9837);
#9836 = CARTESIAN_POINT('',(52.9,-69.37481151237));
#9837 = VECTOR('',#9838,1.);
#9838 = DIRECTION('',(-1.,0.));
#9839 = ( GEOMETRIC_REPRESENTATION_CONTEXT(2) 
PARAMETRIC_REPRESENTATION_CONTEXT() REPRESENTATION_CONTEXT('2D SPACE',''
  ) );
#9840 = ORIENTED_EDGE('',*,*,#9668,.F.);
#9841 = ORIENTED_EDGE('',*,*,#9842,.F.);
#9842 = EDGE_CURVE('',#9789,#9669,#9843,.T.);
#9843 = SURFACE_CURVE('',#9844,(#9848,#9855),.PCURVE_S1.);
#9844 = LINE('',#9845,#9846);
#9845 = CARTESIAN_POINT('',(20.75,-14.96042907102,7.283812186302));
#9846 = VECTOR('',#9847,1.);
#9847 = DIRECTION('',(-1.,0.,0.));
#9848 = PCURVE('',#9694,#9849);
#9849 = DEFINITIONAL_REPRESENTATION('',(#9850),#9854);
#9850 = LINE('',#9851,#9852);
#9851 = CARTESIAN_POINT('',(0.,0.));
#9852 = VECTOR('',#9853,1.);
#9853 = DIRECTION('',(0.,1.));
#9854 = ( GEOMETRIC_REPRESENTATION_CONTEXT(2) 
PARAMETRIC_REPRESENTATION_CONTEXT() REPRESENTATION_CONTEXT('2D SPACE',''
  ) );
#9855 = PCURVE('',#3665,#9856);
#9856 = DEFINITIONAL_REPRESENTATION('',(#9857),#9861);
#9857 = LINE('',#9858,#9859);
#9858 = CARTESIAN_POINT('',(43.5,16.276996727681));
#9859 = VECTOR('',#9860,1.);
#9860 = DIRECTION('',(-1.,0.));
#9861 = ( GEOMETRIC_REPRESENTATION_CONTEXT(2) 
PARAMETRIC_REPRESENTATION_CONTEXT() REPRESENTATION_CONTEXT('2D SPACE',''
  ) );
#9862 = ADVANCED_FACE('',(#9863),#3898,.F.);
#9863 = FACE_BOUND('',#9864,.F.);
#9864 = EDGE_LOOP('',(#9865,#9866,#9867));
#9865 = ORIENTED_EDGE('',*,*,#3866,.T.);
#9866 = ORIENTED_EDGE('',*,*,#9523,.F.);
#9867 = ORIENTED_EDGE('',*,*,#4183,.F.);
#9868 = ADVANCED_FACE('',(#9869),#3799,.F.);
#9869 = FACE_BOUND('',#9870,.T.);
#9870 = EDGE_LOOP('',(#9871,#9872,#9873,#9894));
#9871 = ORIENTED_EDGE('',*,*,#3945,.F.);
#9872 = ORIENTED_EDGE('',*,*,#3784,.F.);
#9873 = ORIENTED_EDGE('',*,*,#9874,.T.);
#9874 = EDGE_CURVE('',#3650,#9669,#9875,.T.);
#9875 = SURFACE_CURVE('',#9876,(#9880,#9887),.PCURVE_S1.);
#9876 = LINE('',#9877,#9878);
#9877 = CARTESIAN_POINT('',(-20.75,-30.68280058471,11.496608936497));
#9878 = VECTOR('',#9879,1.);
#9879 = DIRECTION('',(0.,0.965925826289,-0.258819045103));
#9880 = PCURVE('',#3799,#9881);
#9881 = DEFINITIONAL_REPRESENTATION('',(#9882),#9886);
#9882 = LINE('',#9883,#9884);
#9883 = CARTESIAN_POINT('',(-1.570796326795,0.));
#9884 = VECTOR('',#9885,1.);
#9885 = DIRECTION('',(-0.,1.));
#9886 = ( GEOMETRIC_REPRESENTATION_CONTEXT(2) 
PARAMETRIC_REPRESENTATION_CONTEXT() REPRESENTATION_CONTEXT('2D SPACE',''
  ) );
#9887 = PCURVE('',#3665,#9888);
#9888 = DEFINITIONAL_REPRESENTATION('',(#9889),#9893);
#9889 = LINE('',#9890,#9891);
#9890 = CARTESIAN_POINT('',(2.,0.));
#9891 = VECTOR('',#9892,1.);
#9892 = DIRECTION('',(0.,1.));
#9893 = ( GEOMETRIC_REPRESENTATION_CONTEXT(2) 
PARAMETRIC_REPRESENTATION_CONTEXT() REPRESENTATION_CONTEXT('2D SPACE',''
  ) );
#9894 = ORIENTED_EDGE('',*,*,#9746,.T.);
#9895 = ADVANCED_FACE('',(#9896),#3665,.T.);
#9896 = FACE_BOUND('',#9897,.T.);
#9897 = EDGE_LOOP('',(#9898,#9919,#9920,#9921));
#9898 = ORIENTED_EDGE('',*,*,#9899,.T.);
#9899 = EDGE_CURVE('',#3595,#9789,#9900,.T.);
#9900 = SURFACE_CURVE('',#9901,(#9905,#9912),.PCURVE_S1.);
#9901 = LINE('',#9902,#9903);
#9902 = CARTESIAN_POINT('',(20.75,-30.68280058471,11.496608936497));
#9903 = VECTOR('',#9904,1.);
#9904 = DIRECTION('',(0.,0.965925826289,-0.258819045103));
#9905 = PCURVE('',#3665,#9906);
#9906 = DEFINITIONAL_REPRESENTATION('',(#9907),#9911);
#9907 = LINE('',#9908,#9909);
#9908 = CARTESIAN_POINT('',(43.5,0.));
#9909 = VECTOR('',#9910,1.);
#9910 = DIRECTION('',(0.,1.));
#9911 = ( GEOMETRIC_REPRESENTATION_CONTEXT(2) 
PARAMETRIC_REPRESENTATION_CONTEXT() REPRESENTATION_CONTEXT('2D SPACE',''
  ) );
#9912 = PCURVE('',#3367,#9913);
#9913 = DEFINITIONAL_REPRESENTATION('',(#9914),#9918);
#9914 = LINE('',#9915,#9916);
#9915 = CARTESIAN_POINT('',(1.570796326795,0.));
#9916 = VECTOR('',#9917,1.);
#9917 = DIRECTION('',(0.,1.));
#9918 = ( GEOMETRIC_REPRESENTATION_CONTEXT(2) 
PARAMETRIC_REPRESENTATION_CONTEXT() REPRESENTATION_CONTEXT('2D SPACE',''
  ) );
#9919 = ORIENTED_EDGE('',*,*,#9842,.T.);
#9920 = ORIENTED_EDGE('',*,*,#9874,.F.);
#9921 = ORIENTED_EDGE('',*,*,#3649,.F.);
#9922 = ADVANCED_FACE('',(#9923),#3494,.F.);
#9923 = FACE_BOUND('',#9924,.F.);
#9924 = EDGE_LOOP('',(#9925,#9926,#9927));
#9925 = ORIENTED_EDGE('',*,*,#9022,.T.);
#9926 = ORIENTED_EDGE('',*,*,#3462,.T.);
#9927 = ORIENTED_EDGE('',*,*,#9928,.F.);
#9928 = EDGE_CURVE('',#9023,#3381,#9929,.T.);
#9929 = SURFACE_CURVE('',#9930,(#9943,#9950),.PCURVE_S1.);
#9930 = ( BOUNDED_CURVE() B_SPLINE_CURVE(11,(#9931,#9932,#9933,#9934,
    #9935,#9936,#9937,#9938,#9939,#9940,#9941,#9942),.UNSPECIFIED.,.F.,
.F.) B_SPLINE_CURVE_WITH_KNOTS((12,12),(21.799705299781,22.658263301001)
,.PIECEWISE_BEZIER_KNOTS.) CURVE() GEOMETRIC_REPRESENTATION_ITEM() 
RATIONAL_B_SPLINE_CURVE((1.,1.,1.,0.999999999999,1.000000000001,
    0.999999999998,1.000000000002,0.999999999999,1.000000000001,1.,1.,1.
)) REPRESENTATION_ITEM('') );
#9931 = CARTESIAN_POINT('',(23.25,-15.72721848537,12.175479472721));
#9932 = CARTESIAN_POINT('',(23.215567473913,-15.72721848537,
    12.175479472721));
#9933 = CARTESIAN_POINT('',(23.18114148864,-15.72486035921,
    12.17341416274));
#9934 = CARTESIAN_POINT('',(23.144320137449,-15.71969092354,
    12.167970287694));
#9935 = CARTESIAN_POINT('',(23.104567762874,-15.71449180065,
    12.163940885684));
#9936 = CARTESIAN_POINT('',(23.051111336748,-15.70906093797,
    12.142194386672));
#9937 = CARTESIAN_POINT('',(23.005209214037,-15.70607952148,
    12.13100841738));
#9938 = CARTESIAN_POINT('',(22.907681031175,-15.72291336594,
    12.081583446822));
#9939 = CARTESIAN_POINT('',(22.836131563558,-15.72519487479,
    12.00070061699));
#9940 = CARTESIAN_POINT('',(22.778096469512,-15.72847755532,
    11.897462391611));
#9941 = CARTESIAN_POINT('',(22.75,-15.72880805078,11.781997355339));
#9942 = CARTESIAN_POINT('',(22.75,-15.72927422007,11.666601487388));
#9943 = PCURVE('',#3494,#9944);
#9944 = DEFINITIONAL_REPRESENTATION('',(#9945),#9949);
#9945 = LINE('',#9946,#9947);
#9946 = CARTESIAN_POINT('',(0.,0.));
#9947 = VECTOR('',#9948,1.);
#9948 = DIRECTION('',(0.,1.));
#9949 = ( GEOMETRIC_REPRESENTATION_CONTEXT(2) 
PARAMETRIC_REPRESENTATION_CONTEXT() REPRESENTATION_CONTEXT('2D SPACE',''
  ) );
#9950 = PCURVE('',#3196,#9951);
#9951 = DEFINITIONAL_REPRESENTATION('',(#9952),#9965);
#9952 = B_SPLINE_CURVE_WITH_KNOTS('',11,(#9953,#9954,#9955,#9956,#9957,
    #9958,#9959,#9960,#9961,#9962,#9963,#9964),.UNSPECIFIED.,.F.,.F.,(12
    ,12),(21.799705299781,22.658263301001),.PIECEWISE_BEZIER_KNOTS.);
#9953 = CARTESIAN_POINT('',(-9.880981992683E-15,2.540598784409));
#9954 = CARTESIAN_POINT('',(6.886505217329E-02,2.540598784409));
#9955 = CARTESIAN_POINT('',(0.137794769101,2.538661836455));
#9956 = CARTESIAN_POINT('',(0.211304944739,2.534531224288));
#9957 = CARTESIAN_POINT('',(0.294330231184,2.53027596123));
#9958 = CARTESIAN_POINT('',(0.398455387118,2.528652519692));
#9959 = CARTESIAN_POINT('',(0.509289864382,2.528072964858));
#9960 = CARTESIAN_POINT('',(0.700661142942,2.553345292159));
#9961 = CARTESIAN_POINT('',(0.89752498317,2.570475445588));
#9962 = CARTESIAN_POINT('',(1.117393454484,2.59244020228));
#9963 = CARTESIAN_POINT('',(1.344031028871,2.613795282235));
#9964 = CARTESIAN_POINT('',(1.570796326795,2.635261501472));
#9965 = ( GEOMETRIC_REPRESENTATION_CONTEXT(2) 
PARAMETRIC_REPRESENTATION_CONTEXT() REPRESENTATION_CONTEXT('2D SPACE',''
  ) );
#9966 = ADVANCED_FACE('',(#9967),#3450,.F.);
#9967 = FACE_BOUND('',#9968,.F.);
#9968 = EDGE_LOOP('',(#9969,#9970,#9971,#9972,#9973,#9974,#9975,#9976,
    #9977,#9978));
#9969 = ORIENTED_EDGE('',*,*,#3432,.F.);
#9970 = ORIENTED_EDGE('',*,*,#9001,.F.);
#9971 = ORIENTED_EDGE('',*,*,#9089,.F.);
#9972 = ORIENTED_EDGE('',*,*,#9377,.T.);
#9973 = ORIENTED_EDGE('',*,*,#9443,.F.);
#9974 = ORIENTED_EDGE('',*,*,#9549,.F.);
#9975 = ORIENTED_EDGE('',*,*,#3814,.F.);
#9976 = ORIENTED_EDGE('',*,*,#3731,.F.);
#9977 = ORIENTED_EDGE('',*,*,#3706,.F.);
#9978 = ORIENTED_EDGE('',*,*,#3570,.F.);
#9979 = ADVANCED_FACE('',(#9980),#3367,.F.);
#9980 = FACE_BOUND('',#9981,.F.);
#9981 = EDGE_LOOP('',(#9982,#9983,#9984,#9985));
#9982 = ORIENTED_EDGE('',*,*,#3351,.F.);
#9983 = ORIENTED_EDGE('',*,*,#3623,.T.);
#9984 = ORIENTED_EDGE('',*,*,#9899,.T.);
#9985 = ORIENTED_EDGE('',*,*,#9986,.F.);
#9986 = EDGE_CURVE('',#3254,#9789,#9987,.T.);
#9987 = SURFACE_CURVE('',#9988,(#10001,#10017),.PCURVE_S1.);
#9988 = ( BOUNDED_CURVE() B_SPLINE_CURVE(6,(#9989,#9990,#9991,#9992,
    #9993,#9994,#9995,#9996,#9997,#9998,#9999,#10000),.UNSPECIFIED.,.F.,
.F.) B_SPLINE_CURVE_WITH_KNOTS((7,5,7),(3.604597868389,3.622053044183,
6.764608449613),.UNSPECIFIED.) CURVE() GEOMETRIC_REPRESENTATION_ITEM() 
RATIONAL_B_SPLINE_CURVE((1.,1.,1.,1.,1.,1.,1.,1.,1.,1.,1.,1.)) 
REPRESENTATION_ITEM('') );
#9989 = CARTESIAN_POINT('',(22.75,-14.52711816363,9.238259239415));
#9990 = CARTESIAN_POINT('',(22.75,-14.52774806902,9.235418053768));
#9991 = CARTESIAN_POINT('',(22.749994928382,-14.52837797115,
    9.232576883925));
#9992 = CARTESIAN_POINT('',(22.749984783993,-14.52900789001,
    9.229735631399));
#9993 = CARTESIAN_POINT('',(22.749969569932,-14.52963776771,
    9.226894576223));
#9994 = CARTESIAN_POINT('',(22.749949280687,-14.5302677041,9.22405323065
    ));
#9995 = CARTESIAN_POINT('',(22.745358419843,-14.64429812833,
    8.709718757817));
#9996 = CARTESIAN_POINT('',(22.576427195994,-14.75709683095,
    8.200939520304));
#9997 = CARTESIAN_POINT('',(22.245224218419,-14.85527641848,
    7.758101491059));
#9998 = CARTESIAN_POINT('',(21.788331722494,-14.92539969392,
    7.441811525536));
#9999 = CARTESIAN_POINT('',(21.269182121464,-14.96042907102,
    7.283812186302));
#10000 = CARTESIAN_POINT('',(20.75,-14.96042907102,7.283812186302));
#10001 = PCURVE('',#3367,#10002);
#10002 = DEFINITIONAL_REPRESENTATION('',(#10003),#10016);
#10003 = B_SPLINE_CURVE_WITH_KNOTS('',11,(#10004,#10005,#10006,#10007,
    #10008,#10009,#10010,#10011,#10012,#10013,#10014,#10015),
  .UNSPECIFIED.,.F.,.F.,(12,12),(3.604597868389,6.764608449613),
  .PIECEWISE_BEZIER_KNOTS.);
#10004 = CARTESIAN_POINT('',(0.,16.189694803952));
#10005 = CARTESIAN_POINT('',(0.14354847312,16.202226861806));
#10006 = CARTESIAN_POINT('',(0.286975066703,16.214748661507));
#10007 = CARTESIAN_POINT('',(0.429996691226,16.226886089267));
#10008 = CARTESIAN_POINT('',(0.573277743429,16.238360123626));
#10009 = CARTESIAN_POINT('',(0.715695691853,16.248734809223));
#10010 = CARTESIAN_POINT('',(0.858741196599,16.257865144675));
#10011 = CARTESIAN_POINT('',(1.001047194481,16.265370722227));
#10012 = CARTESIAN_POINT('',(1.143653354955,16.271159610163));
#10013 = CARTESIAN_POINT('',(1.286032281744,16.27505000476));
#10014 = CARTESIAN_POINT('',(1.428414719321,16.276996727682));
#10015 = CARTESIAN_POINT('',(1.570796326795,16.276996727681));
#10016 = ( GEOMETRIC_REPRESENTATION_CONTEXT(2) 
PARAMETRIC_REPRESENTATION_CONTEXT() REPRESENTATION_CONTEXT('2D SPACE',''
  ) );
#10017 = PCURVE('',#3270,#10018);
#10018 = DEFINITIONAL_REPRESENTATION('',(#10019),#10023);
#10019 = LINE('',#10020,#10021);
#10020 = CARTESIAN_POINT('',(0.,0.));
#10021 = VECTOR('',#10022,1.);
#10022 = DIRECTION('',(0.,1.));
#10023 = ( GEOMETRIC_REPRESENTATION_CONTEXT(2) 
PARAMETRIC_REPRESENTATION_CONTEXT() REPRESENTATION_CONTEXT('2D SPACE',''
  ) );
#10024 = ADVANCED_FACE('',(#10025),#3270,.T.);
#10025 = FACE_BOUND('',#10026,.T.);
#10026 = EDGE_LOOP('',(#10027,#10028,#10067,#10068));
#10027 = ORIENTED_EDGE('',*,*,#3253,.T.);
#10028 = ORIENTED_EDGE('',*,*,#10029,.T.);
#10029 = EDGE_CURVE('',#3231,#9791,#10030,.T.);
#10030 = SURFACE_CURVE('',#10031,(#10044,#10051),.PCURVE_S1.);
#10031 = ( BOUNDED_CURVE() B_SPLINE_CURVE(6,(#10032,#10033,#10034,#10035
    ,#10036,#10037,#10038,#10039,#10040,#10041,#10042,#10043),
.UNSPECIFIED.,.F.,.F.) B_SPLINE_CURVE_WITH_KNOTS((7,5,7),(3.604597868389
,3.622053044183,6.764608449613),.UNSPECIFIED.) CURVE() 
GEOMETRIC_REPRESENTATION_ITEM() RATIONAL_B_SPLINE_CURVE((1.,1.,1.,1.,1.,
1.,1.,1.,1.,1.,1.,1.)) REPRESENTATION_ITEM('') );
#10032 = CARTESIAN_POINT('',(23.25,-14.03993313124,9.125783712243));
#10033 = CARTESIAN_POINT('',(23.25,-14.04058775323,9.122948232874));
#10034 = CARTESIAN_POINT('',(23.249994767239,-14.04125190593,
    9.120071471486));
#10035 = CARTESIAN_POINT('',(23.249985229943,-14.04186320109,
    9.117423661251));
#10036 = CARTESIAN_POINT('',(23.249969017333,-14.04261646579,
    9.114160913343));
#10037 = CARTESIAN_POINT('',(23.249949583442,-14.04310466382,
    9.112046295387));
#10038 = CARTESIAN_POINT('',(23.245286425573,-14.19103757427,
    8.471278462757));
#10039 = CARTESIAN_POINT('',(23.035516471486,-14.3378592742,
    7.835323811652));
#10040 = CARTESIAN_POINT('',(22.62165178495,-14.46559788698,
    7.282027092192));
#10041 = CARTESIAN_POINT('',(22.050176416783,-14.55701523868,
    6.886055038835));
#10042 = CARTESIAN_POINT('',(21.400081216122,-14.60265356118,
    6.688373745985));
#10043 = CARTESIAN_POINT('',(20.75,-14.60265356118,6.688373745985));
#10044 = PCURVE('',#3270,#10045);
#10045 = DEFINITIONAL_REPRESENTATION('',(#10046),#10050);
#10046 = LINE('',#10047,#10048);
#10047 = CARTESIAN_POINT('',(3.160010581224,0.));
#10048 = VECTOR('',#10049,1.);
#10049 = DIRECTION('',(0.,1.));
#10050 = ( GEOMETRIC_REPRESENTATION_CONTEXT(2) 
PARAMETRIC_REPRESENTATION_CONTEXT() REPRESENTATION_CONTEXT('2D SPACE',''
  ) );
#10051 = PCURVE('',#2928,#10052);
#10052 = DEFINITIONAL_REPRESENTATION('',(#10053),#10066);
#10053 = ( BOUNDED_CURVE() B_SPLINE_CURVE(6,(#10054,#10055,#10056,#10057
    ,#10058,#10059,#10060,#10061,#10062,#10063,#10064,#10065),
.UNSPECIFIED.,.F.,.F.) B_SPLINE_CURVE_WITH_KNOTS((7,5,7),(3.604597868389
,3.622053044183,6.764608449613),.UNSPECIFIED.) CURVE() 
GEOMETRIC_REPRESENTATION_ITEM() RATIONAL_B_SPLINE_CURVE((1.,1.,1.,1.,1.,
1.,1.,1.,1.,1.,1.,1.)) REPRESENTATION_ITEM('') );
#10054 = CARTESIAN_POINT('',(55.4,-66.87328765163));
#10055 = CARTESIAN_POINT('',(55.4,-66.87619771575));
#10056 = CARTESIAN_POINT('',(55.399994767239,-66.87915014778));
#10057 = CARTESIAN_POINT('',(55.399985229943,-66.8818676063));
#10058 = CARTESIAN_POINT('',(55.399969017333,-66.88521617788));
#10059 = CARTESIAN_POINT('',(55.399949583442,-66.88738641898));
#10060 = CARTESIAN_POINT('',(55.395286425573,-67.54500907775));
#10061 = CARTESIAN_POINT('',(55.185516471486,-68.19769194855));
#10062 = CARTESIAN_POINT('',(54.77165178495,-68.76554264456));
#10063 = CARTESIAN_POINT('',(54.200176416782,-69.17193038949));
#10064 = CARTESIAN_POINT('',(53.550081216122,-69.37481151237));
#10065 = CARTESIAN_POINT('',(52.9,-69.37481151237));
#10066 = ( GEOMETRIC_REPRESENTATION_CONTEXT(2) 
PARAMETRIC_REPRESENTATION_CONTEXT() REPRESENTATION_CONTEXT('2D SPACE',''
  ) );
#10067 = ORIENTED_EDGE('',*,*,#9788,.F.);
#10068 = ORIENTED_EDGE('',*,*,#9986,.F.);
#10069 = ADVANCED_FACE('',(#10070),#3196,.T.);
#10070 = FACE_BOUND('',#10071,.T.);
#10071 = EDGE_LOOP('',(#10072,#10093,#10094,#10095));
#10072 = ORIENTED_EDGE('',*,*,#10073,.F.);
#10073 = EDGE_CURVE('',#2941,#9023,#10074,.T.);
#10074 = SURFACE_CURVE('',#10075,(#10079,#10086),.PCURVE_S1.);
#10075 = LINE('',#10076,#10077);
#10076 = CARTESIAN_POINT('',(23.25,-13.22907504026,12.63799597079));
#10077 = VECTOR('',#10078,1.);
#10078 = DIRECTION('',(0.,-0.983289238916,-0.182050192619));
#10079 = PCURVE('',#3196,#10080);
#10080 = DEFINITIONAL_REPRESENTATION('',(#10081),#10085);
#10081 = LINE('',#10082,#10083);
#10082 = CARTESIAN_POINT('',(0.,0.));
#10083 = VECTOR('',#10084,1.);
#10084 = DIRECTION('',(0.,1.));
#10085 = ( GEOMETRIC_REPRESENTATION_CONTEXT(2) 
PARAMETRIC_REPRESENTATION_CONTEXT() REPRESENTATION_CONTEXT('2D SPACE',''
  ) );
#10086 = PCURVE('',#2731,#10087);
#10087 = DEFINITIONAL_REPRESENTATION('',(#10088),#10092);
#10088 = LINE('',#10089,#10090);
#10089 = CARTESIAN_POINT('',(5.080956115161,-23.25));
#10090 = VECTOR('',#10091,1.);
#10091 = DIRECTION('',(1.,-0.));
#10092 = ( GEOMETRIC_REPRESENTATION_CONTEXT(2) 
PARAMETRIC_REPRESENTATION_CONTEXT() REPRESENTATION_CONTEXT('2D SPACE',''
  ) );
#10093 = ORIENTED_EDGE('',*,*,#3163,.T.);
#10094 = ORIENTED_EDGE('',*,*,#3380,.T.);
#10095 = ORIENTED_EDGE('',*,*,#9928,.F.);
#10096 = ADVANCED_FACE('',(#10097),#2928,.F.);
#10097 = FACE_BOUND('',#10098,.F.);
#10098 = EDGE_LOOP('',(#10099,#10100,#10101,#10102,#10103,#10122,#10123,
    #10124,#10125,#10126));
#10099 = ORIENTED_EDGE('',*,*,#9575,.T.);
#10100 = ORIENTED_EDGE('',*,*,#4324,.T.);
#10101 = ORIENTED_EDGE('',*,*,#6855,.F.);
#10102 = ORIENTED_EDGE('',*,*,#6704,.T.);
#10103 = ORIENTED_EDGE('',*,*,#10104,.T.);
#10104 = EDGE_CURVE('',#6705,#2763,#10105,.T.);
#10105 = SURFACE_CURVE('',#10106,(#10109,#10115),.PCURVE_S1.);
#10106 = B_SPLINE_CURVE_WITH_KNOTS('',1,(#10107,#10108),.UNSPECIFIED.,
  .F.,.F.,(2,2),(0.,1.),.PIECEWISE_BEZIER_KNOTS.);
#10107 = CARTESIAN_POINT('',(31.45,-14.75288860492,6.037634278542));
#10108 = CARTESIAN_POINT('',(31.45,1.003283433435,74.285113333764));
#10109 = PCURVE('',#2928,#10110);
#10110 = DEFINITIONAL_REPRESENTATION('',(#10111),#10114);
#10111 = B_SPLINE_CURVE_WITH_KNOTS('',1,(#10112,#10113),.UNSPECIFIED.,
  .F.,.F.,(2,2),(0.,1.),.PIECEWISE_BEZIER_KNOTS.);
#10112 = CARTESIAN_POINT('',(63.6,-70.04266810091));
#10113 = CARTESIAN_POINT('',(63.6,0.));
#10114 = ( GEOMETRIC_REPRESENTATION_CONTEXT(2) 
PARAMETRIC_REPRESENTATION_CONTEXT() REPRESENTATION_CONTEXT('2D SPACE',''
  ) );
#10115 = PCURVE('',#2789,#10116);
#10116 = DEFINITIONAL_REPRESENTATION('',(#10117),#10121);
#10117 = LINE('',#10118,#10119);
#10118 = CARTESIAN_POINT('',(-5.329070518201E-15,0.));
#10119 = VECTOR('',#10120,1.);
#10120 = DIRECTION('',(0.,1.));
#10121 = ( GEOMETRIC_REPRESENTATION_CONTEXT(2) 
PARAMETRIC_REPRESENTATION_CONTEXT() REPRESENTATION_CONTEXT('2D SPACE',''
  ) );
#10122 = ORIENTED_EDGE('',*,*,#2912,.T.);
#10123 = ORIENTED_EDGE('',*,*,#3230,.T.);
#10124 = ORIENTED_EDGE('',*,*,#10029,.T.);
#10125 = ORIENTED_EDGE('',*,*,#9820,.T.);
#10126 = ORIENTED_EDGE('',*,*,#9706,.T.);
#10127 = ADVANCED_FACE('',(#10128),#2789,.F.);
#10128 = FACE_BOUND('',#10129,.F.);
#10129 = EDGE_LOOP('',(#10130,#10131,#10132,#10152));
#10130 = ORIENTED_EDGE('',*,*,#10104,.F.);
#10131 = ORIENTED_EDGE('',*,*,#6727,.F.);
#10132 = ORIENTED_EDGE('',*,*,#10133,.T.);
#10133 = EDGE_CURVE('',#6728,#2585,#10134,.T.);
#10134 = SURFACE_CURVE('',#10135,(#10138,#10145),.PCURVE_S1.);
#10135 = B_SPLINE_CURVE_WITH_KNOTS('',1,(#10136,#10137),.UNSPECIFIED.,
  .F.,.F.,(2,2),(0.,1.),.PIECEWISE_BEZIER_KNOTS.);
#10136 = CARTESIAN_POINT('',(32.15,-14.07674052652,5.85646094697));
#10137 = CARTESIAN_POINT('',(32.15,1.679431511837,74.103940002192));
#10138 = PCURVE('',#2789,#10139);
#10139 = DEFINITIONAL_REPRESENTATION('',(#10140),#10144);
#10140 = LINE('',#10141,#10142);
#10141 = CARTESIAN_POINT('',(1.570796326795,0.));
#10142 = VECTOR('',#10143,1.);
#10143 = DIRECTION('',(0.,1.));
#10144 = ( GEOMETRIC_REPRESENTATION_CONTEXT(2) 
PARAMETRIC_REPRESENTATION_CONTEXT() REPRESENTATION_CONTEXT('2D SPACE',''
  ) );
#10145 = PCURVE('',#2458,#10146);
#10146 = DEFINITIONAL_REPRESENTATION('',(#10147),#10151);
#10147 = LINE('',#10148,#10149);
#10148 = CARTESIAN_POINT('',(0.7,0.));
#10149 = VECTOR('',#10150,1.);
#10150 = DIRECTION('',(0.,1.));
#10151 = ( GEOMETRIC_REPRESENTATION_CONTEXT(2) 
PARAMETRIC_REPRESENTATION_CONTEXT() REPRESENTATION_CONTEXT('2D SPACE',''
  ) );
#10152 = ORIENTED_EDGE('',*,*,#2762,.T.);
#10153 = ADVANCED_FACE('',(#10154),#2731,.F.);
#10154 = FACE_BOUND('',#10155,.F.);
#10155 = EDGE_LOOP('',(#10156,#10157,#10158,#10159,#10160,#10181,#10182,
    #10183));
#10156 = ORIENTED_EDGE('',*,*,#10073,.F.);
#10157 = ORIENTED_EDGE('',*,*,#3072,.F.);
#10158 = ORIENTED_EDGE('',*,*,#2865,.F.);
#10159 = ORIENTED_EDGE('',*,*,#2702,.F.);
#10160 = ORIENTED_EDGE('',*,*,#10161,.T.);
#10161 = EDGE_CURVE('',#2475,#8698,#10162,.T.);
#10162 = SURFACE_CURVE('',#10163,(#10167,#10174),.PCURVE_S1.);
#10163 = LINE('',#10164,#10165);
#10164 = CARTESIAN_POINT('',(0.,-8.23302556882,13.562985010243));
#10165 = VECTOR('',#10166,1.);
#10166 = DIRECTION('',(1.,0.,0.));
#10167 = PCURVE('',#2731,#10168);
#10168 = DEFINITIONAL_REPRESENTATION('',(#10169),#10173);
#10169 = LINE('',#10170,#10171);
#10170 = CARTESIAN_POINT('',(0.,0.));
#10171 = VECTOR('',#10172,1.);
#10172 = DIRECTION('',(0.,-1.));
#10173 = ( GEOMETRIC_REPRESENTATION_CONTEXT(2) 
PARAMETRIC_REPRESENTATION_CONTEXT() REPRESENTATION_CONTEXT('2D SPACE',''
  ) );
#10174 = PCURVE('',#1850,#10175);
#10175 = DEFINITIONAL_REPRESENTATION('',(#10176),#10180);
#10176 = LINE('',#10177,#10178);
#10177 = CARTESIAN_POINT('',(1.,0.));
#10178 = VECTOR('',#10179,1.);
#10179 = DIRECTION('',(0.,-1.));
#10180 = ( GEOMETRIC_REPRESENTATION_CONTEXT(2) 
PARAMETRIC_REPRESENTATION_CONTEXT() REPRESENTATION_CONTEXT('2D SPACE',''
  ) );
#10181 = ORIENTED_EDGE('',*,*,#8870,.T.);
#10182 = ORIENTED_EDGE('',*,*,#8964,.T.);
#10183 = ORIENTED_EDGE('',*,*,#9065,.T.);
#10184 = ADVANCED_FACE('',(#10185),#2458,.F.);
#10185 = FACE_BOUND('',#10186,.F.);
#10186 = EDGE_LOOP('',(#10187,#10188,#10189,#10208,#10209));
#10187 = ORIENTED_EDGE('',*,*,#10133,.F.);
#10188 = ORIENTED_EDGE('',*,*,#6755,.T.);
#10189 = ORIENTED_EDGE('',*,*,#10190,.T.);
#10190 = EDGE_CURVE('',#6756,#2142,#10191,.T.);
#10191 = SURFACE_CURVE('',#10192,(#10195,#10202),.PCURVE_S1.);
#10192 = B_SPLINE_CURVE_WITH_KNOTS('',1,(#10193,#10194),.UNSPECIFIED.,
  .F.,.F.,(2,2),(0.,1.),.PIECEWISE_BEZIER_KNOTS.);
#10193 = CARTESIAN_POINT('',(32.15,-9.923259473479,4.74353905303));
#10194 = CARTESIAN_POINT('',(32.15,8.194073683698,72.358346893264));
#10195 = PCURVE('',#2458,#10196);
#10196 = DEFINITIONAL_REPRESENTATION('',(#10197),#10201);
#10197 = LINE('',#10198,#10199);
#10198 = CARTESIAN_POINT('',(7.444453864422,0.));
#10199 = VECTOR('',#10200,1.);
#10200 = DIRECTION('',(0.,1.));
#10201 = ( GEOMETRIC_REPRESENTATION_CONTEXT(2) 
PARAMETRIC_REPRESENTATION_CONTEXT() REPRESENTATION_CONTEXT('2D SPACE',''
  ) );
#10202 = PCURVE('',#2188,#10203);
#10203 = DEFINITIONAL_REPRESENTATION('',(#10204),#10207);
#10204 = B_SPLINE_CURVE_WITH_KNOTS('',1,(#10205,#10206),.UNSPECIFIED.,
  .F.,.F.,(2,2),(0.,1.),.PIECEWISE_BEZIER_KNOTS.);
#10205 = CARTESIAN_POINT('',(1.570796326795,0.));
#10206 = CARTESIAN_POINT('',(1.570796326795,70.));
#10207 = ( GEOMETRIC_REPRESENTATION_CONTEXT(2) 
PARAMETRIC_REPRESENTATION_CONTEXT() REPRESENTATION_CONTEXT('2D SPACE',''
  ) );
#10208 = ORIENTED_EDGE('',*,*,#2438,.T.);
#10209 = ORIENTED_EDGE('',*,*,#2584,.T.);
#10210 = ADVANCED_FACE('',(#10211),#2188,.F.);
#10211 = FACE_BOUND('',#10212,.F.);
#10212 = EDGE_LOOP('',(#10213,#10214,#10215,#10233));
#10213 = ORIENTED_EDGE('',*,*,#10190,.F.);
#10214 = ORIENTED_EDGE('',*,*,#6777,.T.);
#10215 = ORIENTED_EDGE('',*,*,#10216,.T.);
#10216 = EDGE_CURVE('',#6778,#1885,#10217,.T.);
#10217 = SURFACE_CURVE('',#10218,(#10221,#10227),.PCURVE_S1.);
#10218 = B_SPLINE_CURVE_WITH_KNOTS('',1,(#10219,#10220),.UNSPECIFIED.,
  .F.,.F.,(2,2),(0.,1.),.PIECEWISE_BEZIER_KNOTS.);
#10219 = CARTESIAN_POINT('',(31.45,-9.247111395076,4.562365721458));
#10220 = CARTESIAN_POINT('',(31.45,8.8702217621,72.177173561693));
#10221 = PCURVE('',#2188,#10222);
#10222 = DEFINITIONAL_REPRESENTATION('',(#10223),#10226);
#10223 = B_SPLINE_CURVE_WITH_KNOTS('',1,(#10224,#10225),.UNSPECIFIED.,
  .F.,.F.,(2,2),(0.,1.),.PIECEWISE_BEZIER_KNOTS.);
#10224 = CARTESIAN_POINT('',(3.14159265359,0.));
#10225 = CARTESIAN_POINT('',(3.14159265359,70.));
#10226 = ( GEOMETRIC_REPRESENTATION_CONTEXT(2) 
PARAMETRIC_REPRESENTATION_CONTEXT() REPRESENTATION_CONTEXT('2D SPACE',''
  ) );
#10227 = PCURVE('',#1109,#10228);
#10228 = DEFINITIONAL_REPRESENTATION('',(#10229),#10232);
#10229 = B_SPLINE_CURVE_WITH_KNOTS('',1,(#10230,#10231),.UNSPECIFIED.,
  .F.,.F.,(2,2),(0.,1.),.PIECEWISE_BEZIER_KNOTS.);
#10230 = CARTESIAN_POINT('',(-63.6,-70.));
#10231 = CARTESIAN_POINT('',(-63.6,0.));
#10232 = ( GEOMETRIC_REPRESENTATION_CONTEXT(2) 
PARAMETRIC_REPRESENTATION_CONTEXT() REPRESENTATION_CONTEXT('2D SPACE',''
  ) );
#10233 = ORIENTED_EDGE('',*,*,#2141,.T.);
#10234 = ADVANCED_FACE('',(#10235),#1850,.F.);
#10235 = FACE_BOUND('',#10236,.F.);
#10236 = EDGE_LOOP('',(#10237,#10238,#10239,#10240,#10241,#10242,#10243,
    #10244));
#10237 = ORIENTED_EDGE('',*,*,#8447,.T.);
#10238 = ORIENTED_EDGE('',*,*,#8727,.T.);
#10239 = ORIENTED_EDGE('',*,*,#10161,.F.);
#10240 = ORIENTED_EDGE('',*,*,#2551,.F.);
#10241 = ORIENTED_EDGE('',*,*,#2283,.F.);
#10242 = ORIENTED_EDGE('',*,*,#2074,.F.);
#10243 = ORIENTED_EDGE('',*,*,#1821,.F.);
#10244 = ORIENTED_EDGE('',*,*,#10245,.F.);
#10245 = EDGE_CURVE('',#8448,#1655,#10246,.T.);
#10246 = SURFACE_CURVE('',#10247,(#10264,#10330),.PCURVE_S1.);
#10247 = ( BOUNDED_CURVE() B_SPLINE_CURVE(8,(#10248,#10249,#10250,#10251
    ,#10252,#10253,#10254,#10255,#10256,#10257,#10258,#10259,#10260,
    #10261,#10262,#10263),.UNSPECIFIED.,.F.,.F.) 
B_SPLINE_CURVE_WITH_KNOTS((9,7,9),(2.100407491757,2.552333429175,
2.593216866876),.UNSPECIFIED.) CURVE() GEOMETRIC_REPRESENTATION_ITEM() 
RATIONAL_B_SPLINE_CURVE((1.,1.,1.,1.,1.,1.,1.,1.,1.,1.,1.,1.,1.,1.,1.,1.
)) REPRESENTATION_ITEM('') );
#10248 = CARTESIAN_POINT('',(9.7,-6.134596775004,13.667021274516));
#10249 = CARTESIAN_POINT('',(9.7,-6.18923205119,13.681660752648));
#10250 = CARTESIAN_POINT('',(9.699843390455,-6.244456636374,
    13.6945676876));
#10251 = CARTESIAN_POINT('',(9.70067814921,-6.299253938707,
    13.705837262327));
#10252 = CARTESIAN_POINT('',(9.698574025823,-6.356688709985,
    13.715371665432));
#10253 = CARTESIAN_POINT('',(9.701849980557,-6.410346110098,
    13.723643514251));
#10254 = CARTESIAN_POINT('',(9.698404741361,-6.47217612389,
    13.730842760903));
#10255 = CARTESIAN_POINT('',(9.700896028478,-6.53376250218,
    13.735879329142));
#10256 = CARTESIAN_POINT('',(9.69952764229,-6.571296510913,
    13.738672111908));
#10257 = CARTESIAN_POINT('',(9.699368147736,-6.573949842896,
    13.738865741009));
#10258 = CARTESIAN_POINT('',(9.699147000632,-6.576211672972,
    13.739028062593));
#10259 = CARTESIAN_POINT('',(9.698849684509,-6.578146329797,
    13.73916508213));
#10260 = CARTESIAN_POINT('',(9.698462845665,-6.579813485348,
    13.739282058077));
#10261 = CARTESIAN_POINT('',(9.697974293165,-6.581268154924,
    13.739383501878));
#10262 = CARTESIAN_POINT('',(9.69737299884,-6.582560697142,
    13.739473177967));
#10263 = CARTESIAN_POINT('',(9.69664909729,-6.58373681394,
    13.739554103763));
#10264 = PCURVE('',#1850,#10265);
#10265 = DEFINITIONAL_REPRESENTATION('',(#10266),#10329);
#10266 = B_SPLINE_CURVE_WITH_KNOTS('',11,(#10267,#10268,#10269,#10270,
    #10271,#10272,#10273,#10274,#10275,#10276,#10277,#10278,#10279,
    #10280,#10281,#10282,#10283,#10284,#10285,#10286,#10287,#10288,
    #10289,#10290,#10291,#10292,#10293,#10294,#10295,#10296,#10297,
    #10298,#10299,#10300,#10301,#10302,#10303,#10304,#10305,#10306,
    #10307,#10308,#10309,#10310,#10311,#10312,#10313,#10314,#10315,
    #10316,#10317,#10318,#10319,#10320,#10321,#10322,#10323,#10324,
    #10325,#10326,#10327,#10328),.UNSPECIFIED.,.F.,.F.,(12,10,10,10,10,
    10,12),(2.100407491757,2.346812179316,2.470014523096,2.531615694986,
    2.547015987959,2.562416280931,2.593216866876),.UNSPECIFIED.);
#10267 = CARTESIAN_POINT('',(-1.059221709408E-17,-9.7));
#10268 = CARTESIAN_POINT('',(1.121446006784E-02,-9.699999999999));
#10269 = CARTESIAN_POINT('',(2.24375462519E-02,-9.699977925834));
#10270 = CARTESIAN_POINT('',(3.364515833851E-02,-9.699990202281));
#10271 = CARTESIAN_POINT('',(4.484429581681E-02,-9.700013842946));
#10272 = CARTESIAN_POINT('',(5.604445315369E-02,-9.700021458698));
#10273 = CARTESIAN_POINT('',(6.724927652344E-02,-9.700008897984));
#10274 = CARTESIAN_POINT('',(7.846030173708E-02,-9.699991704412));
#10275 = CARTESIAN_POINT('',(8.968459312911E-02,-9.699986580058));
#10276 = CARTESIAN_POINT('',(0.100938103144,-9.699994039286));
#10277 = CARTESIAN_POINT('',(0.112236572381,-9.699998441513));
#10278 = CARTESIAN_POINT('',(0.129230398567,-9.700003161749));
#10279 = CARTESIAN_POINT('',(0.134902972633,-9.700004597269));
#10280 = CARTESIAN_POINT('',(0.140581691211,-9.700004133168));
#10281 = CARTESIAN_POINT('',(0.146263600824,-9.700001207419));
#10282 = CARTESIAN_POINT('',(0.15194364628,-9.699996179931));
#10283 = CARTESIAN_POINT('',(0.157613701614,-9.699990054997));
#10284 = CARTESIAN_POINT('',(0.163261601022,-9.699984203448));
#10285 = CARTESIAN_POINT('',(0.168870169805,-9.699980085134));
#10286 = CARTESIAN_POINT('',(0.174416255306,-9.699978971104));
#10287 = CARTESIAN_POINT('',(0.179869757851,-9.699981666017));
#10288 = CARTESIAN_POINT('',(0.187854113602,-9.699991512598));
#10289 = CARTESIAN_POINT('',(0.190482796888,-9.699995073081));
#10290 = CARTESIAN_POINT('',(0.193074076668,-9.699999300561));
#10291 = CARTESIAN_POINT('',(0.195622727332,-9.700004047439));
#10292 = CARTESIAN_POINT('',(0.19812293253,-9.700008629693));
#10293 = CARTESIAN_POINT('',(0.200568285179,-9.700011827059));
#10294 = CARTESIAN_POINT('',(0.202951787456,-9.700011882801));
#10295 = CARTESIAN_POINT('',(0.205265850803,-9.700006503948));
#10296 = CARTESIAN_POINT('',(0.207502295924,-9.699992861098));
#10297 = CARTESIAN_POINT('',(0.209652352787,-9.699967588548));
#10298 = CARTESIAN_POINT('',(0.212220237581,-9.699916583145));
#10299 = CARTESIAN_POINT('',(0.212727840963,-9.699905404579));
#10300 = CARTESIAN_POINT('',(0.213229312427,-9.69989315644));
#10301 = CARTESIAN_POINT('',(0.213724493633,-9.699879746629));
#10302 = CARTESIAN_POINT('',(0.214213226239,-9.699865083071));
#10303 = CARTESIAN_POINT('',(0.214695351905,-9.699849073653));
#10304 = CARTESIAN_POINT('',(0.215170712288,-9.699831626311));
#10305 = CARTESIAN_POINT('',(0.215639149049,-9.699812648928));
#10306 = CARTESIAN_POINT('',(0.216100503846,-9.699792049435));
#10307 = CARTESIAN_POINT('',(0.216554618339,-9.699769735728));
#10308 = CARTESIAN_POINT('',(0.217448050032,-9.699721495716));
#10309 = CARTESIAN_POINT('',(0.217884712054,-9.699695137335));
#10310 = CARTESIAN_POINT('',(0.218339461205,-9.699670587245));
#10311 = CARTESIAN_POINT('',(0.21867111677,-9.699627640754));
#10312 = CARTESIAN_POINT('',(0.219295653108,-9.699623742668));
#10313 = CARTESIAN_POINT('',(0.219442816626,-9.69955531016));
#10314 = CARTESIAN_POINT('',(0.220002606767,-9.699538308282));
#10315 = CARTESIAN_POINT('',(0.220281570219,-9.699483306851));
#10316 = CARTESIAN_POINT('',(0.220657461619,-9.699437866425));
#10317 = CARTESIAN_POINT('',(0.220991139835,-9.699384184669));
#10318 = CARTESIAN_POINT('',(0.221964095092,-9.699209699261));
#10319 = CARTESIAN_POINT('',(0.222561051297,-9.699073692692));
#10320 = CARTESIAN_POINT('',(0.22311086699,-9.698915936847));
#10321 = CARTESIAN_POINT('',(0.223617922513,-9.698734444677));
#10322 = CARTESIAN_POINT('',(0.22408643842,-9.698527308204));
#10323 = CARTESIAN_POINT('',(0.224520475485,-9.698292698847));
#10324 = CARTESIAN_POINT('',(0.224923934697,-9.698028866984));
#10325 = CARTESIAN_POINT('',(0.225300557265,-9.697734142428));
#10326 = CARTESIAN_POINT('',(0.225653924611,-9.697406934008));
#10327 = CARTESIAN_POINT('',(0.225987458375,-9.697045729867));
#10328 = CARTESIAN_POINT('',(0.226304420416,-9.69664909729));
#10329 = ( GEOMETRIC_REPRESENTATION_CONTEXT(2) 
PARAMETRIC_REPRESENTATION_CONTEXT() REPRESENTATION_CONTEXT('2D SPACE',''
  ) );
#10330 = PCURVE('',#1669,#10331);
#10331 = DEFINITIONAL_REPRESENTATION('',(#10332),#10336);
#10332 = LINE('',#10333,#10334);
#10333 = CARTESIAN_POINT('',(0.,0.));
#10334 = VECTOR('',#10335,1.);
#10335 = DIRECTION('',(0.,1.));
#10336 = ( GEOMETRIC_REPRESENTATION_CONTEXT(2) 
PARAMETRIC_REPRESENTATION_CONTEXT() REPRESENTATION_CONTEXT('2D SPACE',''
  ) );
#10337 = ADVANCED_FACE('',(#10338),#1669,.T.);
#10338 = FACE_BOUND('',#10339,.T.);
#10339 = EDGE_LOOP('',(#10340,#10341,#10388,#10389));
#10340 = ORIENTED_EDGE('',*,*,#8671,.T.);
#10341 = ORIENTED_EDGE('',*,*,#10342,.T.);
#10342 = EDGE_CURVE('',#8631,#1470,#10343,.T.);
#10343 = SURFACE_CURVE('',#10344,(#10361,#10368),.PCURVE_S1.);
#10344 = ( BOUNDED_CURVE() B_SPLINE_CURVE(8,(#10345,#10346,#10347,#10348
    ,#10349,#10350,#10351,#10352,#10353,#10354,#10355,#10356,#10357,
    #10358,#10359,#10360),.UNSPECIFIED.,.F.,.F.) 
B_SPLINE_CURVE_WITH_KNOTS((9,7,9),(2.100407491757,2.552333429175,
2.593216866876),.UNSPECIFIED.) CURVE() GEOMETRIC_REPRESENTATION_ITEM() 
RATIONAL_B_SPLINE_CURVE((1.,1.,1.,1.,1.,1.,1.,1.,1.,1.,1.,1.,1.,1.,1.,1.
)) REPRESENTATION_ITEM('') );
#10345 = CARTESIAN_POINT('',(9.5,-6.18367258705,13.473135832381));
#10346 = CARTESIAN_POINT('',(9.5,-6.237662069378,13.487611848741));
#10347 = CARTESIAN_POINT('',(9.5,-6.286325518383,13.498849467237));
#10348 = CARTESIAN_POINT('',(9.5,-6.335605912928,13.50890719776));
#10349 = CARTESIAN_POINT('',(9.5,-6.387647486259,13.517776403862));
#10350 = CARTESIAN_POINT('',(9.5,-6.437402527533,13.525254508378));
#10351 = CARTESIAN_POINT('',(9.5,-6.490866307786,13.53125273124));
#10352 = CARTESIAN_POINT('',(9.5,-6.542117013834,13.536237594847));
#10353 = CARTESIAN_POINT('',(9.5,-6.599789296991,13.540150022187));
#10354 = CARTESIAN_POINT('',(9.5,-6.604588972713,13.540461944903));
#10355 = CARTESIAN_POINT('',(9.5,-6.609406133632,13.540760161116));
#10356 = CARTESIAN_POINT('',(9.5,-6.61424489652,13.541043943286));
#10357 = CARTESIAN_POINT('',(9.5,-6.619111196124,13.541312890804));
#10358 = CARTESIAN_POINT('',(9.5,-6.624012785164,13.541566929991));
#10359 = CARTESIAN_POINT('',(9.5,-6.628959234332,13.541806314101));
#10360 = CARTESIAN_POINT('',(9.5,-6.63396193229,13.542031623315));
#10361 = PCURVE('',#1669,#10362);
#10362 = DEFINITIONAL_REPRESENTATION('',(#10363),#10367);
#10363 = LINE('',#10364,#10365);
#10364 = CARTESIAN_POINT('',(0.492809375119,0.));
#10365 = VECTOR('',#10366,1.);
#10366 = DIRECTION('',(0.,1.));
#10367 = ( GEOMETRIC_REPRESENTATION_CONTEXT(2) 
PARAMETRIC_REPRESENTATION_CONTEXT() REPRESENTATION_CONTEXT('2D SPACE',''
  ) );
#10368 = PCURVE('',#1485,#10369);
#10369 = DEFINITIONAL_REPRESENTATION('',(#10370),#10387);
#10370 = ( BOUNDED_CURVE() B_SPLINE_CURVE(8,(#10371,#10372,#10373,#10374
    ,#10375,#10376,#10377,#10378,#10379,#10380,#10381,#10382,#10383,
    #10384,#10385,#10386),.UNSPECIFIED.,.F.,.F.) 
B_SPLINE_CURVE_WITH_KNOTS((9,7,9),(2.100407491757,2.552333429175,
2.593216866876),.UNSPECIFIED.) CURVE() GEOMETRIC_REPRESENTATION_ITEM() 
RATIONAL_B_SPLINE_CURVE((1.,1.,1.,1.,1.,1.,1.,1.,1.,1.,1.,1.,1.,1.,1.,1.
)) REPRESENTATION_ITEM('') );
#10371 = CARTESIAN_POINT('',(1.700019289289,-4.497222349309));
#10372 = CARTESIAN_POINT('',(1.700028541091,-4.553118853368));
#10373 = CARTESIAN_POINT('',(1.698288219619,-4.603032645247));
#10374 = CARTESIAN_POINT('',(1.695248536627,-4.653236983278));
#10375 = CARTESIAN_POINT('',(1.690346181544,-4.705800802453));
#10376 = CARTESIAN_POINT('',(1.684691923556,-4.755795957678));
#10377 = CARTESIAN_POINT('',(1.676648317378,-4.808990458108));
#10378 = CARTESIAN_POINT('',(1.668198667077,-4.859785016334));
#10379 = CARTESIAN_POINT('',(1.657051096432,-4.916504774805));
#10380 = CARTESIAN_POINT('',(1.656110143152,-4.921221637083));
#10381 = CARTESIAN_POINT('',(1.655151424905,-4.925951841258));
#10382 = CARTESIAN_POINT('',(1.654173173442,-4.930699175529));
#10383 = CARTESIAN_POINT('',(1.653173465778,-4.935469268736));
#10384 = CARTESIAN_POINT('',(1.652150224195,-4.940269590359));
#10385 = CARTESIAN_POINT('',(1.651101216239,-4.945109450525));
#10386 = CARTESIAN_POINT('',(1.650024054719,-4.95));
#10387 = ( GEOMETRIC_REPRESENTATION_CONTEXT(2) 
PARAMETRIC_REPRESENTATION_CONTEXT() REPRESENTATION_CONTEXT('2D SPACE',''
  ) );
#10388 = ORIENTED_EDGE('',*,*,#1654,.F.);
#10389 = ORIENTED_EDGE('',*,*,#10245,.F.);
#10390 = ADVANCED_FACE('',(#10391),#1485,.T.);
#10391 = FACE_BOUND('',#10392,.T.);
#10392 = EDGE_LOOP('',(#10393,#10394,#10395,#10396,#10419));
#10393 = ORIENTED_EDGE('',*,*,#1469,.T.);
#10394 = ORIENTED_EDGE('',*,*,#10342,.F.);
#10395 = ORIENTED_EDGE('',*,*,#8630,.F.);
#10396 = ORIENTED_EDGE('',*,*,#10397,.T.);
#10397 = EDGE_CURVE('',#8575,#10398,#10400,.T.);
#10398 = VERTEX_POINT('',#10399);
#10399 = CARTESIAN_POINT('',(9.5,-4.597908725492,11.288242209852));
#10400 = SURFACE_CURVE('',#10401,(#10405,#10412),.PCURVE_S1.);
#10401 = LINE('',#10402,#10403);
#10402 = CARTESIAN_POINT('',(9.5,3.464304529452,41.376831698756));
#10403 = VECTOR('',#10404,1.);
#10404 = DIRECTION('',(0.,-0.258819045103,-0.965925826289));
#10405 = PCURVE('',#1485,#10406);
#10406 = DEFINITIONAL_REPRESENTATION('',(#10407),#10411);
#10407 = LINE('',#10408,#10409);
#10408 = CARTESIAN_POINT('',(31.15,-2.4));
#10409 = VECTOR('',#10410,1.);
#10410 = DIRECTION('',(-1.,1.225300278295E-17));
#10411 = ( GEOMETRIC_REPRESENTATION_CONTEXT(2) 
PARAMETRIC_REPRESENTATION_CONTEXT() REPRESENTATION_CONTEXT('2D SPACE',''
  ) );
#10412 = PCURVE('',#946,#10413);
#10413 = DEFINITIONAL_REPRESENTATION('',(#10414),#10418);
#10414 = LINE('',#10415,#10416);
#10415 = CARTESIAN_POINT('',(31.15,-20.88));
#10416 = VECTOR('',#10417,1.);
#10417 = DIRECTION('',(1.,-0.));
#10418 = ( GEOMETRIC_REPRESENTATION_CONTEXT(2) 
PARAMETRIC_REPRESENTATION_CONTEXT() REPRESENTATION_CONTEXT('2D SPACE',''
  ) );
#10419 = ORIENTED_EDGE('',*,*,#10420,.T.);
#10420 = EDGE_CURVE('',#10398,#1389,#10421,.T.);
#10421 = SURFACE_CURVE('',#10422,(#10426,#10433),.PCURVE_S1.);
#10422 = LINE('',#10423,#10424);
#10423 = CARTESIAN_POINT('',(9.5,-2.279686742398,10.667076501606));
#10424 = VECTOR('',#10425,1.);
#10425 = DIRECTION('',(0.,-0.965925826289,0.258819045103));
#10426 = PCURVE('',#1485,#10427);
#10427 = DEFINITIONAL_REPRESENTATION('',(#10428),#10432);
#10428 = LINE('',#10429,#10430);
#10429 = CARTESIAN_POINT('',(0.,0.));
#10430 = VECTOR('',#10431,1.);
#10431 = DIRECTION('',(1.225300278295E-17,-1.));
#10432 = ( GEOMETRIC_REPRESENTATION_CONTEXT(2) 
PARAMETRIC_REPRESENTATION_CONTEXT() REPRESENTATION_CONTEXT('2D SPACE',''
  ) );
#10433 = PCURVE('',#1444,#10434);
#10434 = DEFINITIONAL_REPRESENTATION('',(#10435),#10439);
#10435 = LINE('',#10436,#10437);
#10436 = CARTESIAN_POINT('',(1.,0.));
#10437 = VECTOR('',#10438,1.);
#10438 = DIRECTION('',(0.,-1.));
#10439 = ( GEOMETRIC_REPRESENTATION_CONTEXT(2) 
PARAMETRIC_REPRESENTATION_CONTEXT() REPRESENTATION_CONTEXT('2D SPACE',''
  ) );
#10440 = ADVANCED_FACE('',(#10441),#1444,.T.);
#10441 = FACE_BOUND('',#10442,.T.);
#10442 = EDGE_LOOP('',(#10443,#10444,#10554,#10575));
#10443 = ORIENTED_EDGE('',*,*,#10420,.F.);
#10444 = ORIENTED_EDGE('',*,*,#10445,.T.);
#10445 = EDGE_CURVE('',#10398,#10446,#10448,.T.);
#10446 = VERTEX_POINT('',#10447);
#10447 = CARTESIAN_POINT('',(9.8,-4.882609675105,10.225723800934));
#10448 = SURFACE_CURVE('',#10449,(#10482,#10518),.PCURVE_S1.);
#10449 = B_SPLINE_CURVE_WITH_KNOTS('',6,(#10450,#10451,#10452,#10453,
    #10454,#10455,#10456,#10457,#10458,#10459,#10460,#10461,#10462,
    #10463,#10464,#10465,#10466,#10467,#10468,#10469,#10470,#10471,
    #10472,#10473,#10474,#10475,#10476,#10477,#10478,#10479,#10480,
    #10481),.UNSPECIFIED.,.F.,.F.,(7,5,5,5,5,5,7),(0.,0.314985095561,
    0.437797466428,0.553043167242,0.654692742456,0.916870899586,1.),
  .UNSPECIFIED.);
#10450 = CARTESIAN_POINT('',(9.5,-4.597908725492,11.288242209852));
#10451 = CARTESIAN_POINT('',(9.5,-4.613216782491,11.231111763367));
#10452 = CARTESIAN_POINT('',(9.506245068791,-4.628513519534,
    11.174023563532));
#10453 = CARTESIAN_POINT('',(9.517708432079,-4.643702205306,
    11.117338616531));
#10454 = CARTESIAN_POINT('',(9.533117385593,-4.658742768332,
    11.061206471141));
#10455 = CARTESIAN_POINT('',(9.551418041778,-4.673639538783,
    11.005610966949));
#10456 = CARTESIAN_POINT('',(9.579631739022,-4.694215726706,
    10.928819588195));
#10457 = CARTESIAN_POINT('',(9.587848482713,-4.699972575498,
    10.907334736012));
#10458 = CARTESIAN_POINT('',(9.596313368968,-4.705716240242,
    10.885899087367));
#10459 = CARTESIAN_POINT('',(9.604974350516,-4.711449030549,
    10.864504022671));
#10460 = CARTESIAN_POINT('',(9.613781335726,-4.717173499246,
    10.843140014648));
#10461 = CARTESIAN_POINT('',(9.631042398995,-4.728259032104,
    10.801768242793));
#10462 = CARTESIAN_POINT('',(9.639484442785,-4.733620687223,
    10.781758273477));
#10463 = CARTESIAN_POINT('',(9.647972504367,-4.73897968685,
    10.76175821459));
#10464 = CARTESIAN_POINT('',(9.656466834495,-4.744338317153,
    10.741759534039));
#10465 = CARTESIAN_POINT('',(9.664927750282,-4.749698871344,
    10.721753673444));
#10466 = CARTESIAN_POINT('',(9.680713958372,-4.759795517635,
    10.684072476501));
#10467 = CARTESIAN_POINT('',(9.688055244593,-4.764530633023,
    10.666400785292));
#10468 = CARTESIAN_POINT('',(9.695312226506,-4.769270573496,
    10.64871108662));
#10469 = CARTESIAN_POINT('',(9.702456852913,-4.774016824887,
    10.630997835283));
#10470 = CARTESIAN_POINT('',(9.709460288773,-4.778770781206,
    10.613255828766));
#10471 = CARTESIAN_POINT('',(9.733915865432,-4.795818547334,
    10.54963269942));
#10472 = CARTESIAN_POINT('',(9.750396817695,-4.808159485797,
    10.503575690063));
#10473 = CARTESIAN_POINT('',(9.765235950951,-4.820586007809,
    10.457199278552));
#10474 = CARTESIAN_POINT('',(9.777866657157,-4.833109854242,
    10.410459647357));
#10475 = CARTESIAN_POINT('',(9.787628956996,-4.845726177473,
    10.363374888056));
#10476 = CARTESIAN_POINT('',(9.795843552772,-4.862431797089,
    10.301028666876));
#10477 = CARTESIAN_POINT('',(9.79746666426,-4.86645989695,
    10.285995593537));
#10478 = CARTESIAN_POINT('',(9.798713993896,-4.870493331107,
    10.270942612334));
#10479 = CARTESIAN_POINT('',(9.799565017043,-4.874530680989,
    10.255875017447));
#10480 = CARTESIAN_POINT('',(9.8,-4.878570172317,10.240799430573));
#10481 = CARTESIAN_POINT('',(9.8,-4.882609675105,10.225723800934));
#10482 = PCURVE('',#1444,#10483);
#10483 = DEFINITIONAL_REPRESENTATION('',(#10484),#10517);
#10484 = B_SPLINE_CURVE_WITH_KNOTS('',6,(#10485,#10486,#10487,#10488,
    #10489,#10490,#10491,#10492,#10493,#10494,#10495,#10496,#10497,
    #10498,#10499,#10500,#10501,#10502,#10503,#10504,#10505,#10506,
    #10507,#10508,#10509,#10510,#10511,#10512,#10513,#10514,#10515,
    #10516),.UNSPECIFIED.,.F.,.F.,(7,5,5,5,5,5,7),(0.,0.314985095561,
    0.437797466428,0.553043167242,0.654692742456,0.916870899586,1.),
  .UNSPECIFIED.);
#10485 = CARTESIAN_POINT('',(1.,-2.4));
#10486 = CARTESIAN_POINT('',(0.946231099617,-2.4));
#10487 = CARTESIAN_POINT('',(0.892501960097,-2.4));
#10488 = CARTESIAN_POINT('',(0.83915234608,-2.4));
#10489 = CARTESIAN_POINT('',(0.786323006919,-2.4));
#10490 = CARTESIAN_POINT('',(0.733998733075,-2.4));
#10491 = CARTESIAN_POINT('',(0.661725746453,-2.4));
#10492 = CARTESIAN_POINT('',(0.641505059449,-2.4));
#10493 = CARTESIAN_POINT('',(0.621330680854,-2.4));
#10494 = CARTESIAN_POINT('',(0.601194498256,-2.4));
#10495 = CARTESIAN_POINT('',(0.581087544962,-2.4));
#10496 = CARTESIAN_POINT('',(0.542150081377,-2.4));
#10497 = CARTESIAN_POINT('',(0.523317495374,-2.4));
#10498 = CARTESIAN_POINT('',(0.504494236671,-2.4));
#10499 = CARTESIAN_POINT('',(0.485672275204,-2.4));
#10500 = CARTESIAN_POINT('',(0.466843556165,-2.4));
#10501 = CARTESIAN_POINT('',(0.43137951467,-2.4));
#10502 = CARTESIAN_POINT('',(0.414747622874,-2.4));
#10503 = CARTESIAN_POINT('',(0.39809878317,-2.4));
#10504 = CARTESIAN_POINT('',(0.381427776637,-2.4));
#10505 = CARTESIAN_POINT('',(0.364729706873,-2.4));
#10506 = CARTESIAN_POINT('',(0.304850152024,-2.4));
#10507 = CARTESIAN_POINT('',(0.261503129543,-2.4));
#10508 = CARTESIAN_POINT('',(0.217855498479,-2.4));
#10509 = CARTESIAN_POINT('',(0.173866019518,-2.4));
#10510 = CARTESIAN_POINT('',(0.129551719732,-2.4));
#10511 = CARTESIAN_POINT('',(7.087393998107E-02,-2.4));
#10512 = CARTESIAN_POINT('',(5.672541021176E-02,-2.4));
#10513 = CARTESIAN_POINT('',(4.255814395395E-02,-2.4));
#10514 = CARTESIAN_POINT('',(2.83771238783E-02,-2.4));
#10515 = CARTESIAN_POINT('',(1.418858206426E-02,-2.4));
#10516 = CARTESIAN_POINT('',(0.,-2.4));
#10517 = ( GEOMETRIC_REPRESENTATION_CONTEXT(2) 
PARAMETRIC_REPRESENTATION_CONTEXT() REPRESENTATION_CONTEXT('2D SPACE',''
  ) );
#10518 = PCURVE('',#946,#10519);
#10519 = DEFINITIONAL_REPRESENTATION('',(#10520),#10553);
#10520 = B_SPLINE_CURVE_WITH_KNOTS('',6,(#10521,#10522,#10523,#10524,
    #10525,#10526,#10527,#10528,#10529,#10530,#10531,#10532,#10533,
    #10534,#10535,#10536,#10537,#10538,#10539,#10540,#10541,#10542,
    #10543,#10544,#10545,#10546,#10547,#10548,#10549,#10550,#10551,
    #10552),.UNSPECIFIED.,.F.,.F.,(7,5,5,5,5,5,7),(0.,0.314985095561,
    0.437797466428,0.553043167242,0.654692742456,0.916870899586,1.),
  .UNSPECIFIED.);
#10521 = CARTESIAN_POINT('',(62.3,-20.88));
#10522 = CARTESIAN_POINT('',(62.359145790422,-20.88));
#10523 = CARTESIAN_POINT('',(62.418247843893,-20.88624506879));
#10524 = CARTESIAN_POINT('',(62.476932419312,-20.89770843207));
#10525 = CARTESIAN_POINT('',(62.535044692389,-20.91311738559));
#10526 = CARTESIAN_POINT('',(62.592601393617,-20.93141804177));
#10527 = CARTESIAN_POINT('',(62.672101678902,-20.95963173902));
#10528 = CARTESIAN_POINT('',(62.694344434607,-20.96784848271));
#10529 = CARTESIAN_POINT('',(62.716536251061,-20.97631336896));
#10530 = CARTESIAN_POINT('',(62.738686051919,-20.98497435051));
#10531 = CARTESIAN_POINT('',(62.760803700542,-20.99378133572));
#10532 = CARTESIAN_POINT('',(62.803634910485,-21.01104239899));
#10533 = CARTESIAN_POINT('',(62.824350755089,-21.01948444278));
#10534 = CARTESIAN_POINT('',(62.845056339662,-21.02797250436));
#10535 = CARTESIAN_POINT('',(62.865760497275,-21.03646683449));
#10536 = CARTESIAN_POINT('',(62.886472088218,-21.04492775028));
#10537 = CARTESIAN_POINT('',(62.925482533863,-21.06071395837));
#10538 = CARTESIAN_POINT('',(62.943777614839,-21.06805524459));
#10539 = CARTESIAN_POINT('',(62.962091338513,-21.0753122265));
#10540 = CARTESIAN_POINT('',(62.9804294457,-21.08245685291));
#10541 = CARTESIAN_POINT('',(62.998797322439,-21.08946028877));
#10542 = CARTESIAN_POINT('',(63.064664832774,-21.11391586543));
#10543 = CARTESIAN_POINT('',(63.112346557502,-21.13039681769));
#10544 = CARTESIAN_POINT('',(63.160358951673,-21.14523595095));
#10545 = CARTESIAN_POINT('',(63.20874737853,-21.15786665715));
#10546 = CARTESIAN_POINT('',(63.257493108295,-21.16762895699));
#10547 = CARTESIAN_POINT('',(63.322038666021,-21.17584355277));
#10548 = CARTESIAN_POINT('',(63.337602048767,-21.17746666426));
#10549 = CARTESIAN_POINT('',(63.353186041651,-21.17871399389));
#10550 = CARTESIAN_POINT('',(63.368785163734,-21.17956501704));
#10551 = CARTESIAN_POINT('',(63.384392559729,-21.18));
#10552 = CARTESIAN_POINT('',(63.4,-21.18));
#10553 = ( GEOMETRIC_REPRESENTATION_CONTEXT(2) 
PARAMETRIC_REPRESENTATION_CONTEXT() REPRESENTATION_CONTEXT('2D SPACE',''
  ) );
#10554 = ORIENTED_EDGE('',*,*,#10555,.T.);
#10555 = EDGE_CURVE('',#10446,#1260,#10556,.T.);
#10556 = SURFACE_CURVE('',#10557,(#10561,#10568),.PCURVE_S1.);
#10557 = LINE('',#10558,#10559);
#10558 = CARTESIAN_POINT('',(9.8,-2.564387692011,9.604558092688));
#10559 = VECTOR('',#10560,1.);
#10560 = DIRECTION('',(0.,-0.965925826289,0.258819045103));
#10561 = PCURVE('',#1444,#10562);
#10562 = DEFINITIONAL_REPRESENTATION('',(#10563),#10567);
#10563 = LINE('',#10564,#10565);
#10564 = CARTESIAN_POINT('',(0.,0.));
#10565 = VECTOR('',#10566,1.);
#10566 = DIRECTION('',(0.,-1.));
#10567 = ( GEOMETRIC_REPRESENTATION_CONTEXT(2) 
PARAMETRIC_REPRESENTATION_CONTEXT() REPRESENTATION_CONTEXT('2D SPACE',''
  ) );
#10568 = PCURVE('',#1335,#10569);
#10569 = DEFINITIONAL_REPRESENTATION('',(#10570),#10574);
#10570 = LINE('',#10571,#10572);
#10571 = CARTESIAN_POINT('',(0.48,1.7973216896E-15));
#10572 = VECTOR('',#10573,1.);
#10573 = DIRECTION('',(1.225300278295E-17,-1.));
#10574 = ( GEOMETRIC_REPRESENTATION_CONTEXT(2) 
PARAMETRIC_REPRESENTATION_CONTEXT() REPRESENTATION_CONTEXT('2D SPACE',''
  ) );
#10575 = ORIENTED_EDGE('',*,*,#1423,.T.);
#10576 = ADVANCED_FACE('',(#10577),#1335,.T.);
#10577 = FACE_BOUND('',#10578,.T.);
#10578 = EDGE_LOOP('',(#10579,#10580,#10603,#10624));
#10579 = ORIENTED_EDGE('',*,*,#10555,.F.);
#10580 = ORIENTED_EDGE('',*,*,#10581,.T.);
#10581 = EDGE_CURVE('',#10446,#10582,#10584,.T.);
#10582 = VERTEX_POINT('',#10583);
#10583 = CARTESIAN_POINT('',(9.8,-5.006842816754,9.762079404315));
#10584 = SURFACE_CURVE('',#10585,(#10589,#10596),.PCURVE_S1.);
#10585 = LINE('',#10586,#10587);
#10586 = CARTESIAN_POINT('',(9.8,3.259837483821,40.613750295988));
#10587 = VECTOR('',#10588,1.);
#10588 = DIRECTION('',(0.,-0.258819045103,-0.965925826289));
#10589 = PCURVE('',#1335,#10590);
#10590 = DEFINITIONAL_REPRESENTATION('',(#10591),#10595);
#10591 = LINE('',#10592,#10593);
#10592 = CARTESIAN_POINT('',(31.94,-2.4));
#10593 = VECTOR('',#10594,1.);
#10594 = DIRECTION('',(-1.,1.225300278295E-17));
#10595 = ( GEOMETRIC_REPRESENTATION_CONTEXT(2) 
PARAMETRIC_REPRESENTATION_CONTEXT() REPRESENTATION_CONTEXT('2D SPACE',''
  ) );
#10596 = PCURVE('',#946,#10597);
#10597 = DEFINITIONAL_REPRESENTATION('',(#10598),#10602);
#10598 = LINE('',#10599,#10600);
#10599 = CARTESIAN_POINT('',(31.94,-21.18));
#10600 = VECTOR('',#10601,1.);
#10601 = DIRECTION('',(1.,-0.));
#10602 = ( GEOMETRIC_REPRESENTATION_CONTEXT(2) 
PARAMETRIC_REPRESENTATION_CONTEXT() REPRESENTATION_CONTEXT('2D SPACE',''
  ) );
#10603 = ORIENTED_EDGE('',*,*,#10604,.T.);
#10604 = EDGE_CURVE('',#10582,#1154,#10605,.T.);
#10605 = SURFACE_CURVE('',#10606,(#10610,#10617),.PCURVE_S1.);
#10606 = LINE('',#10607,#10608);
#10607 = CARTESIAN_POINT('',(9.8,-2.68862083366,9.140913696069));
#10608 = VECTOR('',#10609,1.);
#10609 = DIRECTION('',(0.,-0.965925826289,0.258819045103));
#10610 = PCURVE('',#1335,#10611);
#10611 = DEFINITIONAL_REPRESENTATION('',(#10612),#10616);
#10612 = LINE('',#10613,#10614);
#10613 = CARTESIAN_POINT('',(0.,0.));
#10614 = VECTOR('',#10615,1.);
#10615 = DIRECTION('',(1.225300278295E-17,-1.));
#10616 = ( GEOMETRIC_REPRESENTATION_CONTEXT(2) 
PARAMETRIC_REPRESENTATION_CONTEXT() REPRESENTATION_CONTEXT('2D SPACE',''
  ) );
#10617 = PCURVE('',#914,#10618);
#10618 = DEFINITIONAL_REPRESENTATION('',(#10619),#10623);
#10619 = LINE('',#10620,#10621);
#10620 = CARTESIAN_POINT('',(-1.570796326795,0.));
#10621 = VECTOR('',#10622,1.);
#10622 = DIRECTION('',(-0.,-1.));
#10623 = ( GEOMETRIC_REPRESENTATION_CONTEXT(2) 
PARAMETRIC_REPRESENTATION_CONTEXT() REPRESENTATION_CONTEXT('2D SPACE',''
  ) );
#10624 = ORIENTED_EDGE('',*,*,#1321,.T.);
#10625 = ADVANCED_FACE('',(#10626),#1109,.F.);
#10626 = FACE_BOUND('',#10627,.F.);
#10627 = EDGE_LOOP('',(#10628,#10629,#10630,#10631,#10632,#10633,#10634,
    #10635,#10636,#10637,#10663,#10664,#10665,#10666));
#10628 = ORIENTED_EDGE('',*,*,#1498,.T.);
#10629 = ORIENTED_EDGE('',*,*,#1884,.T.);
#10630 = ORIENTED_EDGE('',*,*,#10216,.F.);
#10631 = ORIENTED_EDGE('',*,*,#6801,.F.);
#10632 = ORIENTED_EDGE('',*,*,#6582,.T.);
#10633 = ORIENTED_EDGE('',*,*,#5414,.T.);
#10634 = ORIENTED_EDGE('',*,*,#6557,.T.);
#10635 = ORIENTED_EDGE('',*,*,#6360,.T.);
#10636 = ORIENTED_EDGE('',*,*,#6435,.T.);
#10637 = ORIENTED_EDGE('',*,*,#10638,.T.);
#10638 = EDGE_CURVE('',#6436,#1065,#10639,.T.);
#10639 = SURFACE_CURVE('',#10640,(#10645,#10656),.PCURVE_S1.);
#10640 = CIRCLE('',#10641,2.68);
#10641 = AXIS2_PLACEMENT_3D('',#10642,#10643,#10644);
#10642 = CARTESIAN_POINT('',(-7.32,-7.663138839049,10.473831778347));
#10643 = DIRECTION('',(-4.837060230068E-34,-0.965925826289,
    0.258819045103));
#10644 = DIRECTION('',(-1.,3.710258967604E-16,1.384687497634E-15));
#10645 = PCURVE('',#1109,#10646);
#10646 = DEFINITIONAL_REPRESENTATION('',(#10647),#10655);
#10647 = ( BOUNDED_CURVE() B_SPLINE_CURVE(2,(#10648,#10649,#10650,#10651
    ,#10652,#10653,#10654),.UNSPECIFIED.,.T.,.F.) 
B_SPLINE_CURVE_WITH_KNOTS((1,2,2,2,2,1),(-2.094395102393,0.,
    2.094395102393,4.188790204786,6.28318530718,8.377580409573),
.UNSPECIFIED.) CURVE() GEOMETRIC_REPRESENTATION_ITEM() 
RATIONAL_B_SPLINE_CURVE((1.,0.5,1.,0.5,1.,0.5,1.)) REPRESENTATION_ITEM(
  '') );
#10648 = CARTESIAN_POINT('',(-22.15,-63.88));
#10649 = CARTESIAN_POINT('',(-22.15,-68.52189616428));
#10650 = CARTESIAN_POINT('',(-26.17,-66.20094808214));
#10651 = CARTESIAN_POINT('',(-30.19,-63.88));
#10652 = CARTESIAN_POINT('',(-26.17,-61.55905191785));
#10653 = CARTESIAN_POINT('',(-22.15,-59.23810383571));
#10654 = CARTESIAN_POINT('',(-22.15,-63.88));
#10655 = ( GEOMETRIC_REPRESENTATION_CONTEXT(2) 
PARAMETRIC_REPRESENTATION_CONTEXT() REPRESENTATION_CONTEXT('2D SPACE',''
  ) );
#10656 = PCURVE('',#1081,#10657);
#10657 = DEFINITIONAL_REPRESENTATION('',(#10658),#10662);
#10658 = LINE('',#10659,#10660);
#10659 = CARTESIAN_POINT('',(-0.,4.712388980385));
#10660 = VECTOR('',#10661,1.);
#10661 = DIRECTION('',(-1.,0.));
#10662 = ( GEOMETRIC_REPRESENTATION_CONTEXT(2) 
PARAMETRIC_REPRESENTATION_CONTEXT() REPRESENTATION_CONTEXT('2D SPACE',''
  ) );
#10663 = ORIENTED_EDGE('',*,*,#1093,.T.);
#10664 = ORIENTED_EDGE('',*,*,#1206,.T.);
#10665 = ORIENTED_EDGE('',*,*,#1236,.T.);
#10666 = ORIENTED_EDGE('',*,*,#1351,.T.);
#10667 = ADVANCED_FACE('',(#10668),#1081,.T.);
#10668 = FACE_BOUND('',#10669,.F.);
#10669 = EDGE_LOOP('',(#10670,#10671,#10693,#10694));
#10670 = ORIENTED_EDGE('',*,*,#6458,.F.);
#10671 = ORIENTED_EDGE('',*,*,#10672,.T.);
#10672 = EDGE_CURVE('',#6459,#1013,#10673,.T.);
#10673 = SURFACE_CURVE('',#10674,(#10679,#10686),.PCURVE_S1.);
#10674 = CIRCLE('',#10675,2.48);
#10675 = AXIS2_PLACEMENT_3D('',#10676,#10677,#10678);
#10676 = CARTESIAN_POINT('',(-7.32,-7.469953673791,10.422067969326));
#10677 = DIRECTION('',(-4.837060230068E-34,-0.965925826289,
    0.258819045103));
#10678 = DIRECTION('',(-1.,3.710258967604E-16,1.384687497634E-15));
#10679 = PCURVE('',#1081,#10680);
#10680 = DEFINITIONAL_REPRESENTATION('',(#10681),#10685);
#10681 = LINE('',#10682,#10683);
#10682 = CARTESIAN_POINT('',(-0.,3.14159265359));
#10683 = VECTOR('',#10684,1.);
#10684 = DIRECTION('',(-1.,0.));
#10685 = ( GEOMETRIC_REPRESENTATION_CONTEXT(2) 
PARAMETRIC_REPRESENTATION_CONTEXT() REPRESENTATION_CONTEXT('2D SPACE',''
  ) );
#10686 = PCURVE('',#846,#10687);
#10687 = DEFINITIONAL_REPRESENTATION('',(#10688),#10692);
#10688 = LINE('',#10689,#10690);
#10689 = CARTESIAN_POINT('',(-0.,-4.95));
#10690 = VECTOR('',#10691,1.);
#10691 = DIRECTION('',(-1.,0.));
#10692 = ( GEOMETRIC_REPRESENTATION_CONTEXT(2) 
PARAMETRIC_REPRESENTATION_CONTEXT() REPRESENTATION_CONTEXT('2D SPACE',''
  ) );
#10693 = ORIENTED_EDGE('',*,*,#1064,.T.);
#10694 = ORIENTED_EDGE('',*,*,#10638,.F.);
#10695 = ADVANCED_FACE('',(#10696),#846,.F.);
#10696 = FACE_BOUND('',#10697,.T.);
#10697 = EDGE_LOOP('',(#10698,#10699,#10700,#10722,#10723));
#10698 = ORIENTED_EDGE('',*,*,#1012,.F.);
#10699 = ORIENTED_EDGE('',*,*,#822,.F.);
#10700 = ORIENTED_EDGE('',*,*,#10701,.T.);
#10701 = EDGE_CURVE('',#800,#6507,#10702,.T.);
#10702 = SURFACE_CURVE('',#10703,(#10708,#10715),.PCURVE_S1.);
#10703 = CIRCLE('',#10704,2.48);
#10704 = AXIS2_PLACEMENT_3D('',#10705,#10706,#10707);
#10705 = CARTESIAN_POINT('',(-7.32,-5.006842816754,9.762079404315));
#10706 = DIRECTION('',(-2.079675037572E-32,0.965925826289,
    -0.258819045103));
#10707 = DIRECTION('',(-1.,9.269253647881E-17,3.459332556214E-16));
#10708 = PCURVE('',#846,#10709);
#10709 = DEFINITIONAL_REPRESENTATION('',(#10710),#10714);
#10710 = LINE('',#10711,#10712);
#10711 = CARTESIAN_POINT('',(-6.28318530718,-2.4));
#10712 = VECTOR('',#10713,1.);
#10713 = DIRECTION('',(1.,-0.));
#10714 = ( GEOMETRIC_REPRESENTATION_CONTEXT(2) 
PARAMETRIC_REPRESENTATION_CONTEXT() REPRESENTATION_CONTEXT('2D SPACE',''
  ) );
#10715 = PCURVE('',#316,#10716);
#10716 = DEFINITIONAL_REPRESENTATION('',(#10717),#10721);
#10717 = CIRCLE('',#10718,2.48);
#10718 = AXIS2_PLACEMENT_2D('',#10719,#10720);
#10719 = CARTESIAN_POINT('',(63.88,-4.06));
#10720 = DIRECTION('',(-3.581364595565E-16,1.));
#10721 = ( GEOMETRIC_REPRESENTATION_CONTEXT(2) 
PARAMETRIC_REPRESENTATION_CONTEXT() REPRESENTATION_CONTEXT('2D SPACE',''
  ) );
#10722 = ORIENTED_EDGE('',*,*,#6506,.T.);
#10723 = ORIENTED_EDGE('',*,*,#10672,.T.);
#10724 = ADVANCED_FACE('',(#10725),#914,.F.);
#10725 = FACE_BOUND('',#10726,.T.);
#10726 = EDGE_LOOP('',(#10727,#10728,#10750,#10751,#10752));
#10727 = ORIENTED_EDGE('',*,*,#10604,.F.);
#10728 = ORIENTED_EDGE('',*,*,#10729,.T.);
#10729 = EDGE_CURVE('',#10582,#891,#10730,.T.);
#10730 = SURFACE_CURVE('',#10731,(#10736,#10743),.PCURVE_S1.);
#10731 = CIRCLE('',#10732,2.48);
#10732 = AXIS2_PLACEMENT_3D('',#10733,#10734,#10735);
#10733 = CARTESIAN_POINT('',(7.32,-5.006842816754,9.762079404315));
#10734 = DIRECTION('',(-8.841472465353E-34,0.965925826289,
    -0.258819045103));
#10735 = DIRECTION('',(-3.581364595565E-16,-0.258819045103,
    -0.965925826289));
#10736 = PCURVE('',#914,#10737);
#10737 = DEFINITIONAL_REPRESENTATION('',(#10738),#10742);
#10738 = LINE('',#10739,#10740);
#10739 = CARTESIAN_POINT('',(-6.28318530718,-2.4));
#10740 = VECTOR('',#10741,1.);
#10741 = DIRECTION('',(1.,-0.));
#10742 = ( GEOMETRIC_REPRESENTATION_CONTEXT(2) 
PARAMETRIC_REPRESENTATION_CONTEXT() REPRESENTATION_CONTEXT('2D SPACE',''
  ) );
#10743 = PCURVE('',#946,#10744);
#10744 = DEFINITIONAL_REPRESENTATION('',(#10745),#10749);
#10745 = CIRCLE('',#10746,2.48);
#10746 = AXIS2_PLACEMENT_2D('',#10747,#10748);
#10747 = CARTESIAN_POINT('',(63.88,-18.7));
#10748 = DIRECTION('',(1.,3.581364595565E-16));
#10749 = ( GEOMETRIC_REPRESENTATION_CONTEXT(2) 
PARAMETRIC_REPRESENTATION_CONTEXT() REPRESENTATION_CONTEXT('2D SPACE',''
  ) );
#10750 = ORIENTED_EDGE('',*,*,#890,.F.);
#10751 = ORIENTED_EDGE('',*,*,#988,.T.);
#10752 = ORIENTED_EDGE('',*,*,#1153,.T.);
#10753 = ADVANCED_FACE('',(#10754),#946,.T.);
#10754 = FACE_BOUND('',#10755,.T.);
#10755 = EDGE_LOOP('',(#10756,#10757,#10758,#10759,#10760,#10761,#10762,
    #10763));
#10756 = ORIENTED_EDGE('',*,*,#8543,.F.);
#10757 = ORIENTED_EDGE('',*,*,#8766,.T.);
#10758 = ORIENTED_EDGE('',*,*,#930,.F.);
#10759 = ORIENTED_EDGE('',*,*,#10729,.F.);
#10760 = ORIENTED_EDGE('',*,*,#10581,.F.);
#10761 = ORIENTED_EDGE('',*,*,#10445,.F.);
#10762 = ORIENTED_EDGE('',*,*,#10397,.F.);
#10763 = ORIENTED_EDGE('',*,*,#8574,.F.);
#10764 = ADVANCED_FACE('',(#10765),#973,.T.);
#10765 = FACE_BOUND('',#10766,.T.);
#10766 = EDGE_LOOP('',(#10767,#10768,#10769,#10791));
#10767 = ORIENTED_EDGE('',*,*,#8787,.F.);
#10768 = ORIENTED_EDGE('',*,*,#8204,.T.);
#10769 = ORIENTED_EDGE('',*,*,#10770,.T.);
#10770 = EDGE_CURVE('',#8205,#671,#10771,.T.);
#10771 = SURFACE_CURVE('',#10772,(#10777,#10784),.PCURVE_S1.);
#10772 = CIRCLE('',#10773,0.65);
#10773 = AXIS2_PLACEMENT_3D('',#10774,#10775,#10776);
#10774 = CARTESIAN_POINT('',(33.5,2.596181277967,5.488658688414));
#10775 = DIRECTION('',(0.,-0.258819045103,-0.965925826289));
#10776 = DIRECTION('',(0.,0.965925826289,-0.258819045103));
#10777 = PCURVE('',#973,#10778);
#10778 = DEFINITIONAL_REPRESENTATION('',(#10779),#10783);
#10779 = LINE('',#10780,#10781);
#10780 = CARTESIAN_POINT('',(3.14159265359,0.));
#10781 = VECTOR('',#10782,1.);
#10782 = DIRECTION('',(0.,1.));
#10783 = ( GEOMETRIC_REPRESENTATION_CONTEXT(2) 
PARAMETRIC_REPRESENTATION_CONTEXT() REPRESENTATION_CONTEXT('2D SPACE',''
  ) );
#10784 = PCURVE('',#688,#10785);
#10785 = DEFINITIONAL_REPRESENTATION('',(#10786),#10790);
#10786 = LINE('',#10787,#10788);
#10787 = CARTESIAN_POINT('',(1.570796326795,-0.));
#10788 = VECTOR('',#10789,1.);
#10789 = DIRECTION('',(-1.,0.));
#10790 = ( GEOMETRIC_REPRESENTATION_CONTEXT(2) 
PARAMETRIC_REPRESENTATION_CONTEXT() REPRESENTATION_CONTEXT('2D SPACE',''
  ) );
#10791 = ORIENTED_EDGE('',*,*,#958,.F.);
#10792 = ADVANCED_FACE('',(#10793),#688,.T.);
#10793 = FACE_BOUND('',#10794,.F.);
#10794 = EDGE_LOOP('',(#10795,#10796,#10797,#10798));
#10795 = ORIENTED_EDGE('',*,*,#670,.T.);
#10796 = ORIENTED_EDGE('',*,*,#9144,.F.);
#10797 = ORIENTED_EDGE('',*,*,#8232,.F.);
#10798 = ORIENTED_EDGE('',*,*,#10770,.T.);
#10799 = ADVANCED_FACE('',(#10800),#572,.T.);
#10800 = FACE_BOUND('',#10801,.F.);
#10801 = EDGE_LOOP('',(#10802,#10803,#10804,#10805));
#10802 = ORIENTED_EDGE('',*,*,#9190,.T.);
#10803 = ORIENTED_EDGE('',*,*,#700,.T.);
#10804 = ORIENTED_EDGE('',*,*,#548,.F.);
#10805 = ORIENTED_EDGE('',*,*,#10806,.F.);
#10806 = EDGE_CURVE('',#7733,#549,#10807,.T.);
#10807 = SURFACE_CURVE('',#10808,(#10812,#10819),.PCURVE_S1.);
#10808 = LINE('',#10809,#10810);
#10809 = CARTESIAN_POINT('',(33.5,4.434672141401,13.));
#10810 = VECTOR('',#10811,1.);
#10811 = DIRECTION('',(-1.,0.,-0.));
#10812 = PCURVE('',#572,#10813);
#10813 = DEFINITIONAL_REPRESENTATION('',(#10814),#10818);
#10814 = LINE('',#10815,#10816);
#10815 = CARTESIAN_POINT('',(-0.,0.));
#10816 = VECTOR('',#10817,1.);
#10817 = DIRECTION('',(-0.,1.));
#10818 = ( GEOMETRIC_REPRESENTATION_CONTEXT(2) 
PARAMETRIC_REPRESENTATION_CONTEXT() REPRESENTATION_CONTEXT('2D SPACE',''
  ) );
#10819 = PCURVE('',#47,#10820);
#10820 = DEFINITIONAL_REPRESENTATION('',(#10821),#10825);
#10821 = LINE('',#10822,#10823);
#10822 = CARTESIAN_POINT('',(58.097869269024,-33.5));
#10823 = VECTOR('',#10824,1.);
#10824 = DIRECTION('',(-0.,1.));
#10825 = ( GEOMETRIC_REPRESENTATION_CONTEXT(2) 
PARAMETRIC_REPRESENTATION_CONTEXT() REPRESENTATION_CONTEXT('2D SPACE',''
  ) );
#10826 = ADVANCED_FACE('',(#10827),#494,.T.);
#10827 = FACE_BOUND('',#10828,.T.);
#10828 = EDGE_LOOP('',(#10829,#10830,#10831,#10832,#10853));
#10829 = ORIENTED_EDGE('',*,*,#722,.T.);
#10830 = ORIENTED_EDGE('',*,*,#610,.F.);
#10831 = ORIENTED_EDGE('',*,*,#473,.F.);
#10832 = ORIENTED_EDGE('',*,*,#10833,.T.);
#10833 = EDGE_CURVE('',#394,#776,#10834,.T.);
#10834 = SURFACE_CURVE('',#10835,(#10839,#10846),.PCURVE_S1.);
#10835 = LINE('',#10836,#10837);
#10836 = CARTESIAN_POINT('',(-11.38,11.526517784395,71.465421187661));
#10837 = VECTOR('',#10838,1.);
#10838 = DIRECTION('',(0.,-0.258819045103,-0.965925826289));
#10839 = PCURVE('',#494,#10840);
#10840 = DEFINITIONAL_REPRESENTATION('',(#10841),#10845);
#10841 = LINE('',#10842,#10843);
#10842 = CARTESIAN_POINT('',(34.043370449816,3.9));
#10843 = VECTOR('',#10844,1.);
#10844 = DIRECTION('',(-1.,-1.225300278295E-17));
#10845 = ( GEOMETRIC_REPRESENTATION_CONTEXT(2) 
PARAMETRIC_REPRESENTATION_CONTEXT() REPRESENTATION_CONTEXT('2D SPACE',''
  ) );
#10846 = PCURVE('',#316,#10847);
#10847 = DEFINITIONAL_REPRESENTATION('',(#10848),#10852);
#10848 = LINE('',#10849,#10850);
#10849 = CARTESIAN_POINT('',(0.,0.));
#10850 = VECTOR('',#10851,1.);
#10851 = DIRECTION('',(1.,-0.));
#10852 = ( GEOMETRIC_REPRESENTATION_CONTEXT(2) 
PARAMETRIC_REPRESENTATION_CONTEXT() REPRESENTATION_CONTEXT('2D SPACE',''
  ) );
#10853 = ORIENTED_EDGE('',*,*,#775,.T.);
#10854 = ADVANCED_FACE('',(#10855),#316,.T.);
#10855 = FACE_BOUND('',#10856,.T.);
#10856 = EDGE_LOOP('',(#10857,#10858,#10859,#10860,#10914,#10915,#10916,
    #10917,#10918));
#10857 = ORIENTED_EDGE('',*,*,#10833,.F.);
#10858 = ORIENTED_EDGE('',*,*,#393,.F.);
#10859 = ORIENTED_EDGE('',*,*,#271,.F.);
#10860 = ORIENTED_EDGE('',*,*,#10861,.T.);
#10861 = EDGE_CURVE('',#199,#6056,#10862,.T.);
#10862 = SURFACE_CURVE('',#10863,(#10878,#10896),.PCURVE_S1.);
#10863 = B_SPLINE_CURVE_WITH_KNOTS('',7,(#10864,#10865,#10866,#10867,
    #10868,#10869,#10870,#10871,#10872,#10873,#10874,#10875,#10876,
    #10877),.UNSPECIFIED.,.F.,.F.,(8,6,8),(0.,0.487954449499,1.),
  .UNSPECIFIED.);
#10864 = CARTESIAN_POINT('',(-9.7,-4.082382828763,13.212211049059));
#10865 = CARTESIAN_POINT('',(-9.680241237299,-4.082382828763,
    13.212211049059));
#10866 = CARTESIAN_POINT('',(-9.659553280614,-4.082974998142,
    13.210001042853));
#10867 = CARTESIAN_POINT('',(-9.638334894203,-4.084259339353,
    13.2052078162));
#10868 = CARTESIAN_POINT('',(-9.61716107891,-4.086314927742,
    13.197536255891));
#10869 = CARTESIAN_POINT('',(-9.596814830013,-4.089164846449,
    13.186900214478));
#10870 = CARTESIAN_POINT('',(-9.578051325786,-4.092733761125,
    13.173580843582));
#10871 = CARTESIAN_POINT('',(-9.543963651171,-4.101250973565,
    13.141794174014));
#10872 = CARTESIAN_POINT('',(-9.528854003603,-4.106258933748,
    13.12310421217));
#10873 = CARTESIAN_POINT('',(-9.516722317852,-4.111761574671,
    13.102568076668));
#10874 = CARTESIAN_POINT('',(-9.507965259855,-4.11753468294,
    13.081022543294));
#10875 = CARTESIAN_POINT('',(-9.502507174374,-4.123336447686,
    13.059370062486));
#10876 = CARTESIAN_POINT('',(-9.5,-4.128992071118,13.03826298849));
#10877 = CARTESIAN_POINT('',(-9.5,-4.13438167826,13.018148700804));
#10878 = PCURVE('',#316,#10879);
#10879 = DEFINITIONAL_REPRESENTATION('',(#10880),#10895);
#10880 = B_SPLINE_CURVE_WITH_KNOTS('',7,(#10881,#10882,#10883,#10884,
    #10885,#10886,#10887,#10888,#10889,#10890,#10891,#10892,#10893,
    #10894),.UNSPECIFIED.,.F.,.F.,(8,6,8),(0.,0.487954449499,1.),
  .UNSPECIFIED.);
#10881 = CARTESIAN_POINT('',(60.308160888917,-1.68));
#10882 = CARTESIAN_POINT('',(60.308160888917,-1.699758762701));
#10883 = CARTESIAN_POINT('',(60.310448855701,-1.720446719386));
#10884 = CARTESIAN_POINT('',(60.315411169082,-1.741665105797));
#10885 = CARTESIAN_POINT('',(60.323353352736,-1.76283892109));
#10886 = CARTESIAN_POINT('',(60.334364593066,-1.783185169987));
#10887 = CARTESIAN_POINT('',(60.348153820493,-1.801948674214));
#10888 = CARTESIAN_POINT('',(60.38106180235,-1.836036348829));
#10889 = CARTESIAN_POINT('',(60.40041107466,-1.851145996397));
#10890 = CARTESIAN_POINT('',(60.421671646583,-1.863277682148));
#10891 = CARTESIAN_POINT('',(60.44397722408,-1.872034740145));
#10892 = CARTESIAN_POINT('',(60.466393521707,-1.877492825626));
#10893 = CARTESIAN_POINT('',(60.488245172653,-1.88));
#10894 = CARTESIAN_POINT('',(60.50906901558,-1.88));
#10895 = ( GEOMETRIC_REPRESENTATION_CONTEXT(2) 
PARAMETRIC_REPRESENTATION_CONTEXT() REPRESENTATION_CONTEXT('2D SPACE',''
  ) );
#10896 = PCURVE('',#227,#10897);
#10897 = DEFINITIONAL_REPRESENTATION('',(#10898),#10913);
#10898 = B_SPLINE_CURVE_WITH_KNOTS('',7,(#10899,#10900,#10901,#10902,
    #10903,#10904,#10905,#10906,#10907,#10908,#10909,#10910,#10911,
    #10912),.UNSPECIFIED.,.F.,.F.,(8,6,8),(0.,0.487954449499,1.),
  .UNSPECIFIED.);
#10899 = CARTESIAN_POINT('',(0.,41.277277641186));
#10900 = CARTESIAN_POINT('',(0.146729795086,41.277277641186));
#10901 = CARTESIAN_POINT('',(0.293352501106,41.277059392656));
#10902 = CARTESIAN_POINT('',(0.439848094823,41.276586054402));
#10903 = CARTESIAN_POINT('',(0.586220158347,41.275828788231));
#10904 = CARTESIAN_POINT('',(0.732508389507,41.274780251845));
#10905 = CARTESIAN_POINT('',(0.878761317917,41.273470017349));
#10906 = CARTESIAN_POINT('',(1.178456325378,41.270350821323));
#10907 = CARTESIAN_POINT('',(1.331911342182,41.268520342208));
#10908 = CARTESIAN_POINT('',(1.48538537576,41.266514096553));
#10909 = CARTESIAN_POINT('',(1.638940045155,41.264415834036));
#10910 = CARTESIAN_POINT('',(1.792629243384,41.262313880468));
#10911 = CARTESIAN_POINT('',(1.946459442375,41.260270785896));
#10912 = CARTESIAN_POINT('',(2.100407493637,41.258328803517));
#10913 = ( GEOMETRIC_REPRESENTATION_CONTEXT(2) 
PARAMETRIC_REPRESENTATION_CONTEXT() REPRESENTATION_CONTEXT('2D SPACE',''
  ) );
#10914 = ORIENTED_EDGE('',*,*,#6055,.F.);
#10915 = ORIENTED_EDGE('',*,*,#6151,.F.);
#10916 = ORIENTED_EDGE('',*,*,#6529,.F.);
#10917 = ORIENTED_EDGE('',*,*,#10701,.F.);
#10918 = ORIENTED_EDGE('',*,*,#799,.F.);
#10919 = ADVANCED_FACE('',(#10920),#227,.T.);
#10920 = FACE_BOUND('',#10921,.T.);
#10921 = EDGE_LOOP('',(#10922,#10923,#10924,#10925));
#10922 = ORIENTED_EDGE('',*,*,#5885,.T.);
#10923 = ORIENTED_EDGE('',*,*,#6078,.T.);
#10924 = ORIENTED_EDGE('',*,*,#10861,.F.);
#10925 = ORIENTED_EDGE('',*,*,#198,.F.);
#10926 = ADVANCED_FACE('',(#10927),#183,.T.);
#10927 = FACE_BOUND('',#10928,.T.);
#10928 = EDGE_LOOP('',(#10929,#10930,#10931,#10932,#10933,#10934,#10935,
    #10936));
#10929 = ORIENTED_EDGE('',*,*,#167,.T.);
#10930 = ORIENTED_EDGE('',*,*,#7199,.F.);
#10931 = ORIENTED_EDGE('',*,*,#6998,.F.);
#10932 = ORIENTED_EDGE('',*,*,#5033,.T.);
#10933 = ORIENTED_EDGE('',*,*,#5259,.T.);
#10934 = ORIENTED_EDGE('',*,*,#5556,.T.);
#10935 = ORIENTED_EDGE('',*,*,#5776,.T.);
#10936 = ORIENTED_EDGE('',*,*,#5905,.T.);
#10937 = ADVANCED_FACE('',(#10938),#105,.F.);
#10938 = FACE_BOUND('',#10939,.F.);
#10939 = EDGE_LOOP('',(#10940,#10941,#10942,#10943));
#10940 = ORIENTED_EDGE('',*,*,#7179,.T.);
#10941 = ORIENTED_EDGE('',*,*,#7349,.T.);
#10942 = ORIENTED_EDGE('',*,*,#7405,.F.);
#10943 = ORIENTED_EDGE('',*,*,#59,.F.);
#10944 = ADVANCED_FACE('',(#10945),#47,.F.);
#10945 = FACE_BOUND('',#10946,.F.);
#10946 = EDGE_LOOP('',(#10947,#10948,#10949,#10950,#10951,#10952,#10953,
    #10954));
#10947 = ORIENTED_EDGE('',*,*,#21,.T.);
#10948 = ORIENTED_EDGE('',*,*,#7463,.T.);
#10949 = ORIENTED_EDGE('',*,*,#7488,.T.);
#10950 = ORIENTED_EDGE('',*,*,#7624,.T.);
#10951 = ORIENTED_EDGE('',*,*,#7649,.T.);
#10952 = ORIENTED_EDGE('',*,*,#7732,.T.);
#10953 = ORIENTED_EDGE('',*,*,#10806,.T.);
#10954 = ORIENTED_EDGE('',*,*,#588,.F.);
#10955 = ( GEOMETRIC_REPRESENTATION_CONTEXT(3) 
GLOBAL_UNCERTAINTY_ASSIGNED_CONTEXT((#10959)) 
GLOBAL_UNIT_ASSIGNED_CONTEXT((#10956,#10957,#10958)) 
REPRESENTATION_CONTEXT('Context #1',
  '3D Context with UNIT and UNCERTAINTY') );
#10956 = ( LENGTH_UNIT() NAMED_UNIT(*) SI_UNIT(.MILLI.,.METRE.) );
#10957 = ( NAMED_UNIT(*) PLANE_ANGLE_UNIT() SI_UNIT($,.RADIAN.) );
#10958 = ( NAMED_UNIT(*) SI_UNIT($,.STERADIAN.) SOLID_ANGLE_UNIT() );
#10959 = UNCERTAINTY_MEASURE_WITH_UNIT(LENGTH_MEASURE(5.E-05),#10956,
  'distance_accuracy_value','confusion accuracy');
#10960 = PRODUCT_RELATED_PRODUCT_CATEGORY('part',$,(#7));
ENDSEC;
END-ISO-10303-21;
