ISO-10303-21;
HEADER;
FILE_DESCRIPTION(('Open CASCADE Model'),'2;1');
FILE_NAME('Open CASCADE Shape Model','2026-09-12T13:01:01',('Author'),(
    'Open CASCADE'),'Open CASCADE STEP processor 7.9','Open CASCADE 7.9'
  ,'Unknown');
FILE_SCHEMA(('AUTOMOTIVE_DESIGN { 1 0 10303 214 1 1 1 1 }'));
ENDSEC;
DATA;
#1 = APPLICATION_PROTOCOL_DEFINITION('international standard',
  'automotive_design',2000,#2);
#2 = APPLICATION_CONTEXT(
  'core data for automotive mechanical design processes');
#3 = SHAPE_DEFINITION_REPRESENTATION(#4,#10);
#4 = PRODUCT_DEFINITION_SHAPE('','',#5);
#5 = PRODUCT_DEFINITION('design','',#6,#9);
#6 = PRODUCT_DEFINITION_FORMATION('','',#7);
#7 = PRODUCT('Open CASCADE STEP translator 7.9 1',
  'Open CASCADE STEP translator 7.9 1','',(#8));
#8 = PRODUCT_CONTEXT('',#2,'mechanical');
#9 = PRODUCT_DEFINITION_CONTEXT('part definition',#2,'design');
#10 = ADVANCED_BREP_SHAPE_REPRESENTATION('',(#11,#15),#11938);
#11 = AXIS2_PLACEMENT_3D('',#12,#13,#14);
#12 = CARTESIAN_POINT('',(0.,0.,0.));
#13 = DIRECTION('',(0.,0.,1.));
#14 = DIRECTION('',(1.,0.,-0.));
#15 = MANIFOLD_SOLID_BREP('',#16);
#16 = CLOSED_SHELL('',(#17,#341,#463,#548,#717,#787,#842,#936,#991,#1089
    ,#1308,#1579,#1633,#1688,#2030,#2097,#2370,#2421,#2859,#3052,#3085,
    #3163,#3219,#3333,#3388,#3466,#3499,#3599,#3708,#3768,#3839,#3867,
    #3895,#3928,#4006,#4062,#4142,#4265,#4337,#4423,#4462,#4514,#4645,
    #4703,#4895,#5037,#5150,#5235,#5275,#5331,#5402,#5450,#5456,#5510,
    #5633,#5665,#5909,#5963,#6039,#6140,#6314,#6412,#6439,#6690,#6696,
    #6745,#7077,#7129,#7288,#7561,#7868,#7921,#8332,#8398,#8509,#8537,
    #8610,#8758,#8786,#8814,#8849,#8883,#8916,#9016,#9106,#9134,#9169,
    #9224,#9231,#9352,#9425,#9516,#9581,#9588,#9720,#9854,#9886,#9922,
    #9980,#10060,#10123,#10260,#10386,#10442,#10561,#10713,#10764,#10818
    ,#10868,#10953,#11024,#11059,#11110,#11180,#11230,#11258,#11321,
    #11356,#11411,#11418,#11424,#11557,#11687,#11713,#11741,#11789,
    #11796,#11824,#11851,#11890,#11897,#11931));
#17 = ADVANCED_FACE('',(#18),#32,.F.);
#18 = FACE_BOUND('',#19,.F.);
#19 = EDGE_LOOP('',(#20,#55,#83,#111,#139,#247,#315));
#20 = ORIENTED_EDGE('',*,*,#21,.T.);
#21 = EDGE_CURVE('',#22,#24,#26,.T.);
#22 = VERTEX_POINT('',#23);
#23 = CARTESIAN_POINT('',(-34.15,-13.09200163744,11.849778496276));
#24 = VERTEX_POINT('',#25);
#25 = CARTESIAN_POINT('',(-34.15,-16.26714021601,7.993605777301E-15));
#26 = SURFACE_CURVE('',#27,(#31,#43),.PCURVE_S1.);
#27 = LINE('',#28,#29);
#28 = CARTESIAN_POINT('',(-34.15,11.225608487957,102.60433500293));
#29 = VECTOR('',#30,1.);
#30 = DIRECTION('',(0.,-0.258819045103,-0.965925826289));
#31 = PCURVE('',#32,#37);
#32 = PLANE('',#33);
#33 = AXIS2_PLACEMENT_3D('',#34,#35,#36);
#34 = CARTESIAN_POINT('',(-34.15,15.,0.));
#35 = DIRECTION('',(1.,0.,0.));
#36 = DIRECTION('',(0.,-1.,-1.225300278295E-17));
#37 = DEFINITIONAL_REPRESENTATION('',(#38),#42);
#38 = LINE('',#39,#40);
#39 = CARTESIAN_POINT('',(3.774391512043,-102.6043350029));
#40 = VECTOR('',#41,1.);
#41 = DIRECTION('',(0.258819045103,0.965925826289));
#42 = ( GEOMETRIC_REPRESENTATION_CONTEXT(2) 
PARAMETRIC_REPRESENTATION_CONTEXT() REPRESENTATION_CONTEXT('2D SPACE',''
  ) );
#43 = PCURVE('',#44,#49);
#44 = CYLINDRICAL_SURFACE('',#45,3.);
#45 = AXIS2_PLACEMENT_3D('',#46,#47,#48);
#46 = CARTESIAN_POINT('',(-31.15,-14.65629602229,6.011752374032));
#47 = DIRECTION('',(0.,-0.258819045103,-0.965925826289));
#48 = DIRECTION('',(-1.,1.286871710911E-15,-3.448162357012E-16));
#49 = DEFINITIONAL_REPRESENTATION('',(#50),#54);
#50 = LINE('',#51,#52);
#51 = CARTESIAN_POINT('',(-0.,-100.));
#52 = VECTOR('',#53,1.);
#53 = DIRECTION('',(0.,1.));
#54 = ( GEOMETRIC_REPRESENTATION_CONTEXT(2) 
PARAMETRIC_REPRESENTATION_CONTEXT() REPRESENTATION_CONTEXT('2D SPACE',''
  ) );
#55 = ORIENTED_EDGE('',*,*,#56,.F.);
#56 = EDGE_CURVE('',#57,#24,#59,.T.);
#57 = VERTEX_POINT('',#58);
#58 = CARTESIAN_POINT('',(-34.15,15.,0.));
#59 = SURFACE_CURVE('',#60,(#64,#71),.PCURVE_S1.);
#60 = LINE('',#61,#62);
#61 = CARTESIAN_POINT('',(-34.15,15.,0.));
#62 = VECTOR('',#63,1.);
#63 = DIRECTION('',(0.,-1.,-1.225300278295E-17));
#64 = PCURVE('',#32,#65);
#65 = DEFINITIONAL_REPRESENTATION('',(#66),#70);
#66 = LINE('',#67,#68);
#67 = CARTESIAN_POINT('',(0.,0.));
#68 = VECTOR('',#69,1.);
#69 = DIRECTION('',(1.,2.45060055659E-17));
#70 = ( GEOMETRIC_REPRESENTATION_CONTEXT(2) 
PARAMETRIC_REPRESENTATION_CONTEXT() REPRESENTATION_CONTEXT('2D SPACE',''
  ) );
#71 = PCURVE('',#72,#77);
#72 = PLANE('',#73);
#73 = AXIS2_PLACEMENT_3D('',#74,#75,#76);
#74 = CARTESIAN_POINT('',(0.,-0.4420258664,0.));
#75 = DIRECTION('',(0.,1.225300278295E-17,1.));
#76 = DIRECTION('',(1.,0.,0.));
#77 = DEFINITIONAL_REPRESENTATION('',(#78),#82);
#78 = LINE('',#79,#80);
#79 = CARTESIAN_POINT('',(-34.15,15.4420258664));
#80 = VECTOR('',#81,1.);
#81 = DIRECTION('',(0.,-1.));
#82 = ( GEOMETRIC_REPRESENTATION_CONTEXT(2) 
PARAMETRIC_REPRESENTATION_CONTEXT() REPRESENTATION_CONTEXT('2D SPACE',''
  ) );
#83 = ORIENTED_EDGE('',*,*,#84,.T.);
#84 = EDGE_CURVE('',#57,#85,#87,.T.);
#85 = VERTEX_POINT('',#86);
#86 = CARTESIAN_POINT('',(-34.15,15.,12.2));
#87 = SURFACE_CURVE('',#88,(#92,#99),.PCURVE_S1.);
#88 = LINE('',#89,#90);
#89 = CARTESIAN_POINT('',(-34.15,15.,0.));
#90 = VECTOR('',#91,1.);
#91 = DIRECTION('',(0.,1.225300278295E-17,1.));
#92 = PCURVE('',#32,#93);
#93 = DEFINITIONAL_REPRESENTATION('',(#94),#98);
#94 = LINE('',#95,#96);
#95 = CARTESIAN_POINT('',(0.,0.));
#96 = VECTOR('',#97,1.);
#97 = DIRECTION('',(-2.45060055659E-17,-1.));
#98 = ( GEOMETRIC_REPRESENTATION_CONTEXT(2) 
PARAMETRIC_REPRESENTATION_CONTEXT() REPRESENTATION_CONTEXT('2D SPACE',''
  ) );
#99 = PCURVE('',#100,#105);
#100 = CYLINDRICAL_SURFACE('',#101,5.);
#101 = AXIS2_PLACEMENT_3D('',#102,#103,#104);
#102 = CARTESIAN_POINT('',(-29.15,15.,0.));
#103 = DIRECTION('',(0.,-1.225300278295E-17,-1.));
#104 = DIRECTION('',(0.,1.,1.225300278295E-17));
#105 = DEFINITIONAL_REPRESENTATION('',(#106),#110);
#106 = LINE('',#107,#108);
#107 = CARTESIAN_POINT('',(-1.570796326795,0.));
#108 = VECTOR('',#109,1.);
#109 = DIRECTION('',(-0.,-1.));
#110 = ( GEOMETRIC_REPRESENTATION_CONTEXT(2) 
PARAMETRIC_REPRESENTATION_CONTEXT() REPRESENTATION_CONTEXT('2D SPACE',''
  ) );
#111 = ORIENTED_EDGE('',*,*,#112,.F.);
#112 = EDGE_CURVE('',#113,#85,#115,.T.);
#113 = VERTEX_POINT('',#114);
#114 = CARTESIAN_POINT('',(-34.15,-1.654581775,12.2));
#115 = SURFACE_CURVE('',#116,(#120,#127),.PCURVE_S1.);
#116 = LINE('',#117,#118);
#117 = CARTESIAN_POINT('',(-34.15,-1.654581775,12.2));
#118 = VECTOR('',#119,1.);
#119 = DIRECTION('',(0.,1.,6.587265740426E-17));
#120 = PCURVE('',#32,#121);
#121 = DEFINITIONAL_REPRESENTATION('',(#122),#126);
#122 = LINE('',#123,#124);
#123 = CARTESIAN_POINT('',(16.654581775,-12.2));
#124 = VECTOR('',#125,1.);
#125 = DIRECTION('',(-1.,-7.812566018721E-17));
#126 = ( GEOMETRIC_REPRESENTATION_CONTEXT(2) 
PARAMETRIC_REPRESENTATION_CONTEXT() REPRESENTATION_CONTEXT('2D SPACE',''
  ) );
#127 = PCURVE('',#128,#133);
#128 = CYLINDRICAL_SURFACE('',#129,0.8);
#129 = AXIS2_PLACEMENT_3D('',#130,#131,#132);
#130 = CARTESIAN_POINT('',(-33.35,-1.654581775,12.2));
#131 = DIRECTION('',(0.,1.,6.587265740426E-17));
#132 = DIRECTION('',(-1.,0.,0.));
#133 = DEFINITIONAL_REPRESENTATION('',(#134),#138);
#134 = LINE('',#135,#136);
#135 = CARTESIAN_POINT('',(0.,0.));
#136 = VECTOR('',#137,1.);
#137 = DIRECTION('',(0.,1.));
#138 = ( GEOMETRIC_REPRESENTATION_CONTEXT(2) 
PARAMETRIC_REPRESENTATION_CONTEXT() REPRESENTATION_CONTEXT('2D SPACE',''
  ) );
#139 = ORIENTED_EDGE('',*,*,#140,.F.);
#140 = EDGE_CURVE('',#141,#113,#143,.T.);
#141 = VERTEX_POINT('',#142);
#142 = CARTESIAN_POINT('',(-34.15,-6.294824514213,12.883231078362));
#143 = SURFACE_CURVE('',#144,(#163,#185),.PCURVE_S1.);
#144 = ( BOUNDED_CURVE() B_SPLINE_CURVE(9,(#145,#146,#147,#148,#149,#150
    ,#151,#152,#153,#154,#155,#156,#157,#158,#159,#160,#161,#162),
.UNSPECIFIED.,.F.,.F.) B_SPLINE_CURVE_WITH_KNOTS((10,8,10),(
20.19914336268,22.795644937655,24.739589918572),.UNSPECIFIED.) CURVE() 
GEOMETRIC_REPRESENTATION_ITEM() RATIONAL_B_SPLINE_CURVE((1.,1.,1.,1.,1.,
1.,1.,1.,1.,1.,1.,1.,1.,1.,1.,1.,1.,1.)) REPRESENTATION_ITEM('') );
#145 = CARTESIAN_POINT('',(-34.15,-6.294824514213,12.883231078362));
#146 = CARTESIAN_POINT('',(-34.15,-6.061245487347,12.817840017908));
#147 = CARTESIAN_POINT('',(-34.15,-5.787773477679,12.750438263956));
#148 = CARTESIAN_POINT('',(-34.15,-5.492037828655,12.675760718473));
#149 = CARTESIAN_POINT('',(-34.15,-5.195738377531,12.608810658442));
#150 = CARTESIAN_POINT('',(-34.15,-4.896045499755,12.544349435742));
#151 = CARTESIAN_POINT('',(-34.15,-4.600024042393,12.486693978129));
#152 = CARTESIAN_POINT('',(-34.15,-4.302911229023,12.433761955727));
#153 = CARTESIAN_POINT('',(-34.15,-4.004365933186,12.386525450403));
#154 = CARTESIAN_POINT('',(-34.15,-3.479392741128,12.314262943422));
#155 = CARTESIAN_POINT('',(-34.15,-3.253720623343,12.286647714375));
#156 = CARTESIAN_POINT('',(-34.15,-3.027193223334,12.262537377133));
#157 = CARTESIAN_POINT('',(-34.15,-2.799876933363,12.242100499239));
#158 = CARTESIAN_POINT('',(-34.15,-2.571849515864,12.225492535892));
#159 = CARTESIAN_POINT('',(-34.15,-2.343200103432,12.21285582995));
#160 = CARTESIAN_POINT('',(-34.15,-2.114029198831,12.204319611928));
#161 = CARTESIAN_POINT('',(-34.15,-1.884448674988,12.2));
#162 = CARTESIAN_POINT('',(-34.15,-1.654581775,12.2));
#163 = PCURVE('',#32,#164);
#164 = DEFINITIONAL_REPRESENTATION('',(#165),#184);
#165 = ( BOUNDED_CURVE() B_SPLINE_CURVE(9,(#166,#167,#168,#169,#170,#171
    ,#172,#173,#174,#175,#176,#177,#178,#179,#180,#181,#182,#183),
.UNSPECIFIED.,.F.,.F.) B_SPLINE_CURVE_WITH_KNOTS((10,8,10),(
20.19914336268,22.795644937655,24.739589918572),.UNSPECIFIED.) CURVE() 
GEOMETRIC_REPRESENTATION_ITEM() RATIONAL_B_SPLINE_CURVE((1.,1.,1.,1.,1.,
1.,1.,1.,1.,1.,1.,1.,1.,1.,1.,1.,1.,1.)) REPRESENTATION_ITEM('') );
#166 = CARTESIAN_POINT('',(21.294824514213,-12.88323107836));
#167 = CARTESIAN_POINT('',(21.061245487347,-12.8178400179));
#168 = CARTESIAN_POINT('',(20.787773477679,-12.75043826395));
#169 = CARTESIAN_POINT('',(20.492037828655,-12.67576071847));
#170 = CARTESIAN_POINT('',(20.195738377531,-12.60881065844));
#171 = CARTESIAN_POINT('',(19.896045499755,-12.54434943574));
#172 = CARTESIAN_POINT('',(19.600024042393,-12.48669397812));
#173 = CARTESIAN_POINT('',(19.302911229023,-12.43376195572));
#174 = CARTESIAN_POINT('',(19.004365933186,-12.3865254504));
#175 = CARTESIAN_POINT('',(18.479392741128,-12.31426294342));
#176 = CARTESIAN_POINT('',(18.253720623343,-12.28664771437));
#177 = CARTESIAN_POINT('',(18.027193223334,-12.26253737713));
#178 = CARTESIAN_POINT('',(17.799876933363,-12.24210049923));
#179 = CARTESIAN_POINT('',(17.571849515864,-12.22549253589));
#180 = CARTESIAN_POINT('',(17.343200103432,-12.21285582995));
#181 = CARTESIAN_POINT('',(17.114029198831,-12.20431961192));
#182 = CARTESIAN_POINT('',(16.884448674988,-12.2));
#183 = CARTESIAN_POINT('',(16.654581775,-12.2));
#184 = ( GEOMETRIC_REPRESENTATION_CONTEXT(2) 
PARAMETRIC_REPRESENTATION_CONTEXT() REPRESENTATION_CONTEXT('2D SPACE',''
  ) );
#185 = PCURVE('',#186,#241);
#186 = ( BOUNDED_SURFACE() B_SPLINE_SURFACE(2,9,(
    (#187,#188,#189,#190,#191,#192,#193,#194,#195,#196,#197,#198,#199
      ,#200,#201,#202,#203,#204)
    ,(#205,#206,#207,#208,#209,#210,#211,#212,#213,#214,#215,#216,#217
      ,#218,#219,#220,#221,#222)
    ,(#223,#224,#225,#226,#227,#228,#229,#230,#231,#232,#233,#234,#235
      ,#236,#237,#238,#239,#240
)),.UNSPECIFIED.,.F.,.F.,.F.) B_SPLINE_SURFACE_WITH_KNOTS((3,3),(10,8,10
    ),(0.,4.540446555893),(20.19914336268,22.795644937655,
24.739589918572),.UNSPECIFIED.) GEOMETRIC_REPRESENTATION_ITEM() 
RATIONAL_B_SPLINE_SURFACE((
    (1.,1.,1.,1.,1.,1.,1.,1.,1.,1.,1.,1.,1.,1.,1.,1.,1.,1.)
    ,(0.707106781187,0.707106781187,0.707106781186,0.707106781187
      ,0.707106781186,0.707106781187,0.707106781186,0.707106781187
      ,0.707106781187,0.707106781187,0.707106781187,0.707106781187
      ,0.707106781186,0.707106781187,0.707106781186,0.707106781187
      ,0.707106781187,0.707106781187)
    ,(1.,1.,1.,1.,1.,1.,1.,1.,1.,1.,1.,1.,1.,1.,1.,1.,1.,1.
))) REPRESENTATION_ITEM('') SURFACE() );
#187 = CARTESIAN_POINT('',(-34.15,-6.294824514213,12.883231078362));
#188 = CARTESIAN_POINT('',(-34.15,-6.061245487347,12.817840017908));
#189 = CARTESIAN_POINT('',(-34.15,-5.787773477679,12.750438263956));
#190 = CARTESIAN_POINT('',(-34.15,-5.492037828655,12.675760718473));
#191 = CARTESIAN_POINT('',(-34.15,-5.195738377531,12.608810658442));
#192 = CARTESIAN_POINT('',(-34.15,-4.896045499755,12.544349435742));
#193 = CARTESIAN_POINT('',(-34.15,-4.600024042393,12.486693978129));
#194 = CARTESIAN_POINT('',(-34.15,-4.302911229023,12.433761955727));
#195 = CARTESIAN_POINT('',(-34.15,-4.004365933186,12.386525450403));
#196 = CARTESIAN_POINT('',(-34.15,-3.479392741128,12.314262943422));
#197 = CARTESIAN_POINT('',(-34.15,-3.253720623343,12.286647714375));
#198 = CARTESIAN_POINT('',(-34.15,-3.027193223334,12.262537377133));
#199 = CARTESIAN_POINT('',(-34.15,-2.799876933363,12.242100499239));
#200 = CARTESIAN_POINT('',(-34.15,-2.571849515864,12.225492535892));
#201 = CARTESIAN_POINT('',(-34.15,-2.343200103432,12.21285582995));
#202 = CARTESIAN_POINT('',(-34.15,-2.114029198831,12.204319611928));
#203 = CARTESIAN_POINT('',(-34.15,-1.884448674988,12.2));
#204 = CARTESIAN_POINT('',(-34.15,-1.654581775,12.2));
#205 = CARTESIAN_POINT('',(-34.15,-6.134596775004,13.667021274516));
#206 = CARTESIAN_POINT('',(-34.15,-5.856879772283,13.592607227913));
#207 = CARTESIAN_POINT('',(-34.15,-5.579407922874,13.521487735013));
#208 = CARTESIAN_POINT('',(-34.15,-5.295492556971,13.452265724103));
#209 = CARTESIAN_POINT('',(-34.15,-5.015732347097,13.38843991886));
#210 = CARTESIAN_POINT('',(-34.15,-4.732243180936,13.327900608032));
#211 = CARTESIAN_POINT('',(-34.15,-4.449407634468,13.272549394745));
#212 = CARTESIAN_POINT('',(-34.15,-4.164936146377,13.221986112484));
#213 = CARTESIAN_POINT('',(-34.15,-3.879767062106,13.17689311754));
#214 = CARTESIAN_POINT('',(-34.15,-3.379647706782,13.108093123468));
#215 = CARTESIAN_POINT('',(-34.15,-3.165075501758,13.081861662074));
#216 = CARTESIAN_POINT('',(-34.15,-2.950090366146,13.059008891656));
#217 = CARTESIAN_POINT('',(-34.15,-2.734738013095,13.03967723873));
#218 = CARTESIAN_POINT('',(-34.15,-2.519071496163,13.023997406034));
#219 = CARTESIAN_POINT('',(-34.15,-2.303151209311,13.012088372525));
#220 = CARTESIAN_POINT('',(-34.15,-2.087044886914,13.004057393381));
#221 = CARTESIAN_POINT('',(-34.15,-1.870827603748,13.));
#222 = CARTESIAN_POINT('',(-34.15,-1.654581775,13.));
#223 = CARTESIAN_POINT('',(-33.35,-6.134596775004,13.667021274516));
#224 = CARTESIAN_POINT('',(-33.35,-5.856879772283,13.592607227913));
#225 = CARTESIAN_POINT('',(-33.35,-5.579407922874,13.521487735013));
#226 = CARTESIAN_POINT('',(-33.35,-5.295492556971,13.452265724103));
#227 = CARTESIAN_POINT('',(-33.35,-5.015732347097,13.388439918859));
#228 = CARTESIAN_POINT('',(-33.35,-4.732243180936,13.327900608032));
#229 = CARTESIAN_POINT('',(-33.35,-4.449407634468,13.272549394745));
#230 = CARTESIAN_POINT('',(-33.35,-4.164936146377,13.221986112484));
#231 = CARTESIAN_POINT('',(-33.35,-3.879767062106,13.17689311754));
#232 = CARTESIAN_POINT('',(-33.35,-3.379647706782,13.108093123468));
#233 = CARTESIAN_POINT('',(-33.35,-3.165075501758,13.081861662074));
#234 = CARTESIAN_POINT('',(-33.35,-2.950090366146,13.059008891656));
#235 = CARTESIAN_POINT('',(-33.35,-2.734738013095,13.03967723873));
#236 = CARTESIAN_POINT('',(-33.35,-2.519071496162,13.023997406034));
#237 = CARTESIAN_POINT('',(-33.35,-2.303151209312,13.012088372525));
#238 = CARTESIAN_POINT('',(-33.35,-2.087044886914,13.004057393381));
#239 = CARTESIAN_POINT('',(-33.35,-1.870827603748,13.));
#240 = CARTESIAN_POINT('',(-33.35,-1.654581775,13.));
#241 = DEFINITIONAL_REPRESENTATION('',(#242),#246);
#242 = LINE('',#243,#244);
#243 = CARTESIAN_POINT('',(0.,0.));
#244 = VECTOR('',#245,1.);
#245 = DIRECTION('',(0.,1.));
#246 = ( GEOMETRIC_REPRESENTATION_CONTEXT(2) 
PARAMETRIC_REPRESENTATION_CONTEXT() REPRESENTATION_CONTEXT('2D SPACE',''
  ) );
#247 = ORIENTED_EDGE('',*,*,#248,.F.);
#248 = EDGE_CURVE('',#249,#141,#251,.T.);
#249 = VERTEX_POINT('',#250);
#250 = CARTESIAN_POINT('',(-34.15,-8.087385414725,12.776353619111));
#251 = SURFACE_CURVE('',#252,(#263,#277),.PCURVE_S1.);
#252 = ( BOUNDED_CURVE() B_SPLINE_CURVE(9,(#253,#254,#255,#256,#257,#258
    ,#259,#260,#261,#262),.UNSPECIFIED.,.F.,.F.) 
B_SPLINE_CURVE_WITH_KNOTS((10,10),(18.077977912742,20.19914336268),
.PIECEWISE_BEZIER_KNOTS.) CURVE() GEOMETRIC_REPRESENTATION_ITEM() 
RATIONAL_B_SPLINE_CURVE((1.,1.,1.,1.,1.,1.,1.,1.,1.,1.)) 
REPRESENTATION_ITEM('') );
#253 = CARTESIAN_POINT('',(-34.15,-8.087385414725,12.776353619111));
#254 = CARTESIAN_POINT('',(-34.15,-7.854286599601,12.819510487419));
#255 = CARTESIAN_POINT('',(-34.15,-7.627723200282,12.862095795823));
#256 = CARTESIAN_POINT('',(-34.15,-7.407264368828,12.900542689441));
#257 = CARTESIAN_POINT('',(-34.15,-7.199442505578,12.931786302537));
#258 = CARTESIAN_POINT('',(-34.15,-6.999969426588,12.951744719068));
#259 = CARTESIAN_POINT('',(-34.15,-6.826296901523,12.957426157108));
#260 = CARTESIAN_POINT('',(-34.15,-6.657303666465,12.957204856292));
#261 = CARTESIAN_POINT('',(-34.15,-6.485642716055,12.936651133834));
#262 = CARTESIAN_POINT('',(-34.15,-6.294824514213,12.883231078362));
#263 = PCURVE('',#32,#264);
#264 = DEFINITIONAL_REPRESENTATION('',(#265),#276);
#265 = ( BOUNDED_CURVE() B_SPLINE_CURVE(9,(#266,#267,#268,#269,#270,#271
    ,#272,#273,#274,#275),.UNSPECIFIED.,.F.,.F.) 
B_SPLINE_CURVE_WITH_KNOTS((10,10),(18.077977912742,20.19914336268),
.PIECEWISE_BEZIER_KNOTS.) CURVE() GEOMETRIC_REPRESENTATION_ITEM() 
RATIONAL_B_SPLINE_CURVE((1.,1.,1.,1.,1.,1.,1.,1.,1.,1.)) 
REPRESENTATION_ITEM('') );
#266 = CARTESIAN_POINT('',(23.087385414725,-12.77635361911));
#267 = CARTESIAN_POINT('',(22.854286599601,-12.81951048741));
#268 = CARTESIAN_POINT('',(22.627723200282,-12.86209579582));
#269 = CARTESIAN_POINT('',(22.407264368828,-12.90054268944));
#270 = CARTESIAN_POINT('',(22.199442505578,-12.93178630253));
#271 = CARTESIAN_POINT('',(21.999969426588,-12.95174471906));
#272 = CARTESIAN_POINT('',(21.826296901523,-12.9574261571));
#273 = CARTESIAN_POINT('',(21.657303666465,-12.95720485629));
#274 = CARTESIAN_POINT('',(21.485642716055,-12.93665113383));
#275 = CARTESIAN_POINT('',(21.294824514213,-12.88323107836));
#276 = ( GEOMETRIC_REPRESENTATION_CONTEXT(2) 
PARAMETRIC_REPRESENTATION_CONTEXT() REPRESENTATION_CONTEXT('2D SPACE',''
  ) );
#277 = PCURVE('',#278,#309);
#278 = ( BOUNDED_SURFACE() B_SPLINE_SURFACE(2,9,(
    (#279,#280,#281,#282,#283,#284,#285,#286,#287,#288)
    ,(#289,#290,#291,#292,#293,#294,#295,#296,#297,#298)
    ,(#299,#300,#301,#302,#303,#304,#305,#306,#307,#308
)),.UNSPECIFIED.,.F.,.F.,.F.) B_SPLINE_SURFACE_WITH_KNOTS((3,3),(10,10),
  (0.,2.121165449938),(18.077977912742,20.19914336268),
.PIECEWISE_BEZIER_KNOTS.) GEOMETRIC_REPRESENTATION_ITEM() 
RATIONAL_B_SPLINE_SURFACE((
    (1.,1.,1.,1.,1.,1.,1.,1.,1.,1.)
    ,(0.707106781187,0.707106781187,0.707106781187,0.707106781187
      ,0.707106781187,0.707106781187,0.707106781187,0.707106781187
      ,0.707106781187,0.707106781187)
,(1.,1.,1.,1.,1.,1.,1.,1.,1.,1.))) REPRESENTATION_ITEM('') SURFACE() );
#279 = CARTESIAN_POINT('',(-34.15,-8.087385414725,12.776353619111));
#280 = CARTESIAN_POINT('',(-34.15,-7.854286599601,12.819510487419));
#281 = CARTESIAN_POINT('',(-34.15,-7.627723200282,12.862095795823));
#282 = CARTESIAN_POINT('',(-34.15,-7.407264368828,12.900542689441));
#283 = CARTESIAN_POINT('',(-34.15,-7.199442505578,12.931786302537));
#284 = CARTESIAN_POINT('',(-34.15,-6.999969426588,12.951744719068));
#285 = CARTESIAN_POINT('',(-34.15,-6.826296901523,12.957426157108));
#286 = CARTESIAN_POINT('',(-34.15,-6.657303666465,12.957204856292));
#287 = CARTESIAN_POINT('',(-34.15,-6.485642716055,12.936651133834));
#288 = CARTESIAN_POINT('',(-34.15,-6.294824514213,12.883231078362));
#289 = CARTESIAN_POINT('',(-34.15,-8.23302556882,13.562985010243));
#290 = CARTESIAN_POINT('',(-34.15,-8.006498298656,13.604925195831));
#291 = CARTESIAN_POINT('',(-34.15,-7.774969105678,13.648356282315));
#292 = CARTESIAN_POINT('',(-34.15,-7.539691232436,13.68983808525));
#293 = CARTESIAN_POINT('',(-34.15,-7.303350825277,13.726372644199));
#294 = CARTESIAN_POINT('',(-34.15,-7.064990685891,13.752007511999));
#295 = CARTESIAN_POINT('',(-34.15,-6.832006993575,13.764748531501));
#296 = CARTESIAN_POINT('',(-34.15,-6.595058261137,13.759058767186));
#297 = CARTESIAN_POINT('',(-34.15,-6.361472705568,13.727812496893));
#298 = CARTESIAN_POINT('',(-34.15,-6.134596775004,13.667021274516));
#299 = CARTESIAN_POINT('',(-33.35,-8.23302556882,13.562985010243));
#300 = CARTESIAN_POINT('',(-33.35,-8.006498298656,13.604925195831));
#301 = CARTESIAN_POINT('',(-33.35,-7.774969105678,13.648356282315));
#302 = CARTESIAN_POINT('',(-33.35,-7.539691232436,13.68983808525));
#303 = CARTESIAN_POINT('',(-33.35,-7.303350825277,13.726372644199));
#304 = CARTESIAN_POINT('',(-33.35,-7.064990685891,13.752007511999));
#305 = CARTESIAN_POINT('',(-33.35,-6.832006993575,13.764748531501));
#306 = CARTESIAN_POINT('',(-33.35,-6.595058261137,13.759058767186));
#307 = CARTESIAN_POINT('',(-33.35,-6.361472705568,13.727812496893));
#308 = CARTESIAN_POINT('',(-33.35,-6.134596775004,13.667021274516));
#309 = DEFINITIONAL_REPRESENTATION('',(#310),#314);
#310 = LINE('',#311,#312);
#311 = CARTESIAN_POINT('',(0.,0.));
#312 = VECTOR('',#313,1.);
#313 = DIRECTION('',(0.,1.));
#314 = ( GEOMETRIC_REPRESENTATION_CONTEXT(2) 
PARAMETRIC_REPRESENTATION_CONTEXT() REPRESENTATION_CONTEXT('2D SPACE',''
  ) );
#315 = ORIENTED_EDGE('',*,*,#316,.F.);
#316 = EDGE_CURVE('',#22,#249,#317,.T.);
#317 = SURFACE_CURVE('',#318,(#322,#329),.PCURVE_S1.);
#318 = LINE('',#319,#320);
#319 = CARTESIAN_POINT('',(-34.15,-12.71697969516,11.919211592996));
#320 = VECTOR('',#321,1.);
#321 = DIRECTION('',(0.,0.983289238916,0.182050192619));
#322 = PCURVE('',#32,#323);
#323 = DEFINITIONAL_REPRESENTATION('',(#324),#328);
#324 = LINE('',#325,#326);
#325 = CARTESIAN_POINT('',(27.716979695164,-11.91921159299));
#326 = VECTOR('',#327,1.);
#327 = DIRECTION('',(-0.983289238916,-0.182050192619));
#328 = ( GEOMETRIC_REPRESENTATION_CONTEXT(2) 
PARAMETRIC_REPRESENTATION_CONTEXT() REPRESENTATION_CONTEXT('2D SPACE',''
  ) );
#329 = PCURVE('',#330,#335);
#330 = CYLINDRICAL_SURFACE('',#331,0.8);
#331 = AXIS2_PLACEMENT_3D('',#332,#333,#334);
#332 = CARTESIAN_POINT('',(-33.35,-12.71697969516,11.919211592996));
#333 = DIRECTION('',(0.,0.983289238916,0.182050192619));
#334 = DIRECTION('',(-1.,0.,0.));
#335 = DEFINITIONAL_REPRESENTATION('',(#336),#340);
#336 = LINE('',#337,#338);
#337 = CARTESIAN_POINT('',(0.,0.));
#338 = VECTOR('',#339,1.);
#339 = DIRECTION('',(0.,1.));
#340 = ( GEOMETRIC_REPRESENTATION_CONTEXT(2) 
PARAMETRIC_REPRESENTATION_CONTEXT() REPRESENTATION_CONTEXT('2D SPACE',''
  ) );
#341 = ADVANCED_FACE('',(#342),#44,.T.);
#342 = FACE_BOUND('',#343,.F.);
#343 = EDGE_LOOP('',(#344,#345,#408,#436));
#344 = ORIENTED_EDGE('',*,*,#21,.F.);
#345 = ORIENTED_EDGE('',*,*,#346,.F.);
#346 = EDGE_CURVE('',#347,#22,#349,.T.);
#347 = VERTEX_POINT('',#348);
#348 = CARTESIAN_POINT('',(-31.15,-16.26123816129,11.613136683545));
#349 = SURFACE_CURVE('',#350,(#360,#373),.PCURVE_S1.);
#350 = ( BOUNDED_CURVE() B_SPLINE_CURVE(8,(#351,#352,#353,#354,#355,#356
,#357,#358,#359),.UNSPECIFIED.,.F.,.F.) B_SPLINE_CURVE_WITH_KNOTS((9,9),
(8.4,12.987623040369),.PIECEWISE_BEZIER_KNOTS.) CURVE() 
GEOMETRIC_REPRESENTATION_ITEM() RATIONAL_B_SPLINE_CURVE((1.,1.,1.,1.,1.,
1.,1.,1.,1.)) REPRESENTATION_ITEM('') );
#351 = CARTESIAN_POINT('',(-31.15,-16.26123816129,11.613136683545));
#352 = CARTESIAN_POINT('',(-31.73971742377,-16.26123816129,
    11.613136683545));
#353 = CARTESIAN_POINT('',(-32.34577416407,-16.12128980693,
    11.623723706127));
#354 = CARTESIAN_POINT('',(-32.92802319948,-15.82751603449,
    11.645894469779));
#355 = CARTESIAN_POINT('',(-33.42573787807,-15.38482819172,
    11.681772079865));
#356 = CARTESIAN_POINT('',(-33.78849231515,-14.84940463883,
    11.719139482205));
#357 = CARTESIAN_POINT('',(-34.02593414911,-14.28346928214,
    11.760831720839));
#358 = CARTESIAN_POINT('',(-34.15,-13.69467065861,11.804778284143));
#359 = CARTESIAN_POINT('',(-34.15,-13.09200163744,11.849778496276));
#360 = PCURVE('',#44,#361);
#361 = DEFINITIONAL_REPRESENTATION('',(#362),#372);
#362 = B_SPLINE_CURVE_WITH_KNOTS('',8,(#363,#364,#365,#366,#367,#368,
    #369,#370,#371),.UNSPECIFIED.,.F.,.F.,(9,9),(8.4,12.987623040369),
  .PIECEWISE_BEZIER_KNOTS.);
#363 = CARTESIAN_POINT('',(-1.570796326795,-4.995132175669));
#364 = CARTESIAN_POINT('',(-1.374223852202,-4.995132175669));
#365 = CARTESIAN_POINT('',(-1.17222554024,-5.041579445115));
#366 = CARTESIAN_POINT('',(-0.966451914252,-5.139028959664));
#367 = CARTESIAN_POINT('',(-0.763442013649,-5.288262668469));
#368 = CARTESIAN_POINT('',(-0.565098677364,-5.462929775553));
#369 = CARTESIAN_POINT('',(-0.375940005008,-5.649679995284));
#370 = CARTESIAN_POINT('',(-0.190162220106,-5.844520297312));
#371 = CARTESIAN_POINT('',(2.320167367396E-16,-6.043969384971));
#372 = ( GEOMETRIC_REPRESENTATION_CONTEXT(2) 
PARAMETRIC_REPRESENTATION_CONTEXT() REPRESENTATION_CONTEXT('2D SPACE',''
  ) );
#373 = PCURVE('',#374,#402);
#374 = ( BOUNDED_SURFACE() B_SPLINE_SURFACE(2,8,(
    (#375,#376,#377,#378,#379,#380,#381,#382,#383)
    ,(#384,#385,#386,#387,#388,#389,#390,#391,#392)
    ,(#393,#394,#395,#396,#397,#398,#399,#400,#401
)),.UNSPECIFIED.,.F.,.F.,.F.) B_SPLINE_SURFACE_WITH_KNOTS((3,3),(9,9),(
    0.,4.587623040369),(8.4,12.987623040369),.PIECEWISE_BEZIER_KNOTS.) 
GEOMETRIC_REPRESENTATION_ITEM() RATIONAL_B_SPLINE_SURFACE((
    (1.,1.,1.,1.,1.,1.,1.,1.,1.)
    ,(0.845677528555,0.845677528555,0.840116845949,0.828372356224
      ,0.811508991911,0.788062551493,0.762950061424,0.736039728794
      ,0.707106781187)
,(1.,1.,1.,1.,1.,1.,1.,1.,1.))) REPRESENTATION_ITEM('') SURFACE() );
#375 = CARTESIAN_POINT('',(-31.15,-16.26123816129,11.613136683545));
#376 = CARTESIAN_POINT('',(-31.73971742377,-16.26123816129,
    11.613136683545));
#377 = CARTESIAN_POINT('',(-32.34577416407,-16.12128980693,
    11.623723706127));
#378 = CARTESIAN_POINT('',(-32.92802319948,-15.82751603449,
    11.645894469779));
#379 = CARTESIAN_POINT('',(-33.42573787807,-15.38482819172,
    11.681772079865));
#380 = CARTESIAN_POINT('',(-33.78849231515,-14.84940463883,
    11.719139482205));
#381 = CARTESIAN_POINT('',(-34.02593414911,-14.28346928214,
    11.760831720839));
#382 = CARTESIAN_POINT('',(-34.15,-13.69467065861,11.804778284143));
#383 = CARTESIAN_POINT('',(-34.15,-13.09200163744,11.849778496276));
#384 = CARTESIAN_POINT('',(-31.15,-16.13056875309,12.100801553929));
#385 = CARTESIAN_POINT('',(-31.69591791957,-16.13056875309,
    12.100801553929));
#386 = CARTESIAN_POINT('',(-32.26865583462,-16.00659969321,
    12.123753692871));
#387 = CARTESIAN_POINT('',(-32.83080800226,-15.73967689351,
    12.173172872067));
#388 = CARTESIAN_POINT('',(-33.31345030503,-15.32191048691,
    12.250519853791));
#389 = CARTESIAN_POINT('',(-33.66387228054,-14.84321340959,
    12.339147789176));
#390 = CARTESIAN_POINT('',(-33.92095147724,-14.34177311567,
    12.431986496733));
#391 = CARTESIAN_POINT('',(-34.08710579084,-13.80505597402,
    12.531356504206));
#392 = CARTESIAN_POINT('',(-34.15,-13.23764179154,12.636409887408));
#393 = CARTESIAN_POINT('',(-31.15,-15.63413765435,12.192712838596));
#394 = CARTESIAN_POINT('',(-31.59413931189,-15.63413765435,
    12.192712838596));
#395 = CARTESIAN_POINT('',(-32.06503633156,-15.52285548535,
    12.213316074653));
#396 = CARTESIAN_POINT('',(-32.52074225667,-15.27766207957,
    12.258712184959));
#397 = CARTESIAN_POINT('',(-32.89308764842,-14.90634990724,
    12.327458439691));
#398 = CARTESIAN_POINT('',(-33.1342699831,-14.47855205573,
    12.406662684167));
#399 = CARTESIAN_POINT('',(-33.27553408458,-14.06562732207,
    12.483113258753));
#400 = CARTESIAN_POINT('',(-33.35032253178,-13.65656549901,
    12.558848638267));
#401 = CARTESIAN_POINT('',(-33.35000137428,-13.23618371682,
    12.636679841327));
#402 = DEFINITIONAL_REPRESENTATION('',(#403),#407);
#403 = LINE('',#404,#405);
#404 = CARTESIAN_POINT('',(0.,0.));
#405 = VECTOR('',#406,1.);
#406 = DIRECTION('',(0.,1.));
#407 = ( GEOMETRIC_REPRESENTATION_CONTEXT(2) 
PARAMETRIC_REPRESENTATION_CONTEXT() REPRESENTATION_CONTEXT('2D SPACE',''
  ) );
#408 = ORIENTED_EDGE('',*,*,#409,.T.);
#409 = EDGE_CURVE('',#347,#410,#412,.T.);
#410 = VERTEX_POINT('',#411);
#411 = CARTESIAN_POINT('',(-31.15,-19.37296875724,6.217248937901E-15));
#412 = SURFACE_CURVE('',#413,(#417,#424),.PCURVE_S1.);
#413 = LINE('',#414,#415);
#414 = CARTESIAN_POINT('',(-31.15,8.32783100909,103.38079213824));
#415 = VECTOR('',#416,1.);
#416 = DIRECTION('',(0.,-0.258819045103,-0.965925826289));
#417 = PCURVE('',#44,#418);
#418 = DEFINITIONAL_REPRESENTATION('',(#419),#423);
#419 = LINE('',#420,#421);
#420 = CARTESIAN_POINT('',(-1.570796326795,-100.));
#421 = VECTOR('',#422,1.);
#422 = DIRECTION('',(0.,1.));
#423 = ( GEOMETRIC_REPRESENTATION_CONTEXT(2) 
PARAMETRIC_REPRESENTATION_CONTEXT() REPRESENTATION_CONTEXT('2D SPACE',''
  ) );
#424 = PCURVE('',#425,#430);
#425 = PLANE('',#426);
#426 = AXIS2_PLACEMENT_3D('',#427,#428,#429);
#427 = CARTESIAN_POINT('',(-31.15,-17.55407350116,6.788209509339));
#428 = DIRECTION('',(0.,0.965925826289,-0.258819045103));
#429 = DIRECTION('',(1.,0.,0.));
#430 = DEFINITIONAL_REPRESENTATION('',(#431),#435);
#431 = LINE('',#432,#433);
#432 = CARTESIAN_POINT('',(0.,-100.));
#433 = VECTOR('',#434,1.);
#434 = DIRECTION('',(0.,1.));
#435 = ( GEOMETRIC_REPRESENTATION_CONTEXT(2) 
PARAMETRIC_REPRESENTATION_CONTEXT() REPRESENTATION_CONTEXT('2D SPACE',''
  ) );
#436 = ORIENTED_EDGE('',*,*,#437,.F.);
#437 = EDGE_CURVE('',#24,#410,#438,.T.);
#438 = SURFACE_CURVE('',#439,(#444,#456),.PCURVE_S1.);
#439 = ELLIPSE('',#440,3.10582854123,3.);
#440 = AXIS2_PLACEMENT_3D('',#441,#442,#443);
#441 = CARTESIAN_POINT('',(-31.15,-16.26714021601,0.));
#442 = DIRECTION('',(0.,-1.225300278295E-17,1.));
#443 = DIRECTION('',(0.,-1.,-1.225300278295E-17));
#444 = PCURVE('',#44,#445);
#445 = DEFINITIONAL_REPRESENTATION('',(#446),#455);
#446 = B_SPLINE_CURVE_WITH_KNOTS('',7,(#447,#448,#449,#450,#451,#452,
    #453,#454),.UNSPECIFIED.,.F.,.F.,(8,8),(4.712388980385,6.28318530718
    ),.PIECEWISE_BEZIER_KNOTS.);
#447 = CARTESIAN_POINT('',(8.881784197001E-16,6.223824035359));
#448 = CARTESIAN_POINT('',(-0.224399475256,6.40420700989));
#449 = CARTESIAN_POINT('',(-0.448798950513,6.584589251959));
#450 = CARTESIAN_POINT('',(-0.673198425769,6.750140685));
#451 = CARTESIAN_POINT('',(-0.897597901026,6.886003528967));
#452 = CARTESIAN_POINT('',(-1.121997376282,6.980446634507));
#453 = CARTESIAN_POINT('',(-1.346396851538,7.027671612652));
#454 = CARTESIAN_POINT('',(-1.570796326795,7.027671612652));
#455 = ( GEOMETRIC_REPRESENTATION_CONTEXT(2) 
PARAMETRIC_REPRESENTATION_CONTEXT() REPRESENTATION_CONTEXT('2D SPACE',''
  ) );
#456 = PCURVE('',#72,#457);
#457 = DEFINITIONAL_REPRESENTATION('',(#458),#462);
#458 = ELLIPSE('',#459,3.10582854123,3.);
#459 = AXIS2_PLACEMENT_2D('',#460,#461);
#460 = CARTESIAN_POINT('',(-31.15,-15.82511434961));
#461 = DIRECTION('',(0.,-1.));
#462 = ( GEOMETRIC_REPRESENTATION_CONTEXT(2) 
PARAMETRIC_REPRESENTATION_CONTEXT() REPRESENTATION_CONTEXT('2D SPACE',''
  ) );
#463 = ADVANCED_FACE('',(#464),#330,.T.);
#464 = FACE_BOUND('',#465,.T.);
#465 = EDGE_LOOP('',(#466,#490,#518,#547));
#466 = ORIENTED_EDGE('',*,*,#467,.T.);
#467 = EDGE_CURVE('',#22,#468,#470,.T.);
#468 = VERTEX_POINT('',#469);
#469 = CARTESIAN_POINT('',(-33.35000137428,-13.23618371682,
    12.636679841327));
#470 = SURFACE_CURVE('',#471,(#475,#483),.PCURVE_S1.);
#471 = ( BOUNDED_CURVE() B_SPLINE_CURVE(2,(#472,#473,#474),
.UNSPECIFIED.,.F.,.F.) B_SPLINE_CURVE_WITH_KNOTS((3,3),(0.,
4.587623040369),.PIECEWISE_BEZIER_KNOTS.) CURVE() 
GEOMETRIC_REPRESENTATION_ITEM() RATIONAL_B_SPLINE_CURVE((1.,
0.707106781187,1.)) REPRESENTATION_ITEM('') );
#472 = CARTESIAN_POINT('',(-34.15,-13.09200163744,11.849778496276));
#473 = CARTESIAN_POINT('',(-34.15,-13.23764179154,12.636409887408));
#474 = CARTESIAN_POINT('',(-33.35000137428,-13.23618371682,
    12.636679841327));
#475 = PCURVE('',#330,#476);
#476 = DEFINITIONAL_REPRESENTATION('',(#477),#482);
#477 = B_SPLINE_CURVE_WITH_KNOTS('',3,(#478,#479,#480,#481),
  .UNSPECIFIED.,.F.,.F.,(4,4),(0.,4.587623040369),
  .PIECEWISE_BEZIER_KNOTS.);
#478 = CARTESIAN_POINT('',(2.22044604925E-16,-0.381395348837));
#479 = CARTESIAN_POINT('',(0.471404520791,-0.381395348837));
#480 = CARTESIAN_POINT('',(1.099391806004,-0.381395348837));
#481 = CARTESIAN_POINT('',(1.570796326795,-0.381395348837));
#482 = ( GEOMETRIC_REPRESENTATION_CONTEXT(2) 
PARAMETRIC_REPRESENTATION_CONTEXT() REPRESENTATION_CONTEXT('2D SPACE',''
  ) );
#483 = PCURVE('',#374,#484);
#484 = DEFINITIONAL_REPRESENTATION('',(#485),#489);
#485 = LINE('',#486,#487);
#486 = CARTESIAN_POINT('',(0.,12.987623040369));
#487 = VECTOR('',#488,1.);
#488 = DIRECTION('',(1.,0.));
#489 = ( GEOMETRIC_REPRESENTATION_CONTEXT(2) 
PARAMETRIC_REPRESENTATION_CONTEXT() REPRESENTATION_CONTEXT('2D SPACE',''
  ) );
#490 = ORIENTED_EDGE('',*,*,#491,.T.);
#491 = EDGE_CURVE('',#468,#492,#494,.T.);
#492 = VERTEX_POINT('',#493);
#493 = CARTESIAN_POINT('',(-33.35,-8.23302556882,13.562985010243));
#494 = SURFACE_CURVE('',#495,(#499,#506),.PCURVE_S1.);
#495 = LINE('',#496,#497);
#496 = CARTESIAN_POINT('',(-33.35,-12.86261984925,12.705842984128));
#497 = VECTOR('',#498,1.);
#498 = DIRECTION('',(0.,0.983289238916,0.182050192619));
#499 = PCURVE('',#330,#500);
#500 = DEFINITIONAL_REPRESENTATION('',(#501),#505);
#501 = LINE('',#502,#503);
#502 = CARTESIAN_POINT('',(1.570796326795,0.));
#503 = VECTOR('',#504,1.);
#504 = DIRECTION('',(0.,1.));
#505 = ( GEOMETRIC_REPRESENTATION_CONTEXT(2) 
PARAMETRIC_REPRESENTATION_CONTEXT() REPRESENTATION_CONTEXT('2D SPACE',''
  ) );
#506 = PCURVE('',#507,#512);
#507 = PLANE('',#508);
#508 = AXIS2_PLACEMENT_3D('',#509,#510,#511);
#509 = CARTESIAN_POINT('',(0.,-8.23302556882,13.562985010243));
#510 = DIRECTION('',(0.,0.182050192619,-0.983289238916));
#511 = DIRECTION('',(0.,-0.983289238916,-0.182050192619));
#512 = DEFINITIONAL_REPRESENTATION('',(#513),#517);
#513 = LINE('',#514,#515);
#514 = CARTESIAN_POINT('',(4.708273107458,33.35));
#515 = VECTOR('',#516,1.);
#516 = DIRECTION('',(-1.,0.));
#517 = ( GEOMETRIC_REPRESENTATION_CONTEXT(2) 
PARAMETRIC_REPRESENTATION_CONTEXT() REPRESENTATION_CONTEXT('2D SPACE',''
  ) );
#518 = ORIENTED_EDGE('',*,*,#519,.F.);
#519 = EDGE_CURVE('',#249,#492,#520,.T.);
#520 = SURFACE_CURVE('',#521,(#526,#533),.PCURVE_S1.);
#521 = CIRCLE('',#522,0.8);
#522 = AXIS2_PLACEMENT_3D('',#523,#524,#525);
#523 = CARTESIAN_POINT('',(-33.35,-8.087385414725,12.776353619111));
#524 = DIRECTION('',(0.,0.983289238916,0.182050192619));
#525 = DIRECTION('',(-1.,0.,0.));
#526 = PCURVE('',#330,#527);
#527 = DEFINITIONAL_REPRESENTATION('',(#528),#532);
#528 = LINE('',#529,#530);
#529 = CARTESIAN_POINT('',(0.,4.708273107458));
#530 = VECTOR('',#531,1.);
#531 = DIRECTION('',(1.,0.));
#532 = ( GEOMETRIC_REPRESENTATION_CONTEXT(2) 
PARAMETRIC_REPRESENTATION_CONTEXT() REPRESENTATION_CONTEXT('2D SPACE',''
  ) );
#533 = PCURVE('',#278,#534);
#534 = DEFINITIONAL_REPRESENTATION('',(#535),#546);
#535 = B_SPLINE_CURVE_WITH_KNOTS('',9,(#536,#537,#538,#539,#540,#541,
    #542,#543,#544,#545),.UNSPECIFIED.,.F.,.F.,(10,10),(0.,
    1.570796326795),.PIECEWISE_BEZIER_KNOTS.);
#536 = CARTESIAN_POINT('',(-2.22044604925E-16,18.077977912742));
#537 = CARTESIAN_POINT('',(0.261780271848,18.077977912742));
#538 = CARTESIAN_POINT('',(0.502269991449,18.077977912743));
#539 = CARTESIAN_POINT('',(0.730202966875,18.07797791274));
#540 = CARTESIAN_POINT('',(0.95117753958,18.077977912744));
#541 = CARTESIAN_POINT('',(1.169987910358,18.07797791274));
#542 = CARTESIAN_POINT('',(1.390962483062,18.077977912743));
#543 = CARTESIAN_POINT('',(1.61889545849,18.077977912741));
#544 = CARTESIAN_POINT('',(1.85938517809,18.077977912742));
#545 = CARTESIAN_POINT('',(2.121165449938,18.077977912742));
#546 = ( GEOMETRIC_REPRESENTATION_CONTEXT(2) 
PARAMETRIC_REPRESENTATION_CONTEXT() REPRESENTATION_CONTEXT('2D SPACE',''
  ) );
#547 = ORIENTED_EDGE('',*,*,#316,.F.);
#548 = ADVANCED_FACE('',(#549),#72,.F.);
#549 = FACE_BOUND('',#550,.F.);
#550 = EDGE_LOOP('',(#551,#552,#553,#576,#610,#638,#667,#695));
#551 = ORIENTED_EDGE('',*,*,#56,.T.);
#552 = ORIENTED_EDGE('',*,*,#437,.T.);
#553 = ORIENTED_EDGE('',*,*,#554,.F.);
#554 = EDGE_CURVE('',#555,#410,#557,.T.);
#555 = VERTEX_POINT('',#556);
#556 = CARTESIAN_POINT('',(31.15,-19.37296875724,3.552713678801E-15));
#557 = SURFACE_CURVE('',#558,(#562,#569),.PCURVE_S1.);
#558 = LINE('',#559,#560);
#559 = CARTESIAN_POINT('',(-15.575,-19.37296875724,0.));
#560 = VECTOR('',#561,1.);
#561 = DIRECTION('',(-1.,0.,0.));
#562 = PCURVE('',#72,#563);
#563 = DEFINITIONAL_REPRESENTATION('',(#564),#568);
#564 = LINE('',#565,#566);
#565 = CARTESIAN_POINT('',(-15.575,-18.93094289084));
#566 = VECTOR('',#567,1.);
#567 = DIRECTION('',(-1.,0.));
#568 = ( GEOMETRIC_REPRESENTATION_CONTEXT(2) 
PARAMETRIC_REPRESENTATION_CONTEXT() REPRESENTATION_CONTEXT('2D SPACE',''
  ) );
#569 = PCURVE('',#425,#570);
#570 = DEFINITIONAL_REPRESENTATION('',(#571),#575);
#571 = LINE('',#572,#573);
#572 = CARTESIAN_POINT('',(15.575,7.027671612652));
#573 = VECTOR('',#574,1.);
#574 = DIRECTION('',(-1.,-0.));
#575 = ( GEOMETRIC_REPRESENTATION_CONTEXT(2) 
PARAMETRIC_REPRESENTATION_CONTEXT() REPRESENTATION_CONTEXT('2D SPACE',''
  ) );
#576 = ORIENTED_EDGE('',*,*,#577,.T.);
#577 = EDGE_CURVE('',#555,#578,#580,.T.);
#578 = VERTEX_POINT('',#579);
#579 = CARTESIAN_POINT('',(34.15,-16.26714021601,0.));
#580 = SURFACE_CURVE('',#581,(#586,#593),.PCURVE_S1.);
#581 = ELLIPSE('',#582,3.10582854123,3.);
#582 = AXIS2_PLACEMENT_3D('',#583,#584,#585);
#583 = CARTESIAN_POINT('',(31.15,-16.26714021601,0.));
#584 = DIRECTION('',(0.,-1.225300278295E-17,1.));
#585 = DIRECTION('',(0.,-1.,-1.225300278295E-17));
#586 = PCURVE('',#72,#587);
#587 = DEFINITIONAL_REPRESENTATION('',(#588),#592);
#588 = ELLIPSE('',#589,3.10582854123,3.);
#589 = AXIS2_PLACEMENT_2D('',#590,#591);
#590 = CARTESIAN_POINT('',(31.15,-15.82511434961));
#591 = DIRECTION('',(0.,-1.));
#592 = ( GEOMETRIC_REPRESENTATION_CONTEXT(2) 
PARAMETRIC_REPRESENTATION_CONTEXT() REPRESENTATION_CONTEXT('2D SPACE',''
  ) );
#593 = PCURVE('',#594,#599);
#594 = CYLINDRICAL_SURFACE('',#595,3.);
#595 = AXIS2_PLACEMENT_3D('',#596,#597,#598);
#596 = CARTESIAN_POINT('',(31.15,-14.65629602229,6.011752374032));
#597 = DIRECTION('',(0.,-0.258819045103,-0.965925826289));
#598 = DIRECTION('',(-1.184237892934E-15,-0.965925826289,0.258819045103)
  );
#599 = DEFINITIONAL_REPRESENTATION('',(#600),#609);
#600 = B_SPLINE_CURVE_WITH_KNOTS('',7,(#601,#602,#603,#604,#605,#606,
    #607,#608),.UNSPECIFIED.,.F.,.F.,(8,8),(-8.881784197001E-16,
    1.570796326795),.PIECEWISE_BEZIER_KNOTS.);
#601 = CARTESIAN_POINT('',(8.881784197001E-16,7.027671612652));
#602 = CARTESIAN_POINT('',(-0.224399475256,7.027671612652));
#603 = CARTESIAN_POINT('',(-0.448798950513,6.980446634507));
#604 = CARTESIAN_POINT('',(-0.673198425769,6.886003528966));
#605 = CARTESIAN_POINT('',(-0.897597901026,6.750140685002));
#606 = CARTESIAN_POINT('',(-1.121997376282,6.584589251959));
#607 = CARTESIAN_POINT('',(-1.346396851538,6.40420700989));
#608 = CARTESIAN_POINT('',(-1.570796326795,6.223824035359));
#609 = ( GEOMETRIC_REPRESENTATION_CONTEXT(2) 
PARAMETRIC_REPRESENTATION_CONTEXT() REPRESENTATION_CONTEXT('2D SPACE',''
  ) );
#610 = ORIENTED_EDGE('',*,*,#611,.T.);
#611 = EDGE_CURVE('',#578,#612,#614,.T.);
#612 = VERTEX_POINT('',#613);
#613 = CARTESIAN_POINT('',(34.15,15.,0.));
#614 = SURFACE_CURVE('',#615,(#619,#626),.PCURVE_S1.);
#615 = LINE('',#616,#617);
#616 = CARTESIAN_POINT('',(34.15,-20.,0.));
#617 = VECTOR('',#618,1.);
#618 = DIRECTION('',(0.,1.,1.225300278295E-17));
#619 = PCURVE('',#72,#620);
#620 = DEFINITIONAL_REPRESENTATION('',(#621),#625);
#621 = LINE('',#622,#623);
#622 = CARTESIAN_POINT('',(34.15,-19.5579741336));
#623 = VECTOR('',#624,1.);
#624 = DIRECTION('',(0.,1.));
#625 = ( GEOMETRIC_REPRESENTATION_CONTEXT(2) 
PARAMETRIC_REPRESENTATION_CONTEXT() REPRESENTATION_CONTEXT('2D SPACE',''
  ) );
#626 = PCURVE('',#627,#632);
#627 = PLANE('',#628);
#628 = AXIS2_PLACEMENT_3D('',#629,#630,#631);
#629 = CARTESIAN_POINT('',(34.15,-20.,0.));
#630 = DIRECTION('',(-1.,0.,0.));
#631 = DIRECTION('',(0.,1.,1.225300278295E-17));
#632 = DEFINITIONAL_REPRESENTATION('',(#633),#637);
#633 = LINE('',#634,#635);
#634 = CARTESIAN_POINT('',(0.,0.));
#635 = VECTOR('',#636,1.);
#636 = DIRECTION('',(1.,-2.45060055659E-17));
#637 = ( GEOMETRIC_REPRESENTATION_CONTEXT(2) 
PARAMETRIC_REPRESENTATION_CONTEXT() REPRESENTATION_CONTEXT('2D SPACE',''
  ) );
#638 = ORIENTED_EDGE('',*,*,#639,.T.);
#639 = EDGE_CURVE('',#612,#640,#642,.T.);
#640 = VERTEX_POINT('',#641);
#641 = CARTESIAN_POINT('',(29.15,20.,8.881784197001E-16));
#642 = SURFACE_CURVE('',#643,(#648,#655),.PCURVE_S1.);
#643 = CIRCLE('',#644,5.);
#644 = AXIS2_PLACEMENT_3D('',#645,#646,#647);
#645 = CARTESIAN_POINT('',(29.15,15.,0.));
#646 = DIRECTION('',(0.,-1.225300278295E-17,1.));
#647 = DIRECTION('',(1.,0.,0.));
#648 = PCURVE('',#72,#649);
#649 = DEFINITIONAL_REPRESENTATION('',(#650),#654);
#650 = CIRCLE('',#651,5.);
#651 = AXIS2_PLACEMENT_2D('',#652,#653);
#652 = CARTESIAN_POINT('',(29.15,15.4420258664));
#653 = DIRECTION('',(1.,0.));
#654 = ( GEOMETRIC_REPRESENTATION_CONTEXT(2) 
PARAMETRIC_REPRESENTATION_CONTEXT() REPRESENTATION_CONTEXT('2D SPACE',''
  ) );
#655 = PCURVE('',#656,#661);
#656 = CYLINDRICAL_SURFACE('',#657,5.);
#657 = AXIS2_PLACEMENT_3D('',#658,#659,#660);
#658 = CARTESIAN_POINT('',(29.15,15.,0.));
#659 = DIRECTION('',(0.,-1.225300278295E-17,-1.));
#660 = DIRECTION('',(1.,0.,0.));
#661 = DEFINITIONAL_REPRESENTATION('',(#662),#666);
#662 = LINE('',#663,#664);
#663 = CARTESIAN_POINT('',(-0.,0.));
#664 = VECTOR('',#665,1.);
#665 = DIRECTION('',(-1.,0.));
#666 = ( GEOMETRIC_REPRESENTATION_CONTEXT(2) 
PARAMETRIC_REPRESENTATION_CONTEXT() REPRESENTATION_CONTEXT('2D SPACE',''
  ) );
#667 = ORIENTED_EDGE('',*,*,#668,.T.);
#668 = EDGE_CURVE('',#640,#669,#671,.T.);
#669 = VERTEX_POINT('',#670);
#670 = CARTESIAN_POINT('',(-29.15,20.,8.881784197001E-16));
#671 = SURFACE_CURVE('',#672,(#676,#683),.PCURVE_S1.);
#672 = LINE('',#673,#674);
#673 = CARTESIAN_POINT('',(29.15,20.,8.881784197001E-16));
#674 = VECTOR('',#675,1.);
#675 = DIRECTION('',(-1.,0.,0.));
#676 = PCURVE('',#72,#677);
#677 = DEFINITIONAL_REPRESENTATION('',(#678),#682);
#678 = LINE('',#679,#680);
#679 = CARTESIAN_POINT('',(29.15,20.4420258664));
#680 = VECTOR('',#681,1.);
#681 = DIRECTION('',(-1.,0.));
#682 = ( GEOMETRIC_REPRESENTATION_CONTEXT(2) 
PARAMETRIC_REPRESENTATION_CONTEXT() REPRESENTATION_CONTEXT('2D SPACE',''
  ) );
#683 = PCURVE('',#684,#689);
#684 = PLANE('',#685);
#685 = AXIS2_PLACEMENT_3D('',#686,#687,#688);
#686 = CARTESIAN_POINT('',(29.15,20.,8.881784197001E-16));
#687 = DIRECTION('',(0.,-1.,-1.225300278295E-17));
#688 = DIRECTION('',(-1.,0.,0.));
#689 = DEFINITIONAL_REPRESENTATION('',(#690),#694);
#690 = LINE('',#691,#692);
#691 = CARTESIAN_POINT('',(0.,0.));
#692 = VECTOR('',#693,1.);
#693 = DIRECTION('',(1.,-0.));
#694 = ( GEOMETRIC_REPRESENTATION_CONTEXT(2) 
PARAMETRIC_REPRESENTATION_CONTEXT() REPRESENTATION_CONTEXT('2D SPACE',''
  ) );
#695 = ORIENTED_EDGE('',*,*,#696,.T.);
#696 = EDGE_CURVE('',#669,#57,#697,.T.);
#697 = SURFACE_CURVE('',#698,(#703,#710),.PCURVE_S1.);
#698 = CIRCLE('',#699,5.);
#699 = AXIS2_PLACEMENT_3D('',#700,#701,#702);
#700 = CARTESIAN_POINT('',(-29.15,15.,0.));
#701 = DIRECTION('',(0.,-1.225300278295E-17,1.));
#702 = DIRECTION('',(0.,1.,1.225300278295E-17));
#703 = PCURVE('',#72,#704);
#704 = DEFINITIONAL_REPRESENTATION('',(#705),#709);
#705 = CIRCLE('',#706,5.);
#706 = AXIS2_PLACEMENT_2D('',#707,#708);
#707 = CARTESIAN_POINT('',(-29.15,15.4420258664));
#708 = DIRECTION('',(0.,1.));
#709 = ( GEOMETRIC_REPRESENTATION_CONTEXT(2) 
PARAMETRIC_REPRESENTATION_CONTEXT() REPRESENTATION_CONTEXT('2D SPACE',''
  ) );
#710 = PCURVE('',#100,#711);
#711 = DEFINITIONAL_REPRESENTATION('',(#712),#716);
#712 = LINE('',#713,#714);
#713 = CARTESIAN_POINT('',(-0.,0.));
#714 = VECTOR('',#715,1.);
#715 = DIRECTION('',(-1.,0.));
#716 = ( GEOMETRIC_REPRESENTATION_CONTEXT(2) 
PARAMETRIC_REPRESENTATION_CONTEXT() REPRESENTATION_CONTEXT('2D SPACE',''
  ) );
#717 = ADVANCED_FACE('',(#718),#278,.T.);
#718 = FACE_BOUND('',#719,.T.);
#719 = EDGE_LOOP('',(#720,#721,#766,#786));
#720 = ORIENTED_EDGE('',*,*,#519,.T.);
#721 = ORIENTED_EDGE('',*,*,#722,.T.);
#722 = EDGE_CURVE('',#492,#723,#725,.T.);
#723 = VERTEX_POINT('',#724);
#724 = CARTESIAN_POINT('',(-33.35,-6.134596775004,13.667021274516));
#725 = SURFACE_CURVE('',#726,(#737,#744),.PCURVE_S1.);
#726 = ( BOUNDED_CURVE() B_SPLINE_CURVE(9,(#727,#728,#729,#730,#731,#732
    ,#733,#734,#735,#736),.UNSPECIFIED.,.F.,.F.) 
B_SPLINE_CURVE_WITH_KNOTS((10,10),(18.077977912742,20.19914336268),
.PIECEWISE_BEZIER_KNOTS.) CURVE() GEOMETRIC_REPRESENTATION_ITEM() 
RATIONAL_B_SPLINE_CURVE((1.,1.,1.,1.,1.,1.,1.,1.,1.,1.)) 
REPRESENTATION_ITEM('') );
#727 = CARTESIAN_POINT('',(-33.35,-8.23302556882,13.562985010243));
#728 = CARTESIAN_POINT('',(-33.35,-8.006498298656,13.604925195831));
#729 = CARTESIAN_POINT('',(-33.35,-7.774969105678,13.648356282315));
#730 = CARTESIAN_POINT('',(-33.35,-7.539691232436,13.68983808525));
#731 = CARTESIAN_POINT('',(-33.35,-7.303350825277,13.726372644199));
#732 = CARTESIAN_POINT('',(-33.35,-7.064990685891,13.752007511999));
#733 = CARTESIAN_POINT('',(-33.35,-6.832006993575,13.764748531501));
#734 = CARTESIAN_POINT('',(-33.35,-6.595058261137,13.759058767186));
#735 = CARTESIAN_POINT('',(-33.35,-6.361472705568,13.727812496893));
#736 = CARTESIAN_POINT('',(-33.35,-6.134596775004,13.667021274516));
#737 = PCURVE('',#278,#738);
#738 = DEFINITIONAL_REPRESENTATION('',(#739),#743);
#739 = LINE('',#740,#741);
#740 = CARTESIAN_POINT('',(2.121165449938,0.));
#741 = VECTOR('',#742,1.);
#742 = DIRECTION('',(0.,1.));
#743 = ( GEOMETRIC_REPRESENTATION_CONTEXT(2) 
PARAMETRIC_REPRESENTATION_CONTEXT() REPRESENTATION_CONTEXT('2D SPACE',''
  ) );
#744 = PCURVE('',#745,#753);
#745 = SURFACE_OF_LINEAR_EXTRUSION('',#746,#751);
#746 = B_SPLINE_CURVE_WITH_KNOTS('',3,(#747,#748,#749,#750),
  .UNSPECIFIED.,.F.,.F.,(4,4),(0.,1.),.PIECEWISE_BEZIER_KNOTS.);
#747 = CARTESIAN_POINT('',(0.,-6.134596775004,13.667021274516));
#748 = CARTESIAN_POINT('',(0.,-6.778547325863,13.839567304585));
#749 = CARTESIAN_POINT('',(0.,-7.5068147013,13.697438661399));
#750 = CARTESIAN_POINT('',(0.,-8.23302556882,13.562985010243));
#751 = VECTOR('',#752,1.);
#752 = DIRECTION('',(1.,0.,0.));
#753 = DEFINITIONAL_REPRESENTATION('',(#754),#765);
#754 = B_SPLINE_CURVE_WITH_KNOTS('',9,(#755,#756,#757,#758,#759,#760,
    #761,#762,#763,#764),.UNSPECIFIED.,.F.,.F.,(10,10),(18.077977912742,
    20.19914336268),.PIECEWISE_BEZIER_KNOTS.);
#755 = CARTESIAN_POINT('',(1.,-33.35));
#756 = CARTESIAN_POINT('',(0.896023189088,-33.35));
#757 = CARTESIAN_POINT('',(0.789822316984,-33.34999999999));
#758 = CARTESIAN_POINT('',(0.681566399269,-33.35));
#759 = CARTESIAN_POINT('',(0.572135670632,-33.34999999999));
#760 = CARTESIAN_POINT('',(0.460354226844,-33.35));
#761 = CARTESIAN_POINT('',(0.349463885576,-33.34999999999));
#762 = CARTESIAN_POINT('',(0.234298050321,-33.35));
#763 = CARTESIAN_POINT('',(0.11743962341,-33.35));
#764 = CARTESIAN_POINT('',(0.,-33.35));
#765 = ( GEOMETRIC_REPRESENTATION_CONTEXT(2) 
PARAMETRIC_REPRESENTATION_CONTEXT() REPRESENTATION_CONTEXT('2D SPACE',''
  ) );
#766 = ORIENTED_EDGE('',*,*,#767,.F.);
#767 = EDGE_CURVE('',#141,#723,#768,.T.);
#768 = SURFACE_CURVE('',#769,(#773,#780),.PCURVE_S1.);
#769 = ( BOUNDED_CURVE() B_SPLINE_CURVE(2,(#770,#771,#772),
.UNSPECIFIED.,.F.,.F.) B_SPLINE_CURVE_WITH_KNOTS((3,3),(0.,
2.121165449938),.PIECEWISE_BEZIER_KNOTS.) CURVE() 
GEOMETRIC_REPRESENTATION_ITEM() RATIONAL_B_SPLINE_CURVE((1.,
0.707106781187,1.)) REPRESENTATION_ITEM('') );
#770 = CARTESIAN_POINT('',(-34.15,-6.294824514213,12.883231078362));
#771 = CARTESIAN_POINT('',(-34.15,-6.134596775004,13.667021274516));
#772 = CARTESIAN_POINT('',(-33.35,-6.134596775004,13.667021274516));
#773 = PCURVE('',#278,#774);
#774 = DEFINITIONAL_REPRESENTATION('',(#775),#779);
#775 = LINE('',#776,#777);
#776 = CARTESIAN_POINT('',(0.,20.19914336268));
#777 = VECTOR('',#778,1.);
#778 = DIRECTION('',(1.,0.));
#779 = ( GEOMETRIC_REPRESENTATION_CONTEXT(2) 
PARAMETRIC_REPRESENTATION_CONTEXT() REPRESENTATION_CONTEXT('2D SPACE',''
  ) );
#780 = PCURVE('',#186,#781);
#781 = DEFINITIONAL_REPRESENTATION('',(#782),#785);
#782 = B_SPLINE_CURVE_WITH_KNOTS('',1,(#783,#784),.UNSPECIFIED.,.F.,.F.,
  (2,2),(0.,2.121165449938),.PIECEWISE_BEZIER_KNOTS.);
#783 = CARTESIAN_POINT('',(0.,20.19914336268));
#784 = CARTESIAN_POINT('',(4.540446555893,20.19914336268));
#785 = ( GEOMETRIC_REPRESENTATION_CONTEXT(2) 
PARAMETRIC_REPRESENTATION_CONTEXT() REPRESENTATION_CONTEXT('2D SPACE',''
  ) );
#786 = ORIENTED_EDGE('',*,*,#248,.F.);
#787 = ADVANCED_FACE('',(#788),#100,.T.);
#788 = FACE_BOUND('',#789,.F.);
#789 = EDGE_LOOP('',(#790,#791,#792,#815));
#790 = ORIENTED_EDGE('',*,*,#84,.F.);
#791 = ORIENTED_EDGE('',*,*,#696,.F.);
#792 = ORIENTED_EDGE('',*,*,#793,.T.);
#793 = EDGE_CURVE('',#669,#794,#796,.T.);
#794 = VERTEX_POINT('',#795);
#795 = CARTESIAN_POINT('',(-29.15,20.,12.2));
#796 = SURFACE_CURVE('',#797,(#801,#808),.PCURVE_S1.);
#797 = LINE('',#798,#799);
#798 = CARTESIAN_POINT('',(-29.15,20.,8.881784197001E-16));
#799 = VECTOR('',#800,1.);
#800 = DIRECTION('',(0.,1.225300278295E-17,1.));
#801 = PCURVE('',#100,#802);
#802 = DEFINITIONAL_REPRESENTATION('',(#803),#807);
#803 = LINE('',#804,#805);
#804 = CARTESIAN_POINT('',(-0.,0.));
#805 = VECTOR('',#806,1.);
#806 = DIRECTION('',(-0.,-1.));
#807 = ( GEOMETRIC_REPRESENTATION_CONTEXT(2) 
PARAMETRIC_REPRESENTATION_CONTEXT() REPRESENTATION_CONTEXT('2D SPACE',''
  ) );
#808 = PCURVE('',#684,#809);
#809 = DEFINITIONAL_REPRESENTATION('',(#810),#814);
#810 = LINE('',#811,#812);
#811 = CARTESIAN_POINT('',(58.3,-0.));
#812 = VECTOR('',#813,1.);
#813 = DIRECTION('',(0.,-1.));
#814 = ( GEOMETRIC_REPRESENTATION_CONTEXT(2) 
PARAMETRIC_REPRESENTATION_CONTEXT() REPRESENTATION_CONTEXT('2D SPACE',''
  ) );
#815 = ORIENTED_EDGE('',*,*,#816,.F.);
#816 = EDGE_CURVE('',#85,#794,#817,.T.);
#817 = SURFACE_CURVE('',#818,(#823,#830),.PCURVE_S1.);
#818 = CIRCLE('',#819,5.);
#819 = AXIS2_PLACEMENT_3D('',#820,#821,#822);
#820 = CARTESIAN_POINT('',(-29.15,15.,12.2));
#821 = DIRECTION('',(7.706861054716E-32,6.587265740426E-17,-1.));
#822 = DIRECTION('',(-1.,2.881937518072E-15,1.127722722413E-31));
#823 = PCURVE('',#100,#824);
#824 = DEFINITIONAL_REPRESENTATION('',(#825),#829);
#825 = LINE('',#826,#827);
#826 = CARTESIAN_POINT('',(-1.570796326795,-12.2));
#827 = VECTOR('',#828,1.);
#828 = DIRECTION('',(1.,-0.));
#829 = ( GEOMETRIC_REPRESENTATION_CONTEXT(2) 
PARAMETRIC_REPRESENTATION_CONTEXT() REPRESENTATION_CONTEXT('2D SPACE',''
  ) );
#830 = PCURVE('',#831,#836);
#831 = TOROIDAL_SURFACE('',#832,4.2,0.8);
#832 = AXIS2_PLACEMENT_3D('',#833,#834,#835);
#833 = CARTESIAN_POINT('',(-29.15,15.,12.2));
#834 = DIRECTION('',(0.,-7.101372406394E-17,1.));
#835 = DIRECTION('',(-1.,2.881937518072E-15,1.16132245181E-31));
#836 = DEFINITIONAL_REPRESENTATION('',(#837),#841);
#837 = LINE('',#838,#839);
#838 = CARTESIAN_POINT('',(-0.,0.));
#839 = VECTOR('',#840,1.);
#840 = DIRECTION('',(-1.,0.));
#841 = ( GEOMETRIC_REPRESENTATION_CONTEXT(2) 
PARAMETRIC_REPRESENTATION_CONTEXT() REPRESENTATION_CONTEXT('2D SPACE',''
  ) );
#842 = ADVANCED_FACE('',(#843),#186,.T.);
#843 = FACE_BOUND('',#844,.T.);
#844 = EDGE_LOOP('',(#845,#846,#907,#935));
#845 = ORIENTED_EDGE('',*,*,#767,.T.);
#846 = ORIENTED_EDGE('',*,*,#847,.T.);
#847 = EDGE_CURVE('',#723,#848,#850,.T.);
#848 = VERTEX_POINT('',#849);
#849 = CARTESIAN_POINT('',(-33.35,-1.654581775,13.));
#850 = SURFACE_CURVE('',#851,(#870,#877),.PCURVE_S1.);
#851 = ( BOUNDED_CURVE() B_SPLINE_CURVE(9,(#852,#853,#854,#855,#856,#857
    ,#858,#859,#860,#861,#862,#863,#864,#865,#866,#867,#868,#869),
.UNSPECIFIED.,.F.,.F.) B_SPLINE_CURVE_WITH_KNOTS((10,8,10),(
20.19914336268,22.795644937655,24.739589918572),.UNSPECIFIED.) CURVE() 
GEOMETRIC_REPRESENTATION_ITEM() RATIONAL_B_SPLINE_CURVE((1.,1.,1.,1.,1.,
1.,1.,1.,1.,1.,1.,1.,1.,1.,1.,1.,1.,1.)) REPRESENTATION_ITEM('') );
#852 = CARTESIAN_POINT('',(-33.35,-6.134596775004,13.667021274516));
#853 = CARTESIAN_POINT('',(-33.35,-5.856879772283,13.592607227913));
#854 = CARTESIAN_POINT('',(-33.35,-5.579407922874,13.521487735013));
#855 = CARTESIAN_POINT('',(-33.35,-5.295492556971,13.452265724103));
#856 = CARTESIAN_POINT('',(-33.35,-5.015732347097,13.388439918859));
#857 = CARTESIAN_POINT('',(-33.35,-4.732243180936,13.327900608032));
#858 = CARTESIAN_POINT('',(-33.35,-4.449407634468,13.272549394745));
#859 = CARTESIAN_POINT('',(-33.35,-4.164936146377,13.221986112484));
#860 = CARTESIAN_POINT('',(-33.35,-3.879767062106,13.17689311754));
#861 = CARTESIAN_POINT('',(-33.35,-3.379647706782,13.108093123468));
#862 = CARTESIAN_POINT('',(-33.35,-3.165075501758,13.081861662074));
#863 = CARTESIAN_POINT('',(-33.35,-2.950090366146,13.059008891656));
#864 = CARTESIAN_POINT('',(-33.35,-2.734738013095,13.03967723873));
#865 = CARTESIAN_POINT('',(-33.35,-2.519071496162,13.023997406034));
#866 = CARTESIAN_POINT('',(-33.35,-2.303151209312,13.012088372525));
#867 = CARTESIAN_POINT('',(-33.35,-2.087044886914,13.004057393381));
#868 = CARTESIAN_POINT('',(-33.35,-1.870827603748,13.));
#869 = CARTESIAN_POINT('',(-33.35,-1.654581775,13.));
#870 = PCURVE('',#186,#871);
#871 = DEFINITIONAL_REPRESENTATION('',(#872),#876);
#872 = LINE('',#873,#874);
#873 = CARTESIAN_POINT('',(4.540446555893,0.));
#874 = VECTOR('',#875,1.);
#875 = DIRECTION('',(0.,1.));
#876 = ( GEOMETRIC_REPRESENTATION_CONTEXT(2) 
PARAMETRIC_REPRESENTATION_CONTEXT() REPRESENTATION_CONTEXT('2D SPACE',''
  ) );
#877 = PCURVE('',#878,#886);
#878 = SURFACE_OF_LINEAR_EXTRUSION('',#879,#884);
#879 = B_SPLINE_CURVE_WITH_KNOTS('',3,(#880,#881,#882,#883),
  .UNSPECIFIED.,.F.,.F.,(4,4),(0.,1.),.PIECEWISE_BEZIER_KNOTS.);
#880 = CARTESIAN_POINT('',(0.,-1.654581775,13.));
#881 = CARTESIAN_POINT('',(0.,-3.207496045615,13.));
#882 = CARTESIAN_POINT('',(0.,-4.68570803557,13.278792706862));
#883 = CARTESIAN_POINT('',(0.,-6.134596775004,13.667021274516));
#884 = VECTOR('',#885,1.);
#885 = DIRECTION('',(1.,0.,0.));
#886 = DEFINITIONAL_REPRESENTATION('',(#887),#906);
#887 = B_SPLINE_CURVE_WITH_KNOTS('',9,(#888,#889,#890,#891,#892,#893,
    #894,#895,#896,#897,#898,#899,#900,#901,#902,#903,#904,#905),
  .UNSPECIFIED.,.F.,.F.,(10,8,10),(20.19914336268,22.469366640626,
    24.739589918572),.UNSPECIFIED.);
#888 = CARTESIAN_POINT('',(1.,-33.35));
#889 = CARTESIAN_POINT('',(0.944136754982,-33.35));
#890 = CARTESIAN_POINT('',(0.888458602243,-33.34999999999));
#891 = CARTESIAN_POINT('',(0.831952134481,-33.35));
#892 = CARTESIAN_POINT('',(0.775937342138,-33.34999999999));
#893 = CARTESIAN_POINT('',(0.719834808357,-33.35));
#894 = CARTESIAN_POINT('',(0.663831343491,-33.34999999999));
#895 = CARTESIAN_POINT('',(0.607884830396,-33.35));
#896 = CARTESIAN_POINT('',(0.552008836864,-33.35));
#897 = CARTESIAN_POINT('',(0.440450131358,-33.35));
#898 = CARTESIAN_POINT('',(0.384768468689,-33.34999999999));
#899 = CARTESIAN_POINT('',(0.329205755054,-33.35));
#900 = CARTESIAN_POINT('',(0.273789309541,-33.34999999999));
#901 = CARTESIAN_POINT('',(0.218549451349,-33.35));
#902 = CARTESIAN_POINT('',(0.163517678834,-33.34999999999));
#903 = CARTESIAN_POINT('',(0.108726087616,-33.35));
#904 = CARTESIAN_POINT('',(5.420802775674E-02,-33.35));
#905 = CARTESIAN_POINT('',(-7.49400541622E-16,-33.35));
#906 = ( GEOMETRIC_REPRESENTATION_CONTEXT(2) 
PARAMETRIC_REPRESENTATION_CONTEXT() REPRESENTATION_CONTEXT('2D SPACE',''
  ) );
#907 = ORIENTED_EDGE('',*,*,#908,.F.);
#908 = EDGE_CURVE('',#113,#848,#909,.T.);
#909 = SURFACE_CURVE('',#910,(#914,#921),.PCURVE_S1.);
#910 = ( BOUNDED_CURVE() B_SPLINE_CURVE(2,(#911,#912,#913),
.UNSPECIFIED.,.F.,.F.) B_SPLINE_CURVE_WITH_KNOTS((3,3),(0.,
4.540446555893),.PIECEWISE_BEZIER_KNOTS.) CURVE() 
GEOMETRIC_REPRESENTATION_ITEM() RATIONAL_B_SPLINE_CURVE((1.,
0.707106781187,1.)) REPRESENTATION_ITEM('') );
#911 = CARTESIAN_POINT('',(-34.15,-1.654581775,12.2));
#912 = CARTESIAN_POINT('',(-34.15,-1.654581775,13.));
#913 = CARTESIAN_POINT('',(-33.35,-1.654581775,13.));
#914 = PCURVE('',#186,#915);
#915 = DEFINITIONAL_REPRESENTATION('',(#916),#920);
#916 = LINE('',#917,#918);
#917 = CARTESIAN_POINT('',(0.,24.739589918572));
#918 = VECTOR('',#919,1.);
#919 = DIRECTION('',(1.,0.));
#920 = ( GEOMETRIC_REPRESENTATION_CONTEXT(2) 
PARAMETRIC_REPRESENTATION_CONTEXT() REPRESENTATION_CONTEXT('2D SPACE',''
  ) );
#921 = PCURVE('',#128,#922);
#922 = DEFINITIONAL_REPRESENTATION('',(#923),#934);
#923 = B_SPLINE_CURVE_WITH_KNOTS('',9,(#924,#925,#926,#927,#928,#929,
    #930,#931,#932,#933),.UNSPECIFIED.,.F.,.F.,(10,10),(0.,
    4.540446555893),.PIECEWISE_BEZIER_KNOTS.);
#924 = CARTESIAN_POINT('',(1.110223024625E-16,1.42108547152E-14));
#925 = CARTESIAN_POINT('',(0.157134840264,1.42108547152E-14));
#926 = CARTESIAN_POINT('',(0.325774716821,1.42108547152E-14));
#927 = CARTESIAN_POINT('',(0.50456638687,1.42108547152E-14));
#928 = CARTESIAN_POINT('',(0.690744851612,1.42108547152E-14));
#929 = CARTESIAN_POINT('',(0.880051475183,1.42108547152E-14));
#930 = CARTESIAN_POINT('',(1.066229939925,1.42108547152E-14));
#931 = CARTESIAN_POINT('',(1.245021609974,1.42108547152E-14));
#932 = CARTESIAN_POINT('',(1.413661486531,1.42108547152E-14));
#933 = CARTESIAN_POINT('',(1.570796326795,1.42108547152E-14));
#934 = ( GEOMETRIC_REPRESENTATION_CONTEXT(2) 
PARAMETRIC_REPRESENTATION_CONTEXT() REPRESENTATION_CONTEXT('2D SPACE',''
  ) );
#935 = ORIENTED_EDGE('',*,*,#140,.F.);
#936 = ADVANCED_FACE('',(#937),#128,.T.);
#937 = FACE_BOUND('',#938,.T.);
#938 = EDGE_LOOP('',(#939,#940,#968,#990));
#939 = ORIENTED_EDGE('',*,*,#908,.T.);
#940 = ORIENTED_EDGE('',*,*,#941,.T.);
#941 = EDGE_CURVE('',#848,#942,#944,.T.);
#942 = VERTEX_POINT('',#943);
#943 = CARTESIAN_POINT('',(-33.35,15.,13.));
#944 = SURFACE_CURVE('',#945,(#949,#956),.PCURVE_S1.);
#945 = LINE('',#946,#947);
#946 = CARTESIAN_POINT('',(-33.35,-1.654581775,13.));
#947 = VECTOR('',#948,1.);
#948 = DIRECTION('',(0.,1.,6.587265740426E-17));
#949 = PCURVE('',#128,#950);
#950 = DEFINITIONAL_REPRESENTATION('',(#951),#955);
#951 = LINE('',#952,#953);
#952 = CARTESIAN_POINT('',(1.570796326795,0.));
#953 = VECTOR('',#954,1.);
#954 = DIRECTION('',(0.,1.));
#955 = ( GEOMETRIC_REPRESENTATION_CONTEXT(2) 
PARAMETRIC_REPRESENTATION_CONTEXT() REPRESENTATION_CONTEXT('2D SPACE',''
  ) );
#956 = PCURVE('',#957,#962);
#957 = PLANE('',#958);
#958 = AXIS2_PLACEMENT_3D('',#959,#960,#961);
#959 = CARTESIAN_POINT('',(0.,62.532541410425,13.));
#960 = DIRECTION('',(0.,7.101372406394E-17,-1.));
#961 = DIRECTION('',(0.,-1.,-6.587265740426E-17));
#962 = DEFINITIONAL_REPRESENTATION('',(#963),#967);
#963 = LINE('',#964,#965);
#964 = CARTESIAN_POINT('',(64.187123185425,33.35));
#965 = VECTOR('',#966,1.);
#966 = DIRECTION('',(-1.,0.));
#967 = ( GEOMETRIC_REPRESENTATION_CONTEXT(2) 
PARAMETRIC_REPRESENTATION_CONTEXT() REPRESENTATION_CONTEXT('2D SPACE',''
  ) );
#968 = ORIENTED_EDGE('',*,*,#969,.F.);
#969 = EDGE_CURVE('',#85,#942,#970,.T.);
#970 = SURFACE_CURVE('',#971,(#976,#983),.PCURVE_S1.);
#971 = CIRCLE('',#972,0.8);
#972 = AXIS2_PLACEMENT_3D('',#973,#974,#975);
#973 = CARTESIAN_POINT('',(-33.35,15.,12.2));
#974 = DIRECTION('',(0.,1.,7.101372406394E-17));
#975 = DIRECTION('',(-1.,0.,0.));
#976 = PCURVE('',#128,#977);
#977 = DEFINITIONAL_REPRESENTATION('',(#978),#982);
#978 = LINE('',#979,#980);
#979 = CARTESIAN_POINT('',(0.,16.654581775));
#980 = VECTOR('',#981,1.);
#981 = DIRECTION('',(1.,0.));
#982 = ( GEOMETRIC_REPRESENTATION_CONTEXT(2) 
PARAMETRIC_REPRESENTATION_CONTEXT() REPRESENTATION_CONTEXT('2D SPACE',''
  ) );
#983 = PCURVE('',#831,#984);
#984 = DEFINITIONAL_REPRESENTATION('',(#985),#989);
#985 = LINE('',#986,#987);
#986 = CARTESIAN_POINT('',(-0.,0.));
#987 = VECTOR('',#988,1.);
#988 = DIRECTION('',(-0.,1.));
#989 = ( GEOMETRIC_REPRESENTATION_CONTEXT(2) 
PARAMETRIC_REPRESENTATION_CONTEXT() REPRESENTATION_CONTEXT('2D SPACE',''
  ) );
#990 = ORIENTED_EDGE('',*,*,#112,.F.);
#991 = ADVANCED_FACE('',(#992),#374,.T.);
#992 = FACE_BOUND('',#993,.T.);
#993 = EDGE_LOOP('',(#994,#1054,#1087,#1088));
#994 = ORIENTED_EDGE('',*,*,#995,.T.);
#995 = EDGE_CURVE('',#347,#996,#998,.T.);
#996 = VERTEX_POINT('',#997);
#997 = CARTESIAN_POINT('',(-31.15,-15.63413765435,12.192712838596));
#998 = SURFACE_CURVE('',#999,(#1004,#1042),.PCURVE_S1.);
#999 = CIRCLE('',#1000,0.8);
#1000 = AXIS2_PLACEMENT_3D('',#1001,#1002,#1003);
#1001 = CARTESIAN_POINT('',(-31.15,-15.48849750026,11.406081447463));
#1002 = DIRECTION('',(-1.,0.,0.));
#1003 = DIRECTION('',(0.,-0.965925826289,0.258819045103));
#1004 = PCURVE('',#374,#1005);
#1005 = DEFINITIONAL_REPRESENTATION('',(#1006),#1041);
#1006 = B_SPLINE_CURVE_WITH_KNOTS('',9,(#1007,#1008,#1009,#1010,#1011,
    #1012,#1013,#1014,#1015,#1016,#1017,#1018,#1019,#1020,#1021,#1022,
    #1023,#1024,#1025,#1026,#1027,#1028,#1029,#1030,#1031,#1032,#1033,
    #1034,#1035,#1036,#1037,#1038,#1039,#1040),.UNSPECIFIED.,.F.,.F.,(10
    ,8,8,8,10),(0.,0.281481463347,0.562962926693,0.84444439004,
    1.125925853387),.UNSPECIFIED.);
#1007 = CARTESIAN_POINT('',(3.330669073875E-16,8.4));
#1008 = CARTESIAN_POINT('',(0.134422671735,8.4));
#1009 = CARTESIAN_POINT('',(0.267477920071,8.4));
#1010 = CARTESIAN_POINT('',(0.3992834608,8.4));
#1011 = CARTESIAN_POINT('',(0.529955496138,8.4));
#1012 = CARTESIAN_POINT('',(0.659598542885,8.4));
#1013 = CARTESIAN_POINT('',(0.788317349784,8.4));
#1014 = CARTESIAN_POINT('',(0.916216025975,8.4));
#1015 = CARTESIAN_POINT('',(1.043386646338,8.4));
#1016 = CARTESIAN_POINT('',(1.296466840763,8.4));
#1017 = CARTESIAN_POINT('',(1.422375631194,8.4));
#1018 = CARTESIAN_POINT('',(1.547754883351,8.4));
#1019 = CARTESIAN_POINT('',(1.672677377404,8.4));
#1020 = CARTESIAN_POINT('',(1.797260614699,8.400000000001));
#1021 = CARTESIAN_POINT('',(1.921571917329,8.4));
#1022 = CARTESIAN_POINT('',(2.045710662269,8.4));
#1023 = CARTESIAN_POINT('',(2.169761065288,8.4));
#1024 = CARTESIAN_POINT('',(2.41786197508,8.4));
#1025 = CARTESIAN_POINT('',(2.5419123781,8.4));
#1026 = CARTESIAN_POINT('',(2.66605112304,8.399999999999));
#1027 = CARTESIAN_POINT('',(2.79036242567,8.400000000001));
#1028 = CARTESIAN_POINT('',(2.914945662965,8.399999999999));
#1029 = CARTESIAN_POINT('',(3.039868157017,8.400000000001));
#1030 = CARTESIAN_POINT('',(3.165247409175,8.4));
#1031 = CARTESIAN_POINT('',(3.291156199606,8.4));
#1032 = CARTESIAN_POINT('',(3.54423639403,8.4));
#1033 = CARTESIAN_POINT('',(3.671407014394,8.4));
#1034 = CARTESIAN_POINT('',(3.799305690584,8.399999999999));
#1035 = CARTESIAN_POINT('',(3.928024497485,8.400000000001));
#1036 = CARTESIAN_POINT('',(4.057667544229,8.399999999999));
#1037 = CARTESIAN_POINT('',(4.18833957957,8.400000000001));
#1038 = CARTESIAN_POINT('',(4.320145120297,8.4));
#1039 = CARTESIAN_POINT('',(4.453200368634,8.4));
#1040 = CARTESIAN_POINT('',(4.587623040369,8.4));
#1041 = ( GEOMETRIC_REPRESENTATION_CONTEXT(2) 
PARAMETRIC_REPRESENTATION_CONTEXT() REPRESENTATION_CONTEXT('2D SPACE',''
  ) );
#1042 = PCURVE('',#1043,#1048);
#1043 = CYLINDRICAL_SURFACE('',#1044,0.8);
#1044 = AXIS2_PLACEMENT_3D('',#1045,#1046,#1047);
#1045 = CARTESIAN_POINT('',(-22.75,-15.48849750026,11.406081447463));
#1046 = DIRECTION('',(-1.,-0.,0.));
#1047 = DIRECTION('',(0.,-0.965925826289,0.258819045103));
#1048 = DEFINITIONAL_REPRESENTATION('',(#1049),#1053);
#1049 = LINE('',#1050,#1051);
#1050 = CARTESIAN_POINT('',(0.,8.4));
#1051 = VECTOR('',#1052,1.);
#1052 = DIRECTION('',(1.,0.));
#1053 = ( GEOMETRIC_REPRESENTATION_CONTEXT(2) 
PARAMETRIC_REPRESENTATION_CONTEXT() REPRESENTATION_CONTEXT('2D SPACE',''
  ) );
#1054 = ORIENTED_EDGE('',*,*,#1055,.T.);
#1055 = EDGE_CURVE('',#996,#468,#1056,.T.);
#1056 = SURFACE_CURVE('',#1057,(#1067,#1074),.PCURVE_S1.);
#1057 = ( BOUNDED_CURVE() B_SPLINE_CURVE(8,(#1058,#1059,#1060,#1061,
    #1062,#1063,#1064,#1065,#1066),.UNSPECIFIED.,.F.,.F.) 
B_SPLINE_CURVE_WITH_KNOTS((9,9),(8.4,12.987623040369),
.PIECEWISE_BEZIER_KNOTS.) CURVE() GEOMETRIC_REPRESENTATION_ITEM() 
RATIONAL_B_SPLINE_CURVE((1.,1.,1.,1.,1.,1.,1.,1.,1.)) 
REPRESENTATION_ITEM('') );
#1058 = CARTESIAN_POINT('',(-31.15,-15.63413765435,12.192712838596));
#1059 = CARTESIAN_POINT('',(-31.59413931189,-15.63413765435,
    12.192712838596));
#1060 = CARTESIAN_POINT('',(-32.06503633156,-15.52285548535,
    12.213316074653));
#1061 = CARTESIAN_POINT('',(-32.52074225667,-15.27766207957,
    12.258712184959));
#1062 = CARTESIAN_POINT('',(-32.89308764842,-14.90634990724,
    12.327458439691));
#1063 = CARTESIAN_POINT('',(-33.1342699831,-14.47855205573,
    12.406662684167));
#1064 = CARTESIAN_POINT('',(-33.27553408458,-14.06562732207,
    12.483113258753));
#1065 = CARTESIAN_POINT('',(-33.35032253178,-13.65656549901,
    12.558848638267));
#1066 = CARTESIAN_POINT('',(-33.35000137428,-13.23618371682,
    12.636679841327));
#1067 = PCURVE('',#374,#1068);
#1068 = DEFINITIONAL_REPRESENTATION('',(#1069),#1073);
#1069 = LINE('',#1070,#1071);
#1070 = CARTESIAN_POINT('',(4.587623040369,0.));
#1071 = VECTOR('',#1072,1.);
#1072 = DIRECTION('',(0.,1.));
#1073 = ( GEOMETRIC_REPRESENTATION_CONTEXT(2) 
PARAMETRIC_REPRESENTATION_CONTEXT() REPRESENTATION_CONTEXT('2D SPACE',''
  ) );
#1074 = PCURVE('',#507,#1075);
#1075 = DEFINITIONAL_REPRESENTATION('',(#1076),#1086);
#1076 = ( BOUNDED_CURVE() B_SPLINE_CURVE(8,(#1077,#1078,#1079,#1080,
    #1081,#1082,#1083,#1084,#1085),.UNSPECIFIED.,.F.,.F.) 
B_SPLINE_CURVE_WITH_KNOTS((9,9),(8.4,12.987623040369),
.PIECEWISE_BEZIER_KNOTS.) CURVE() GEOMETRIC_REPRESENTATION_ITEM() 
RATIONAL_B_SPLINE_CURVE((1.,1.,1.,1.,1.,1.,1.,1.,1.)) 
REPRESENTATION_ITEM('') );
#1077 = CARTESIAN_POINT('',(7.526892182508,31.15));
#1078 = CARTESIAN_POINT('',(7.526892182508,31.594139311891));
#1079 = CARTESIAN_POINT('',(7.41371880015,32.065036331561));
#1080 = CARTESIAN_POINT('',(7.164358392165,32.520742256671));
#1081 = CARTESIAN_POINT('',(6.786735859922,32.893087648422));
#1082 = CARTESIAN_POINT('',(6.351667688138,33.134269983103));
#1083 = CARTESIAN_POINT('',(5.931725399221,33.275534084585));
#1084 = CARTESIAN_POINT('',(5.515711670123,33.350322531788));
#1085 = CARTESIAN_POINT('',(5.088185601955,33.350001374287));
#1086 = ( GEOMETRIC_REPRESENTATION_CONTEXT(2) 
PARAMETRIC_REPRESENTATION_CONTEXT() REPRESENTATION_CONTEXT('2D SPACE',''
  ) );
#1087 = ORIENTED_EDGE('',*,*,#467,.F.);
#1088 = ORIENTED_EDGE('',*,*,#346,.F.);
#1089 = ADVANCED_FACE('',(#1090),#425,.F.);
#1090 = FACE_BOUND('',#1091,.F.);
#1091 = EDGE_LOOP('',(#1092,#1093,#1116,#1144,#1173,#1201,#1230,#1258,
    #1286,#1307));
#1092 = ORIENTED_EDGE('',*,*,#409,.F.);
#1093 = ORIENTED_EDGE('',*,*,#1094,.F.);
#1094 = EDGE_CURVE('',#1095,#347,#1097,.T.);
#1095 = VERTEX_POINT('',#1096);
#1096 = CARTESIAN_POINT('',(-23.55,-16.26123816129,11.613136683545));
#1097 = SURFACE_CURVE('',#1098,(#1102,#1109),.PCURVE_S1.);
#1098 = LINE('',#1099,#1100);
#1099 = CARTESIAN_POINT('',(-22.75,-16.26123816129,11.613136683545));
#1100 = VECTOR('',#1101,1.);
#1101 = DIRECTION('',(-1.,-0.,0.));
#1102 = PCURVE('',#425,#1103);
#1103 = DEFINITIONAL_REPRESENTATION('',(#1104),#1108);
#1104 = LINE('',#1105,#1106);
#1105 = CARTESIAN_POINT('',(8.4,-4.995132175669));
#1106 = VECTOR('',#1107,1.);
#1107 = DIRECTION('',(-1.,-0.));
#1108 = ( GEOMETRIC_REPRESENTATION_CONTEXT(2) 
PARAMETRIC_REPRESENTATION_CONTEXT() REPRESENTATION_CONTEXT('2D SPACE',''
  ) );
#1109 = PCURVE('',#1043,#1110);
#1110 = DEFINITIONAL_REPRESENTATION('',(#1111),#1115);
#1111 = LINE('',#1112,#1113);
#1112 = CARTESIAN_POINT('',(0.,0.));
#1113 = VECTOR('',#1114,1.);
#1114 = DIRECTION('',(0.,1.));
#1115 = ( GEOMETRIC_REPRESENTATION_CONTEXT(2) 
PARAMETRIC_REPRESENTATION_CONTEXT() REPRESENTATION_CONTEXT('2D SPACE',''
  ) );
#1116 = ORIENTED_EDGE('',*,*,#1117,.F.);
#1117 = EDGE_CURVE('',#1118,#1095,#1120,.T.);
#1118 = VERTEX_POINT('',#1119);
#1119 = CARTESIAN_POINT('',(-23.55,-16.73879350908,9.83087586215));
#1120 = SURFACE_CURVE('',#1121,(#1125,#1132),.PCURVE_S1.);
#1121 = LINE('',#1122,#1123);
#1122 = CARTESIAN_POINT('',(-23.55,-16.73879350908,9.83087586215));
#1123 = VECTOR('',#1124,1.);
#1124 = DIRECTION('',(0.,0.258819045103,0.965925826289));
#1125 = PCURVE('',#425,#1126);
#1126 = DEFINITIONAL_REPRESENTATION('',(#1127),#1131);
#1127 = LINE('',#1128,#1129);
#1128 = CARTESIAN_POINT('',(7.6,-3.15));
#1129 = VECTOR('',#1130,1.);
#1130 = DIRECTION('',(0.,-1.));
#1131 = ( GEOMETRIC_REPRESENTATION_CONTEXT(2) 
PARAMETRIC_REPRESENTATION_CONTEXT() REPRESENTATION_CONTEXT('2D SPACE',''
  ) );
#1132 = PCURVE('',#1133,#1138);
#1133 = CYLINDRICAL_SURFACE('',#1134,0.8);
#1134 = AXIS2_PLACEMENT_3D('',#1135,#1136,#1137);
#1135 = CARTESIAN_POINT('',(-23.55,-15.96605284805,9.623820626068));
#1136 = DIRECTION('',(0.,0.258819045103,0.965925826289));
#1137 = DIRECTION('',(0.,-0.965925826289,0.258819045103));
#1138 = DEFINITIONAL_REPRESENTATION('',(#1139),#1143);
#1139 = LINE('',#1140,#1141);
#1140 = CARTESIAN_POINT('',(0.,0.));
#1141 = VECTOR('',#1142,1.);
#1142 = DIRECTION('',(0.,1.));
#1143 = ( GEOMETRIC_REPRESENTATION_CONTEXT(2) 
PARAMETRIC_REPRESENTATION_CONTEXT() REPRESENTATION_CONTEXT('2D SPACE',''
  ) );
#1144 = ORIENTED_EDGE('',*,*,#1145,.F.);
#1145 = EDGE_CURVE('',#1146,#1118,#1148,.T.);
#1146 = VERTEX_POINT('',#1147);
#1147 = CARTESIAN_POINT('',(-20.75,-17.46348683537,7.126283548541));
#1148 = SURFACE_CURVE('',#1149,(#1154,#1161),.PCURVE_S1.);
#1149 = CIRCLE('',#1150,2.8);
#1150 = AXIS2_PLACEMENT_3D('',#1151,#1152,#1153);
#1151 = CARTESIAN_POINT('',(-20.75,-16.73879350908,9.83087586215));
#1152 = DIRECTION('',(0.,0.965925826289,-0.258819045103));
#1153 = DIRECTION('',(0.,-0.258819045103,-0.965925826289));
#1154 = PCURVE('',#425,#1155);
#1155 = DEFINITIONAL_REPRESENTATION('',(#1156),#1160);
#1156 = CIRCLE('',#1157,2.8);
#1157 = AXIS2_PLACEMENT_2D('',#1158,#1159);
#1158 = CARTESIAN_POINT('',(10.4,-3.15));
#1159 = DIRECTION('',(0.,1.));
#1160 = ( GEOMETRIC_REPRESENTATION_CONTEXT(2) 
PARAMETRIC_REPRESENTATION_CONTEXT() REPRESENTATION_CONTEXT('2D SPACE',''
  ) );
#1161 = PCURVE('',#1162,#1167);
#1162 = TOROIDAL_SURFACE('',#1163,2.8,0.8);
#1163 = AXIS2_PLACEMENT_3D('',#1164,#1165,#1166);
#1164 = CARTESIAN_POINT('',(-20.75,-15.96605284805,9.623820626068));
#1165 = DIRECTION('',(0.,-0.965925826289,0.258819045103));
#1166 = DIRECTION('',(0.,-0.258819045103,-0.965925826289));
#1167 = DEFINITIONAL_REPRESENTATION('',(#1168),#1172);
#1168 = LINE('',#1169,#1170);
#1169 = CARTESIAN_POINT('',(-0.,1.570796326795));
#1170 = VECTOR('',#1171,1.);
#1171 = DIRECTION('',(-1.,0.));
#1172 = ( GEOMETRIC_REPRESENTATION_CONTEXT(2) 
PARAMETRIC_REPRESENTATION_CONTEXT() REPRESENTATION_CONTEXT('2D SPACE',''
  ) );
#1173 = ORIENTED_EDGE('',*,*,#1174,.F.);
#1174 = EDGE_CURVE('',#1175,#1146,#1177,.T.);
#1175 = VERTEX_POINT('',#1176);
#1176 = CARTESIAN_POINT('',(20.75,-17.46348683537,7.126283548541));
#1177 = SURFACE_CURVE('',#1178,(#1182,#1189),.PCURVE_S1.);
#1178 = LINE('',#1179,#1180);
#1179 = CARTESIAN_POINT('',(20.75,-17.46348683537,7.126283548541));
#1180 = VECTOR('',#1181,1.);
#1181 = DIRECTION('',(-1.,-0.,0.));
#1182 = PCURVE('',#425,#1183);
#1183 = DEFINITIONAL_REPRESENTATION('',(#1184),#1188);
#1184 = LINE('',#1185,#1186);
#1185 = CARTESIAN_POINT('',(51.9,-0.35));
#1186 = VECTOR('',#1187,1.);
#1187 = DIRECTION('',(-1.,-0.));
#1188 = ( GEOMETRIC_REPRESENTATION_CONTEXT(2) 
PARAMETRIC_REPRESENTATION_CONTEXT() REPRESENTATION_CONTEXT('2D SPACE',''
  ) );
#1189 = PCURVE('',#1190,#1195);
#1190 = CYLINDRICAL_SURFACE('',#1191,0.8);
#1191 = AXIS2_PLACEMENT_3D('',#1192,#1193,#1194);
#1192 = CARTESIAN_POINT('',(20.75,-16.69074617434,6.919228312459));
#1193 = DIRECTION('',(-1.,-0.,0.));
#1194 = DIRECTION('',(0.,-0.965925826289,0.258819045103));
#1195 = DEFINITIONAL_REPRESENTATION('',(#1196),#1200);
#1196 = LINE('',#1197,#1198);
#1197 = CARTESIAN_POINT('',(0.,0.));
#1198 = VECTOR('',#1199,1.);
#1199 = DIRECTION('',(0.,1.));
#1200 = ( GEOMETRIC_REPRESENTATION_CONTEXT(2) 
PARAMETRIC_REPRESENTATION_CONTEXT() REPRESENTATION_CONTEXT('2D SPACE',''
  ) );
#1201 = ORIENTED_EDGE('',*,*,#1202,.F.);
#1202 = EDGE_CURVE('',#1203,#1175,#1205,.T.);
#1203 = VERTEX_POINT('',#1204);
#1204 = CARTESIAN_POINT('',(23.55,-16.73879350908,9.83087586215));
#1205 = SURFACE_CURVE('',#1206,(#1211,#1218),.PCURVE_S1.);
#1206 = CIRCLE('',#1207,2.8);
#1207 = AXIS2_PLACEMENT_3D('',#1208,#1209,#1210);
#1208 = CARTESIAN_POINT('',(20.75,-16.73879350908,9.83087586215));
#1209 = DIRECTION('',(1.378691132375E-34,0.965925826289,-0.258819045103)
  );
#1210 = DIRECTION('',(1.,1.268524191969E-18,4.734196735057E-18));
#1211 = PCURVE('',#425,#1212);
#1212 = DEFINITIONAL_REPRESENTATION('',(#1213),#1217);
#1213 = CIRCLE('',#1214,2.8);
#1214 = AXIS2_PLACEMENT_2D('',#1215,#1216);
#1215 = CARTESIAN_POINT('',(51.9,-3.15));
#1216 = DIRECTION('',(1.,-4.90120111318E-18));
#1217 = ( GEOMETRIC_REPRESENTATION_CONTEXT(2) 
PARAMETRIC_REPRESENTATION_CONTEXT() REPRESENTATION_CONTEXT('2D SPACE',''
  ) );
#1218 = PCURVE('',#1219,#1224);
#1219 = TOROIDAL_SURFACE('',#1220,2.8,0.8);
#1220 = AXIS2_PLACEMENT_3D('',#1221,#1222,#1223);
#1221 = CARTESIAN_POINT('',(20.75,-15.96605284805,9.623820626068));
#1222 = DIRECTION('',(0.,-0.965925826289,0.258819045103));
#1223 = DIRECTION('',(1.,1.268524191969E-18,4.734196735057E-18));
#1224 = DEFINITIONAL_REPRESENTATION('',(#1225),#1229);
#1225 = LINE('',#1226,#1227);
#1226 = CARTESIAN_POINT('',(-0.,1.570796326795));
#1227 = VECTOR('',#1228,1.);
#1228 = DIRECTION('',(-1.,0.));
#1229 = ( GEOMETRIC_REPRESENTATION_CONTEXT(2) 
PARAMETRIC_REPRESENTATION_CONTEXT() REPRESENTATION_CONTEXT('2D SPACE',''
  ) );
#1230 = ORIENTED_EDGE('',*,*,#1231,.F.);
#1231 = EDGE_CURVE('',#1232,#1203,#1234,.T.);
#1232 = VERTEX_POINT('',#1233);
#1233 = CARTESIAN_POINT('',(23.55,-16.26123816129,11.613136683545));
#1234 = SURFACE_CURVE('',#1235,(#1239,#1246),.PCURVE_S1.);
#1235 = LINE('',#1236,#1237);
#1236 = CARTESIAN_POINT('',(23.55,-16.13056875309,12.100801553929));
#1237 = VECTOR('',#1238,1.);
#1238 = DIRECTION('',(0.,-0.258819045103,-0.965925826289));
#1239 = PCURVE('',#425,#1240);
#1240 = DEFINITIONAL_REPRESENTATION('',(#1241),#1245);
#1241 = LINE('',#1242,#1243);
#1242 = CARTESIAN_POINT('',(54.7,-5.5));
#1243 = VECTOR('',#1244,1.);
#1244 = DIRECTION('',(0.,1.));
#1245 = ( GEOMETRIC_REPRESENTATION_CONTEXT(2) 
PARAMETRIC_REPRESENTATION_CONTEXT() REPRESENTATION_CONTEXT('2D SPACE',''
  ) );
#1246 = PCURVE('',#1247,#1252);
#1247 = CYLINDRICAL_SURFACE('',#1248,0.8);
#1248 = AXIS2_PLACEMENT_3D('',#1249,#1250,#1251);
#1249 = CARTESIAN_POINT('',(23.55,-15.35782809206,11.893746317847));
#1250 = DIRECTION('',(0.,-0.258819045103,-0.965925826289));
#1251 = DIRECTION('',(0.,-0.965925826289,0.258819045103));
#1252 = DEFINITIONAL_REPRESENTATION('',(#1253),#1257);
#1253 = LINE('',#1254,#1255);
#1254 = CARTESIAN_POINT('',(0.,0.));
#1255 = VECTOR('',#1256,1.);
#1256 = DIRECTION('',(0.,1.));
#1257 = ( GEOMETRIC_REPRESENTATION_CONTEXT(2) 
PARAMETRIC_REPRESENTATION_CONTEXT() REPRESENTATION_CONTEXT('2D SPACE',''
  ) );
#1258 = ORIENTED_EDGE('',*,*,#1259,.T.);
#1259 = EDGE_CURVE('',#1232,#1260,#1262,.T.);
#1260 = VERTEX_POINT('',#1261);
#1261 = CARTESIAN_POINT('',(31.15,-16.26123816129,11.613136683545));
#1262 = SURFACE_CURVE('',#1263,(#1267,#1274),.PCURVE_S1.);
#1263 = LINE('',#1264,#1265);
#1264 = CARTESIAN_POINT('',(22.75,-16.26123816129,11.613136683545));
#1265 = VECTOR('',#1266,1.);
#1266 = DIRECTION('',(1.,0.,0.));
#1267 = PCURVE('',#425,#1268);
#1268 = DEFINITIONAL_REPRESENTATION('',(#1269),#1273);
#1269 = LINE('',#1270,#1271);
#1270 = CARTESIAN_POINT('',(53.9,-4.995132175669));
#1271 = VECTOR('',#1272,1.);
#1272 = DIRECTION('',(1.,0.));
#1273 = ( GEOMETRIC_REPRESENTATION_CONTEXT(2) 
PARAMETRIC_REPRESENTATION_CONTEXT() REPRESENTATION_CONTEXT('2D SPACE',''
  ) );
#1274 = PCURVE('',#1275,#1280);
#1275 = CYLINDRICAL_SURFACE('',#1276,0.8);
#1276 = AXIS2_PLACEMENT_3D('',#1277,#1278,#1279);
#1277 = CARTESIAN_POINT('',(22.75,-15.48849750026,11.406081447463));
#1278 = DIRECTION('',(1.,0.,0.));
#1279 = DIRECTION('',(0.,-0.965925826289,0.258819045103));
#1280 = DEFINITIONAL_REPRESENTATION('',(#1281),#1285);
#1281 = LINE('',#1282,#1283);
#1282 = CARTESIAN_POINT('',(-0.,0.));
#1283 = VECTOR('',#1284,1.);
#1284 = DIRECTION('',(-0.,1.));
#1285 = ( GEOMETRIC_REPRESENTATION_CONTEXT(2) 
PARAMETRIC_REPRESENTATION_CONTEXT() REPRESENTATION_CONTEXT('2D SPACE',''
  ) );
#1286 = ORIENTED_EDGE('',*,*,#1287,.F.);
#1287 = EDGE_CURVE('',#555,#1260,#1288,.T.);
#1288 = SURFACE_CURVE('',#1289,(#1293,#1300),.PCURVE_S1.);
#1289 = LINE('',#1290,#1291);
#1290 = CARTESIAN_POINT('',(31.15,-43.43597801141,-89.80437311956));
#1291 = VECTOR('',#1292,1.);
#1292 = DIRECTION('',(0.,0.258819045103,0.965925826289));
#1293 = PCURVE('',#425,#1294);
#1294 = DEFINITIONAL_REPRESENTATION('',(#1295),#1299);
#1295 = LINE('',#1296,#1297);
#1296 = CARTESIAN_POINT('',(62.3,100.));
#1297 = VECTOR('',#1298,1.);
#1298 = DIRECTION('',(0.,-1.));
#1299 = ( GEOMETRIC_REPRESENTATION_CONTEXT(2) 
PARAMETRIC_REPRESENTATION_CONTEXT() REPRESENTATION_CONTEXT('2D SPACE',''
  ) );
#1300 = PCURVE('',#594,#1301);
#1301 = DEFINITIONAL_REPRESENTATION('',(#1302),#1306);
#1302 = LINE('',#1303,#1304);
#1303 = CARTESIAN_POINT('',(-0.,100.));
#1304 = VECTOR('',#1305,1.);
#1305 = DIRECTION('',(-0.,-1.));
#1306 = ( GEOMETRIC_REPRESENTATION_CONTEXT(2) 
PARAMETRIC_REPRESENTATION_CONTEXT() REPRESENTATION_CONTEXT('2D SPACE',''
  ) );
#1307 = ORIENTED_EDGE('',*,*,#554,.T.);
#1308 = ADVANCED_FACE('',(#1309),#507,.F.);
#1309 = FACE_BOUND('',#1310,.F.);
#1310 = EDGE_LOOP('',(#1311,#1334,#1432,#1500,#1528,#1556,#1577,#1578));
#1311 = ORIENTED_EDGE('',*,*,#1312,.F.);
#1312 = EDGE_CURVE('',#1313,#492,#1315,.T.);
#1313 = VERTEX_POINT('',#1314);
#1314 = CARTESIAN_POINT('',(-32.95,-8.23302556882,13.562985010243));
#1315 = SURFACE_CURVE('',#1316,(#1320,#1327),.PCURVE_S1.);
#1316 = LINE('',#1317,#1318);
#1317 = CARTESIAN_POINT('',(0.,-8.23302556882,13.562985010243));
#1318 = VECTOR('',#1319,1.);
#1319 = DIRECTION('',(-1.,0.,0.));
#1320 = PCURVE('',#507,#1321);
#1321 = DEFINITIONAL_REPRESENTATION('',(#1322),#1326);
#1322 = LINE('',#1323,#1324);
#1323 = CARTESIAN_POINT('',(0.,0.));
#1324 = VECTOR('',#1325,1.);
#1325 = DIRECTION('',(-0.,1.));
#1326 = ( GEOMETRIC_REPRESENTATION_CONTEXT(2) 
PARAMETRIC_REPRESENTATION_CONTEXT() REPRESENTATION_CONTEXT('2D SPACE',''
  ) );
#1327 = PCURVE('',#745,#1328);
#1328 = DEFINITIONAL_REPRESENTATION('',(#1329),#1333);
#1329 = LINE('',#1330,#1331);
#1330 = CARTESIAN_POINT('',(1.,0.));
#1331 = VECTOR('',#1332,1.);
#1332 = DIRECTION('',(0.,-1.));
#1333 = ( GEOMETRIC_REPRESENTATION_CONTEXT(2) 
PARAMETRIC_REPRESENTATION_CONTEXT() REPRESENTATION_CONTEXT('2D SPACE',''
  ) );
#1334 = ORIENTED_EDGE('',*,*,#1335,.F.);
#1335 = EDGE_CURVE('',#1336,#1313,#1338,.T.);
#1336 = VERTEX_POINT('',#1337);
#1337 = CARTESIAN_POINT('',(-32.88676325981,-13.12742873394,
    12.656815183806));
#1338 = SURFACE_CURVE('',#1339,(#1356,#1376),.PCURVE_S1.);
#1339 = ( BOUNDED_CURVE() B_SPLINE_CURVE(8,(#1340,#1341,#1342,#1343,
    #1344,#1345,#1346,#1347,#1348,#1349,#1350,#1351,#1352,#1353,#1354,
#1355),.UNSPECIFIED.,.F.,.F.) B_SPLINE_CURVE_WITH_KNOTS((9,7,9),(
9.477710403894,9.779365510685,13.691413367284),.UNSPECIFIED.) CURVE() 
GEOMETRIC_REPRESENTATION_ITEM() RATIONAL_B_SPLINE_CURVE((1.,1.,1.,1.,1.,
1.,1.,1.,1.,1.,1.,1.,1.,1.,1.,1.)) REPRESENTATION_ITEM('') );
#1340 = CARTESIAN_POINT('',(-32.88676325981,-13.12742873394,
    12.656815183807));
#1341 = CARTESIAN_POINT('',(-32.90304202341,-13.04205959321,
    12.672620775792));
#1342 = CARTESIAN_POINT('',(-32.91716168577,-12.95787764309,
    12.68820656645));
#1343 = CARTESIAN_POINT('',(-32.92866925718,-12.87429032017,
    12.703682265397));
#1344 = CARTESIAN_POINT('',(-32.9389372717,-12.78983632578,
    12.719318423443));
#1345 = CARTESIAN_POINT('',(-32.94591680021,-12.70457263199,
    12.735104492551));
#1346 = CARTESIAN_POINT('',(-32.94834932287,-12.62199977133,
    12.750392369803));
#1347 = CARTESIAN_POINT('',(-32.94937484106,-12.5509206107,
    12.763552256408));
#1348 = CARTESIAN_POINT('',(-32.95075448526,-11.94618029328,
    12.875516352946));
#1349 = CARTESIAN_POINT('',(-32.9491991714,-11.41569653016,
    12.973732287215));
#1350 = CARTESIAN_POINT('',(-32.95055389749,-10.88935651777,
    13.07118103052));
#1351 = CARTESIAN_POINT('',(-32.94967858688,-10.36592965214,
    13.168090421917));
#1352 = CARTESIAN_POINT('',(-32.95013012991,-9.835310215891,
    13.266331475266));
#1353 = CARTESIAN_POINT('',(-32.94997270859,-9.302827451949,
    13.364917512726));
#1354 = CARTESIAN_POINT('',(-32.95,-8.768509761108,13.463843276059));
#1355 = CARTESIAN_POINT('',(-32.95,-8.23302556882,13.562985010243));
#1356 = PCURVE('',#507,#1357);
#1357 = DEFINITIONAL_REPRESENTATION('',(#1358),#1375);
#1358 = ( BOUNDED_CURVE() B_SPLINE_CURVE(8,(#1359,#1360,#1361,#1362,
    #1363,#1364,#1365,#1366,#1367,#1368,#1369,#1370,#1371,#1372,#1373,
#1374),.UNSPECIFIED.,.F.,.F.) B_SPLINE_CURVE_WITH_KNOTS((9,7,9),(
9.477710403894,9.779365510685,13.691413367284),.UNSPECIFIED.) CURVE() 
GEOMETRIC_REPRESENTATION_ITEM() RATIONAL_B_SPLINE_CURVE((1.,1.,1.,1.,1.,
1.,1.,1.,1.,1.,1.,1.,1.,1.,1.,1.)) REPRESENTATION_ITEM('') );
#1359 = CARTESIAN_POINT('',(4.97758235463,32.886763259811));
#1360 = CARTESIAN_POINT('',(4.890762386145,32.903042023413));
#1361 = CARTESIAN_POINT('',(4.805149784292,32.917161685771));
#1362 = CARTESIAN_POINT('',(4.720141915178,32.928669257181));
#1363 = CARTESIAN_POINT('',(4.634252645733,32.938937271709));
#1364 = CARTESIAN_POINT('',(4.547539916234,32.945916800216));
#1365 = CARTESIAN_POINT('',(4.463563749926,32.948349322874));
#1366 = CARTESIAN_POINT('',(4.391276616271,32.949374841062));
#1367 = CARTESIAN_POINT('',(3.776258884474,32.950754485262));
#1368 = CARTESIAN_POINT('',(3.23675967903,32.949199171401));
#1369 = CARTESIAN_POINT('',(2.70147464635,32.950553897496));
#1370 = CARTESIAN_POINT('',(2.169152268645,32.949678586882));
#1371 = CARTESIAN_POINT('',(1.629515084328,32.95013012991));
#1372 = CARTESIAN_POINT('',(1.087982905527,32.949972708595));
#1373 = CARTESIAN_POINT('',(0.544584615692,32.95));
#1374 = CARTESIAN_POINT('',(0.,32.95));
#1375 = ( GEOMETRIC_REPRESENTATION_CONTEXT(2) 
PARAMETRIC_REPRESENTATION_CONTEXT() REPRESENTATION_CONTEXT('2D SPACE',''
  ) );
#1376 = PCURVE('',#1377,#1426);
#1377 = ( BOUNDED_SURFACE() B_SPLINE_SURFACE(2,8,(
    (#1378,#1379,#1380,#1381,#1382,#1383,#1384,#1385,#1386,#1387,#1388
      ,#1389,#1390,#1391,#1392,#1393)
    ,(#1394,#1395,#1396,#1397,#1398,#1399,#1400,#1401,#1402,#1403,#1404
      ,#1405,#1406,#1407,#1408,#1409)
    ,(#1410,#1411,#1412,#1413,#1414,#1415,#1416,#1417,#1418,#1419,#1420
      ,#1421,#1422,#1423,#1424,#1425
)),.UNSPECIFIED.,.F.,.F.,.F.) B_SPLINE_SURFACE_WITH_KNOTS((3,3),(9,7,9),
  (0.,4.21370296339),(9.477710403894,9.779365510685,13.691413367284),
.UNSPECIFIED.) GEOMETRIC_REPRESENTATION_ITEM() RATIONAL_B_SPLINE_SURFACE
((
    (1.,1.,1.,1.,1.,1.,1.,1.,1.,1.,1.,1.,1.,1.,1.,1.)
    ,(0.707106781187,0.707106781187,0.707106781187,0.707106781187
      ,0.707106781187,0.707106781187,0.707106781187,0.707106781187
      ,0.707106781187,0.707106831908,0.707106424215,0.707107708167
      ,0.707106434129,0.707106831033,0.707106781187,0.707106781187)
    ,(1.,1.,1.,1.,1.,1.,1.,1.,1.,1.,1.,1.,1.,1.,1.,1.
))) REPRESENTATION_ITEM('') SURFACE() );
#1378 = CARTESIAN_POINT('',(-32.88676325981,-13.12742873394,
    12.656815183807));
#1379 = CARTESIAN_POINT('',(-32.90304202341,-13.04205959321,
    12.672620775792));
#1380 = CARTESIAN_POINT('',(-32.91716168577,-12.95787764309,
    12.68820656645));
#1381 = CARTESIAN_POINT('',(-32.92866925718,-12.87429032017,
    12.703682265397));
#1382 = CARTESIAN_POINT('',(-32.9389372717,-12.78983632578,
    12.719318423443));
#1383 = CARTESIAN_POINT('',(-32.94591680021,-12.70457263199,
    12.735104492551));
#1384 = CARTESIAN_POINT('',(-32.94834932287,-12.62199977133,
    12.750392369803));
#1385 = CARTESIAN_POINT('',(-32.94937484106,-12.5509206107,
    12.763552256408));
#1386 = CARTESIAN_POINT('',(-32.95075448526,-11.94618029328,
    12.875516352946));
#1387 = CARTESIAN_POINT('',(-32.9491991714,-11.41569653016,
    12.973732287215));
#1388 = CARTESIAN_POINT('',(-32.95055389749,-10.88935651777,
    13.07118103052));
#1389 = CARTESIAN_POINT('',(-32.94967858688,-10.36592965214,
    13.168090421917));
#1390 = CARTESIAN_POINT('',(-32.95013012991,-9.835310215891,
    13.266331475266));
#1391 = CARTESIAN_POINT('',(-32.94997270859,-9.302827451949,
    13.364917512726));
#1392 = CARTESIAN_POINT('',(-32.95,-8.768509761108,13.463843276059));
#1393 = CARTESIAN_POINT('',(-32.95,-8.23302556882,13.562985010243));
#1394 = CARTESIAN_POINT('',(-32.15,-12.82090118822,12.713566947716));
#1395 = CARTESIAN_POINT('',(-32.15,-12.77336257889,12.722368440342));
#1396 = CARTESIAN_POINT('',(-32.15,-12.72813390011,12.730742262974));
#1397 = CARTESIAN_POINT('',(-32.15,-12.68454846921,12.738811847973));
#1398 = CARTESIAN_POINT('',(-32.15,-12.64232151664,12.746629918734));
#1399 = CARTESIAN_POINT('',(-32.15,-12.60111649133,12.754258785702));
#1400 = CARTESIAN_POINT('',(-32.15,-12.56041400256,12.761794610999));
#1401 = CARTESIAN_POINT('',(-32.15,-12.51971331741,12.769330102366));
#1402 = CARTESIAN_POINT('',(-32.15,-11.95235043986,12.874373986764));
#1403 = CARTESIAN_POINT('',(-32.15,-11.4271443552,12.971612790051));
#1404 = CARTESIAN_POINT('',(-32.15,-10.89587292167,13.069974556842));
#1405 = CARTESIAN_POINT('',(-32.15,-10.36792391868,13.167721195251));
#1406 = CARTESIAN_POINT('',(-32.15,-9.835259523498,13.266340860663));
#1407 = CARTESIAN_POINT('',(-32.15,-9.302839528985,13.364915276734));
#1408 = CARTESIAN_POINT('',(-32.15,-8.768509761108,13.463843276059));
#1409 = CARTESIAN_POINT('',(-32.15,-8.23302556882,13.562985010243));
#1410 = CARTESIAN_POINT('',(-32.15,-12.67526103412,11.926935556583));
#1411 = CARTESIAN_POINT('',(-32.15,-12.62772242479,11.935737049209));
#1412 = CARTESIAN_POINT('',(-32.15,-12.58249374602,11.944110871841));
#1413 = CARTESIAN_POINT('',(-32.15,-12.53890831511,11.95218045684));
#1414 = CARTESIAN_POINT('',(-32.15,-12.49668136255,11.959998527601));
#1415 = CARTESIAN_POINT('',(-32.15,-12.45547633723,11.967627394569));
#1416 = CARTESIAN_POINT('',(-32.15,-12.41477384846,11.975163219867));
#1417 = CARTESIAN_POINT('',(-32.15,-12.37407316331,11.982698711233));
#1418 = CARTESIAN_POINT('',(-32.15,-11.80671028577,12.087742595631));
#1419 = CARTESIAN_POINT('',(-32.15,-11.28150448017,12.184981471658));
#1420 = CARTESIAN_POINT('',(-32.15,-10.75023190289,12.283342467755));
#1421 = CARTESIAN_POINT('',(-32.15,-10.2223179557,12.381085697433));
#1422 = CARTESIAN_POINT('',(-32.15,-9.689738026981,12.47968654482));
#1423 = CARTESIAN_POINT('',(-32.15,-9.157400756824,12.57824694506));
#1424 = CARTESIAN_POINT('',(-32.15,-8.622989574046,12.677189466869));
#1425 = CARTESIAN_POINT('',(-32.15,-8.087385438943,12.776353749919));
#1426 = DEFINITIONAL_REPRESENTATION('',(#1427),#1431);
#1427 = LINE('',#1428,#1429);
#1428 = CARTESIAN_POINT('',(0.,0.));
#1429 = VECTOR('',#1430,1.);
#1430 = DIRECTION('',(0.,1.));
#1431 = ( GEOMETRIC_REPRESENTATION_CONTEXT(2) 
PARAMETRIC_REPRESENTATION_CONTEXT() REPRESENTATION_CONTEXT('2D SPACE',''
  ) );
#1432 = ORIENTED_EDGE('',*,*,#1433,.F.);
#1433 = EDGE_CURVE('',#1434,#1336,#1436,.T.);
#1434 = VERTEX_POINT('',#1435);
#1435 = CARTESIAN_POINT('',(-31.45,-14.42864074105,12.415903469168));
#1436 = SURFACE_CURVE('',#1437,(#1448,#1462),.PCURVE_S1.);
#1437 = ( BOUNDED_CURVE() B_SPLINE_CURVE(9,(#1438,#1439,#1440,#1441,
    #1442,#1443,#1444,#1445,#1446,#1447),.UNSPECIFIED.,.F.,.F.) 
B_SPLINE_CURVE_WITH_KNOTS((10,10),(8.7,9.477710403893),
.PIECEWISE_BEZIER_KNOTS.) CURVE() GEOMETRIC_REPRESENTATION_ITEM() 
RATIONAL_B_SPLINE_CURVE((1.,1.,1.,1.,1.,1.,1.,1.,1.,1.)) 
REPRESENTATION_ITEM('') );
#1438 = CARTESIAN_POINT('',(-31.45,-14.42864074105,12.415903469168));
#1439 = CARTESIAN_POINT('',(-31.70909930989,-14.42864074105,
    12.415903469168));
#1440 = CARTESIAN_POINT('',(-31.96817876118,-14.37040991829,
    12.426684561934));
#1441 = CARTESIAN_POINT('',(-32.20865023669,-14.25449256149,
    12.448145975623));
#1442 = CARTESIAN_POINT('',(-32.41120566867,-14.0908301644,
    12.478447101412));
#1443 = CARTESIAN_POINT('',(-32.56968142207,-13.91036266402,
    12.511859592779));
#1444 = CARTESIAN_POINT('',(-32.69554185748,-13.71632113153,
    12.547785235984));
#1445 = CARTESIAN_POINT('',(-32.78663971016,-13.51919741334,
    12.58428152766));
#1446 = CARTESIAN_POINT('',(-32.84945748014,-13.32306781513,
    12.620593763898));
#1447 = CARTESIAN_POINT('',(-32.88676325981,-13.12742873394,
    12.656815183806));
#1448 = PCURVE('',#507,#1449);
#1449 = DEFINITIONAL_REPRESENTATION('',(#1450),#1461);
#1450 = ( BOUNDED_CURVE() B_SPLINE_CURVE(9,(#1451,#1452,#1453,#1454,
    #1455,#1456,#1457,#1458,#1459,#1460),.UNSPECIFIED.,.F.,.F.) 
B_SPLINE_CURVE_WITH_KNOTS((10,10),(8.7,9.477710403893),
.PIECEWISE_BEZIER_KNOTS.) CURVE() GEOMETRIC_REPRESENTATION_ITEM() 
RATIONAL_B_SPLINE_CURVE((1.,1.,1.,1.,1.,1.,1.,1.,1.,1.)) 
REPRESENTATION_ITEM('') );
#1451 = CARTESIAN_POINT('',(6.300908142825,31.45));
#1452 = CARTESIAN_POINT('',(6.300908142825,31.70909930989));
#1453 = CARTESIAN_POINT('',(6.241687701413,31.968178761184));
#1454 = CARTESIAN_POINT('',(6.123800357379,32.208650236692));
#1455 = CARTESIAN_POINT('',(5.957356557713,32.411205668673));
#1456 = CARTESIAN_POINT('',(5.773822056123,32.569681422078));
#1457 = CARTESIAN_POINT('',(5.576482835065,32.695541857486));
#1458 = CARTESIAN_POINT('',(5.376009047305,32.786639710165));
#1459 = CARTESIAN_POINT('',(5.176546274348,32.849457480148));
#1460 = CARTESIAN_POINT('',(4.977582354632,32.886763259814));
#1461 = ( GEOMETRIC_REPRESENTATION_CONTEXT(2) 
PARAMETRIC_REPRESENTATION_CONTEXT() REPRESENTATION_CONTEXT('2D SPACE',''
  ) );
#1462 = PCURVE('',#1463,#1494);
#1463 = ( BOUNDED_SURFACE() B_SPLINE_SURFACE(2,9,(
    (#1464,#1465,#1466,#1467,#1468,#1469,#1470,#1471,#1472,#1473)
    ,(#1474,#1475,#1476,#1477,#1478,#1479,#1480,#1481,#1482,#1483)
    ,(#1484,#1485,#1486,#1487,#1488,#1489,#1490,#1491,#1492,#1493
)),.UNSPECIFIED.,.F.,.F.,.F.) B_SPLINE_SURFACE_WITH_KNOTS((3,3),(10,10),
  (0.,0.777710403893),(8.7,9.477710403893),.PIECEWISE_BEZIER_KNOTS.) 
GEOMETRIC_REPRESENTATION_ITEM() RATIONAL_B_SPLINE_SURFACE((
    (1.,1.,1.,1.,1.,1.,1.,1.,1.,1.)
    ,(0.548372041138,0.548372041138,0.556759008875,0.57336825048
      ,0.59686916808,0.622050769335,0.645806431839,0.668099493578
      ,0.688533522768,0.707106781187)
,(1.,1.,1.,1.,1.,1.,1.,1.,1.,1.))) REPRESENTATION_ITEM('') SURFACE() );
#1464 = CARTESIAN_POINT('',(-31.45,-14.42864074105,12.415903469168));
#1465 = CARTESIAN_POINT('',(-31.70909930989,-14.42864074105,
    12.415903469168));
#1466 = CARTESIAN_POINT('',(-31.96817876118,-14.37040991829,
    12.426684561934));
#1467 = CARTESIAN_POINT('',(-32.20865023669,-14.25449256149,
    12.448145975623));
#1468 = CARTESIAN_POINT('',(-32.41120566867,-14.0908301644,
    12.478447101412));
#1469 = CARTESIAN_POINT('',(-32.56968142207,-13.91036266402,
    12.511859592779));
#1470 = CARTESIAN_POINT('',(-32.69554185748,-13.71632113153,
    12.547785235984));
#1471 = CARTESIAN_POINT('',(-32.78663971016,-13.51919741334,
    12.58428152766));
#1472 = CARTESIAN_POINT('',(-32.84945748014,-13.32306781513,
    12.620593763898));
#1473 = CARTESIAN_POINT('',(-32.88676325981,-13.12742873394,
    12.656815183806));
#1474 = CARTESIAN_POINT('',(-31.45,-13.22907504026,12.63799597079));
#1475 = CARTESIAN_POINT('',(-31.53937047232,-13.22907504026,
    12.63799597079));
#1476 = CARTESIAN_POINT('',(-31.62609421121,-13.22336013024,
    12.639054052612));
#1477 = CARTESIAN_POINT('',(-31.71327072964,-13.21183739374,
    12.64118741919));
#1478 = CARTESIAN_POINT('',(-31.80548785841,-13.1919720533,
    12.644865369594));
#1479 = CARTESIAN_POINT('',(-31.90188616081,-13.14782220805,
    12.653039452574));
#1480 = CARTESIAN_POINT('',(-31.98481543544,-13.08348774495,
    12.664950598283));
#1481 = CARTESIAN_POINT('',(-32.05517156966,-13.00503626426,
    12.679475426387));
#1482 = CARTESIAN_POINT('',(-32.11025147951,-12.91624619156,
    12.695914383713));
#1483 = CARTESIAN_POINT('',(-32.15,-12.82090118822,12.713566947716));
#1484 = CARTESIAN_POINT('',(-31.45,-13.50350453513,11.44931123456));
#1485 = CARTESIAN_POINT('',(-31.60702034896,-13.50350453513,
    11.44931123456));
#1486 = CARTESIAN_POINT('',(-31.76396034687,-13.45738297361,
    11.472809059033));
#1487 = CARTESIAN_POINT('',(-31.90323773509,-13.36573117306,
    11.519489076843));
#1488 = CARTESIAN_POINT('',(-32.00409776369,-13.2402740734,
    11.585536453575));
#1489 = CARTESIAN_POINT('',(-32.06819959048,-13.11885741633,
    11.658473979372));
#1490 = CARTESIAN_POINT('',(-32.11315691579,-12.99816160334,
    11.73031348383));
#1491 = CARTESIAN_POINT('',(-32.13832517815,-12.88437323963,
    11.799717105104));
#1492 = CARTESIAN_POINT('',(-32.15,-12.77655356749,11.865441126316));
#1493 = CARTESIAN_POINT('',(-32.15,-12.67526103412,11.926935556584));
#1494 = DEFINITIONAL_REPRESENTATION('',(#1495),#1499);
#1495 = LINE('',#1496,#1497);
#1496 = CARTESIAN_POINT('',(0.,0.));
#1497 = VECTOR('',#1498,1.);
#1498 = DIRECTION('',(0.,1.));
#1499 = ( GEOMETRIC_REPRESENTATION_CONTEXT(2) 
PARAMETRIC_REPRESENTATION_CONTEXT() REPRESENTATION_CONTEXT('2D SPACE',''
  ) );
#1500 = ORIENTED_EDGE('',*,*,#1501,.F.);
#1501 = EDGE_CURVE('',#1502,#1434,#1504,.T.);
#1502 = VERTEX_POINT('',#1503);
#1503 = CARTESIAN_POINT('',(-23.55,-14.42864074105,12.415903469168));
#1504 = SURFACE_CURVE('',#1505,(#1509,#1516),.PCURVE_S1.);
#1505 = LINE('',#1506,#1507);
#1506 = CARTESIAN_POINT('',(-22.75,-14.42864074105,12.415903469168));
#1507 = VECTOR('',#1508,1.);
#1508 = DIRECTION('',(-1.,0.,-0.));
#1509 = PCURVE('',#507,#1510);
#1510 = DEFINITIONAL_REPRESENTATION('',(#1511),#1515);
#1511 = LINE('',#1512,#1513);
#1512 = CARTESIAN_POINT('',(6.300908142825,22.75));
#1513 = VECTOR('',#1514,1.);
#1514 = DIRECTION('',(-0.,1.));
#1515 = ( GEOMETRIC_REPRESENTATION_CONTEXT(2) 
PARAMETRIC_REPRESENTATION_CONTEXT() REPRESENTATION_CONTEXT('2D SPACE',''
  ) );
#1516 = PCURVE('',#1517,#1522);
#1517 = CYLINDRICAL_SURFACE('',#1518,0.8);
#1518 = AXIS2_PLACEMENT_3D('',#1519,#1520,#1521);
#1519 = CARTESIAN_POINT('',(-22.75,-14.28300058696,11.629272078035));
#1520 = DIRECTION('',(-1.,0.,-0.));
#1521 = DIRECTION('',(0.,-0.182050192619,0.983289238916));
#1522 = DEFINITIONAL_REPRESENTATION('',(#1523),#1527);
#1523 = LINE('',#1524,#1525);
#1524 = CARTESIAN_POINT('',(0.,0.));
#1525 = VECTOR('',#1526,1.);
#1526 = DIRECTION('',(0.,1.));
#1527 = ( GEOMETRIC_REPRESENTATION_CONTEXT(2) 
PARAMETRIC_REPRESENTATION_CONTEXT() REPRESENTATION_CONTEXT('2D SPACE',''
  ) );
#1528 = ORIENTED_EDGE('',*,*,#1529,.T.);
#1529 = EDGE_CURVE('',#1502,#1530,#1532,.T.);
#1530 = VERTEX_POINT('',#1531);
#1531 = CARTESIAN_POINT('',(-23.55,-15.63413765435,12.192712838596));
#1532 = SURFACE_CURVE('',#1533,(#1537,#1544),.PCURVE_S1.);
#1533 = LINE('',#1534,#1535);
#1534 = CARTESIAN_POINT('',(-23.55,-13.22907504026,12.63799597079));
#1535 = VECTOR('',#1536,1.);
#1536 = DIRECTION('',(0.,-0.983289238916,-0.182050192619));
#1537 = PCURVE('',#507,#1538);
#1538 = DEFINITIONAL_REPRESENTATION('',(#1539),#1543);
#1539 = LINE('',#1540,#1541);
#1540 = CARTESIAN_POINT('',(5.080956115161,23.55));
#1541 = VECTOR('',#1542,1.);
#1542 = DIRECTION('',(1.,-0.));
#1543 = ( GEOMETRIC_REPRESENTATION_CONTEXT(2) 
PARAMETRIC_REPRESENTATION_CONTEXT() REPRESENTATION_CONTEXT('2D SPACE',''
  ) );
#1544 = PCURVE('',#1545,#1550);
#1545 = CYLINDRICAL_SURFACE('',#1546,0.8);
#1546 = AXIS2_PLACEMENT_3D('',#1547,#1548,#1549);
#1547 = CARTESIAN_POINT('',(-23.55,-13.08343488616,11.851364579658));
#1548 = DIRECTION('',(0.,-0.983289238916,-0.182050192619));
#1549 = DIRECTION('',(0.,-0.182050192619,0.983289238916));
#1550 = DEFINITIONAL_REPRESENTATION('',(#1551),#1555);
#1551 = LINE('',#1552,#1553);
#1552 = CARTESIAN_POINT('',(-0.,0.));
#1553 = VECTOR('',#1554,1.);
#1554 = DIRECTION('',(-0.,1.));
#1555 = ( GEOMETRIC_REPRESENTATION_CONTEXT(2) 
PARAMETRIC_REPRESENTATION_CONTEXT() REPRESENTATION_CONTEXT('2D SPACE',''
  ) );
#1556 = ORIENTED_EDGE('',*,*,#1557,.T.);
#1557 = EDGE_CURVE('',#1530,#996,#1558,.T.);
#1558 = SURFACE_CURVE('',#1559,(#1563,#1570),.PCURVE_S1.);
#1559 = LINE('',#1560,#1561);
#1560 = CARTESIAN_POINT('',(-22.75,-15.63413765435,12.192712838596));
#1561 = VECTOR('',#1562,1.);
#1562 = DIRECTION('',(-1.,-0.,0.));
#1563 = PCURVE('',#507,#1564);
#1564 = DEFINITIONAL_REPRESENTATION('',(#1565),#1569);
#1565 = LINE('',#1566,#1567);
#1566 = CARTESIAN_POINT('',(7.526892182508,22.75));
#1567 = VECTOR('',#1568,1.);
#1568 = DIRECTION('',(-0.,1.));
#1569 = ( GEOMETRIC_REPRESENTATION_CONTEXT(2) 
PARAMETRIC_REPRESENTATION_CONTEXT() REPRESENTATION_CONTEXT('2D SPACE',''
  ) );
#1570 = PCURVE('',#1043,#1571);
#1571 = DEFINITIONAL_REPRESENTATION('',(#1572),#1576);
#1572 = LINE('',#1573,#1574);
#1573 = CARTESIAN_POINT('',(1.125925853387,0.));
#1574 = VECTOR('',#1575,1.);
#1575 = DIRECTION('',(0.,1.));
#1576 = ( GEOMETRIC_REPRESENTATION_CONTEXT(2) 
PARAMETRIC_REPRESENTATION_CONTEXT() REPRESENTATION_CONTEXT('2D SPACE',''
  ) );
#1577 = ORIENTED_EDGE('',*,*,#1055,.T.);
#1578 = ORIENTED_EDGE('',*,*,#491,.T.);
#1579 = ADVANCED_FACE('',(#1580),#684,.F.);
#1580 = FACE_BOUND('',#1581,.F.);
#1581 = EDGE_LOOP('',(#1582,#1583,#1584,#1607));
#1582 = ORIENTED_EDGE('',*,*,#793,.F.);
#1583 = ORIENTED_EDGE('',*,*,#668,.F.);
#1584 = ORIENTED_EDGE('',*,*,#1585,.T.);
#1585 = EDGE_CURVE('',#640,#1586,#1588,.T.);
#1586 = VERTEX_POINT('',#1587);
#1587 = CARTESIAN_POINT('',(29.15,20.,12.2));
#1588 = SURFACE_CURVE('',#1589,(#1593,#1600),.PCURVE_S1.);
#1589 = LINE('',#1590,#1591);
#1590 = CARTESIAN_POINT('',(29.15,20.,8.881784197001E-16));
#1591 = VECTOR('',#1592,1.);
#1592 = DIRECTION('',(0.,1.225300278295E-17,1.));
#1593 = PCURVE('',#684,#1594);
#1594 = DEFINITIONAL_REPRESENTATION('',(#1595),#1599);
#1595 = LINE('',#1596,#1597);
#1596 = CARTESIAN_POINT('',(0.,0.));
#1597 = VECTOR('',#1598,1.);
#1598 = DIRECTION('',(0.,-1.));
#1599 = ( GEOMETRIC_REPRESENTATION_CONTEXT(2) 
PARAMETRIC_REPRESENTATION_CONTEXT() REPRESENTATION_CONTEXT('2D SPACE',''
  ) );
#1600 = PCURVE('',#656,#1601);
#1601 = DEFINITIONAL_REPRESENTATION('',(#1602),#1606);
#1602 = LINE('',#1603,#1604);
#1603 = CARTESIAN_POINT('',(-1.570796326795,0.));
#1604 = VECTOR('',#1605,1.);
#1605 = DIRECTION('',(-0.,-1.));
#1606 = ( GEOMETRIC_REPRESENTATION_CONTEXT(2) 
PARAMETRIC_REPRESENTATION_CONTEXT() REPRESENTATION_CONTEXT('2D SPACE',''
  ) );
#1607 = ORIENTED_EDGE('',*,*,#1608,.F.);
#1608 = EDGE_CURVE('',#794,#1586,#1609,.T.);
#1609 = SURFACE_CURVE('',#1610,(#1614,#1621),.PCURVE_S1.);
#1610 = LINE('',#1611,#1612);
#1611 = CARTESIAN_POINT('',(-29.15,20.,12.2));
#1612 = VECTOR('',#1613,1.);
#1613 = DIRECTION('',(1.,0.,0.));
#1614 = PCURVE('',#684,#1615);
#1615 = DEFINITIONAL_REPRESENTATION('',(#1616),#1620);
#1616 = LINE('',#1617,#1618);
#1617 = CARTESIAN_POINT('',(58.3,-12.2));
#1618 = VECTOR('',#1619,1.);
#1619 = DIRECTION('',(-1.,0.));
#1620 = ( GEOMETRIC_REPRESENTATION_CONTEXT(2) 
PARAMETRIC_REPRESENTATION_CONTEXT() REPRESENTATION_CONTEXT('2D SPACE',''
  ) );
#1621 = PCURVE('',#1622,#1627);
#1622 = CYLINDRICAL_SURFACE('',#1623,0.8);
#1623 = AXIS2_PLACEMENT_3D('',#1624,#1625,#1626);
#1624 = CARTESIAN_POINT('',(-29.15,19.2,12.2));
#1625 = DIRECTION('',(1.,0.,0.));
#1626 = DIRECTION('',(0.,1.,1.225300278295E-17));
#1627 = DEFINITIONAL_REPRESENTATION('',(#1628),#1632);
#1628 = LINE('',#1629,#1630);
#1629 = CARTESIAN_POINT('',(0.,0.));
#1630 = VECTOR('',#1631,1.);
#1631 = DIRECTION('',(0.,1.));
#1632 = ( GEOMETRIC_REPRESENTATION_CONTEXT(2) 
PARAMETRIC_REPRESENTATION_CONTEXT() REPRESENTATION_CONTEXT('2D SPACE',''
  ) );
#1633 = ADVANCED_FACE('',(#1634),#656,.T.);
#1634 = FACE_BOUND('',#1635,.F.);
#1635 = EDGE_LOOP('',(#1636,#1637,#1638,#1661));
#1636 = ORIENTED_EDGE('',*,*,#1585,.F.);
#1637 = ORIENTED_EDGE('',*,*,#639,.F.);
#1638 = ORIENTED_EDGE('',*,*,#1639,.T.);
#1639 = EDGE_CURVE('',#612,#1640,#1642,.T.);
#1640 = VERTEX_POINT('',#1641);
#1641 = CARTESIAN_POINT('',(34.15,15.,12.2));
#1642 = SURFACE_CURVE('',#1643,(#1647,#1654),.PCURVE_S1.);
#1643 = LINE('',#1644,#1645);
#1644 = CARTESIAN_POINT('',(34.15,15.,0.));
#1645 = VECTOR('',#1646,1.);
#1646 = DIRECTION('',(0.,1.225300278295E-17,1.));
#1647 = PCURVE('',#656,#1648);
#1648 = DEFINITIONAL_REPRESENTATION('',(#1649),#1653);
#1649 = LINE('',#1650,#1651);
#1650 = CARTESIAN_POINT('',(-0.,0.));
#1651 = VECTOR('',#1652,1.);
#1652 = DIRECTION('',(-0.,-1.));
#1653 = ( GEOMETRIC_REPRESENTATION_CONTEXT(2) 
PARAMETRIC_REPRESENTATION_CONTEXT() REPRESENTATION_CONTEXT('2D SPACE',''
  ) );
#1654 = PCURVE('',#627,#1655);
#1655 = DEFINITIONAL_REPRESENTATION('',(#1656),#1660);
#1656 = LINE('',#1657,#1658);
#1657 = CARTESIAN_POINT('',(35.,-4.288550974032E-16));
#1658 = VECTOR('',#1659,1.);
#1659 = DIRECTION('',(2.45060055659E-17,-1.));
#1660 = ( GEOMETRIC_REPRESENTATION_CONTEXT(2) 
PARAMETRIC_REPRESENTATION_CONTEXT() REPRESENTATION_CONTEXT('2D SPACE',''
  ) );
#1661 = ORIENTED_EDGE('',*,*,#1662,.F.);
#1662 = EDGE_CURVE('',#1586,#1640,#1663,.T.);
#1663 = SURFACE_CURVE('',#1664,(#1669,#1676),.PCURVE_S1.);
#1664 = CIRCLE('',#1665,5.);
#1665 = AXIS2_PLACEMENT_3D('',#1666,#1667,#1668);
#1666 = CARTESIAN_POINT('',(29.15,15.,12.2));
#1667 = DIRECTION('',(0.,6.587265740426E-17,-1.));
#1668 = DIRECTION('',(0.,1.,6.587265740426E-17));
#1669 = PCURVE('',#656,#1670);
#1670 = DEFINITIONAL_REPRESENTATION('',(#1671),#1675);
#1671 = LINE('',#1672,#1673);
#1672 = CARTESIAN_POINT('',(-1.570796326795,-12.2));
#1673 = VECTOR('',#1674,1.);
#1674 = DIRECTION('',(1.,-0.));
#1675 = ( GEOMETRIC_REPRESENTATION_CONTEXT(2) 
PARAMETRIC_REPRESENTATION_CONTEXT() REPRESENTATION_CONTEXT('2D SPACE',''
  ) );
#1676 = PCURVE('',#1677,#1682);
#1677 = TOROIDAL_SURFACE('',#1678,4.2,0.8);
#1678 = AXIS2_PLACEMENT_3D('',#1679,#1680,#1681);
#1679 = CARTESIAN_POINT('',(29.15,15.,12.2));
#1680 = DIRECTION('',(0.,-7.101372406394E-17,1.));
#1681 = DIRECTION('',(0.,1.,6.587265740426E-17));
#1682 = DEFINITIONAL_REPRESENTATION('',(#1683),#1687);
#1683 = LINE('',#1684,#1685);
#1684 = CARTESIAN_POINT('',(-0.,0.));
#1685 = VECTOR('',#1686,1.);
#1686 = DIRECTION('',(-1.,0.));
#1687 = ( GEOMETRIC_REPRESENTATION_CONTEXT(2) 
PARAMETRIC_REPRESENTATION_CONTEXT() REPRESENTATION_CONTEXT('2D SPACE',''
  ) );
#1688 = ADVANCED_FACE('',(#1689),#627,.F.);
#1689 = FACE_BOUND('',#1690,.F.);
#1690 = EDGE_LOOP('',(#1691,#1692,#1693,#1716,#1744,#1817,#1915,#1943,
    #1976,#2004));
#1691 = ORIENTED_EDGE('',*,*,#1639,.F.);
#1692 = ORIENTED_EDGE('',*,*,#611,.F.);
#1693 = ORIENTED_EDGE('',*,*,#1694,.T.);
#1694 = EDGE_CURVE('',#578,#1695,#1697,.T.);
#1695 = VERTEX_POINT('',#1696);
#1696 = CARTESIAN_POINT('',(34.15,-13.09200163744,11.849778496276));
#1697 = SURFACE_CURVE('',#1698,(#1702,#1709),.PCURVE_S1.);
#1698 = LINE('',#1699,#1700);
#1699 = CARTESIAN_POINT('',(34.15,-40.53820053254,-90.58083025487));
#1700 = VECTOR('',#1701,1.);
#1701 = DIRECTION('',(0.,0.258819045103,0.965925826289));
#1702 = PCURVE('',#627,#1703);
#1703 = DEFINITIONAL_REPRESENTATION('',(#1704),#1708);
#1704 = LINE('',#1705,#1706);
#1705 = CARTESIAN_POINT('',(-20.53820053254,90.580830254875));
#1706 = VECTOR('',#1707,1.);
#1707 = DIRECTION('',(0.258819045103,-0.965925826289));
#1708 = ( GEOMETRIC_REPRESENTATION_CONTEXT(2) 
PARAMETRIC_REPRESENTATION_CONTEXT() REPRESENTATION_CONTEXT('2D SPACE',''
  ) );
#1709 = PCURVE('',#594,#1710);
#1710 = DEFINITIONAL_REPRESENTATION('',(#1711),#1715);
#1711 = LINE('',#1712,#1713);
#1712 = CARTESIAN_POINT('',(-1.570796326795,100.));
#1713 = VECTOR('',#1714,1.);
#1714 = DIRECTION('',(-0.,-1.));
#1715 = ( GEOMETRIC_REPRESENTATION_CONTEXT(2) 
PARAMETRIC_REPRESENTATION_CONTEXT() REPRESENTATION_CONTEXT('2D SPACE',''
  ) );
#1716 = ORIENTED_EDGE('',*,*,#1717,.T.);
#1717 = EDGE_CURVE('',#1695,#1718,#1720,.T.);
#1718 = VERTEX_POINT('',#1719);
#1719 = CARTESIAN_POINT('',(34.15,-8.087385414725,12.776353619111));
#1720 = SURFACE_CURVE('',#1721,(#1725,#1732),.PCURVE_S1.);
#1721 = LINE('',#1722,#1723);
#1722 = CARTESIAN_POINT('',(34.15,-12.71697969516,11.919211592996));
#1723 = VECTOR('',#1724,1.);
#1724 = DIRECTION('',(0.,0.983289238916,0.182050192619));
#1725 = PCURVE('',#627,#1726);
#1726 = DEFINITIONAL_REPRESENTATION('',(#1727),#1731);
#1727 = LINE('',#1728,#1729);
#1728 = CARTESIAN_POINT('',(7.283020304836,-11.91921159299));
#1729 = VECTOR('',#1730,1.);
#1730 = DIRECTION('',(0.983289238916,-0.182050192619));
#1731 = ( GEOMETRIC_REPRESENTATION_CONTEXT(2) 
PARAMETRIC_REPRESENTATION_CONTEXT() REPRESENTATION_CONTEXT('2D SPACE',''
  ) );
#1732 = PCURVE('',#1733,#1738);
#1733 = CYLINDRICAL_SURFACE('',#1734,0.8);
#1734 = AXIS2_PLACEMENT_3D('',#1735,#1736,#1737);
#1735 = CARTESIAN_POINT('',(33.35,-12.71697969516,11.919211592996));
#1736 = DIRECTION('',(0.,0.983289238916,0.182050192619));
#1737 = DIRECTION('',(1.,0.,0.));
#1738 = DEFINITIONAL_REPRESENTATION('',(#1739),#1743);
#1739 = LINE('',#1740,#1741);
#1740 = CARTESIAN_POINT('',(-0.,0.));
#1741 = VECTOR('',#1742,1.);
#1742 = DIRECTION('',(-0.,1.));
#1743 = ( GEOMETRIC_REPRESENTATION_CONTEXT(2) 
PARAMETRIC_REPRESENTATION_CONTEXT() REPRESENTATION_CONTEXT('2D SPACE',''
  ) );
#1744 = ORIENTED_EDGE('',*,*,#1745,.T.);
#1745 = EDGE_CURVE('',#1718,#1746,#1748,.T.);
#1746 = VERTEX_POINT('',#1747);
#1747 = CARTESIAN_POINT('',(34.15,-6.285714524892,12.88142377855));
#1748 = SURFACE_CURVE('',#1749,(#1761,#1776),.PCURVE_S1.);
#1749 = ( BOUNDED_CURVE() B_SPLINE_CURVE(10,(#1750,#1751,#1752,#1753,
    #1754,#1755,#1756,#1757,#1758,#1759,#1760),.UNSPECIFIED.,.F.,.F.) 
B_SPLINE_CURVE_WITH_KNOTS((11,11),(18.077977912742,20.197362547078),
.PIECEWISE_BEZIER_KNOTS.) CURVE() GEOMETRIC_REPRESENTATION_ITEM() 
RATIONAL_B_SPLINE_CURVE((1.,1.,1.,1.,1.,1.,1.,1.,1.,1.,1.)) 
REPRESENTATION_ITEM('') );
#1750 = CARTESIAN_POINT('',(34.15,-8.087385414725,12.776353619111));
#1751 = CARTESIAN_POINT('',(34.15,-7.874110523132,12.815840205111));
#1752 = CARTESIAN_POINT('',(34.15,-7.666240707212,12.8548543596));
#1753 = CARTESIAN_POINT('',(34.15,-7.464087558344,12.891070461366));
#1754 = CARTESIAN_POINT('',(34.15,-7.268378183507,12.921135176322));
#1755 = CARTESIAN_POINT('',(34.15,-7.085027291524,12.944401810174));
#1756 = CARTESIAN_POINT('',(34.15,-6.910028506687,12.9554187415));
#1757 = CARTESIAN_POINT('',(34.15,-6.75488915359,12.957483441408));
#1758 = CARTESIAN_POINT('',(34.15,-6.602890804015,12.950841613008));
#1759 = CARTESIAN_POINT('',(34.15,-6.450560379447,12.928483575464));
#1760 = CARTESIAN_POINT('',(34.15,-6.285714524892,12.88142377855));
#1761 = PCURVE('',#627,#1762);
#1762 = DEFINITIONAL_REPRESENTATION('',(#1763),#1775);
#1763 = ( BOUNDED_CURVE() B_SPLINE_CURVE(10,(#1764,#1765,#1766,#1767,
    #1768,#1769,#1770,#1771,#1772,#1773,#1774),.UNSPECIFIED.,.F.,.F.) 
B_SPLINE_CURVE_WITH_KNOTS((11,11),(18.077977912742,20.197362547078),
.PIECEWISE_BEZIER_KNOTS.) CURVE() GEOMETRIC_REPRESENTATION_ITEM() 
RATIONAL_B_SPLINE_CURVE((1.,1.,1.,1.,1.,1.,1.,1.,1.,1.,1.)) 
REPRESENTATION_ITEM('') );
#1764 = CARTESIAN_POINT('',(11.912614585275,-12.77635361911));
#1765 = CARTESIAN_POINT('',(12.125889476868,-12.81584020511));
#1766 = CARTESIAN_POINT('',(12.333759292788,-12.8548543596));
#1767 = CARTESIAN_POINT('',(12.535912441656,-12.89107046136));
#1768 = CARTESIAN_POINT('',(12.731621816493,-12.92113517632));
#1769 = CARTESIAN_POINT('',(12.914972708476,-12.94440181017));
#1770 = CARTESIAN_POINT('',(13.089971493313,-12.9554187415));
#1771 = CARTESIAN_POINT('',(13.24511084641,-12.9574834414));
#1772 = CARTESIAN_POINT('',(13.397109195985,-12.950841613));
#1773 = CARTESIAN_POINT('',(13.549439620553,-12.92848357546));
#1774 = CARTESIAN_POINT('',(13.714285475108,-12.88142377855));
#1775 = ( GEOMETRIC_REPRESENTATION_CONTEXT(2) 
PARAMETRIC_REPRESENTATION_CONTEXT() REPRESENTATION_CONTEXT('2D SPACE',''
  ) );
#1776 = PCURVE('',#1777,#1811);
#1777 = ( BOUNDED_SURFACE() B_SPLINE_SURFACE(2,10,(
    (#1778,#1779,#1780,#1781,#1782,#1783,#1784,#1785,#1786,#1787,#1788)
    ,(#1789,#1790,#1791,#1792,#1793,#1794,#1795,#1796,#1797,#1798,#1799)
    ,(#1800,#1801,#1802,#1803,#1804,#1805,#1806,#1807,#1808,#1809,#1810
)),.UNSPECIFIED.,.F.,.F.,.F.) B_SPLINE_SURFACE_WITH_KNOTS((3,3),(11,11),
  (0.,2.119384634336),(18.077977912742,20.197362547078),
.PIECEWISE_BEZIER_KNOTS.) GEOMETRIC_REPRESENTATION_ITEM() 
RATIONAL_B_SPLINE_SURFACE((
    (1.,1.,1.,1.,1.,1.,1.,1.,1.,1.,1.)
    ,(0.707106781187,0.707106781187,0.707106781187,0.707106781186
      ,0.707106781187,0.707106781187,0.707106781187,0.707106781187
      ,0.707106781187,0.707106781187,0.707106781187)
,(1.,1.,1.,1.,1.,1.,1.,1.,1.,1.,1.
  ))) REPRESENTATION_ITEM('') SURFACE() );
#1778 = CARTESIAN_POINT('',(34.15,-8.087385414725,12.776353619111));
#1779 = CARTESIAN_POINT('',(34.15,-7.874110523132,12.815840205111));
#1780 = CARTESIAN_POINT('',(34.15,-7.666240707212,12.8548543596));
#1781 = CARTESIAN_POINT('',(34.15,-7.464087558344,12.891070461366));
#1782 = CARTESIAN_POINT('',(34.15,-7.268378183507,12.921135176322));
#1783 = CARTESIAN_POINT('',(34.15,-7.085027291524,12.944401810174));
#1784 = CARTESIAN_POINT('',(34.15,-6.910028506687,12.9554187415));
#1785 = CARTESIAN_POINT('',(34.15,-6.75488915359,12.957483441408));
#1786 = CARTESIAN_POINT('',(34.15,-6.602890804015,12.950841613008));
#1787 = CARTESIAN_POINT('',(34.15,-6.450560379447,12.928483575464));
#1788 = CARTESIAN_POINT('',(34.15,-6.285714524892,12.88142377855));
#1789 = CARTESIAN_POINT('',(34.15,-8.23302556882,13.562985010243));
#1790 = CARTESIAN_POINT('',(34.15,-8.029281106531,13.60070709357));
#1791 = CARTESIAN_POINT('',(34.15,-7.821078640997,13.639671135929));
#1792 = CARTESIAN_POINT('',(34.15,-7.609466181464,13.677702052821));
#1793 = CARTESIAN_POINT('',(34.15,-7.395722732567,13.711833184433));
#1794 = CARTESIAN_POINT('',(34.15,-7.181467057769,13.73995179918));
#1795 = CARTESIAN_POINT('',(34.15,-6.967673573053,13.757276889435));
#1796 = CARTESIAN_POINT('',(34.15,-6.756915918917,13.763021017769));
#1797 = CARTESIAN_POINT('',(34.15,-6.545668015967,13.752336369618));
#1798 = CARTESIAN_POINT('',(34.15,-6.337668911745,13.721434289561));
#1799 = CARTESIAN_POINT('',(34.15,-6.134596775004,13.667021274516));
#1800 = CARTESIAN_POINT('',(33.35,-8.23302556882,13.562985010243));
#1801 = CARTESIAN_POINT('',(33.35,-8.029281106531,13.60070709357));
#1802 = CARTESIAN_POINT('',(33.35,-7.821078640997,13.639671135929));
#1803 = CARTESIAN_POINT('',(33.35,-7.609466181463,13.677702052821));
#1804 = CARTESIAN_POINT('',(33.35,-7.395722732567,13.711833184433));
#1805 = CARTESIAN_POINT('',(33.35,-7.181467057769,13.73995179918));
#1806 = CARTESIAN_POINT('',(33.35,-6.967673573052,13.757276889435));
#1807 = CARTESIAN_POINT('',(33.35,-6.756915918917,13.763021017769));
#1808 = CARTESIAN_POINT('',(33.35,-6.545668015967,13.752336369618));
#1809 = CARTESIAN_POINT('',(33.35,-6.337668911745,13.721434289561));
#1810 = CARTESIAN_POINT('',(33.35,-6.134596775004,13.667021274516));
#1811 = DEFINITIONAL_REPRESENTATION('',(#1812),#1816);
#1812 = LINE('',#1813,#1814);
#1813 = CARTESIAN_POINT('',(0.,0.));
#1814 = VECTOR('',#1815,1.);
#1815 = DIRECTION('',(0.,1.));
#1816 = ( GEOMETRIC_REPRESENTATION_CONTEXT(2) 
PARAMETRIC_REPRESENTATION_CONTEXT() REPRESENTATION_CONTEXT('2D SPACE',''
  ) );
#1817 = ORIENTED_EDGE('',*,*,#1818,.T.);
#1818 = EDGE_CURVE('',#1746,#1819,#1821,.T.);
#1819 = VERTEX_POINT('',#1820);
#1820 = CARTESIAN_POINT('',(34.15,-5.07778924516,12.588266373014));
#1821 = SURFACE_CURVE('',#1822,(#1839,#1859),.PCURVE_S1.);
#1822 = B_SPLINE_CURVE_WITH_KNOTS('',8,(#1823,#1824,#1825,#1826,#1827,
    #1828,#1829,#1830,#1831,#1832,#1833,#1834,#1835,#1836,#1837,#1838),
  .UNSPECIFIED.,.F.,.F.,(9,7,9),(20.197362547078,22.29608659549,
    22.487690349672),.UNSPECIFIED.);
#1823 = CARTESIAN_POINT('',(34.15,-6.285714524892,12.88142377855));
#1824 = CARTESIAN_POINT('',(34.15,-6.081665933599,12.823172478917));
#1825 = CARTESIAN_POINT('',(34.149999999999,-5.831524298738,
    12.761971611078));
#1826 = CARTESIAN_POINT('',(34.150000000001,-5.561586401844,
    12.6923529064));
#1827 = CARTESIAN_POINT('',(34.149999999999,-5.294798986801,
    12.632751009903));
#1828 = CARTESIAN_POINT('',(34.150000000001,-5.028650419319,
    12.57370566494));
#1829 = CARTESIAN_POINT('',(34.15,-4.766548522179,12.521124642788));
#1830 = CARTESIAN_POINT('',(34.15,-4.50322404515,12.47214497843));
#1831 = CARTESIAN_POINT('',(34.15,-4.215373817477,12.423732224621));
#1832 = CARTESIAN_POINT('',(34.15,-4.191292904604,12.419682120802));
#1833 = CARTESIAN_POINT('',(34.15,-4.167211991731,12.415632016983));
#1834 = CARTESIAN_POINT('',(34.15,-4.143131078859,12.411581913164));
#1835 = CARTESIAN_POINT('',(34.15,-4.119050165986,12.407531809345));
#1836 = CARTESIAN_POINT('',(34.15,-4.094969253113,12.403481705526));
#1837 = CARTESIAN_POINT('',(34.15,-4.07088834024,12.399431601708));
#1838 = CARTESIAN_POINT('',(34.15,-4.046807427367,12.395381497889));
#1839 = PCURVE('',#627,#1840);
#1840 = DEFINITIONAL_REPRESENTATION('',(#1841),#1858);
#1841 = B_SPLINE_CURVE_WITH_KNOTS('',8,(#1842,#1843,#1844,#1845,#1846,
    #1847,#1848,#1849,#1850,#1851,#1852,#1853,#1854,#1855,#1856,#1857),
  .UNSPECIFIED.,.F.,.F.,(9,7,9),(20.197362547078,22.29608659549,
    22.487690349672),.UNSPECIFIED.);
#1842 = CARTESIAN_POINT('',(13.714285475108,-12.88142377855));
#1843 = CARTESIAN_POINT('',(13.918334066401,-12.82317247891));
#1844 = CARTESIAN_POINT('',(14.168475701262,-12.76197161107));
#1845 = CARTESIAN_POINT('',(14.438413598156,-12.6923529064));
#1846 = CARTESIAN_POINT('',(14.705201013199,-12.6327510099));
#1847 = CARTESIAN_POINT('',(14.971349580681,-12.57370566494));
#1848 = CARTESIAN_POINT('',(15.233451477821,-12.52112464278));
#1849 = CARTESIAN_POINT('',(15.49677595485,-12.47214497843));
#1850 = CARTESIAN_POINT('',(15.784626182523,-12.42373222462));
#1851 = CARTESIAN_POINT('',(15.808707095396,-12.4196821208));
#1852 = CARTESIAN_POINT('',(15.832788008269,-12.41563201698));
#1853 = CARTESIAN_POINT('',(15.856868921141,-12.41158191316));
#1854 = CARTESIAN_POINT('',(15.880949834014,-12.40753180934));
#1855 = CARTESIAN_POINT('',(15.905030746887,-12.40348170552));
#1856 = CARTESIAN_POINT('',(15.92911165976,-12.3994316017));
#1857 = CARTESIAN_POINT('',(15.953192572633,-12.39538149788));
#1858 = ( GEOMETRIC_REPRESENTATION_CONTEXT(2) 
PARAMETRIC_REPRESENTATION_CONTEXT() REPRESENTATION_CONTEXT('2D SPACE',''
  ) );
#1859 = PCURVE('',#1860,#1909);
#1860 = ( BOUNDED_SURFACE() B_SPLINE_SURFACE(2,8,(
    (#1861,#1862,#1863,#1864,#1865,#1866,#1867,#1868,#1869,#1870,#1871
      ,#1872,#1873,#1874,#1875,#1876)
    ,(#1877,#1878,#1879,#1880,#1881,#1882,#1883,#1884,#1885,#1886,#1887
      ,#1888,#1889,#1890,#1891,#1892)
    ,(#1893,#1894,#1895,#1896,#1897,#1898,#1899,#1900,#1901,#1902,#1903
      ,#1904,#1905,#1906,#1907,#1908
)),.UNSPECIFIED.,.F.,.F.,.F.) B_SPLINE_SURFACE_WITH_KNOTS((3,3),(9,7,9),
  (0.,2.098724048412),(20.197362547078,22.29608659549,22.487690349672),
.UNSPECIFIED.) GEOMETRIC_REPRESENTATION_ITEM() RATIONAL_B_SPLINE_SURFACE
((
    (1.,1.,1.,1.,1.,1.,1.,1.,1.,1.,1.,1.,1.,1.,1.,1.)
    ,(0.707106781187,0.707106781187,0.707106781187,0.707106781187
      ,0.707106781187,0.707106781187,0.707106781187,0.707106781187
      ,0.707106781187,0.707106781187,0.707106781187,0.707106781187
      ,0.707106781187,0.707106781187,0.707106781187,0.707106781187)
    ,(1.,1.,1.,1.,1.,1.,1.,1.,1.,1.,1.,1.,1.,1.,1.,1.
))) REPRESENTATION_ITEM('') SURFACE() );
#1861 = CARTESIAN_POINT('',(34.15,-6.285714524892,12.88142377855));
#1862 = CARTESIAN_POINT('',(34.15,-6.081665933599,12.823172478917));
#1863 = CARTESIAN_POINT('',(34.149999999999,-5.831524298738,
    12.761971611078));
#1864 = CARTESIAN_POINT('',(34.150000000001,-5.561586401844,
    12.6923529064));
#1865 = CARTESIAN_POINT('',(34.149999999999,-5.294798986801,
    12.632751009903));
#1866 = CARTESIAN_POINT('',(34.150000000001,-5.028650419319,
    12.57370566494));
#1867 = CARTESIAN_POINT('',(34.15,-4.766548522179,12.521124642788));
#1868 = CARTESIAN_POINT('',(34.15,-4.50322404515,12.47214497843));
#1869 = CARTESIAN_POINT('',(34.15,-4.215373817477,12.423732224621));
#1870 = CARTESIAN_POINT('',(34.15,-4.191292904604,12.419682120802));
#1871 = CARTESIAN_POINT('',(34.15,-4.167211991731,12.415632016983));
#1872 = CARTESIAN_POINT('',(34.15,-4.143131078859,12.411581913164));
#1873 = CARTESIAN_POINT('',(34.15,-4.119050165986,12.407531809345));
#1874 = CARTESIAN_POINT('',(34.15,-4.094969253113,12.403481705526));
#1875 = CARTESIAN_POINT('',(34.15,-4.07088834024,12.399431601708));
#1876 = CARTESIAN_POINT('',(34.15,-4.046807427367,12.395381497889));
#1877 = CARTESIAN_POINT('',(34.15,-6.134596775004,13.667021274516));
#1878 = CARTESIAN_POINT('',(34.15,-5.883231136815,13.599668054759));
#1879 = CARTESIAN_POINT('',(34.15,-5.631112366689,13.534796411272));
#1880 = CARTESIAN_POINT('',(34.15,-5.372232836953,13.471172016772));
#1881 = CARTESIAN_POINT('',(34.15,-5.117537302253,13.41220792047));
#1882 = CARTESIAN_POINT('',(34.15,-4.858842489915,13.355817659475));
#1883 = CARTESIAN_POINT('',(34.15,-4.6011656289,13.303798013031));
#1884 = CARTESIAN_POINT('',(34.15,-4.342097820467,13.255761872274));
#1885 = CARTESIAN_POINT('',(34.15,-4.058672056752,13.208235061253));
#1886 = CARTESIAN_POINT('',(34.15,-4.034854967944,13.204241245504));
#1887 = CARTESIAN_POINT('',(34.15,-4.010931562341,13.200229601812));
#1888 = CARTESIAN_POINT('',(34.15,-3.986901839943,13.196200130178));
#1889 = CARTESIAN_POINT('',(34.15,-3.96276580075,13.192152830601));
#1890 = CARTESIAN_POINT('',(34.15,-3.93852344476,13.188087703082));
#1891 = CARTESIAN_POINT('',(34.15,-3.914174771976,13.18400474762));
#1892 = CARTESIAN_POINT('',(34.15,-3.889719782396,13.179903964215));
#1893 = CARTESIAN_POINT('',(33.35,-6.134596775004,13.667021274516));
#1894 = CARTESIAN_POINT('',(33.35,-5.883231136815,13.599668054759));
#1895 = CARTESIAN_POINT('',(33.349999999999,-5.631112366689,
    13.534796411272));
#1896 = CARTESIAN_POINT('',(33.350000000001,-5.372232836953,
    13.471172016772));
#1897 = CARTESIAN_POINT('',(33.349999999999,-5.117537302253,
    13.41220792047));
#1898 = CARTESIAN_POINT('',(33.350000000001,-4.858842489915,
    13.355817659476));
#1899 = CARTESIAN_POINT('',(33.35,-4.6011656289,13.30379801303));
#1900 = CARTESIAN_POINT('',(33.35,-4.342097820467,13.255761872274));
#1901 = CARTESIAN_POINT('',(33.35,-4.058672056752,13.208235061253));
#1902 = CARTESIAN_POINT('',(33.35,-4.034854967944,13.204241245504));
#1903 = CARTESIAN_POINT('',(33.35,-4.010931562341,13.200229601812));
#1904 = CARTESIAN_POINT('',(33.35,-3.986901839943,13.196200130178));
#1905 = CARTESIAN_POINT('',(33.35,-3.96276580075,13.192152830601));
#1906 = CARTESIAN_POINT('',(33.35,-3.93852344476,13.188087703082));
#1907 = CARTESIAN_POINT('',(33.35,-3.914174771976,13.18400474762));
#1908 = CARTESIAN_POINT('',(33.35,-3.889719782396,13.179903964215));
#1909 = DEFINITIONAL_REPRESENTATION('',(#1910),#1914);
#1910 = LINE('',#1911,#1912);
#1911 = CARTESIAN_POINT('',(0.,0.));
#1912 = VECTOR('',#1913,1.);
#1913 = DIRECTION('',(0.,1.));
#1914 = ( GEOMETRIC_REPRESENTATION_CONTEXT(2) 
PARAMETRIC_REPRESENTATION_CONTEXT() REPRESENTATION_CONTEXT('2D SPACE',''
  ) );
#1915 = ORIENTED_EDGE('',*,*,#1916,.T.);
#1916 = EDGE_CURVE('',#1819,#1917,#1919,.T.);
#1917 = VERTEX_POINT('',#1918);
#1918 = CARTESIAN_POINT('',(34.15,-6.519805946778,7.20658677721));
#1919 = SURFACE_CURVE('',#1920,(#1924,#1931),.PCURVE_S1.);
#1920 = LINE('',#1921,#1922);
#1921 = CARTESIAN_POINT('',(34.15,-4.855123490068,13.41926628412));
#1922 = VECTOR('',#1923,1.);
#1923 = DIRECTION('',(0.,-0.258819045103,-0.965925826289));
#1924 = PCURVE('',#627,#1925);
#1925 = DEFINITIONAL_REPRESENTATION('',(#1926),#1930);
#1926 = LINE('',#1927,#1928);
#1927 = CARTESIAN_POINT('',(15.144876509932,-13.41926628412));
#1928 = VECTOR('',#1929,1.);
#1929 = DIRECTION('',(-0.258819045103,0.965925826289));
#1930 = ( GEOMETRIC_REPRESENTATION_CONTEXT(2) 
PARAMETRIC_REPRESENTATION_CONTEXT() REPRESENTATION_CONTEXT('2D SPACE',''
  ) );
#1931 = PCURVE('',#1932,#1937);
#1932 = CYLINDRICAL_SURFACE('',#1933,0.8);
#1933 = AXIS2_PLACEMENT_3D('',#1934,#1935,#1936);
#1934 = CARTESIAN_POINT('',(33.35,-4.855123490068,13.41926628412));
#1935 = DIRECTION('',(0.,-0.258819045103,-0.965925826289));
#1936 = DIRECTION('',(1.,0.,0.));
#1937 = DEFINITIONAL_REPRESENTATION('',(#1938),#1942);
#1938 = LINE('',#1939,#1940);
#1939 = CARTESIAN_POINT('',(-0.,0.));
#1940 = VECTOR('',#1941,1.);
#1941 = DIRECTION('',(-0.,1.));
#1942 = ( GEOMETRIC_REPRESENTATION_CONTEXT(2) 
PARAMETRIC_REPRESENTATION_CONTEXT() REPRESENTATION_CONTEXT('2D SPACE',''
  ) );
#1943 = ORIENTED_EDGE('',*,*,#1944,.T.);
#1944 = EDGE_CURVE('',#1917,#1945,#1947,.T.);
#1945 = VERTEX_POINT('',#1946);
#1946 = CARTESIAN_POINT('',(34.15,2.559896820339,4.773687753247));
#1947 = SURFACE_CURVE('',#1948,(#1953,#1964),.PCURVE_S1.);
#1948 = CIRCLE('',#1949,4.7);
#1949 = AXIS2_PLACEMENT_3D('',#1950,#1951,#1952);
#1950 = CARTESIAN_POINT('',(34.15,-1.97995456322,5.990137265228));
#1951 = DIRECTION('',(1.,0.,-0.));
#1952 = DIRECTION('',(0.,-0.965925826289,0.258819045103));
#1953 = PCURVE('',#627,#1954);
#1954 = DEFINITIONAL_REPRESENTATION('',(#1955),#1963);
#1955 = ( BOUNDED_CURVE() B_SPLINE_CURVE(2,(#1956,#1957,#1958,#1959,
#1960,#1961,#1962),.UNSPECIFIED.,.T.,.F.) B_SPLINE_CURVE_WITH_KNOTS((1,2
    ,2,2,2,1),(-2.094395102393,0.,2.094395102393,4.188790204786,
6.28318530718,8.377580409573),.UNSPECIFIED.) CURVE() 
GEOMETRIC_REPRESENTATION_ITEM() RATIONAL_B_SPLINE_CURVE((1.,0.5,1.,0.5,
1.,0.5,1.)) REPRESENTATION_ITEM('') );
#1956 = CARTESIAN_POINT('',(13.480194053222,-7.20658677721));
#1957 = CARTESIAN_POINT('',(11.373241693627,0.656666477925));
#1958 = CARTESIAN_POINT('',(19.236494948762,-1.45028588167));
#1959 = CARTESIAN_POINT('',(27.099748203898,-3.557238241265));
#1960 = CARTESIAN_POINT('',(21.343447308357,-9.313539136805));
#1961 = CARTESIAN_POINT('',(15.587146412817,-15.06984003234));
#1962 = CARTESIAN_POINT('',(13.480194053222,-7.20658677721));
#1963 = ( GEOMETRIC_REPRESENTATION_CONTEXT(2) 
PARAMETRIC_REPRESENTATION_CONTEXT() REPRESENTATION_CONTEXT('2D SPACE',''
  ) );
#1964 = PCURVE('',#1965,#1970);
#1965 = TOROIDAL_SURFACE('',#1966,4.7,0.8);
#1966 = AXIS2_PLACEMENT_3D('',#1967,#1968,#1969);
#1967 = CARTESIAN_POINT('',(33.35,-1.97995456322,5.990137265228));
#1968 = DIRECTION('',(1.,0.,0.));
#1969 = DIRECTION('',(0.,-0.965925826289,0.258819045103));
#1970 = DEFINITIONAL_REPRESENTATION('',(#1971),#1975);
#1971 = LINE('',#1972,#1973);
#1972 = CARTESIAN_POINT('',(0.,1.570796326795));
#1973 = VECTOR('',#1974,1.);
#1974 = DIRECTION('',(1.,0.));
#1975 = ( GEOMETRIC_REPRESENTATION_CONTEXT(2) 
PARAMETRIC_REPRESENTATION_CONTEXT() REPRESENTATION_CONTEXT('2D SPACE',''
  ) );
#1976 = ORIENTED_EDGE('',*,*,#1977,.T.);
#1977 = EDGE_CURVE('',#1945,#1978,#1980,.T.);
#1978 = VERTEX_POINT('',#1979);
#1979 = CARTESIAN_POINT('',(34.15,4.549771189598,12.2));
#1980 = SURFACE_CURVE('',#1981,(#1985,#1992),.PCURVE_S1.);
#1981 = LINE('',#1982,#1983);
#1982 = CARTESIAN_POINT('',(34.15,2.559896820339,4.773687753247));
#1983 = VECTOR('',#1984,1.);
#1984 = DIRECTION('',(0.,0.258819045103,0.965925826289));
#1985 = PCURVE('',#627,#1986);
#1986 = DEFINITIONAL_REPRESENTATION('',(#1987),#1991);
#1987 = LINE('',#1988,#1989);
#1988 = CARTESIAN_POINT('',(22.559896820339,-4.773687753247));
#1989 = VECTOR('',#1990,1.);
#1990 = DIRECTION('',(0.258819045103,-0.965925826289));
#1991 = ( GEOMETRIC_REPRESENTATION_CONTEXT(2) 
PARAMETRIC_REPRESENTATION_CONTEXT() REPRESENTATION_CONTEXT('2D SPACE',''
  ) );
#1992 = PCURVE('',#1993,#1998);
#1993 = CYLINDRICAL_SURFACE('',#1994,0.8);
#1994 = AXIS2_PLACEMENT_3D('',#1995,#1996,#1997);
#1995 = CARTESIAN_POINT('',(33.35,2.559896820339,4.773687753247));
#1996 = DIRECTION('',(0.,0.258819045103,0.965925826289));
#1997 = DIRECTION('',(1.,0.,0.));
#1998 = DEFINITIONAL_REPRESENTATION('',(#1999),#2003);
#1999 = LINE('',#2000,#2001);
#2000 = CARTESIAN_POINT('',(-0.,0.));
#2001 = VECTOR('',#2002,1.);
#2002 = DIRECTION('',(-0.,1.));
#2003 = ( GEOMETRIC_REPRESENTATION_CONTEXT(2) 
PARAMETRIC_REPRESENTATION_CONTEXT() REPRESENTATION_CONTEXT('2D SPACE',''
  ) );
#2004 = ORIENTED_EDGE('',*,*,#2005,.F.);
#2005 = EDGE_CURVE('',#1640,#1978,#2006,.T.);
#2006 = SURFACE_CURVE('',#2007,(#2011,#2018),.PCURVE_S1.);
#2007 = LINE('',#2008,#2009);
#2008 = CARTESIAN_POINT('',(34.15,15.,12.2));
#2009 = VECTOR('',#2010,1.);
#2010 = DIRECTION('',(-0.,-1.,-6.587265740426E-17));
#2011 = PCURVE('',#627,#2012);
#2012 = DEFINITIONAL_REPRESENTATION('',(#2013),#2017);
#2013 = LINE('',#2014,#2015);
#2014 = CARTESIAN_POINT('',(35.,-12.2));
#2015 = VECTOR('',#2016,1.);
#2016 = DIRECTION('',(-1.,7.812566018721E-17));
#2017 = ( GEOMETRIC_REPRESENTATION_CONTEXT(2) 
PARAMETRIC_REPRESENTATION_CONTEXT() REPRESENTATION_CONTEXT('2D SPACE',''
  ) );
#2018 = PCURVE('',#2019,#2024);
#2019 = CYLINDRICAL_SURFACE('',#2020,0.8);
#2020 = AXIS2_PLACEMENT_3D('',#2021,#2022,#2023);
#2021 = CARTESIAN_POINT('',(33.35,15.,12.2));
#2022 = DIRECTION('',(-0.,-1.,-6.587265740426E-17));
#2023 = DIRECTION('',(1.,0.,0.));
#2024 = DEFINITIONAL_REPRESENTATION('',(#2025),#2029);
#2025 = LINE('',#2026,#2027);
#2026 = CARTESIAN_POINT('',(0.,0.));
#2027 = VECTOR('',#2028,1.);
#2028 = DIRECTION('',(0.,1.));
#2029 = ( GEOMETRIC_REPRESENTATION_CONTEXT(2) 
PARAMETRIC_REPRESENTATION_CONTEXT() REPRESENTATION_CONTEXT('2D SPACE',''
  ) );
#2030 = ADVANCED_FACE('',(#2031),#594,.T.);
#2031 = FACE_BOUND('',#2032,.F.);
#2032 = EDGE_LOOP('',(#2033,#2034,#2095,#2096));
#2033 = ORIENTED_EDGE('',*,*,#1287,.T.);
#2034 = ORIENTED_EDGE('',*,*,#2035,.T.);
#2035 = EDGE_CURVE('',#1260,#1695,#2036,.T.);
#2036 = SURFACE_CURVE('',#2037,(#2047,#2060),.PCURVE_S1.);
#2037 = ( BOUNDED_CURVE() B_SPLINE_CURVE(8,(#2038,#2039,#2040,#2041,
    #2042,#2043,#2044,#2045,#2046),.UNSPECIFIED.,.F.,.F.) 
B_SPLINE_CURVE_WITH_KNOTS((9,9),(8.4,12.987623040369),
.PIECEWISE_BEZIER_KNOTS.) CURVE() GEOMETRIC_REPRESENTATION_ITEM() 
RATIONAL_B_SPLINE_CURVE((1.,1.,1.,1.,1.,1.,1.,1.,1.)) 
REPRESENTATION_ITEM('') );
#2038 = CARTESIAN_POINT('',(31.15,-16.26123816129,11.613136683545));
#2039 = CARTESIAN_POINT('',(31.739717423777,-16.26123816129,
    11.613136683545));
#2040 = CARTESIAN_POINT('',(32.345774164075,-16.12128980693,
    11.623723706127));
#2041 = CARTESIAN_POINT('',(32.928023199487,-15.82751603449,
    11.645894469779));
#2042 = CARTESIAN_POINT('',(33.425737878078,-15.38482819172,
    11.681772079865));
#2043 = CARTESIAN_POINT('',(33.788492315158,-14.84940463883,
    11.719139482205));
#2044 = CARTESIAN_POINT('',(34.025934149112,-14.28346928214,
    11.760831720839));
#2045 = CARTESIAN_POINT('',(34.15,-13.69467065861,11.804778284143));
#2046 = CARTESIAN_POINT('',(34.15,-13.09200163744,11.849778496276));
#2047 = PCURVE('',#594,#2048);
#2048 = DEFINITIONAL_REPRESENTATION('',(#2049),#2059);
#2049 = B_SPLINE_CURVE_WITH_KNOTS('',8,(#2050,#2051,#2052,#2053,#2054,
    #2055,#2056,#2057,#2058),.UNSPECIFIED.,.F.,.F.,(9,9),(8.4,
    12.987623040369),.PIECEWISE_BEZIER_KNOTS.);
#2050 = CARTESIAN_POINT('',(1.110223024625E-15,-4.995132175669));
#2051 = CARTESIAN_POINT('',(-0.196572474592,-4.995132175669));
#2052 = CARTESIAN_POINT('',(-0.398570786555,-5.041579445115));
#2053 = CARTESIAN_POINT('',(-0.604344412543,-5.139028959664));
#2054 = CARTESIAN_POINT('',(-0.807354313146,-5.28826266847));
#2055 = CARTESIAN_POINT('',(-1.005697649432,-5.462929775553));
#2056 = CARTESIAN_POINT('',(-1.194856321787,-5.649679995284));
#2057 = CARTESIAN_POINT('',(-1.380634106689,-5.844520297312));
#2058 = CARTESIAN_POINT('',(-1.570796326795,-6.043969384971));
#2059 = ( GEOMETRIC_REPRESENTATION_CONTEXT(2) 
PARAMETRIC_REPRESENTATION_CONTEXT() REPRESENTATION_CONTEXT('2D SPACE',''
  ) );
#2060 = PCURVE('',#2061,#2089);
#2061 = ( BOUNDED_SURFACE() B_SPLINE_SURFACE(2,8,(
    (#2062,#2063,#2064,#2065,#2066,#2067,#2068,#2069,#2070)
    ,(#2071,#2072,#2073,#2074,#2075,#2076,#2077,#2078,#2079)
    ,(#2080,#2081,#2082,#2083,#2084,#2085,#2086,#2087,#2088
)),.UNSPECIFIED.,.F.,.F.,.F.) B_SPLINE_SURFACE_WITH_KNOTS((3,3),(9,9),(
    0.,4.587623040369),(8.4,12.987623040369),.PIECEWISE_BEZIER_KNOTS.) 
GEOMETRIC_REPRESENTATION_ITEM() RATIONAL_B_SPLINE_SURFACE((
    (1.,1.,1.,1.,1.,1.,1.,1.,1.)
    ,(0.845677528555,0.845677528555,0.840116845949,0.828372356224
      ,0.811508991911,0.788062551493,0.762950061424,0.736039728794
      ,0.707106781187)
,(1.,1.,1.,1.,1.,1.,1.,1.,1.))) REPRESENTATION_ITEM('') SURFACE() );
#2062 = CARTESIAN_POINT('',(31.15,-16.26123816129,11.613136683545));
#2063 = CARTESIAN_POINT('',(31.739717423777,-16.26123816129,
    11.613136683545));
#2064 = CARTESIAN_POINT('',(32.345774164075,-16.12128980693,
    11.623723706127));
#2065 = CARTESIAN_POINT('',(32.928023199487,-15.82751603449,
    11.645894469779));
#2066 = CARTESIAN_POINT('',(33.425737878078,-15.38482819172,
    11.681772079865));
#2067 = CARTESIAN_POINT('',(33.788492315158,-14.84940463883,
    11.719139482205));
#2068 = CARTESIAN_POINT('',(34.025934149112,-14.28346928214,
    11.760831720839));
#2069 = CARTESIAN_POINT('',(34.15,-13.69467065861,11.804778284143));
#2070 = CARTESIAN_POINT('',(34.15,-13.09200163744,11.849778496276));
#2071 = CARTESIAN_POINT('',(31.15,-16.13056875309,12.100801553929));
#2072 = CARTESIAN_POINT('',(31.695917919572,-16.13056875309,
    12.100801553929));
#2073 = CARTESIAN_POINT('',(32.268655834629,-16.00659969321,
    12.123753692871));
#2074 = CARTESIAN_POINT('',(32.83080800226,-15.73967689351,
    12.173172872067));
#2075 = CARTESIAN_POINT('',(33.313450305036,-15.32191048691,
    12.250519853791));
#2076 = CARTESIAN_POINT('',(33.663872280547,-14.84321340959,
    12.339147789176));
#2077 = CARTESIAN_POINT('',(33.92095147724,-14.34177311567,
    12.431986496733));
#2078 = CARTESIAN_POINT('',(34.087105790846,-13.80505597402,
    12.531356504206));
#2079 = CARTESIAN_POINT('',(34.15,-13.23764179154,12.636409887408));
#2080 = CARTESIAN_POINT('',(31.15,-15.63413765435,12.192712838596));
#2081 = CARTESIAN_POINT('',(31.594139311891,-15.63413765435,
    12.192712838596));
#2082 = CARTESIAN_POINT('',(32.065036331561,-15.52285548535,
    12.213316074653));
#2083 = CARTESIAN_POINT('',(32.520742256671,-15.27766207957,
    12.258712184959));
#2084 = CARTESIAN_POINT('',(32.893087648422,-14.90634990724,
    12.327458439691));
#2085 = CARTESIAN_POINT('',(33.134269983103,-14.47855205573,
    12.406662684167));
#2086 = CARTESIAN_POINT('',(33.275534084585,-14.06562732207,
    12.483113258753));
#2087 = CARTESIAN_POINT('',(33.350322531788,-13.65656549901,
    12.558848638267));
#2088 = CARTESIAN_POINT('',(33.350001374287,-13.23618371682,
    12.636679841327));
#2089 = DEFINITIONAL_REPRESENTATION('',(#2090),#2094);
#2090 = LINE('',#2091,#2092);
#2091 = CARTESIAN_POINT('',(0.,0.));
#2092 = VECTOR('',#2093,1.);
#2093 = DIRECTION('',(0.,1.));
#2094 = ( GEOMETRIC_REPRESENTATION_CONTEXT(2) 
PARAMETRIC_REPRESENTATION_CONTEXT() REPRESENTATION_CONTEXT('2D SPACE',''
  ) );
#2095 = ORIENTED_EDGE('',*,*,#1694,.F.);
#2096 = ORIENTED_EDGE('',*,*,#577,.F.);
#2097 = ADVANCED_FACE('',(#2098),#745,.T.);
#2098 = FACE_BOUND('',#2099,.T.);
#2099 = EDGE_LOOP('',(#2100,#2101,#2144,#2348,#2369));
#2100 = ORIENTED_EDGE('',*,*,#1312,.F.);
#2101 = ORIENTED_EDGE('',*,*,#2102,.T.);
#2102 = EDGE_CURVE('',#1313,#2103,#2105,.T.);
#2103 = VERTEX_POINT('',#2104);
#2104 = CARTESIAN_POINT('',(-32.94999855119,-7.896335570921,
    13.624711851199));
#2105 = SURFACE_CURVE('',#2106,(#2112,#2121),.PCURVE_S1.);
#2106 = ( BOUNDED_CURVE() B_SPLINE_CURVE(4,(#2107,#2108,#2109,#2110,
#2111),.UNSPECIFIED.,.F.,.F.) B_SPLINE_CURVE_WITH_KNOTS((5,5),(
13.691413367284,14.00016457285),.PIECEWISE_BEZIER_KNOTS.) CURVE() 
GEOMETRIC_REPRESENTATION_ITEM() RATIONAL_B_SPLINE_CURVE((1.,1.,1.,1.,1.)
) REPRESENTATION_ITEM('') );
#2107 = CARTESIAN_POINT('',(-32.95,-8.23302556882,13.562985010243));
#2108 = CARTESIAN_POINT('',(-32.95,-8.148501352352,13.578634169494));
#2109 = CARTESIAN_POINT('',(-32.94999990943,-8.063775999478,
    13.594408492603));
#2110 = CARTESIAN_POINT('',(-32.95000049321,-7.979929951384,
    13.609819443988));
#2111 = CARTESIAN_POINT('',(-32.94999855119,-7.896335570921,
    13.624711851199));
#2112 = PCURVE('',#745,#2113);
#2113 = DEFINITIONAL_REPRESENTATION('',(#2114),#2120);
#2114 = B_SPLINE_CURVE_WITH_KNOTS('',4,(#2115,#2116,#2117,#2118,#2119),
  .UNSPECIFIED.,.F.,.F.,(5,5),(13.691413367284,14.00016457285),
  .PIECEWISE_BEZIER_KNOTS.);
#2115 = CARTESIAN_POINT('',(1.,-32.95));
#2116 = CARTESIAN_POINT('',(0.961203088411,-32.95));
#2117 = CARTESIAN_POINT('',(0.922325232791,-32.94999990943));
#2118 = CARTESIAN_POINT('',(0.883825025009,-32.95000049321));
#2119 = CARTESIAN_POINT('',(0.845379258805,-32.94999855119));
#2120 = ( GEOMETRIC_REPRESENTATION_CONTEXT(2) 
PARAMETRIC_REPRESENTATION_CONTEXT() REPRESENTATION_CONTEXT('2D SPACE',''
  ) );
#2121 = PCURVE('',#2122,#2138);
#2122 = ( BOUNDED_SURFACE() B_SPLINE_SURFACE(2,4,(
    (#2123,#2124,#2125,#2126,#2127)
    ,(#2128,#2129,#2130,#2131,#2132)
    ,(#2133,#2134,#2135,#2136,#2137
)),.UNSPECIFIED.,.F.,.F.,.F.) B_SPLINE_SURFACE_WITH_KNOTS((3,3),(5,5),(
    0.,0.308751205566),(13.691413367284,14.00016457285),
.PIECEWISE_BEZIER_KNOTS.) GEOMETRIC_REPRESENTATION_ITEM() 
RATIONAL_B_SPLINE_SURFACE((
    (1.,1.,1.,1.,1.)
    ,(0.707106781187,0.707106781187,0.707106779195,0.707106799827
      ,0.707106682872)
,(1.,1.,1.,1.,1.))) REPRESENTATION_ITEM('') SURFACE() );
#2123 = CARTESIAN_POINT('',(-32.95,-8.23302556882,13.562985010243));
#2124 = CARTESIAN_POINT('',(-32.95,-8.148501352352,13.578634169494));
#2125 = CARTESIAN_POINT('',(-32.94999990943,-8.063775999478,
    13.594408492603));
#2126 = CARTESIAN_POINT('',(-32.95000049321,-7.979929951384,
    13.609819443988));
#2127 = CARTESIAN_POINT('',(-32.94999855119,-7.896335570921,
    13.624711851199));
#2128 = CARTESIAN_POINT('',(-32.15,-8.23302556882,13.562985010243));
#2129 = CARTESIAN_POINT('',(-32.15,-8.148501352352,13.578634169494));
#2130 = CARTESIAN_POINT('',(-32.15,-8.063958063696,13.594374314063));
#2131 = CARTESIAN_POINT('',(-32.15,-7.979384037265,13.60992355706));
#2132 = CARTESIAN_POINT('',(-32.15,-7.894725673987,13.624998655654));
#2133 = CARTESIAN_POINT('',(-32.15,-8.087385438943,12.776353749919));
#2134 = CARTESIAN_POINT('',(-32.15,-8.002317035738,12.792103716138));
#2135 = CARTESIAN_POINT('',(-32.15,-7.918469817673,12.80771522606));
#2136 = CARTESIAN_POINT('',(-32.15,-7.835871036642,12.822894176724));
#2137 = CARTESIAN_POINT('',(-32.15,-7.754521319246,12.837380032938));
#2138 = DEFINITIONAL_REPRESENTATION('',(#2139),#2143);
#2139 = LINE('',#2140,#2141);
#2140 = CARTESIAN_POINT('',(0.,0.));
#2141 = VECTOR('',#2142,1.);
#2142 = DIRECTION('',(0.,1.));
#2143 = ( GEOMETRIC_REPRESENTATION_CONTEXT(2) 
PARAMETRIC_REPRESENTATION_CONTEXT() REPRESENTATION_CONTEXT('2D SPACE',''
  ) );
#2144 = ORIENTED_EDGE('',*,*,#2145,.T.);
#2145 = EDGE_CURVE('',#2103,#2146,#2148,.T.);
#2146 = VERTEX_POINT('',#2147);
#2147 = CARTESIAN_POINT('',(-32.0933921337,-6.134596775004,
    13.667021274516));
#2148 = SURFACE_CURVE('',#2149,(#2176,#2262),.PCURVE_S1.);
#2149 = ( BOUNDED_CURVE() B_SPLINE_CURVE(9,(#2150,#2151,#2152,#2153,
    #2154,#2155,#2156,#2157,#2158,#2159,#2160,#2161,#2162,#2163,#2164,
    #2165,#2166,#2167,#2168,#2169,#2170,#2171,#2172,#2173,#2174,#2175),
.UNSPECIFIED.,.F.,.F.) B_SPLINE_CURVE_WITH_KNOTS((10,8,8,10),(
    14.00016457285,14.334468076052,14.505790786321,15.117207537044),
.UNSPECIFIED.) CURVE() GEOMETRIC_REPRESENTATION_ITEM() 
RATIONAL_B_SPLINE_CURVE((1.,1.,1.,1.,1.,1.,1.,1.,1.,1.,1.,1.,1.,1.,1.,1.
,1.,1.,1.,1.,1.,1.,1.,1.,1.,1.)) REPRESENTATION_ITEM('') );
#2150 = CARTESIAN_POINT('',(-32.94999855119,-7.896335570921,
    13.624711851199));
#2151 = CARTESIAN_POINT('',(-32.94999761664,-7.8561077201,
    13.631878475706));
#2152 = CARTESIAN_POINT('',(-32.94826585345,-7.815882153333,
    13.638953688835));
#2153 = CARTESIAN_POINT('',(-32.94483143305,-7.775572540616,
    13.64593117389));
#2154 = CARTESIAN_POINT('',(-32.93969471349,-7.73498260293,
    13.652829357295));
#2155 = CARTESIAN_POINT('',(-32.93283425836,-7.693812273369,
    13.659682427908));
#2156 = CARTESIAN_POINT('',(-32.92421285569,-7.651663858263,
    13.666531356324));
#2157 = CARTESIAN_POINT('',(-32.91378353677,-7.608048198308,
    13.673414914178));
#2158 = CARTESIAN_POINT('',(-32.9014955951,-7.562390829684,
    13.680360693456));
#2159 = CARTESIAN_POINT('',(-32.88002600566,-7.489258527628,
    13.690971370452));
#2160 = CARTESIAN_POINT('',(-32.87244344356,-7.453464838084,
    13.696088085282));
#2161 = CARTESIAN_POINT('',(-32.86413607247,-7.413346746278,
    13.701584557725));
#2162 = CARTESIAN_POINT('',(-32.85495341794,-7.372621270092,
    13.706878187169));
#2163 = CARTESIAN_POINT('',(-32.84491580709,-7.332883318999,
    13.711752428116));
#2164 = CARTESIAN_POINT('',(-32.83412702452,-7.294375084396,
    13.716196684229));
#2165 = CARTESIAN_POINT('',(-32.82269519462,-7.256674276816,
    13.720279153247));
#2166 = CARTESIAN_POINT('',(-32.81066189019,-7.21930121004,
    13.724052622771));
#2167 = CARTESIAN_POINT('',(-32.75253566549,-7.049997516871,
    13.739772014615));
#2168 = CARTESIAN_POINT('',(-32.69864082852,-6.921678449312,
    13.747833214718));
#2169 = CARTESIAN_POINT('',(-32.6378438861,-6.798325829274,
    13.751588049403));
#2170 = CARTESIAN_POINT('',(-32.56760143982,-6.675497762069,
    13.749834421839));
#2171 = CARTESIAN_POINT('',(-32.49451569374,-6.562232472369,
    13.744437039558));
#2172 = CARTESIAN_POINT('',(-32.40817478145,-6.44387084626,
    13.732075185346));
#2173 = CARTESIAN_POINT('',(-32.31697262006,-6.335556168392,
    13.715298471149));
#2174 = CARTESIAN_POINT('',(-32.21293229894,-6.229818826058,
    13.692535946198));
#2175 = CARTESIAN_POINT('',(-32.0933921337,-6.134596775004,
    13.667021274516));
#2176 = PCURVE('',#745,#2177);
#2177 = DEFINITIONAL_REPRESENTATION('',(#2178),#2261);
#2178 = B_SPLINE_CURVE_WITH_KNOTS('',11,(#2179,#2180,#2181,#2182,#2183,
    #2184,#2185,#2186,#2187,#2188,#2189,#2190,#2191,#2192,#2193,#2194,
    #2195,#2196,#2197,#2198,#2199,#2200,#2201,#2202,#2203,#2204,#2205,
    #2206,#2207,#2208,#2209,#2210,#2211,#2212,#2213,#2214,#2215,#2216,
    #2217,#2218,#2219,#2220,#2221,#2222,#2223,#2224,#2225,#2226,#2227,
    #2228,#2229,#2230,#2231,#2232,#2233,#2234,#2235,#2236,#2237,#2238,
    #2239,#2240,#2241,#2242,#2243,#2244,#2245,#2246,#2247,#2248,#2249,
    #2250,#2251,#2252,#2253,#2254,#2255,#2256,#2257,#2258,#2259,#2260),
  .UNSPECIFIED.,.F.,.F.,(12,10,10,10,10,10,10,10,12),(14.00016457285,
    14.279425313898,14.314332906529,14.331786702845,14.340513601002,
    14.34924049916,14.419055684422,14.558686054947,15.117207537044),
  .UNSPECIFIED.);
#2179 = CARTESIAN_POINT('',(0.845379258805,-32.94999855119));
#2180 = CARTESIAN_POINT('',(0.832734310714,-32.94999791245));
#2181 = CARTESIAN_POINT('',(0.820084370688,-32.94920669279));
#2182 = CARTESIAN_POINT('',(0.807416956723,-32.94763329346));
#2183 = CARTESIAN_POINT('',(0.794710220083,-32.94528091571));
#2184 = CARTESIAN_POINT('',(0.781933173322,-32.94214823729));
#2185 = CARTESIAN_POINT('',(0.769045918334,-32.93823008942));
#2186 = CARTESIAN_POINT('',(0.755999874359,-32.93351813316));
#2187 = CARTESIAN_POINT('',(0.742738006039,-32.92800153634));
#2188 = CARTESIAN_POINT('',(0.729195051434,-32.92166765008));
#2189 = CARTESIAN_POINT('',(0.715297750058,-32.91450268561));
#2190 = CARTESIAN_POINT('',(0.699173486017,-32.90549110399));
#2191 = CARTESIAN_POINT('',(0.697375109097,-32.90447660935));
#2192 = CARTESIAN_POINT('',(0.695569773808,-32.90344887857));
#2193 = CARTESIAN_POINT('',(0.693757313812,-32.90240788341));
#2194 = CARTESIAN_POINT('',(0.691937562763,-32.90135359543));
#2195 = CARTESIAN_POINT('',(0.690110354325,-32.90028598646));
#2196 = CARTESIAN_POINT('',(0.688275522152,-32.89920502805));
#2197 = CARTESIAN_POINT('',(0.686432899905,-32.89811069199));
#2198 = CARTESIAN_POINT('',(0.684582321242,-32.89700294989));
#2199 = CARTESIAN_POINT('',(0.682723619822,-32.89588177346));
#2200 = CARTESIAN_POINT('',(0.679923134044,-32.89417981486));
#2201 = CARTESIAN_POINT('',(0.678987563753,-32.89360912922));
#2202 = CARTESIAN_POINT('',(0.678049896037,-32.89303507382));
#2203 = CARTESIAN_POINT('',(0.677110108504,-32.89245764498));
#2204 = CARTESIAN_POINT('',(0.676168178761,-32.89187683903));
#2205 = CARTESIAN_POINT('',(0.675224084414,-32.89129265233));
#2206 = CARTESIAN_POINT('',(0.674277803072,-32.89070508117));
#2207 = CARTESIAN_POINT('',(0.673329312341,-32.89011412192));
#2208 = CARTESIAN_POINT('',(0.672378589828,-32.88951977088));
#2209 = CARTESIAN_POINT('',(0.671425613141,-32.88892202441));
#2210 = CARTESIAN_POINT('',(0.669992733259,-32.88802030604));
#2211 = CARTESIAN_POINT('',(0.669516382323,-32.88771880457));
#2212 = CARTESIAN_POINT('',(0.669031249612,-32.88741682164));
#2213 = CARTESIAN_POINT('',(0.668545459873,-32.8871138493));
#2214 = CARTESIAN_POINT('',(0.668139525124,-32.88680708575));
#2215 = CARTESIAN_POINT('',(0.667511715167,-32.88650804248));
#2216 = CARTESIAN_POINT('',(0.667122117527,-32.8861987097));
#2217 = CARTESIAN_POINT('',(0.666548118919,-32.88589576064));
#2218 = CARTESIAN_POINT('',(0.666047732437,-32.88558892965));
#2219 = CARTESIAN_POINT('',(0.665516872357,-32.88528234818));
#2220 = CARTESIAN_POINT('',(0.664446240129,-32.88466757156));
#2221 = CARTESIAN_POINT('',(0.663903477216,-32.88435949319));
#2222 = CARTESIAN_POINT('',(0.663353443063,-32.88405070287));
#2223 = CARTESIAN_POINT('',(0.662796313231,-32.88374117888));
#2224 = CARTESIAN_POINT('',(0.662232263274,-32.8834308991));
#2225 = CARTESIAN_POINT('',(0.661661468758,-32.88311984208));
#2226 = CARTESIAN_POINT('',(0.661084105236,-32.88280798553));
#2227 = CARTESIAN_POINT('',(0.660500348272,-32.88249530798));
#2228 = CARTESIAN_POINT('',(0.659910373421,-32.88218178732));
#2229 = CARTESIAN_POINT('',(0.659314356245,-32.88186740185));
#2230 = CARTESIAN_POINT('',(0.653897400757,-32.87902995211));
#2231 = CARTESIAN_POINT('',(0.648705725122,-32.87645125956));
#2232 = CARTESIAN_POINT('',(0.643220698402,-32.87380609612));
#2233 = CARTESIAN_POINT('',(0.637513066446,-32.87108684934));
#2234 = CARTESIAN_POINT('',(0.631642130267,-32.86828798825));
#2235 = CARTESIAN_POINT('',(0.625656808384,-32.86540580141));
#2236 = CARTESIAN_POINT('',(0.619596699122,-32.86243813491));
#2237 = CARTESIAN_POINT('',(0.613493142965,-32.85938413049));
#2238 = CARTESIAN_POINT('',(0.607370284857,-32.85624396351));
#2239 = CARTESIAN_POINT('',(0.601246136545,-32.85301858101));
#2240 = CARTESIAN_POINT('',(0.582908643589,-32.8430911573));
#2241 = CARTESIAN_POINT('',(0.570729956064,-32.83613157612));
#2242 = CARTESIAN_POINT('',(0.558701908378,-32.8288822238));
#2243 = CARTESIAN_POINT('',(0.546831571636,-32.82126110258));
#2244 = CARTESIAN_POINT('',(0.535112930043,-32.81340730718));
#2245 = CARTESIAN_POINT('',(0.52346492508,-32.80532895575));
#2246 = CARTESIAN_POINT('',(0.511810011188,-32.79690685583));
#2247 = CARTESIAN_POINT('',(0.500179470215,-32.7881458727));
#2248 = CARTESIAN_POINT('',(0.488648728315,-32.77917679102));
#2249 = CARTESIAN_POINT('',(0.477140305792,-32.76990352915));
#2250 = CARTESIAN_POINT('',(0.419857815569,-32.72220543584));
#2251 = CARTESIAN_POINT('',(0.374783929622,-32.67970562166));
#2252 = CARTESIAN_POINT('',(0.330399076838,-32.63306828681));
#2253 = CARTESIAN_POINT('',(0.28653607872,-32.58227448059));
#2254 = CARTESIAN_POINT('',(0.243436682447,-32.5277570277));
#2255 = CARTESIAN_POINT('',(0.20082371486,-32.46908773074));
#2256 = CARTESIAN_POINT('',(0.158379230786,-32.40551984283));
#2257 = CARTESIAN_POINT('',(0.11660561337,-32.33705850582));
#2258 = CARTESIAN_POINT('',(7.625905508646E-02,-32.26361494452));
#2259 = CARTESIAN_POINT('',(3.683970394243E-02,-32.18273630505));
#2260 = CARTESIAN_POINT('',(3.191357875196E-16,-32.0933921337));
#2261 = ( GEOMETRIC_REPRESENTATION_CONTEXT(2) 
PARAMETRIC_REPRESENTATION_CONTEXT() REPRESENTATION_CONTEXT('2D SPACE',''
  ) );
#2262 = PCURVE('',#2263,#2342);
#2263 = ( BOUNDED_SURFACE() B_SPLINE_SURFACE(2,9,(
    (#2264,#2265,#2266,#2267,#2268,#2269,#2270,#2271,#2272,#2273,#2274
      ,#2275,#2276,#2277,#2278,#2279,#2280,#2281,#2282,#2283,#2284,#2285
      ,#2286,#2287,#2288,#2289)
    ,(#2290,#2291,#2292,#2293,#2294,#2295,#2296,#2297,#2298,#2299,#2300
      ,#2301,#2302,#2303,#2304,#2305,#2306,#2307,#2308,#2309,#2310,#2311
      ,#2312,#2313,#2314,#2315)
    ,(#2316,#2317,#2318,#2319,#2320,#2321,#2322,#2323,#2324,#2325,#2326
      ,#2327,#2328,#2329,#2330,#2331,#2332,#2333,#2334,#2335,#2336,#2337
      ,#2338,#2339,#2340,#2341
)),.UNSPECIFIED.,.F.,.F.,.F.) B_SPLINE_SURFACE_WITH_KNOTS((3,3),(10,8,8,
    10),(0.,1.117042964194),(14.00016457285,14.334468076052,
    14.505790786321,15.117207537044),.UNSPECIFIED.) 
GEOMETRIC_REPRESENTATION_ITEM() RATIONAL_B_SPLINE_SURFACE((
    (1.,1.,1.,1.,1.,1.,1.,1.,1.,1.,1.,1.,1.,1.,1.,1.,1.,1.,1.,1.,1.,1.
      ,1.,1.,1.,1.)
    ,(0.707106682872,0.713504772946,0.71976653083,0.72591027966
      ,0.731967610908,0.737970550922,0.743938727453,0.749866536202
      ,0.755710307347,0.764278736235,0.766777262887,0.768917157763
      ,0.770803165188,0.772526081035,0.774124502592,0.775580915352
      ,0.776852116723,0.781794920056,0.783204625535,0.78221972506
      ,0.777550026985,0.771328618606,0.759905161622,0.746587633225
      ,0.729750788609,0.711916249835)
    ,(1.,1.,1.,1.,1.,1.,1.,1.,1.,1.,1.,1.,1.,1.,1.,1.,1.,1.,1.,1.,1.,1.
,1.,1.,1.,1.))) REPRESENTATION_ITEM('') SURFACE() );
#2264 = CARTESIAN_POINT('',(-32.94999855119,-7.896335570921,
    13.624711851199));
#2265 = CARTESIAN_POINT('',(-32.94999761664,-7.8561077201,
    13.631878475706));
#2266 = CARTESIAN_POINT('',(-32.94826585345,-7.815882153333,
    13.638953688835));
#2267 = CARTESIAN_POINT('',(-32.94483143305,-7.775572540616,
    13.64593117389));
#2268 = CARTESIAN_POINT('',(-32.93969471349,-7.73498260293,
    13.652829357295));
#2269 = CARTESIAN_POINT('',(-32.93283425836,-7.693812273369,
    13.659682427908));
#2270 = CARTESIAN_POINT('',(-32.92421285569,-7.651663858263,
    13.666531356324));
#2271 = CARTESIAN_POINT('',(-32.91378353677,-7.608048198308,
    13.673414914178));
#2272 = CARTESIAN_POINT('',(-32.9014955951,-7.562390829684,
    13.680360693456));
#2273 = CARTESIAN_POINT('',(-32.88002600566,-7.489258527628,
    13.690971370452));
#2274 = CARTESIAN_POINT('',(-32.87244344356,-7.453464838084,
    13.696088085282));
#2275 = CARTESIAN_POINT('',(-32.86413607247,-7.413346746278,
    13.701584557725));
#2276 = CARTESIAN_POINT('',(-32.85495341794,-7.372621270092,
    13.706878187169));
#2277 = CARTESIAN_POINT('',(-32.84491580709,-7.332883318999,
    13.711752428116));
#2278 = CARTESIAN_POINT('',(-32.83412702452,-7.294375084396,
    13.716196684229));
#2279 = CARTESIAN_POINT('',(-32.82269519462,-7.256674276816,
    13.720279153247));
#2280 = CARTESIAN_POINT('',(-32.81066189019,-7.21930121004,
    13.724052622771));
#2281 = CARTESIAN_POINT('',(-32.75253566549,-7.049997516871,
    13.739772014615));
#2282 = CARTESIAN_POINT('',(-32.69864082852,-6.921678449312,
    13.747833214718));
#2283 = CARTESIAN_POINT('',(-32.6378438861,-6.798325829274,
    13.751588049403));
#2284 = CARTESIAN_POINT('',(-32.56760143982,-6.675497762069,
    13.749834421839));
#2285 = CARTESIAN_POINT('',(-32.49451569374,-6.562232472369,
    13.744437039558));
#2286 = CARTESIAN_POINT('',(-32.40817478145,-6.44387084626,
    13.732075185346));
#2287 = CARTESIAN_POINT('',(-32.31697262006,-6.335556168392,
    13.715298471149));
#2288 = CARTESIAN_POINT('',(-32.21293229894,-6.229818826058,
    13.692535946198));
#2289 = CARTESIAN_POINT('',(-32.0933921337,-6.134596775004,
    13.667021274516));
#2290 = CARTESIAN_POINT('',(-32.15,-7.894725673987,13.624998655654));
#2291 = CARTESIAN_POINT('',(-32.16434750428,-7.854379991758,
    13.63218300125));
#2292 = CARTESIAN_POINT('',(-32.17657934887,-7.813909277419,
    13.63929453226));
#2293 = CARTESIAN_POINT('',(-32.18677843718,-7.773354879366,
    13.646310700521));
#2294 = CARTESIAN_POINT('',(-32.19500691947,-7.732698775215,
    13.653215694904));
#2295 = CARTESIAN_POINT('',(-32.20129677708,-7.691892407387,
    13.659996759167));
#2296 = CARTESIAN_POINT('',(-32.20564175771,-7.650879860081,
    13.666641429076));
#2297 = CARTESIAN_POINT('',(-32.20798990821,-7.609615711576,
    13.673135582799));
#2298 = CARTESIAN_POINT('',(-32.20823597727,-7.56807778083,
    13.679462198385));
#2299 = CARTESIAN_POINT('',(-32.20518769738,-7.505092140606,
    13.688711275809));
#2300 = CARTESIAN_POINT('',(-32.20310961966,-7.483028072721,
    13.691900504685));
#2301 = CARTESIAN_POINT('',(-32.20013313339,-7.460723838531,
    13.695103316574));
#2302 = CARTESIAN_POINT('',(-32.19643210137,-7.438515801019,
    13.698287830264));
#2303 = CARTESIAN_POINT('',(-32.19213338293,-7.416543757736,
    13.701439086723));
#2304 = CARTESIAN_POINT('',(-32.18728825917,-7.394833743677,
    13.704550127284));
#2305 = CARTESIAN_POINT('',(-32.18188151283,-7.373364067212,
    13.707619167295));
#2306 = CARTESIAN_POINT('',(-32.17587908012,-7.352122216535,
    13.710651748881));
#2307 = CARTESIAN_POINT('',(-32.14604127494,-7.256820801269,
    13.724359253554));
#2308 = CARTESIAN_POINT('',(-32.11546596336,-7.185328104311,
    13.734911569105));
#2309 = CARTESIAN_POINT('',(-32.07803368077,-7.117759530952,
    13.745286168306));
#2310 = CARTESIAN_POINT('',(-32.03489312741,-7.055281363865,
    13.757114093672));
#2311 = CARTESIAN_POINT('',(-31.98633743947,-6.99819988733,
    13.768696074783));
#2312 = CARTESIAN_POINT('',(-31.93427713591,-6.94685524747,
    13.784975245872));
#2313 = CARTESIAN_POINT('',(-31.87892137605,-6.901044198937,
    13.803424008463));
#2314 = CARTESIAN_POINT('',(-31.82123767638,-6.860603662564,
    13.826731631367));
#2315 = CARTESIAN_POINT('',(-31.76097943953,-6.825936356435,
    13.852265157056));
#2316 = CARTESIAN_POINT('',(-32.15,-7.754521319246,12.837380032938));
#2317 = CARTESIAN_POINT('',(-32.15,-7.717910894089,12.858604298897));
#2318 = CARTESIAN_POINT('',(-32.14856159702,-7.681442832329,
    12.87954719728));
#2319 = CARTESIAN_POINT('',(-32.14570745922,-7.645124778149,
    12.900223160236));
#2320 = CARTESIAN_POINT('',(-32.14143083119,-7.608938184116,
    12.920684712841));
#2321 = CARTESIAN_POINT('',(-32.13570524477,-7.572862874009,
    12.940988108717));
#2322 = CARTESIAN_POINT('',(-32.12849422989,-7.536901605639,
    12.961158965643));
#2323 = CARTESIAN_POINT('',(-32.1197610254,-7.50110463367,
    12.981157901179));
#2324 = CARTESIAN_POINT('',(-32.10947828989,-7.465594272444,
    13.00084616828));
#2325 = CARTESIAN_POINT('',(-32.0915698454,-7.412650312226,
    13.029742218487));
#2326 = CARTESIAN_POINT('',(-32.08523949527,-7.395475029028,
    13.038416337272));
#2327 = CARTESIAN_POINT('',(-32.07867898242,-7.379000214713,
    13.046144069939));
#2328 = CARTESIAN_POINT('',(-32.07185920589,-7.363028478903,
    13.053239598788));
#2329 = CARTESIAN_POINT('',(-32.06473939027,-7.347381918646,
    13.059961338051));
#2330 = CARTESIAN_POINT('',(-32.05729703084,-7.33198356082,
    13.06641178661));
#2331 = CARTESIAN_POINT('',(-32.04953813731,-7.316866763634,
    13.072536761148));
#2332 = CARTESIAN_POINT('',(-32.04148777586,-7.30211257722,
    13.078224009707));
#2333 = CARTESIAN_POINT('',(-32.00344397721,-7.236333193692,
    13.102334470729));
#2334 = CARTESIAN_POINT('',(-31.97021205624,-7.189548822311,
    13.115816006195));
#2335 = CARTESIAN_POINT('',(-31.93354097855,-7.147376116823,
    13.124227400573));
#2336 = CARTESIAN_POINT('',(-31.89476676436,-7.110800384959,
    13.126668950284));
#2337 = CARTESIAN_POINT('',(-31.85233749701,-7.078318814667,
    13.125916128159));
#2338 = CARTESIAN_POINT('',(-31.80949548327,-7.052148776241,
    13.119179886401));
#2339 = CARTESIAN_POINT('',(-31.76391245131,-7.029826538773,
    13.110802868331));
#2340 = CARTESIAN_POINT('',(-31.71744354963,-7.012615749081,
    13.099624866636));
#2341 = CARTESIAN_POINT('',(-31.67090942891,-6.999766708775,
    13.087782120025));
#2342 = DEFINITIONAL_REPRESENTATION('',(#2343),#2347);
#2343 = LINE('',#2344,#2345);
#2344 = CARTESIAN_POINT('',(0.,0.));
#2345 = VECTOR('',#2346,1.);
#2346 = DIRECTION('',(0.,1.));
#2347 = ( GEOMETRIC_REPRESENTATION_CONTEXT(2) 
PARAMETRIC_REPRESENTATION_CONTEXT() REPRESENTATION_CONTEXT('2D SPACE',''
  ) );
#2348 = ORIENTED_EDGE('',*,*,#2349,.T.);
#2349 = EDGE_CURVE('',#2146,#723,#2350,.T.);
#2350 = SURFACE_CURVE('',#2351,(#2355,#2362),.PCURVE_S1.);
#2351 = LINE('',#2352,#2353);
#2352 = CARTESIAN_POINT('',(0.,-6.134596775004,13.667021274516));
#2353 = VECTOR('',#2354,1.);
#2354 = DIRECTION('',(-1.,0.,0.));
#2355 = PCURVE('',#745,#2356);
#2356 = DEFINITIONAL_REPRESENTATION('',(#2357),#2361);
#2357 = LINE('',#2358,#2359);
#2358 = CARTESIAN_POINT('',(0.,0.));
#2359 = VECTOR('',#2360,1.);
#2360 = DIRECTION('',(0.,-1.));
#2361 = ( GEOMETRIC_REPRESENTATION_CONTEXT(2) 
PARAMETRIC_REPRESENTATION_CONTEXT() REPRESENTATION_CONTEXT('2D SPACE',''
  ) );
#2362 = PCURVE('',#878,#2363);
#2363 = DEFINITIONAL_REPRESENTATION('',(#2364),#2368);
#2364 = LINE('',#2365,#2366);
#2365 = CARTESIAN_POINT('',(1.,0.));
#2366 = VECTOR('',#2367,1.);
#2367 = DIRECTION('',(0.,-1.));
#2368 = ( GEOMETRIC_REPRESENTATION_CONTEXT(2) 
PARAMETRIC_REPRESENTATION_CONTEXT() REPRESENTATION_CONTEXT('2D SPACE',''
  ) );
#2369 = ORIENTED_EDGE('',*,*,#722,.F.);
#2370 = ADVANCED_FACE('',(#2371),#831,.T.);
#2371 = FACE_BOUND('',#2372,.F.);
#2372 = EDGE_LOOP('',(#2373,#2374,#2375,#2399));
#2373 = ORIENTED_EDGE('',*,*,#969,.F.);
#2374 = ORIENTED_EDGE('',*,*,#816,.T.);
#2375 = ORIENTED_EDGE('',*,*,#2376,.T.);
#2376 = EDGE_CURVE('',#794,#2377,#2379,.T.);
#2377 = VERTEX_POINT('',#2378);
#2378 = CARTESIAN_POINT('',(-29.15,19.2,13.));
#2379 = SURFACE_CURVE('',#2380,(#2385,#2392),.PCURVE_S1.);
#2380 = CIRCLE('',#2381,0.8);
#2381 = AXIS2_PLACEMENT_3D('',#2382,#2383,#2384);
#2382 = CARTESIAN_POINT('',(-29.15,19.2,12.2));
#2383 = DIRECTION('',(1.,-2.820705178114E-15,-1.837960434339E-31));
#2384 = DIRECTION('',(2.820705178114E-15,1.,6.587265740426E-17));
#2385 = PCURVE('',#831,#2386);
#2386 = DEFINITIONAL_REPRESENTATION('',(#2387),#2391);
#2387 = LINE('',#2388,#2389);
#2388 = CARTESIAN_POINT('',(-1.570796326795,0.));
#2389 = VECTOR('',#2390,1.);
#2390 = DIRECTION('',(-0.,1.));
#2391 = ( GEOMETRIC_REPRESENTATION_CONTEXT(2) 
PARAMETRIC_REPRESENTATION_CONTEXT() REPRESENTATION_CONTEXT('2D SPACE',''
  ) );
#2392 = PCURVE('',#1622,#2393);
#2393 = DEFINITIONAL_REPRESENTATION('',(#2394),#2398);
#2394 = LINE('',#2395,#2396);
#2395 = CARTESIAN_POINT('',(0.,0.));
#2396 = VECTOR('',#2397,1.);
#2397 = DIRECTION('',(1.,0.));
#2398 = ( GEOMETRIC_REPRESENTATION_CONTEXT(2) 
PARAMETRIC_REPRESENTATION_CONTEXT() REPRESENTATION_CONTEXT('2D SPACE',''
  ) );
#2399 = ORIENTED_EDGE('',*,*,#2400,.F.);
#2400 = EDGE_CURVE('',#942,#2377,#2401,.T.);
#2401 = SURFACE_CURVE('',#2402,(#2407,#2414),.PCURVE_S1.);
#2402 = CIRCLE('',#2403,4.2);
#2403 = AXIS2_PLACEMENT_3D('',#2404,#2405,#2406);
#2404 = CARTESIAN_POINT('',(-29.15,15.,13.));
#2405 = DIRECTION('',(7.706861054716E-32,6.587265740426E-17,-1.));
#2406 = DIRECTION('',(-1.,2.881937518072E-15,1.127722722413E-31));
#2407 = PCURVE('',#831,#2408);
#2408 = DEFINITIONAL_REPRESENTATION('',(#2409),#2413);
#2409 = LINE('',#2410,#2411);
#2410 = CARTESIAN_POINT('',(-0.,1.570796326795));
#2411 = VECTOR('',#2412,1.);
#2412 = DIRECTION('',(-1.,0.));
#2413 = ( GEOMETRIC_REPRESENTATION_CONTEXT(2) 
PARAMETRIC_REPRESENTATION_CONTEXT() REPRESENTATION_CONTEXT('2D SPACE',''
  ) );
#2414 = PCURVE('',#957,#2415);
#2415 = DEFINITIONAL_REPRESENTATION('',(#2416),#2420);
#2416 = CIRCLE('',#2417,4.2);
#2417 = AXIS2_PLACEMENT_2D('',#2418,#2419);
#2418 = CARTESIAN_POINT('',(47.532541410425,29.15));
#2419 = DIRECTION('',(-2.881937518072E-15,1.));
#2420 = ( GEOMETRIC_REPRESENTATION_CONTEXT(2) 
PARAMETRIC_REPRESENTATION_CONTEXT() REPRESENTATION_CONTEXT('2D SPACE',''
  ) );
#2421 = ADVANCED_FACE('',(#2422),#878,.T.);
#2422 = FACE_BOUND('',#2423,.T.);
#2423 = EDGE_LOOP('',(#2424,#2425,#2483,#2623,#2705,#2741,#2794,#2837,
    #2858));
#2424 = ORIENTED_EDGE('',*,*,#2349,.F.);
#2425 = ORIENTED_EDGE('',*,*,#2426,.T.);
#2426 = EDGE_CURVE('',#2146,#2427,#2429,.T.);
#2427 = VERTEX_POINT('',#2428);
#2428 = CARTESIAN_POINT('',(-31.51668559805,-5.996004275358,
    13.630248664004));
#2429 = SURFACE_CURVE('',#2430,(#2439,#2451),.PCURVE_S1.);
#2430 = ( BOUNDED_CURVE() B_SPLINE_CURVE(7,(#2431,#2432,#2433,#2434,
    #2435,#2436,#2437,#2438),.UNSPECIFIED.,.F.,.F.) 
B_SPLINE_CURVE_WITH_KNOTS((8,8),(15.117207537044,15.417296282639),
.PIECEWISE_BEZIER_KNOTS.) CURVE() GEOMETRIC_REPRESENTATION_ITEM() 
RATIONAL_B_SPLINE_CURVE((1.,1.,1.,1.,1.,1.,1.,1.)) REPRESENTATION_ITEM(
  '') );
#2431 = CARTESIAN_POINT('',(-32.0933921337,-6.134596775004,
    13.667021274516));
#2432 = CARTESIAN_POINT('',(-32.00817449506,-6.094854220742,
    13.656372289196));
#2433 = CARTESIAN_POINT('',(-31.91954136538,-6.061014587766,
    13.64737387519));
#2434 = CARTESIAN_POINT('',(-31.82796194291,-6.033685401964,
    13.640151102149));
#2435 = CARTESIAN_POINT('',(-31.7342279848,-6.012842809199,
    13.634673530681));
#2436 = CARTESIAN_POINT('',(-31.64403658754,-6.002651844972,
    13.631994607839));
#2437 = CARTESIAN_POINT('',(-31.56678985728,-5.996761232501,
    13.630447493912));
#2438 = CARTESIAN_POINT('',(-31.51668559805,-5.996004275358,
    13.630248664004));
#2439 = PCURVE('',#878,#2440);
#2440 = DEFINITIONAL_REPRESENTATION('',(#2441),#2450);
#2441 = B_SPLINE_CURVE_WITH_KNOTS('',7,(#2442,#2443,#2444,#2445,#2446,
    #2447,#2448,#2449),.UNSPECIFIED.,.F.,.F.,(8,8),(15.117207537044,
    15.417296282639),.PIECEWISE_BEZIER_KNOTS.);
#2442 = CARTESIAN_POINT('',(1.,-32.0933921337));
#2443 = CARTESIAN_POINT('',(0.990856773383,-32.00817449506));
#2444 = CARTESIAN_POINT('',(0.98307554308,-31.91954136538));
#2445 = CARTESIAN_POINT('',(0.976793908058,-31.82796194291));
#2446 = CARTESIAN_POINT('',(0.97200499729,-31.7342279848));
#2447 = CARTESIAN_POINT('',(0.96966342578,-31.64403658754));
#2448 = CARTESIAN_POINT('',(0.968310021943,-31.56678985728));
#2449 = CARTESIAN_POINT('',(0.968136105183,-31.51668559805));
#2450 = ( GEOMETRIC_REPRESENTATION_CONTEXT(2) 
PARAMETRIC_REPRESENTATION_CONTEXT() REPRESENTATION_CONTEXT('2D SPACE',''
  ) );
#2451 = PCURVE('',#2452,#2477);
#2452 = ( BOUNDED_SURFACE() B_SPLINE_SURFACE(2,7,(
    (#2453,#2454,#2455,#2456,#2457,#2458,#2459,#2460)
    ,(#2461,#2462,#2463,#2464,#2465,#2466,#2467,#2468)
    ,(#2469,#2470,#2471,#2472,#2473,#2474,#2475,#2476
)),.UNSPECIFIED.,.F.,.F.,.F.) B_SPLINE_SURFACE_WITH_KNOTS((3,3),(8,8),(
    0.,0.300088745595),(15.117207537044,15.417296282639),
.PIECEWISE_BEZIER_KNOTS.) GEOMETRIC_REPRESENTATION_ITEM() 
RATIONAL_B_SPLINE_SURFACE((
    (1.,1.,1.,1.,1.,1.,1.,1.)
    ,(0.711916249835,0.710855781804,0.709947919272,0.709272913426
      ,0.708774048457,0.709063453415,0.709013126113,0.709254922773)
,(1.,1.,1.,1.,1.,1.,1.,1.))) REPRESENTATION_ITEM('') SURFACE() );
#2453 = CARTESIAN_POINT('',(-32.0933921337,-6.134596775004,
    13.667021274516));
#2454 = CARTESIAN_POINT('',(-32.00817449506,-6.094854220742,
    13.656372289196));
#2455 = CARTESIAN_POINT('',(-31.91954136538,-6.061014587766,
    13.64737387519));
#2456 = CARTESIAN_POINT('',(-31.82796194291,-6.033685401964,
    13.640151102149));
#2457 = CARTESIAN_POINT('',(-31.7342279848,-6.012842809199,
    13.634673530681));
#2458 = CARTESIAN_POINT('',(-31.64403658754,-6.002651844972,
    13.631994607839));
#2459 = CARTESIAN_POINT('',(-31.56678985728,-5.996761232501,
    13.630447493912));
#2460 = CARTESIAN_POINT('',(-31.51668559805,-5.996004275358,
    13.630248664004));
#2461 = CARTESIAN_POINT('',(-31.76097943953,-6.825936356435,
    13.852265157056));
#2462 = CARTESIAN_POINT('',(-31.71932434906,-6.808532939034,
    13.846576969062));
#2463 = CARTESIAN_POINT('',(-31.67715689178,-6.794158177511,
    13.841829287068));
#2464 = CARTESIAN_POINT('',(-31.63454322383,-6.782661983874,
    13.838008207827));
#2465 = CARTESIAN_POINT('',(-31.59206149401,-6.773934146605,
    13.835089965869));
#2466 = CARTESIAN_POINT('',(-31.54889913655,-6.767593917568,
    13.833120903685));
#2467 = CARTESIAN_POINT('',(-31.50610627659,-6.764138081396,
    13.832036966902));
#2468 = CARTESIAN_POINT('',(-31.46396829882,-6.763370552477,
    13.831812738871));
#2469 = CARTESIAN_POINT('',(-31.67090942891,-6.999766708775,
    13.087782120025));
#2470 = CARTESIAN_POINT('',(-31.64154454035,-6.991658451204,
    13.080308873963));
#2471 = CARTESIAN_POINT('',(-31.61233468006,-6.985014061622,
    13.074038676062));
#2472 = CARTESIAN_POINT('',(-31.58318414144,-6.979675061577,
    13.069147999062));
#2473 = CARTESIAN_POINT('',(-31.55429887833,-6.975475644716,
    13.065442586937));
#2474 = CARTESIAN_POINT('',(-31.52373061998,-6.97172789681,
    13.064511390575));
#2475 = CARTESIAN_POINT('',(-31.49004758039,-6.969265012107,
    13.063404154537));
#2476 = CARTESIAN_POINT('',(-31.45,-6.969137891843,13.06387857382));
#2477 = DEFINITIONAL_REPRESENTATION('',(#2478),#2482);
#2478 = LINE('',#2479,#2480);
#2479 = CARTESIAN_POINT('',(0.,0.));
#2480 = VECTOR('',#2481,1.);
#2481 = DIRECTION('',(0.,1.));
#2482 = ( GEOMETRIC_REPRESENTATION_CONTEXT(2) 
PARAMETRIC_REPRESENTATION_CONTEXT() REPRESENTATION_CONTEXT('2D SPACE',''
  ) );
#2483 = ORIENTED_EDGE('',*,*,#2484,.T.);
#2484 = EDGE_CURVE('',#2427,#2485,#2487,.T.);
#2485 = VERTEX_POINT('',#2486);
#2486 = CARTESIAN_POINT('',(-9.700000000274,-5.993495604031,
    13.62958983377));
#2487 = SURFACE_CURVE('',#2488,(#2515,#2537),.PCURVE_S1.);
#2488 = B_SPLINE_CURVE_WITH_KNOTS('',9,(#2489,#2490,#2491,#2492,#2493,
    #2494,#2495,#2496,#2497,#2498,#2499,#2500,#2501,#2502,#2503,#2504,
    #2505,#2506,#2507,#2508,#2509,#2510,#2511,#2512,#2513,#2514),
  .UNSPECIFIED.,.F.,.F.,(10,8,8,10),(15.417296282639,15.429992189284,
    37.970746839613,38.975799858255),.UNSPECIFIED.);
#2489 = CARTESIAN_POINT('',(-31.51668559805,-5.996004275358,
    13.630248664004));
#2490 = CARTESIAN_POINT('',(-31.51503688837,-5.995979367245,
    13.630242121391));
#2491 = CARTESIAN_POINT('',(-31.51341668675,-5.995957210719,
    13.63023630156));
#2492 = CARTESIAN_POINT('',(-31.51182545432,-5.995937818631,
    13.630231207877));
#2493 = CARTESIAN_POINT('',(-31.51026365221,-5.995921203824,
    13.630226843717));
#2494 = CARTESIAN_POINT('',(-31.50873174152,-5.995907379152,
    13.63022321244));
#2495 = CARTESIAN_POINT('',(-31.5072301834,-5.995896357457,
    13.630220317425));
#2496 = CARTESIAN_POINT('',(-31.50575943897,-5.995888151591,
    13.630218162034));
#2497 = CARTESIAN_POINT('',(-31.50431996934,-5.995882774399,
    13.630216749639));
#2498 = CARTESIAN_POINT('',(-29.0035728294,-5.991378325666,
    13.629033587989));
#2499 = CARTESIAN_POINT('',(-26.56969511552,-5.994499204996,
    13.62985400277));
#2500 = CARTESIAN_POINT('',(-24.11311078275,-5.993563983284,
    13.629606811554));
#2501 = CARTESIAN_POINT('',(-21.68470979546,-5.993556707013,
    13.629606888903));
#2502 = CARTESIAN_POINT('',(-19.24780134679,-5.993514650903,
    13.629594137942));
#2503 = CARTESIAN_POINT('',(-16.81408677712,-5.993489047131,
    13.629588408668));
#2504 = CARTESIAN_POINT('',(-14.37664928263,-5.993498009708,
    13.629590404108));
#2505 = CARTESIAN_POINT('',(-11.93857054712,-5.993495638357,
    13.629589842938));
#2506 = CARTESIAN_POINT('',(-9.391202109485,-5.993495592305,
    13.629589830846));
#2507 = CARTESIAN_POINT('',(-9.281733136045,-5.993495590326,
    13.629589830327));
#2508 = CARTESIAN_POINT('',(-9.171529634543,-5.993495588334,
    13.629589829803));
#2509 = CARTESIAN_POINT('',(-9.060591604979,-5.993495586328,
    13.629589829277));
#2510 = CARTESIAN_POINT('',(-8.948919047352,-5.99349558431,
    13.629589828747));
#2511 = CARTESIAN_POINT('',(-8.836511961662,-5.993495582277,
    13.629589828213));
#2512 = CARTESIAN_POINT('',(-8.723370347911,-5.993495580232,
    13.629589827676));
#2513 = CARTESIAN_POINT('',(-8.609494206097,-5.993495578173,
    13.629589827136));
#2514 = CARTESIAN_POINT('',(-8.49488353622,-5.993495576101,
    13.629589826592));
#2515 = PCURVE('',#878,#2516);
#2516 = DEFINITIONAL_REPRESENTATION('',(#2517),#2536);
#2517 = B_SPLINE_CURVE_WITH_KNOTS('',9,(#2518,#2519,#2520,#2521,#2522,
    #2523,#2524,#2525,#2526,#2527,#2528,#2529,#2530,#2531,#2532,#2533,
    #2534,#2535),.UNSPECIFIED.,.F.,.F.,(10,8,10),(15.417296282639,
    15.429992189284,37.970746839613),.UNSPECIFIED.);
#2518 = CARTESIAN_POINT('',(0.968136105183,-31.51668559805));
#2519 = CARTESIAN_POINT('',(0.968130382351,-31.51503688837));
#2520 = CARTESIAN_POINT('',(0.968125291719,-31.51341668675));
#2521 = CARTESIAN_POINT('',(0.968120836239,-31.51182545432));
#2522 = CARTESIAN_POINT('',(0.968117018862,-31.51026365221));
#2523 = CARTESIAN_POINT('',(0.968113842539,-31.50873174152));
#2524 = CARTESIAN_POINT('',(0.968111310222,-31.5072301834));
#2525 = CARTESIAN_POINT('',(0.968109424864,-31.50575943897));
#2526 = CARTESIAN_POINT('',(0.968108189414,-31.50431996934));
#2527 = CARTESIAN_POINT('',(0.967073258718,-29.0035728294));
#2528 = CARTESIAN_POINT('',(0.967790342477,-26.56969511552));
#2529 = CARTESIAN_POINT('',(0.967575379677,-24.11311078275));
#2530 = CARTESIAN_POINT('',(0.967573822273,-21.68470979547));
#2531 = CARTESIAN_POINT('',(0.967564061545,-19.24780134679));
#2532 = CARTESIAN_POINT('',(0.96755823617,-16.81408677712));
#2533 = CARTESIAN_POINT('',(0.967560274757,-14.37664928262));
#2534 = CARTESIAN_POINT('',(0.96755973347,-11.93857054712));
#2535 = CARTESIAN_POINT('',(0.967559723341,-9.499936554862));
#2536 = ( GEOMETRIC_REPRESENTATION_CONTEXT(2) 
PARAMETRIC_REPRESENTATION_CONTEXT() REPRESENTATION_CONTEXT('2D SPACE',''
  ) );
#2537 = PCURVE('',#2538,#2617);
#2538 = ( BOUNDED_SURFACE() B_SPLINE_SURFACE(2,9,(
    (#2539,#2540,#2541,#2542,#2543,#2544,#2545,#2546,#2547,#2548,#2549
      ,#2550,#2551,#2552,#2553,#2554,#2555,#2556,#2557,#2558,#2559,#2560
      ,#2561,#2562,#2563,#2564)
    ,(#2565,#2566,#2567,#2568,#2569,#2570,#2571,#2572,#2573,#2574,#2575
      ,#2576,#2577,#2578,#2579,#2580,#2581,#2582,#2583,#2584,#2585,#2586
      ,#2587,#2588,#2589,#2590)
    ,(#2591,#2592,#2593,#2594,#2595,#2596,#2597,#2598,#2599,#2600,#2601
      ,#2602,#2603,#2604,#2605,#2606,#2607,#2608,#2609,#2610,#2611,#2612
      ,#2613,#2614,#2615,#2616
)),.UNSPECIFIED.,.F.,.F.,.F.) B_SPLINE_SURFACE_WITH_KNOTS((3,3),(10,8,8,
    10),(0.,22.553450556974),(15.417296282639,15.429992189284,
    37.970746839613,38.975799858255),.UNSPECIFIED.) 
GEOMETRIC_REPRESENTATION_ITEM() RATIONAL_B_SPLINE_SURFACE((
    (1.,1.,1.,1.,1.,1.,1.,1.,1.,1.,1.,1.,1.,1.,1.,1.,1.,1.,1.,1.,1.,1.
      ,1.,1.,1.,1.)
    ,(0.709254922773,0.709251196955,0.709247883294,0.709244983564
      ,0.709242499542,0.709240433002,0.709238785721,0.709237559473
      ,0.709236756035,0.708563747223,0.709033185519,0.708886195318
      ,0.708894477653,0.708880161976,0.708881031042,0.708880679066
      ,0.708880615665,0.708880608804,0.708880608584,0.708880608438
      ,0.708880608365,0.708880608365,0.708880608438,0.708880608584
      ,0.708880608804,0.708880609097)
    ,(1.,1.,1.,1.,1.,1.,1.,1.,1.,1.,1.,1.,1.,1.,1.,1.,1.,1.,1.,1.,1.,1.
,1.,1.,1.,1.))) REPRESENTATION_ITEM('') SURFACE() );
#2539 = CARTESIAN_POINT('',(-31.51668559805,-5.996004275358,
    13.630248664004));
#2540 = CARTESIAN_POINT('',(-31.51503688837,-5.995979367245,
    13.630242121391));
#2541 = CARTESIAN_POINT('',(-31.51341668675,-5.995957210719,
    13.63023630156));
#2542 = CARTESIAN_POINT('',(-31.51182545432,-5.995937818631,
    13.630231207877));
#2543 = CARTESIAN_POINT('',(-31.51026365221,-5.995921203824,
    13.630226843717));
#2544 = CARTESIAN_POINT('',(-31.50873174152,-5.995907379152,
    13.63022321244));
#2545 = CARTESIAN_POINT('',(-31.5072301834,-5.995896357457,
    13.630220317425));
#2546 = CARTESIAN_POINT('',(-31.50575943897,-5.995888151591,
    13.630218162034));
#2547 = CARTESIAN_POINT('',(-31.50431996934,-5.995882774399,
    13.630216749639));
#2548 = CARTESIAN_POINT('',(-29.0035728294,-5.991378325666,
    13.629033587989));
#2549 = CARTESIAN_POINT('',(-26.56969511552,-5.994499204996,
    13.62985400277));
#2550 = CARTESIAN_POINT('',(-24.11311078275,-5.993563983284,
    13.629606811554));
#2551 = CARTESIAN_POINT('',(-21.68470979546,-5.993556707013,
    13.629606888903));
#2552 = CARTESIAN_POINT('',(-19.24780134679,-5.993514650903,
    13.629594137942));
#2553 = CARTESIAN_POINT('',(-16.81408677712,-5.993489047131,
    13.629588408668));
#2554 = CARTESIAN_POINT('',(-14.37664928263,-5.993498009708,
    13.629590404108));
#2555 = CARTESIAN_POINT('',(-11.93857054712,-5.993495638357,
    13.629589842938));
#2556 = CARTESIAN_POINT('',(-9.391202109485,-5.993495592305,
    13.629589830846));
#2557 = CARTESIAN_POINT('',(-9.281733136045,-5.993495590326,
    13.629589830327));
#2558 = CARTESIAN_POINT('',(-9.171529634543,-5.993495588334,
    13.629589829803));
#2559 = CARTESIAN_POINT('',(-9.060591604979,-5.993495586328,
    13.629589829277));
#2560 = CARTESIAN_POINT('',(-8.948919047352,-5.99349558431,
    13.629589828747));
#2561 = CARTESIAN_POINT('',(-8.836511961662,-5.993495582277,
    13.629589828213));
#2562 = CARTESIAN_POINT('',(-8.723370347911,-5.993495580232,
    13.629589827676));
#2563 = CARTESIAN_POINT('',(-8.609494206097,-5.993495578173,
    13.629589827136));
#2564 = CARTESIAN_POINT('',(-8.49488353622,-5.993495576101,
    13.629589826592));
#2565 = CARTESIAN_POINT('',(-31.46396829882,-6.763370552477,
    13.831812738871));
#2566 = CARTESIAN_POINT('',(-31.46258044239,-6.763370738752,
    13.831812043685));
#2567 = CARTESIAN_POINT('',(-31.46119350763,-6.763370904455,
    13.831811425271));
#2568 = CARTESIAN_POINT('',(-31.45980749475,-6.76337104949,
    13.831810883994));
#2569 = CARTESIAN_POINT('',(-31.45842240397,-6.763371173758,
    13.83181042022));
#2570 = CARTESIAN_POINT('',(-31.45703823552,-6.763371277161,
    13.831810034315));
#2571 = CARTESIAN_POINT('',(-31.45565498966,-6.763371359601,
    13.831809726643));
#2572 = CARTESIAN_POINT('',(-31.45427266662,-6.763371420982,
    13.831809497569));
#2573 = CARTESIAN_POINT('',(-31.45289126669,-6.763371461204,
    13.831809347457));
#2574 = CARTESIAN_POINT('',(-28.9982366874,-6.7634051862,13.831683484057
    ));
#2575 = CARTESIAN_POINT('',(-26.58882073094,-6.763381968767,
    13.831770132698));
#2576 = CARTESIAN_POINT('',(-24.12612270168,-6.763388611127,
    13.831745343074));
#2577 = CARTESIAN_POINT('',(-21.6985464799,-6.763389128195,
    13.831743413348));
#2578 = CARTESIAN_POINT('',(-19.25328860202,-6.763389046633,
    13.831743717741));
#2579 = CARTESIAN_POINT('',(-16.81736775772,-6.763389470015,
    13.83174213766));
#2580 = CARTESIAN_POINT('',(-14.37764372041,-6.763389319465,
    13.83174269952));
#2581 = CARTESIAN_POINT('',(-11.93891487481,-6.763389351573,
    13.831742579691));
#2582 = CARTESIAN_POINT('',(-9.391291592416,-6.763389351919,
    13.831742578401));
#2583 = CARTESIAN_POINT('',(-9.281814459603,-6.763389351933,
    13.831742578345));
#2584 = CARTESIAN_POINT('',(-9.171605518447,-6.763389351948,
    13.831742578289));
#2585 = CARTESIAN_POINT('',(-9.060664768981,-6.763389351963,
    13.831742578233));
#2586 = CARTESIAN_POINT('',(-8.948992211239,-6.763389351979,
    13.831742578177));
#2587 = CARTESIAN_POINT('',(-8.836587845255,-6.763389351994,
    13.83174257812));
#2588 = CARTESIAN_POINT('',(-8.723451671066,-6.763389352009,
    13.831742578062));
#2589 = CARTESIAN_POINT('',(-8.609583688705,-6.763389352025,
    13.831742578005));
#2590 = CARTESIAN_POINT('',(-8.49498389821,-6.76338935204,
    13.831742577947));
#2591 = CARTESIAN_POINT('',(-31.45,-6.969137891843,13.06387857382));
#2592 = CARTESIAN_POINT('',(-31.44868174537,-6.969140570346,
    13.063868577511));
#2593 = CARTESIAN_POINT('',(-31.44735702053,-6.969142952537,
    13.063859687054));
#2594 = CARTESIAN_POINT('',(-31.44602571078,-6.969145037143,
    13.063851907198));
#2595 = CARTESIAN_POINT('',(-31.44468770143,-6.969146822888,
    13.063845242703));
#2596 = CARTESIAN_POINT('',(-31.44334287777,-6.969148308504,
    13.063839698314));
#2597 = CARTESIAN_POINT('',(-31.44199112512,-6.96914949271,
    13.063835278794));
#2598 = CARTESIAN_POINT('',(-31.44063232879,-6.969150374238,
    13.063831988889));
#2599 = CARTESIAN_POINT('',(-31.43926637408,-6.969150951811,
    13.063829833356));
#2600 = CARTESIAN_POINT('',(-28.99981674081,-6.969634756175,
    13.062024250889));
#2601 = CARTESIAN_POINT('',(-26.5890260079,-6.969297800718,
    13.063281785771));
#2602 = CARTESIAN_POINT('',(-24.13334385164,-6.969402294787,
    13.062891808602));
#2603 = CARTESIAN_POINT('',(-21.70027140321,-6.969397853913,
    13.062908382164));
#2604 = CARTESIAN_POINT('',(-19.25577807098,-6.969406848173,
    13.062874815132));
#2605 = CARTESIAN_POINT('',(-16.81788042772,-6.969406981293,
    13.06287431832));
#2606 = CARTESIAN_POINT('',(-14.37797200637,-6.969406961343,
    13.062874392775));
#2607 = CARTESIAN_POINT('',(-11.9390059457,-6.969407053875,
    13.062874047442));
#2608 = CARTESIAN_POINT('',(-9.391315252297,-6.96940705881,
    13.062874029024));
#2609 = CARTESIAN_POINT('',(-9.28183596224,-6.969407059022,
    13.062874028233));
#2610 = CARTESIAN_POINT('',(-9.171625582993,-6.969407059235,
    13.062874027436));
#2611 = CARTESIAN_POINT('',(-9.060684114556,-6.96940705945,
    13.062874026634));
#2612 = CARTESIAN_POINT('',(-8.949011556929,-6.969407059666,
    13.062874025827));
#2613 = CARTESIAN_POINT('',(-8.836607910112,-6.969407059884,
    13.062874025014));
#2614 = CARTESIAN_POINT('',(-8.723473174106,-6.969407060103,
    13.062874024196));
#2615 = CARTESIAN_POINT('',(-8.609607348909,-6.969407060324,
    13.062874023373));
#2616 = CARTESIAN_POINT('',(-8.495010434523,-6.969407060546,
    13.062874022545));
#2617 = DEFINITIONAL_REPRESENTATION('',(#2618),#2622);
#2618 = LINE('',#2619,#2620);
#2619 = CARTESIAN_POINT('',(0.,0.));
#2620 = VECTOR('',#2621,1.);
#2621 = DIRECTION('',(0.,1.));
#2622 = ( GEOMETRIC_REPRESENTATION_CONTEXT(2) 
PARAMETRIC_REPRESENTATION_CONTEXT() REPRESENTATION_CONTEXT('2D SPACE',''
  ) );
#2623 = ORIENTED_EDGE('',*,*,#2624,.T.);
#2624 = EDGE_CURVE('',#2485,#2625,#2627,.T.);
#2625 = VERTEX_POINT('',#2626);
#2626 = CARTESIAN_POINT('',(-9.7,-4.910688419938,13.370590813399));
#2627 = SURFACE_CURVE('',#2628,(#2643,#2655),.PCURVE_S1.);
#2628 = B_SPLINE_CURVE_WITH_KNOTS('',7,(#2629,#2630,#2631,#2632,#2633,
    #2634,#2635,#2636,#2637,#2638,#2639,#2640,#2641,#2642),
  .UNSPECIFIED.,.F.,.F.,(8,6,8),(0.657079408867,2.761106938033,
    2.861332997218),.UNSPECIFIED.);
#2629 = CARTESIAN_POINT('',(-9.7,-6.134596775004,13.667021274516));
#2630 = CARTESIAN_POINT('',(-9.7,-5.84432094132,13.589242099298));
#2631 = CARTESIAN_POINT('',(-9.7,-5.55354146093,13.514987038975));
#2632 = CARTESIAN_POINT('',(-9.7,-5.261008381521,13.444452178152));
#2633 = CARTESIAN_POINT('',(-9.7,-4.968371765984,13.378595716315));
#2634 = CARTESIAN_POINT('',(-9.7,-4.673935477163,13.317490977148));
#2635 = CARTESIAN_POINT('',(-9.7,-4.378692433299,13.261898312468));
#2636 = CARTESIAN_POINT('',(-9.7,-4.068268021067,13.209844179551));
#2637 = CARTESIAN_POINT('',(-9.7,-4.054099579077,13.20746831627));
#2638 = CARTESIAN_POINT('',(-9.7,-4.039877502793,13.205083459216));
#2639 = CARTESIAN_POINT('',(-9.7,-4.025601792215,13.202689608389));
#2640 = CARTESIAN_POINT('',(-9.7,-4.011272447343,13.200286763789));
#2641 = CARTESIAN_POINT('',(-9.7,-3.996889468176,13.197874925417));
#2642 = CARTESIAN_POINT('',(-9.7,-3.982452854716,13.195454093271));
#2643 = PCURVE('',#878,#2644);
#2644 = DEFINITIONAL_REPRESENTATION('',(#2645),#2654);
#2645 = B_SPLINE_CURVE_WITH_KNOTS('',7,(#2646,#2647,#2648,#2649,#2650,
    #2651,#2652,#2653),.UNSPECIFIED.,.F.,.F.,(8,8),(0.803121404959,
    1.917280926667),.PIECEWISE_BEZIER_KNOTS.);
#2646 = CARTESIAN_POINT('',(0.967559725575,-9.7));
#2647 = CARTESIAN_POINT('',(0.932209739962,-9.7));
#2648 = CARTESIAN_POINT('',(0.896869010365,-9.7));
#2649 = CARTESIAN_POINT('',(0.861521213457,-9.7));
#2650 = CARTESIAN_POINT('',(0.826182016001,-9.7));
#2651 = CARTESIAN_POINT('',(0.7908545228,-9.7));
#2652 = CARTESIAN_POINT('',(0.755539228055,-9.7));
#2653 = CARTESIAN_POINT('',(0.720238547099,-9.7));
#2654 = ( GEOMETRIC_REPRESENTATION_CONTEXT(2) 
PARAMETRIC_REPRESENTATION_CONTEXT() REPRESENTATION_CONTEXT('2D SPACE',''
  ) );
#2655 = PCURVE('',#2656,#2699);
#2656 = ( BOUNDED_SURFACE() B_SPLINE_SURFACE(2,7,(
    (#2657,#2658,#2659,#2660,#2661,#2662,#2663,#2664,#2665,#2666,#2667
      ,#2668,#2669,#2670)
    ,(#2671,#2672,#2673,#2674,#2675,#2676,#2677,#2678,#2679,#2680,#2681
      ,#2682,#2683,#2684)
    ,(#2685,#2686,#2687,#2688,#2689,#2690,#2691,#2692,#2693,#2694,#2695
      ,#2696,#2697,#2698
)),.UNSPECIFIED.,.F.,.F.,.F.) B_SPLINE_SURFACE_WITH_KNOTS((3,3),(8,6,8),
  (0.,2.104027529166),(0.657079408867,2.761106938033,2.861332997218),
.UNSPECIFIED.) GEOMETRIC_REPRESENTATION_ITEM() RATIONAL_B_SPLINE_SURFACE
((
    (1.,1.,1.,1.,1.,1.,1.,1.,1.,1.,1.,1.,1.,1.)
    ,(0.707106781187,0.707106781187,0.707106781187,0.707106781187
      ,0.707106781187,0.707106781187,0.707106781187,0.707106781187
      ,0.707106781187,0.707106781187,0.707106781187,0.707106781187
      ,0.707106781187,0.707106781187)
,(1.,1.,1.,1.,1.,1.,1.,1.,1.,1.,1.,1.,1.,1.
))) REPRESENTATION_ITEM('') SURFACE() );
#2657 = CARTESIAN_POINT('',(-9.7,-6.134596775004,13.667021274516));
#2658 = CARTESIAN_POINT('',(-9.7,-5.84432094132,13.589242099298));
#2659 = CARTESIAN_POINT('',(-9.7,-5.55354146093,13.514987038975));
#2660 = CARTESIAN_POINT('',(-9.7,-5.261008381521,13.444452178152));
#2661 = CARTESIAN_POINT('',(-9.7,-4.968371765984,13.378595716315));
#2662 = CARTESIAN_POINT('',(-9.7,-4.673935477163,13.317490977148));
#2663 = CARTESIAN_POINT('',(-9.7,-4.378692433299,13.261898312468));
#2664 = CARTESIAN_POINT('',(-9.7,-4.068268021067,13.209844179551));
#2665 = CARTESIAN_POINT('',(-9.7,-4.054099579077,13.20746831627));
#2666 = CARTESIAN_POINT('',(-9.7,-4.039877502793,13.205083459216));
#2667 = CARTESIAN_POINT('',(-9.7,-4.025601792215,13.202689608389));
#2668 = CARTESIAN_POINT('',(-9.7,-4.011272447343,13.200286763789));
#2669 = CARTESIAN_POINT('',(-9.7,-3.996889468176,13.197874925417));
#2670 = CARTESIAN_POINT('',(-9.7,-3.982452854716,13.195454093271));
#2671 = CARTESIAN_POINT('',(-9.5,-6.134596775004,13.667021274516));
#2672 = CARTESIAN_POINT('',(-9.5,-5.84432094132,13.589242099298));
#2673 = CARTESIAN_POINT('',(-9.5,-5.55354146093,13.514987038975));
#2674 = CARTESIAN_POINT('',(-9.5,-5.261008381521,13.444452178152));
#2675 = CARTESIAN_POINT('',(-9.5,-4.968371765984,13.378595716315));
#2676 = CARTESIAN_POINT('',(-9.5,-4.673935477163,13.317490977148));
#2677 = CARTESIAN_POINT('',(-9.5,-4.378692433299,13.261898312468));
#2678 = CARTESIAN_POINT('',(-9.5,-4.068268021067,13.209844179551));
#2679 = CARTESIAN_POINT('',(-9.5,-4.054099579077,13.20746831627));
#2680 = CARTESIAN_POINT('',(-9.5,-4.039877502793,13.205083459216));
#2681 = CARTESIAN_POINT('',(-9.5,-4.025601792215,13.202689608389));
#2682 = CARTESIAN_POINT('',(-9.5,-4.011272447343,13.200286763789));
#2683 = CARTESIAN_POINT('',(-9.5,-3.996889468176,13.197874925417));
#2684 = CARTESIAN_POINT('',(-9.5,-3.982452854716,13.195454093271));
#2685 = CARTESIAN_POINT('',(-9.5,-6.182252756053,13.472781969868));
#2686 = CARTESIAN_POINT('',(-9.5,-5.895901449781,13.395965664674));
#2687 = CARTESIAN_POINT('',(-9.5,-5.602912191254,13.32124654991));
#2688 = CARTESIAN_POINT('',(-9.5,-5.306824066477,13.249604234333));
#2689 = CARTESIAN_POINT('',(-9.5,-5.010882283103,13.183171243017));
#2690 = CARTESIAN_POINT('',(-9.5,-4.713545321774,13.121397990178));
#2691 = CARTESIAN_POINT('',(-9.5,-4.415145598993,13.065218630998));
#2692 = CARTESIAN_POINT('',(-9.5,-4.101182478075,13.012571107041));
#2693 = CARTESIAN_POINT('',(-9.5,-4.086906767465,13.010177256406));
#2694 = CARTESIAN_POINT('',(-9.5,-4.072631056854,13.007783405771));
#2695 = CARTESIAN_POINT('',(-9.5,-4.058355346244,13.005389555136));
#2696 = CARTESIAN_POINT('',(-9.5,-4.044079635633,13.002995704501));
#2697 = CARTESIAN_POINT('',(-9.5,-4.029803925023,13.000601853866));
#2698 = CARTESIAN_POINT('',(-9.5,-4.015528214413,12.998208003231));
#2699 = DEFINITIONAL_REPRESENTATION('',(#2700),#2704);
#2700 = LINE('',#2701,#2702);
#2701 = CARTESIAN_POINT('',(0.,0.));
#2702 = VECTOR('',#2703,1.);
#2703 = DIRECTION('',(0.,1.));
#2704 = ( GEOMETRIC_REPRESENTATION_CONTEXT(2) 
PARAMETRIC_REPRESENTATION_CONTEXT() REPRESENTATION_CONTEXT('2D SPACE',''
  ) );
#2705 = ORIENTED_EDGE('',*,*,#2706,.F.);
#2706 = EDGE_CURVE('',#2707,#2625,#2709,.T.);
#2707 = VERTEX_POINT('',#2708);
#2708 = CARTESIAN_POINT('',(-11.18,-4.910688419939,13.370590813399));
#2709 = SURFACE_CURVE('',#2710,(#2715,#2721),.PCURVE_S1.);
#2710 = B_SPLINE_CURVE_WITH_KNOTS('',2,(#2711,#2712,#2713,#2714),
  .UNSPECIFIED.,.F.,.F.,(3,1,3),(-2.06800066E-02,1.88,1.943280820196),
  .UNSPECIFIED.);
#2711 = CARTESIAN_POINT('',(-11.4006800066,-4.910688419938,
    13.370590813399));
#2712 = CARTESIAN_POINT('',(-10.4503400033,-4.910688419938,
    13.370590813399));
#2713 = CARTESIAN_POINT('',(-9.468359589902,-4.910688419938,
    13.370590813399));
#2714 = CARTESIAN_POINT('',(-9.436719179804,-4.910688419938,
    13.370590813399));
#2715 = PCURVE('',#878,#2716);
#2716 = DEFINITIONAL_REPRESENTATION('',(#2717),#2720);
#2717 = B_SPLINE_CURVE_WITH_KNOTS('',1,(#2718,#2719),.UNSPECIFIED.,.F.,
  .F.,(2,2),(-2.06800066E-02,1.88),.PIECEWISE_BEZIER_KNOTS.);
#2718 = CARTESIAN_POINT('',(0.720238547099,-11.4006800066));
#2719 = CARTESIAN_POINT('',(0.720238547099,-9.5));
#2720 = ( GEOMETRIC_REPRESENTATION_CONTEXT(2) 
PARAMETRIC_REPRESENTATION_CONTEXT() REPRESENTATION_CONTEXT('2D SPACE',''
  ) );
#2721 = PCURVE('',#2722,#2735);
#2722 = ( BOUNDED_SURFACE() B_SPLINE_SURFACE(2,2,(
    (#2723,#2724,#2725,#2726)
    ,(#2727,#2728,#2729,#2730)
    ,(#2731,#2732,#2733,#2734
)),.UNSPECIFIED.,.F.,.F.,.F.) B_SPLINE_SURFACE_WITH_KNOTS((3,3),(3,1,3),
  (0.,1.9006800066),(-2.06800066E-02,1.88,1.943280820196),
.UNSPECIFIED.) GEOMETRIC_REPRESENTATION_ITEM() RATIONAL_B_SPLINE_SURFACE
((
    (1.,1.,1.,1.)
    ,(0.688715533645,0.688715533645,0.688715533645,0.688715533645)
,(1.,1.,1.,1.))) REPRESENTATION_ITEM('') SURFACE() );
#2723 = CARTESIAN_POINT('',(-11.4006800066,-4.910688419938,
    13.370590813399));
#2724 = CARTESIAN_POINT('',(-10.4503400033,-4.910688419938,
    13.370590813399));
#2725 = CARTESIAN_POINT('',(-9.468359589902,-4.910688419938,
    13.370590813399));
#2726 = CARTESIAN_POINT('',(-9.436719179804,-4.910688419938,
    13.370590813399));
#2727 = CARTESIAN_POINT('',(-11.4006800066,-4.087082693334,
    13.194670915692));
#2728 = CARTESIAN_POINT('',(-10.4503400033,-4.087082693334,
    13.194670915692));
#2729 = CARTESIAN_POINT('',(-9.468359589902,-4.087082693334,
    13.194670915692));
#2730 = CARTESIAN_POINT('',(-9.436719179804,-4.087082693334,
    13.194670915692));
#2731 = CARTESIAN_POINT('',(-11.4006800066,-4.305056000179,
    12.381183459854));
#2732 = CARTESIAN_POINT('',(-10.4503400033,-4.305056000179,
    12.381183459854));
#2733 = CARTESIAN_POINT('',(-9.468359589902,-4.305056000179,
    12.381183459854));
#2734 = CARTESIAN_POINT('',(-9.436719179804,-4.305056000179,
    12.381183459854));
#2735 = DEFINITIONAL_REPRESENTATION('',(#2736),#2740);
#2736 = LINE('',#2737,#2738);
#2737 = CARTESIAN_POINT('',(0.,0.));
#2738 = VECTOR('',#2739,1.);
#2739 = DIRECTION('',(0.,1.));
#2740 = ( GEOMETRIC_REPRESENTATION_CONTEXT(2) 
PARAMETRIC_REPRESENTATION_CONTEXT() REPRESENTATION_CONTEXT('2D SPACE',''
  ) );
#2741 = ORIENTED_EDGE('',*,*,#2742,.F.);
#2742 = EDGE_CURVE('',#2743,#2707,#2745,.T.);
#2743 = VERTEX_POINT('',#2744);
#2744 = CARTESIAN_POINT('',(-12.18,-3.965226114477,13.192975826902));
#2745 = SURFACE_CURVE('',#2746,(#2754,#2765),.PCURVE_S1.);
#2746 = ( BOUNDED_CURVE() B_SPLINE_CURVE(6,(#2747,#2748,#2749,#2750,
#2751,#2752,#2753),.UNSPECIFIED.,.F.,.F.) B_SPLINE_CURVE_WITH_KNOTS((7,7
    ),(-6.898106974869E-07,1.570796326795),.PIECEWISE_BEZIER_KNOTS.) 
CURVE() GEOMETRIC_REPRESENTATION_ITEM() RATIONAL_B_SPLINE_CURVE((1.,1.,
1.,1.,1.,1.,1.)) REPRESENTATION_ITEM('') );
#2747 = CARTESIAN_POINT('',(-12.18,-3.965226114477,13.192975826902));
#2748 = CARTESIAN_POINT('',(-12.18000016555,-4.223710935659,
    13.23450385199));
#2749 = CARTESIAN_POINT('',(-12.09125973921,-4.481821052306,
    13.280788826753));
#2750 = CARTESIAN_POINT('',(-11.91137323604,-4.697304036517,
    13.32502488243));
#2751 = CARTESIAN_POINT('',(-11.68341926997,-4.83859837176,
    13.355199247705));
#2752 = CARTESIAN_POINT('',(-11.43176347438,-4.910688419938,
    13.370590813399));
#2753 = CARTESIAN_POINT('',(-11.18,-4.910688419939,13.370590813399));
#2754 = PCURVE('',#878,#2755);
#2755 = DEFINITIONAL_REPRESENTATION('',(#2756),#2764);
#2756 = B_SPLINE_CURVE_WITH_KNOTS('',6,(#2757,#2758,#2759,#2760,#2761,
    #2762,#2763),.UNSPECIFIED.,.F.,.F.,(7,7),(-6.898106974869E-07,
    1.570796326795),.PIECEWISE_BEZIER_KNOTS.);
#2757 = CARTESIAN_POINT('',(0.507079302693,-12.18));
#2758 = CARTESIAN_POINT('',(0.564951615644,-12.18000016555));
#2759 = CARTESIAN_POINT('',(0.623017126807,-12.09125981499));
#2760 = CARTESIAN_POINT('',(0.671814747821,-11.91137315208));
#2761 = CARTESIAN_POINT('',(0.70387918988,-11.68341928798));
#2762 = CARTESIAN_POINT('',(0.720238547099,-11.43176347438));
#2763 = CARTESIAN_POINT('',(0.720238547099,-11.18));
#2764 = ( GEOMETRIC_REPRESENTATION_CONTEXT(2) 
PARAMETRIC_REPRESENTATION_CONTEXT() REPRESENTATION_CONTEXT('2D SPACE',''
  ) );
#2765 = PCURVE('',#2766,#2788);
#2766 = ( BOUNDED_SURFACE() B_SPLINE_SURFACE(2,6,(
    (#2767,#2768,#2769,#2770,#2771,#2772,#2773)
    ,(#2774,#2775,#2776,#2777,#2778,#2779,#2780)
    ,(#2781,#2782,#2783,#2784,#2785,#2786,#2787
)),.UNSPECIFIED.,.F.,.F.,.F.) B_SPLINE_SURFACE_WITH_KNOTS((3,3),(7,7),(
    0.,1.570797016606),(-6.898106974869E-07,1.570796326795),
.PIECEWISE_BEZIER_KNOTS.) GEOMETRIC_REPRESENTATION_ITEM() 
RATIONAL_B_SPLINE_SURFACE((
    (1.,1.,1.,1.,1.,1.,1.)
    ,(0.707106781187,0.698064259867,0.692171917266,0.690206276939
      ,0.689183595695,0.688715533645,0.688715533645)
,(1.,1.,1.,1.,1.,1.,1.))) REPRESENTATION_ITEM('') SURFACE() );
#2767 = CARTESIAN_POINT('',(-12.18,-3.965226114477,13.192975826902));
#2768 = CARTESIAN_POINT('',(-12.18000016555,-4.223710935659,
    13.23450385199));
#2769 = CARTESIAN_POINT('',(-12.09125973921,-4.481821052306,
    13.280788826753));
#2770 = CARTESIAN_POINT('',(-11.91137323604,-4.697304036517,
    13.32502488243));
#2771 = CARTESIAN_POINT('',(-11.68341926997,-4.83859837176,
    13.355199247705));
#2772 = CARTESIAN_POINT('',(-11.43176347438,-4.910688419938,
    13.370590813399));
#2773 = CARTESIAN_POINT('',(-11.18,-4.910688419939,13.370590813399));
#2774 = CARTESIAN_POINT('',(-11.38,-3.965226659339,13.192975914439));
#2775 = CARTESIAN_POINT('',(-11.35927408687,-4.017593303772,
    13.201389118532));
#2776 = CARTESIAN_POINT('',(-11.32211296955,-4.056812011427,
    13.204751382905));
#2777 = CARTESIAN_POINT('',(-11.2786248109,-4.076697201769,
    13.201497792603));
#2778 = CARTESIAN_POINT('',(-11.24306428434,-4.083334225856,
    13.196888275623));
#2779 = CARTESIAN_POINT('',(-11.21156828881,-4.087082693334,
    13.194670915692));
#2780 = CARTESIAN_POINT('',(-11.18,-4.087082693334,13.194670915692));
#2781 = CARTESIAN_POINT('',(-11.38,-4.092126948397,12.40310483848));
#2782 = CARTESIAN_POINT('',(-11.38,-4.147069527378,12.391208620246));
#2783 = CARTESIAN_POINT('',(-11.36499083315,-4.201227862668,
    12.383829484733));
#2784 = CARTESIAN_POINT('',(-11.33456836758,-4.250048367809,
    12.381906285564));
#2785 = CARTESIAN_POINT('',(-11.28825518468,-4.28685186768,
    12.381410680147));
#2786 = CARTESIAN_POINT('',(-11.23412853931,-4.305056000179,
    12.381183459854));
#2787 = CARTESIAN_POINT('',(-11.18,-4.305056000179,12.381183459854));
#2788 = DEFINITIONAL_REPRESENTATION('',(#2789),#2793);
#2789 = LINE('',#2790,#2791);
#2790 = CARTESIAN_POINT('',(0.,0.));
#2791 = VECTOR('',#2792,1.);
#2792 = DIRECTION('',(0.,1.));
#2793 = ( GEOMETRIC_REPRESENTATION_CONTEXT(2) 
PARAMETRIC_REPRESENTATION_CONTEXT() REPRESENTATION_CONTEXT('2D SPACE',''
  ) );
#2794 = ORIENTED_EDGE('',*,*,#2795,.T.);
#2795 = EDGE_CURVE('',#2743,#2796,#2798,.T.);
#2796 = VERTEX_POINT('',#2797);
#2797 = CARTESIAN_POINT('',(-12.18,-1.654581775,13.));
#2798 = SURFACE_CURVE('',#2799,(#2805,#2814),.PCURVE_S1.);
#2799 = ( BOUNDED_CURVE() B_SPLINE_CURVE(4,(#2800,#2801,#2802,#2803,
#2804),.UNSPECIFIED.,.F.,.F.) B_SPLINE_CURVE_WITH_KNOTS((5,5),(
-2.439884618682E-02,2.439884618682),.PIECEWISE_BEZIER_KNOTS.) CURVE() 
GEOMETRIC_REPRESENTATION_ITEM() RATIONAL_B_SPLINE_CURVE((1.,1.,1.,1.,1.)
) REPRESENTATION_ITEM('') );
#2800 = CARTESIAN_POINT('',(-12.18,-4.106429642202,13.216260552245));
#2801 = CARTESIAN_POINT('',(-12.18,-3.499320472294,13.113590031641));
#2802 = CARTESIAN_POINT('',(-12.18,-2.887290489415,13.039129312859));
#2803 = CARTESIAN_POINT('',(-12.18,-2.271155854091,13.));
#2804 = CARTESIAN_POINT('',(-12.18,-1.654581775,13.));
#2805 = PCURVE('',#878,#2806);
#2806 = DEFINITIONAL_REPRESENTATION('',(#2807),#2813);
#2807 = B_SPLINE_CURVE_WITH_KNOTS('',4,(#2808,#2809,#2810,#2811,#2812),
  .UNSPECIFIED.,.F.,.F.,(5,5),(0.11878764975,2.439884618682),
  .PIECEWISE_BEZIER_KNOTS.);
#2808 = CARTESIAN_POINT('',(0.507079445345,-12.18));
#2809 = CARTESIAN_POINT('',(0.378872099134,-12.18));
#2810 = CARTESIAN_POINT('',(0.251228023383,-12.18));
#2811 = CARTESIAN_POINT('',(0.124657711215,-12.18));
#2812 = CARTESIAN_POINT('',(-5.551115123126E-17,-12.18));
#2813 = ( GEOMETRIC_REPRESENTATION_CONTEXT(2) 
PARAMETRIC_REPRESENTATION_CONTEXT() REPRESENTATION_CONTEXT('2D SPACE',''
  ) );
#2814 = PCURVE('',#2815,#2831);
#2815 = ( BOUNDED_SURFACE() B_SPLINE_SURFACE(2,4,(
    (#2816,#2817,#2818,#2819,#2820)
    ,(#2821,#2822,#2823,#2824,#2825)
    ,(#2826,#2827,#2828,#2829,#2830
)),.UNSPECIFIED.,.F.,.F.,.F.) B_SPLINE_SURFACE_WITH_KNOTS((3,3),(5,5),(
    0.,2.464283464869),(-2.439884618682E-02,2.439884618682),
.PIECEWISE_BEZIER_KNOTS.) GEOMETRIC_REPRESENTATION_ITEM() 
RATIONAL_B_SPLINE_SURFACE((
    (1.,1.,1.,1.,1.)
    ,(0.707106781187,0.707106781187,0.707106781187,0.707106781187
      ,0.707106781187)
,(1.,1.,1.,1.,1.))) REPRESENTATION_ITEM('') SURFACE() );
#2816 = CARTESIAN_POINT('',(-12.18,-4.106429642202,13.216260552245));
#2817 = CARTESIAN_POINT('',(-12.18,-3.499320472294,13.113590031641));
#2818 = CARTESIAN_POINT('',(-12.18,-2.887290489415,13.039129312859));
#2819 = CARTESIAN_POINT('',(-12.18,-2.271155854091,13.));
#2820 = CARTESIAN_POINT('',(-12.18,-1.654581775,13.));
#2821 = CARTESIAN_POINT('',(-11.38,-4.106429642202,13.216260552245));
#2822 = CARTESIAN_POINT('',(-11.38,-3.499320472294,13.113590031641));
#2823 = CARTESIAN_POINT('',(-11.38,-2.887290489415,13.039129312859));
#2824 = CARTESIAN_POINT('',(-11.38,-2.271155854091,13.));
#2825 = CARTESIAN_POINT('',(-11.38,-1.654581775,13.));
#2826 = CARTESIAN_POINT('',(-11.38,-4.239826569972,12.427460666557));
#2827 = CARTESIAN_POINT('',(-11.38,-3.605145071128,12.320127285273));
#2828 = CARTESIAN_POINT('',(-11.38,-2.961164530621,12.241561944528));
#2829 = CARTESIAN_POINT('',(-11.38,-2.309170410492,12.2));
#2830 = CARTESIAN_POINT('',(-11.38,-1.654581775,12.2));
#2831 = DEFINITIONAL_REPRESENTATION('',(#2832),#2836);
#2832 = LINE('',#2833,#2834);
#2833 = CARTESIAN_POINT('',(0.,0.));
#2834 = VECTOR('',#2835,1.);
#2835 = DIRECTION('',(0.,1.));
#2836 = ( GEOMETRIC_REPRESENTATION_CONTEXT(2) 
PARAMETRIC_REPRESENTATION_CONTEXT() REPRESENTATION_CONTEXT('2D SPACE',''
  ) );
#2837 = ORIENTED_EDGE('',*,*,#2838,.T.);
#2838 = EDGE_CURVE('',#2796,#848,#2839,.T.);
#2839 = SURFACE_CURVE('',#2840,(#2844,#2851),.PCURVE_S1.);
#2840 = LINE('',#2841,#2842);
#2841 = CARTESIAN_POINT('',(0.,-1.654581775,13.));
#2842 = VECTOR('',#2843,1.);
#2843 = DIRECTION('',(-1.,0.,0.));
#2844 = PCURVE('',#878,#2845);
#2845 = DEFINITIONAL_REPRESENTATION('',(#2846),#2850);
#2846 = LINE('',#2847,#2848);
#2847 = CARTESIAN_POINT('',(0.,0.));
#2848 = VECTOR('',#2849,1.);
#2849 = DIRECTION('',(0.,-1.));
#2850 = ( GEOMETRIC_REPRESENTATION_CONTEXT(2) 
PARAMETRIC_REPRESENTATION_CONTEXT() REPRESENTATION_CONTEXT('2D SPACE',''
  ) );
#2851 = PCURVE('',#957,#2852);
#2852 = DEFINITIONAL_REPRESENTATION('',(#2853),#2857);
#2853 = LINE('',#2854,#2855);
#2854 = CARTESIAN_POINT('',(64.187123185425,-0.));
#2855 = VECTOR('',#2856,1.);
#2856 = DIRECTION('',(-0.,1.));
#2857 = ( GEOMETRIC_REPRESENTATION_CONTEXT(2) 
PARAMETRIC_REPRESENTATION_CONTEXT() REPRESENTATION_CONTEXT('2D SPACE',''
  ) );
#2858 = ORIENTED_EDGE('',*,*,#847,.F.);
#2859 = ADVANCED_FACE('',(#2860),#957,.F.);
#2860 = FACE_BOUND('',#2861,.F.);
#2861 = EDGE_LOOP('',(#2862,#2863,#2864,#2865,#2888,#2912,#2935,#2963,
    #3026));
#2862 = ORIENTED_EDGE('',*,*,#2838,.T.);
#2863 = ORIENTED_EDGE('',*,*,#941,.T.);
#2864 = ORIENTED_EDGE('',*,*,#2400,.T.);
#2865 = ORIENTED_EDGE('',*,*,#2866,.T.);
#2866 = EDGE_CURVE('',#2377,#2867,#2869,.T.);
#2867 = VERTEX_POINT('',#2868);
#2868 = CARTESIAN_POINT('',(29.15,19.2,13.));
#2869 = SURFACE_CURVE('',#2870,(#2874,#2881),.PCURVE_S1.);
#2870 = LINE('',#2871,#2872);
#2871 = CARTESIAN_POINT('',(-29.15,19.2,13.));
#2872 = VECTOR('',#2873,1.);
#2873 = DIRECTION('',(1.,0.,0.));
#2874 = PCURVE('',#957,#2875);
#2875 = DEFINITIONAL_REPRESENTATION('',(#2876),#2880);
#2876 = LINE('',#2877,#2878);
#2877 = CARTESIAN_POINT('',(43.332541410425,29.15));
#2878 = VECTOR('',#2879,1.);
#2879 = DIRECTION('',(0.,-1.));
#2880 = ( GEOMETRIC_REPRESENTATION_CONTEXT(2) 
PARAMETRIC_REPRESENTATION_CONTEXT() REPRESENTATION_CONTEXT('2D SPACE',''
  ) );
#2881 = PCURVE('',#1622,#2882);
#2882 = DEFINITIONAL_REPRESENTATION('',(#2883),#2887);
#2883 = LINE('',#2884,#2885);
#2884 = CARTESIAN_POINT('',(1.570796326795,0.));
#2885 = VECTOR('',#2886,1.);
#2886 = DIRECTION('',(0.,1.));
#2887 = ( GEOMETRIC_REPRESENTATION_CONTEXT(2) 
PARAMETRIC_REPRESENTATION_CONTEXT() REPRESENTATION_CONTEXT('2D SPACE',''
  ) );
#2888 = ORIENTED_EDGE('',*,*,#2889,.T.);
#2889 = EDGE_CURVE('',#2867,#2890,#2892,.T.);
#2890 = VERTEX_POINT('',#2891);
#2891 = CARTESIAN_POINT('',(33.35,15.,13.));
#2892 = SURFACE_CURVE('',#2893,(#2898,#2905),.PCURVE_S1.);
#2893 = CIRCLE('',#2894,4.2);
#2894 = AXIS2_PLACEMENT_3D('',#2895,#2896,#2897);
#2895 = CARTESIAN_POINT('',(29.15,15.,13.));
#2896 = DIRECTION('',(0.,6.587265740426E-17,-1.));
#2897 = DIRECTION('',(0.,1.,6.587265740426E-17));
#2898 = PCURVE('',#957,#2899);
#2899 = DEFINITIONAL_REPRESENTATION('',(#2900),#2904);
#2900 = CIRCLE('',#2901,4.2);
#2901 = AXIS2_PLACEMENT_2D('',#2902,#2903);
#2902 = CARTESIAN_POINT('',(47.532541410425,-29.15));
#2903 = DIRECTION('',(-1.,0.));
#2904 = ( GEOMETRIC_REPRESENTATION_CONTEXT(2) 
PARAMETRIC_REPRESENTATION_CONTEXT() REPRESENTATION_CONTEXT('2D SPACE',''
  ) );
#2905 = PCURVE('',#1677,#2906);
#2906 = DEFINITIONAL_REPRESENTATION('',(#2907),#2911);
#2907 = LINE('',#2908,#2909);
#2908 = CARTESIAN_POINT('',(-0.,1.570796326795));
#2909 = VECTOR('',#2910,1.);
#2910 = DIRECTION('',(-1.,0.));
#2911 = ( GEOMETRIC_REPRESENTATION_CONTEXT(2) 
PARAMETRIC_REPRESENTATION_CONTEXT() REPRESENTATION_CONTEXT('2D SPACE',''
  ) );
#2912 = ORIENTED_EDGE('',*,*,#2913,.T.);
#2913 = EDGE_CURVE('',#2890,#2914,#2916,.T.);
#2914 = VERTEX_POINT('',#2915);
#2915 = CARTESIAN_POINT('',(33.35,4.549771189598,13.));
#2916 = SURFACE_CURVE('',#2917,(#2921,#2928),.PCURVE_S1.);
#2917 = LINE('',#2918,#2919);
#2918 = CARTESIAN_POINT('',(33.35,15.,13.));
#2919 = VECTOR('',#2920,1.);
#2920 = DIRECTION('',(-0.,-1.,-6.587265740426E-17));
#2921 = PCURVE('',#957,#2922);
#2922 = DEFINITIONAL_REPRESENTATION('',(#2923),#2927);
#2923 = LINE('',#2924,#2925);
#2924 = CARTESIAN_POINT('',(47.532541410425,-33.35));
#2925 = VECTOR('',#2926,1.);
#2926 = DIRECTION('',(1.,-0.));
#2927 = ( GEOMETRIC_REPRESENTATION_CONTEXT(2) 
PARAMETRIC_REPRESENTATION_CONTEXT() REPRESENTATION_CONTEXT('2D SPACE',''
  ) );
#2928 = PCURVE('',#2019,#2929);
#2929 = DEFINITIONAL_REPRESENTATION('',(#2930),#2934);
#2930 = LINE('',#2931,#2932);
#2931 = CARTESIAN_POINT('',(1.570796326795,0.));
#2932 = VECTOR('',#2933,1.);
#2933 = DIRECTION('',(0.,1.));
#2934 = ( GEOMETRIC_REPRESENTATION_CONTEXT(2) 
PARAMETRIC_REPRESENTATION_CONTEXT() REPRESENTATION_CONTEXT('2D SPACE',''
  ) );
#2935 = ORIENTED_EDGE('',*,*,#2936,.T.);
#2936 = EDGE_CURVE('',#2914,#2937,#2939,.T.);
#2937 = VERTEX_POINT('',#2938);
#2938 = CARTESIAN_POINT('',(-11.18,4.549771189598,13.));
#2939 = SURFACE_CURVE('',#2940,(#2944,#2951),.PCURVE_S1.);
#2940 = LINE('',#2941,#2942);
#2941 = CARTESIAN_POINT('',(34.15,4.549771189598,13.));
#2942 = VECTOR('',#2943,1.);
#2943 = DIRECTION('',(-1.,0.,-0.));
#2944 = PCURVE('',#957,#2945);
#2945 = DEFINITIONAL_REPRESENTATION('',(#2946),#2950);
#2946 = LINE('',#2947,#2948);
#2947 = CARTESIAN_POINT('',(57.982770220828,-34.15));
#2948 = VECTOR('',#2949,1.);
#2949 = DIRECTION('',(-0.,1.));
#2950 = ( GEOMETRIC_REPRESENTATION_CONTEXT(2) 
PARAMETRIC_REPRESENTATION_CONTEXT() REPRESENTATION_CONTEXT('2D SPACE',''
  ) );
#2951 = PCURVE('',#2952,#2957);
#2952 = CYLINDRICAL_SURFACE('',#2953,0.8);
#2953 = AXIS2_PLACEMENT_3D('',#2954,#2955,#2956);
#2954 = CARTESIAN_POINT('',(34.15,4.549771189598,12.2));
#2955 = DIRECTION('',(-1.,0.,-0.));
#2956 = DIRECTION('',(0.,-7.101372406394E-17,1.));
#2957 = DEFINITIONAL_REPRESENTATION('',(#2958),#2962);
#2958 = LINE('',#2959,#2960);
#2959 = CARTESIAN_POINT('',(-0.,0.));
#2960 = VECTOR('',#2961,1.);
#2961 = DIRECTION('',(-0.,1.));
#2962 = ( GEOMETRIC_REPRESENTATION_CONTEXT(2) 
PARAMETRIC_REPRESENTATION_CONTEXT() REPRESENTATION_CONTEXT('2D SPACE',''
  ) );
#2963 = ORIENTED_EDGE('',*,*,#2964,.F.);
#2964 = EDGE_CURVE('',#2965,#2937,#2967,.T.);
#2965 = VERTEX_POINT('',#2966);
#2966 = CARTESIAN_POINT('',(-12.18,3.514495009188,13.));
#2967 = SURFACE_CURVE('',#2968,(#2978,#2991),.PCURVE_S1.);
#2968 = ( BOUNDED_CURVE() B_SPLINE_CURVE(8,(#2969,#2970,#2971,#2972,
    #2973,#2974,#2975,#2976,#2977),.UNSPECIFIED.,.F.,.F.) 
B_SPLINE_CURVE_WITH_KNOTS((9,9),(-6.247288040575E-15,1.570796326795),
.PIECEWISE_BEZIER_KNOTS.) CURVE() GEOMETRIC_REPRESENTATION_ITEM() 
RATIONAL_B_SPLINE_CURVE((1.,1.,1.,1.,1.,1.,1.,1.,1.)) 
REPRESENTATION_ITEM('') );
#2969 = CARTESIAN_POINT('',(-12.18,3.514495009188,13.));
#2970 = CARTESIAN_POINT('',(-12.18,3.710844550037,13.));
#2971 = CARTESIAN_POINT('',(-12.13824779642,3.90713514659,13.));
#2972 = CARTESIAN_POINT('',(-12.05491142933,4.094096424172,13.));
#2973 = CARTESIAN_POINT('',(-11.93154105272,4.260519636931,13.));
#2974 = CARTESIAN_POINT('',(-11.77479871552,4.400090923975,13.));
#2975 = CARTESIAN_POINT('',(-11.58652929563,4.500083458213,13.));
#2976 = CARTESIAN_POINT('',(-11.38327600267,4.549771189598,13.));
#2977 = CARTESIAN_POINT('',(-11.18,4.549771189598,13.));
#2978 = PCURVE('',#957,#2979);
#2979 = DEFINITIONAL_REPRESENTATION('',(#2980),#2990);
#2980 = ( BOUNDED_CURVE() B_SPLINE_CURVE(8,(#2981,#2982,#2983,#2984,
    #2985,#2986,#2987,#2988,#2989),.UNSPECIFIED.,.F.,.F.) 
B_SPLINE_CURVE_WITH_KNOTS((9,9),(-6.247288040575E-15,1.570796326795),
.PIECEWISE_BEZIER_KNOTS.) CURVE() GEOMETRIC_REPRESENTATION_ITEM() 
RATIONAL_B_SPLINE_CURVE((1.,1.,1.,1.,1.,1.,1.,1.,1.)) 
REPRESENTATION_ITEM('') );
#2981 = CARTESIAN_POINT('',(59.018046401238,12.18));
#2982 = CARTESIAN_POINT('',(58.821696860388,12.18));
#2983 = CARTESIAN_POINT('',(58.625406263835,12.138247796423));
#2984 = CARTESIAN_POINT('',(58.438444986253,12.054911429335));
#2985 = CARTESIAN_POINT('',(58.272021773495,11.93154105272));
#2986 = CARTESIAN_POINT('',(58.13245048645,11.77479871552));
#2987 = CARTESIAN_POINT('',(58.032457952212,11.58652929563));
#2988 = CARTESIAN_POINT('',(57.982770220828,11.383276002676));
#2989 = CARTESIAN_POINT('',(57.982770220828,11.18));
#2990 = ( GEOMETRIC_REPRESENTATION_CONTEXT(2) 
PARAMETRIC_REPRESENTATION_CONTEXT() REPRESENTATION_CONTEXT('2D SPACE',''
  ) );
#2991 = PCURVE('',#2992,#3020);
#2992 = ( BOUNDED_SURFACE() B_SPLINE_SURFACE(2,8,(
    (#2993,#2994,#2995,#2996,#2997,#2998,#2999,#3000,#3001)
    ,(#3002,#3003,#3004,#3005,#3006,#3007,#3008,#3009,#3010)
    ,(#3011,#3012,#3013,#3014,#3015,#3016,#3017,#3018,#3019
)),.UNSPECIFIED.,.F.,.F.,.F.) B_SPLINE_SURFACE_WITH_KNOTS((3,3),(9,9),(
    0.,1.570796326795),(-6.247288040575E-15,1.570796326795),
.PIECEWISE_BEZIER_KNOTS.) GEOMETRIC_REPRESENTATION_ITEM() 
RATIONAL_B_SPLINE_SURFACE((
    (1.,1.,1.,1.,1.,1.,1.,1.,1.)
    ,(0.707106781187,0.720794247199,0.734141602342,0.747803092246
      ,0.761026120484,0.77601337938,0.78761362748,0.793353340291
      ,0.793353340291)
,(1.,1.,1.,1.,1.,1.,1.,1.,1.))) REPRESENTATION_ITEM('') SURFACE() );
#2993 = CARTESIAN_POINT('',(-12.18,3.514495009188,13.));
#2994 = CARTESIAN_POINT('',(-12.18,3.710844550037,13.));
#2995 = CARTESIAN_POINT('',(-12.13824779642,3.90713514659,13.));
#2996 = CARTESIAN_POINT('',(-12.05491142933,4.094096424172,13.));
#2997 = CARTESIAN_POINT('',(-11.93154105272,4.260519636931,13.));
#2998 = CARTESIAN_POINT('',(-11.77479871552,4.400090923975,13.));
#2999 = CARTESIAN_POINT('',(-11.58652929563,4.500083458213,13.));
#3000 = CARTESIAN_POINT('',(-11.38327600267,4.549771189598,13.));
#3001 = CARTESIAN_POINT('',(-11.18,4.549771189598,13.));
#3002 = CARTESIAN_POINT('',(-11.38,3.514495009188,13.));
#3003 = CARTESIAN_POINT('',(-11.41038307492,3.553019204506,13.));
#3004 = CARTESIAN_POINT('',(-11.43336134911,3.604906841156,13.));
#3005 = CARTESIAN_POINT('',(-11.44497004063,3.671040380375,13.));
#3006 = CARTESIAN_POINT('',(-11.43804857904,3.741742111672,13.));
#3007 = CARTESIAN_POINT('',(-11.41434915047,3.827980593766,13.));
#3008 = CARTESIAN_POINT('',(-11.34654796061,3.901209080094,13.));
#3009 = CARTESIAN_POINT('',(-11.26274456125,3.935909599215,13.));
#3010 = CARTESIAN_POINT('',(-11.18,3.935909599215,13.));
#3011 = CARTESIAN_POINT('',(-11.38,3.514495009188,12.2));
#3012 = CARTESIAN_POINT('',(-11.38,3.553764917358,12.230971200111));
#3013 = CARTESIAN_POINT('',(-11.37480373133,3.59288702551,
    12.261835636442));
#3014 = CARTESIAN_POINT('',(-11.3650866573,3.633529323469,
    12.294185474199));
#3015 = CARTESIAN_POINT('',(-11.34705010682,3.672746831752,
    12.325807238564));
#3016 = CARTESIAN_POINT('',(-11.3255902039,3.717008536613,
    12.362934029385));
#3017 = CARTESIAN_POINT('',(-11.2830710257,3.757622461062,
    12.392504378581));
#3018 = CARTESIAN_POINT('',(-11.23154872868,3.777030528567,
    12.407055236082));
#3019 = CARTESIAN_POINT('',(-11.18,3.777030528567,12.407055236082));
#3020 = DEFINITIONAL_REPRESENTATION('',(#3021),#3025);
#3021 = LINE('',#3022,#3023);
#3022 = CARTESIAN_POINT('',(0.,0.));
#3023 = VECTOR('',#3024,1.);
#3024 = DIRECTION('',(0.,1.));
#3025 = ( GEOMETRIC_REPRESENTATION_CONTEXT(2) 
PARAMETRIC_REPRESENTATION_CONTEXT() REPRESENTATION_CONTEXT('2D SPACE',''
  ) );
#3026 = ORIENTED_EDGE('',*,*,#3027,.F.);
#3027 = EDGE_CURVE('',#2796,#2965,#3028,.T.);
#3028 = SURFACE_CURVE('',#3029,(#3033,#3040),.PCURVE_S1.);
#3029 = LINE('',#3030,#3031);
#3030 = CARTESIAN_POINT('',(-12.18,-1.654581775,13.));
#3031 = VECTOR('',#3032,1.);
#3032 = DIRECTION('',(0.,1.,6.587265740426E-17));
#3033 = PCURVE('',#957,#3034);
#3034 = DEFINITIONAL_REPRESENTATION('',(#3035),#3039);
#3035 = LINE('',#3036,#3037);
#3036 = CARTESIAN_POINT('',(64.187123185425,12.18));
#3037 = VECTOR('',#3038,1.);
#3038 = DIRECTION('',(-1.,0.));
#3039 = ( GEOMETRIC_REPRESENTATION_CONTEXT(2) 
PARAMETRIC_REPRESENTATION_CONTEXT() REPRESENTATION_CONTEXT('2D SPACE',''
  ) );
#3040 = PCURVE('',#3041,#3046);
#3041 = CYLINDRICAL_SURFACE('',#3042,0.8);
#3042 = AXIS2_PLACEMENT_3D('',#3043,#3044,#3045);
#3043 = CARTESIAN_POINT('',(-12.18,-1.654581775,12.2));
#3044 = DIRECTION('',(0.,1.,6.587265740426E-17));
#3045 = DIRECTION('',(0.,-7.101372406394E-17,1.));
#3046 = DEFINITIONAL_REPRESENTATION('',(#3047),#3051);
#3047 = LINE('',#3048,#3049);
#3048 = CARTESIAN_POINT('',(0.,0.));
#3049 = VECTOR('',#3050,1.);
#3050 = DIRECTION('',(0.,1.));
#3051 = ( GEOMETRIC_REPRESENTATION_CONTEXT(2) 
PARAMETRIC_REPRESENTATION_CONTEXT() REPRESENTATION_CONTEXT('2D SPACE',''
  ) );
#3052 = ADVANCED_FACE('',(#3053),#1043,.T.);
#3053 = FACE_BOUND('',#3054,.T.);
#3054 = EDGE_LOOP('',(#3055,#3056,#3083,#3084));
#3055 = ORIENTED_EDGE('',*,*,#1094,.F.);
#3056 = ORIENTED_EDGE('',*,*,#3057,.T.);
#3057 = EDGE_CURVE('',#1095,#1530,#3058,.T.);
#3058 = SURFACE_CURVE('',#3059,(#3064,#3071),.PCURVE_S1.);
#3059 = CIRCLE('',#3060,0.8);
#3060 = AXIS2_PLACEMENT_3D('',#3061,#3062,#3063);
#3061 = CARTESIAN_POINT('',(-23.55,-15.48849750026,11.406081447463));
#3062 = DIRECTION('',(-1.,0.,0.));
#3063 = DIRECTION('',(0.,-0.965925826289,0.258819045103));
#3064 = PCURVE('',#1043,#3065);
#3065 = DEFINITIONAL_REPRESENTATION('',(#3066),#3070);
#3066 = LINE('',#3067,#3068);
#3067 = CARTESIAN_POINT('',(0.,0.8));
#3068 = VECTOR('',#3069,1.);
#3069 = DIRECTION('',(1.,0.));
#3070 = ( GEOMETRIC_REPRESENTATION_CONTEXT(2) 
PARAMETRIC_REPRESENTATION_CONTEXT() REPRESENTATION_CONTEXT('2D SPACE',''
  ) );
#3071 = PCURVE('',#3072,#3077);
#3072 = SPHERICAL_SURFACE('',#3073,0.8);
#3073 = AXIS2_PLACEMENT_3D('',#3074,#3075,#3076);
#3074 = CARTESIAN_POINT('',(-23.55,-15.48849750026,11.406081447463));
#3075 = DIRECTION('',(-1.,-0.,0.));
#3076 = DIRECTION('',(0.,-0.965925826289,0.258819045103));
#3077 = DEFINITIONAL_REPRESENTATION('',(#3078),#3082);
#3078 = LINE('',#3079,#3080);
#3079 = CARTESIAN_POINT('',(0.,0.));
#3080 = VECTOR('',#3081,1.);
#3081 = DIRECTION('',(1.,0.));
#3082 = ( GEOMETRIC_REPRESENTATION_CONTEXT(2) 
PARAMETRIC_REPRESENTATION_CONTEXT() REPRESENTATION_CONTEXT('2D SPACE',''
  ) );
#3083 = ORIENTED_EDGE('',*,*,#1557,.T.);
#3084 = ORIENTED_EDGE('',*,*,#995,.F.);
#3085 = ADVANCED_FACE('',(#3086),#1133,.T.);
#3086 = FACE_BOUND('',#3087,.T.);
#3087 = EDGE_LOOP('',(#3088,#3112,#3140,#3162));
#3088 = ORIENTED_EDGE('',*,*,#3089,.T.);
#3089 = EDGE_CURVE('',#1118,#3090,#3092,.T.);
#3090 = VERTEX_POINT('',#3091);
#3091 = CARTESIAN_POINT('',(-22.75,-15.96605284805,9.623820626068));
#3092 = SURFACE_CURVE('',#3093,(#3098,#3105),.PCURVE_S1.);
#3093 = CIRCLE('',#3094,0.8);
#3094 = AXIS2_PLACEMENT_3D('',#3095,#3096,#3097);
#3095 = CARTESIAN_POINT('',(-23.55,-15.96605284805,9.623820626068));
#3096 = DIRECTION('',(-6.123233995737E-17,0.258819045103,0.965925826289)
  );
#3097 = DIRECTION('',(-1.,-1.584809575716E-17,-5.914589856893E-17));
#3098 = PCURVE('',#1133,#3099);
#3099 = DEFINITIONAL_REPRESENTATION('',(#3100),#3104);
#3100 = LINE('',#3101,#3102);
#3101 = CARTESIAN_POINT('',(-1.570796326795,1.860207767432E-15));
#3102 = VECTOR('',#3103,1.);
#3103 = DIRECTION('',(1.,0.));
#3104 = ( GEOMETRIC_REPRESENTATION_CONTEXT(2) 
PARAMETRIC_REPRESENTATION_CONTEXT() REPRESENTATION_CONTEXT('2D SPACE',''
  ) );
#3105 = PCURVE('',#1162,#3106);
#3106 = DEFINITIONAL_REPRESENTATION('',(#3107),#3111);
#3107 = LINE('',#3108,#3109);
#3108 = CARTESIAN_POINT('',(-1.570796326795,0.));
#3109 = VECTOR('',#3110,1.);
#3110 = DIRECTION('',(-0.,1.));
#3111 = ( GEOMETRIC_REPRESENTATION_CONTEXT(2) 
PARAMETRIC_REPRESENTATION_CONTEXT() REPRESENTATION_CONTEXT('2D SPACE',''
  ) );
#3112 = ORIENTED_EDGE('',*,*,#3113,.T.);
#3113 = EDGE_CURVE('',#3090,#3114,#3116,.T.);
#3114 = VERTEX_POINT('',#3115);
#3115 = CARTESIAN_POINT('',(-22.75,-15.48849750026,11.406081447463));
#3116 = SURFACE_CURVE('',#3117,(#3121,#3128),.PCURVE_S1.);
#3117 = LINE('',#3118,#3119);
#3118 = CARTESIAN_POINT('',(-22.75,-15.96605284805,9.623820626068));
#3119 = VECTOR('',#3120,1.);
#3120 = DIRECTION('',(0.,0.258819045103,0.965925826289));
#3121 = PCURVE('',#1133,#3122);
#3122 = DEFINITIONAL_REPRESENTATION('',(#3123),#3127);
#3123 = LINE('',#3124,#3125);
#3124 = CARTESIAN_POINT('',(1.570796326795,0.));
#3125 = VECTOR('',#3126,1.);
#3126 = DIRECTION('',(0.,1.));
#3127 = ( GEOMETRIC_REPRESENTATION_CONTEXT(2) 
PARAMETRIC_REPRESENTATION_CONTEXT() REPRESENTATION_CONTEXT('2D SPACE',''
  ) );
#3128 = PCURVE('',#3129,#3134);
#3129 = PLANE('',#3130);
#3130 = AXIS2_PLACEMENT_3D('',#3131,#3132,#3133);
#3131 = CARTESIAN_POINT('',(-22.75,-30.68280058471,11.496608936497));
#3132 = DIRECTION('',(1.,0.,0.));
#3133 = DIRECTION('',(0.,0.258819045103,0.965925826289));
#3134 = DEFINITIONAL_REPRESENTATION('',(#3135),#3139);
#3135 = LINE('',#3136,#3137);
#3136 = CARTESIAN_POINT('',(2.,-14.7));
#3137 = VECTOR('',#3138,1.);
#3138 = DIRECTION('',(1.,1.225300278295E-17));
#3139 = ( GEOMETRIC_REPRESENTATION_CONTEXT(2) 
PARAMETRIC_REPRESENTATION_CONTEXT() REPRESENTATION_CONTEXT('2D SPACE',''
  ) );
#3140 = ORIENTED_EDGE('',*,*,#3141,.T.);
#3141 = EDGE_CURVE('',#3114,#1095,#3142,.T.);
#3142 = SURFACE_CURVE('',#3143,(#3148,#3155),.PCURVE_S1.);
#3143 = CIRCLE('',#3144,0.8);
#3144 = AXIS2_PLACEMENT_3D('',#3145,#3146,#3147);
#3145 = CARTESIAN_POINT('',(-23.55,-15.48849750026,11.406081447463));
#3146 = DIRECTION('',(0.,-0.258819045103,-0.965925826289));
#3147 = DIRECTION('',(0.,-0.965925826289,0.258819045103));
#3148 = PCURVE('',#1133,#3149);
#3149 = DEFINITIONAL_REPRESENTATION('',(#3150),#3154);
#3150 = LINE('',#3151,#3152);
#3151 = CARTESIAN_POINT('',(6.28318530718,1.845132175669));
#3152 = VECTOR('',#3153,1.);
#3153 = DIRECTION('',(-1.,-0.));
#3154 = ( GEOMETRIC_REPRESENTATION_CONTEXT(2) 
PARAMETRIC_REPRESENTATION_CONTEXT() REPRESENTATION_CONTEXT('2D SPACE',''
  ) );
#3155 = PCURVE('',#3072,#3156);
#3156 = DEFINITIONAL_REPRESENTATION('',(#3157),#3161);
#3157 = LINE('',#3158,#3159);
#3158 = CARTESIAN_POINT('',(0.,-6.28318530718));
#3159 = VECTOR('',#3160,1.);
#3160 = DIRECTION('',(0.,1.));
#3161 = ( GEOMETRIC_REPRESENTATION_CONTEXT(2) 
PARAMETRIC_REPRESENTATION_CONTEXT() REPRESENTATION_CONTEXT('2D SPACE',''
  ) );
#3162 = ORIENTED_EDGE('',*,*,#1117,.F.);
#3163 = ADVANCED_FACE('',(#3164),#1162,.T.);
#3164 = FACE_BOUND('',#3165,.F.);
#3165 = EDGE_LOOP('',(#3166,#3190,#3191,#3192));
#3166 = ORIENTED_EDGE('',*,*,#3167,.F.);
#3167 = EDGE_CURVE('',#1146,#3168,#3170,.T.);
#3168 = VERTEX_POINT('',#3169);
#3169 = CARTESIAN_POINT('',(-20.75,-16.48369093826,7.69196897349));
#3170 = SURFACE_CURVE('',#3171,(#3176,#3183),.PCURVE_S1.);
#3171 = CIRCLE('',#3172,0.8);
#3172 = AXIS2_PLACEMENT_3D('',#3173,#3174,#3175);
#3173 = CARTESIAN_POINT('',(-20.75,-16.69074617434,6.919228312459));
#3174 = DIRECTION('',(-1.,0.,0.));
#3175 = DIRECTION('',(0.,-0.965925826289,0.258819045103));
#3176 = PCURVE('',#1162,#3177);
#3177 = DEFINITIONAL_REPRESENTATION('',(#3178),#3182);
#3178 = LINE('',#3179,#3180);
#3179 = CARTESIAN_POINT('',(-0.,1.570796326795));
#3180 = VECTOR('',#3181,1.);
#3181 = DIRECTION('',(-0.,1.));
#3182 = ( GEOMETRIC_REPRESENTATION_CONTEXT(2) 
PARAMETRIC_REPRESENTATION_CONTEXT() REPRESENTATION_CONTEXT('2D SPACE',''
  ) );
#3183 = PCURVE('',#1190,#3184);
#3184 = DEFINITIONAL_REPRESENTATION('',(#3185),#3189);
#3185 = LINE('',#3186,#3187);
#3186 = CARTESIAN_POINT('',(0.,41.5));
#3187 = VECTOR('',#3188,1.);
#3188 = DIRECTION('',(1.,0.));
#3189 = ( GEOMETRIC_REPRESENTATION_CONTEXT(2) 
PARAMETRIC_REPRESENTATION_CONTEXT() REPRESENTATION_CONTEXT('2D SPACE',''
  ) );
#3190 = ORIENTED_EDGE('',*,*,#1145,.T.);
#3191 = ORIENTED_EDGE('',*,*,#3089,.T.);
#3192 = ORIENTED_EDGE('',*,*,#3193,.F.);
#3193 = EDGE_CURVE('',#3168,#3090,#3194,.T.);
#3194 = SURFACE_CURVE('',#3195,(#3200,#3207),.PCURVE_S1.);
#3195 = CIRCLE('',#3196,2.);
#3196 = AXIS2_PLACEMENT_3D('',#3197,#3198,#3199);
#3197 = CARTESIAN_POINT('',(-20.75,-15.96605284805,9.623820626068));
#3198 = DIRECTION('',(0.,0.965925826289,-0.258819045103));
#3199 = DIRECTION('',(0.,-0.258819045103,-0.965925826289));
#3200 = PCURVE('',#1162,#3201);
#3201 = DEFINITIONAL_REPRESENTATION('',(#3202),#3206);
#3202 = LINE('',#3203,#3204);
#3203 = CARTESIAN_POINT('',(-0.,3.14159265359));
#3204 = VECTOR('',#3205,1.);
#3205 = DIRECTION('',(-1.,0.));
#3206 = ( GEOMETRIC_REPRESENTATION_CONTEXT(2) 
PARAMETRIC_REPRESENTATION_CONTEXT() REPRESENTATION_CONTEXT('2D SPACE',''
  ) );
#3207 = PCURVE('',#3208,#3213);
#3208 = CYLINDRICAL_SURFACE('',#3209,2.);
#3209 = AXIS2_PLACEMENT_3D('',#3210,#3211,#3212);
#3210 = CARTESIAN_POINT('',(-20.75,-30.1651624945,13.428460589075));
#3211 = DIRECTION('',(0.,0.965925826289,-0.258819045103));
#3212 = DIRECTION('',(-1.,0.,0.));
#3213 = DEFINITIONAL_REPRESENTATION('',(#3214),#3218);
#3214 = LINE('',#3215,#3216);
#3215 = CARTESIAN_POINT('',(-1.570796326795,14.7));
#3216 = VECTOR('',#3217,1.);
#3217 = DIRECTION('',(1.,-0.));
#3218 = ( GEOMETRIC_REPRESENTATION_CONTEXT(2) 
PARAMETRIC_REPRESENTATION_CONTEXT() REPRESENTATION_CONTEXT('2D SPACE',''
  ) );
#3219 = ADVANCED_FACE('',(#3220),#1275,.T.);
#3220 = FACE_BOUND('',#3221,.F.);
#3221 = EDGE_LOOP('',(#3222,#3223,#3252,#3280));
#3222 = ORIENTED_EDGE('',*,*,#1259,.F.);
#3223 = ORIENTED_EDGE('',*,*,#3224,.T.);
#3224 = EDGE_CURVE('',#1232,#3225,#3227,.T.);
#3225 = VERTEX_POINT('',#3226);
#3226 = CARTESIAN_POINT('',(23.55,-15.63413765435,12.192712838596));
#3227 = SURFACE_CURVE('',#3228,(#3233,#3240),.PCURVE_S1.);
#3228 = CIRCLE('',#3229,0.8);
#3229 = AXIS2_PLACEMENT_3D('',#3230,#3231,#3232);
#3230 = CARTESIAN_POINT('',(23.55,-15.48849750026,11.406081447463));
#3231 = DIRECTION('',(-1.,0.,0.));
#3232 = DIRECTION('',(0.,-0.965925826289,0.258819045103));
#3233 = PCURVE('',#1275,#3234);
#3234 = DEFINITIONAL_REPRESENTATION('',(#3235),#3239);
#3235 = LINE('',#3236,#3237);
#3236 = CARTESIAN_POINT('',(-0.,0.8));
#3237 = VECTOR('',#3238,1.);
#3238 = DIRECTION('',(-1.,0.));
#3239 = ( GEOMETRIC_REPRESENTATION_CONTEXT(2) 
PARAMETRIC_REPRESENTATION_CONTEXT() REPRESENTATION_CONTEXT('2D SPACE',''
  ) );
#3240 = PCURVE('',#3241,#3246);
#3241 = SPHERICAL_SURFACE('',#3242,0.8);
#3242 = AXIS2_PLACEMENT_3D('',#3243,#3244,#3245);
#3243 = CARTESIAN_POINT('',(23.55,-15.48849750026,11.406081447463));
#3244 = DIRECTION('',(1.,0.,0.));
#3245 = DIRECTION('',(0.,-0.965925826289,0.258819045103));
#3246 = DEFINITIONAL_REPRESENTATION('',(#3247),#3251);
#3247 = LINE('',#3248,#3249);
#3248 = CARTESIAN_POINT('',(-0.,0.));
#3249 = VECTOR('',#3250,1.);
#3250 = DIRECTION('',(-1.,0.));
#3251 = ( GEOMETRIC_REPRESENTATION_CONTEXT(2) 
PARAMETRIC_REPRESENTATION_CONTEXT() REPRESENTATION_CONTEXT('2D SPACE',''
  ) );
#3252 = ORIENTED_EDGE('',*,*,#3253,.T.);
#3253 = EDGE_CURVE('',#3225,#3254,#3256,.T.);
#3254 = VERTEX_POINT('',#3255);
#3255 = CARTESIAN_POINT('',(31.15,-15.63413765435,12.192712838596));
#3256 = SURFACE_CURVE('',#3257,(#3261,#3268),.PCURVE_S1.);
#3257 = LINE('',#3258,#3259);
#3258 = CARTESIAN_POINT('',(22.75,-15.63413765435,12.192712838596));
#3259 = VECTOR('',#3260,1.);
#3260 = DIRECTION('',(1.,0.,0.));
#3261 = PCURVE('',#1275,#3262);
#3262 = DEFINITIONAL_REPRESENTATION('',(#3263),#3267);
#3263 = LINE('',#3264,#3265);
#3264 = CARTESIAN_POINT('',(-1.125925853387,0.));
#3265 = VECTOR('',#3266,1.);
#3266 = DIRECTION('',(-0.,1.));
#3267 = ( GEOMETRIC_REPRESENTATION_CONTEXT(2) 
PARAMETRIC_REPRESENTATION_CONTEXT() REPRESENTATION_CONTEXT('2D SPACE',''
  ) );
#3268 = PCURVE('',#3269,#3274);
#3269 = PLANE('',#3270);
#3270 = AXIS2_PLACEMENT_3D('',#3271,#3272,#3273);
#3271 = CARTESIAN_POINT('',(0.,-8.23302556882,13.562985010243));
#3272 = DIRECTION('',(0.,0.182050192619,-0.983289238916));
#3273 = DIRECTION('',(0.,-0.983289238916,-0.182050192619));
#3274 = DEFINITIONAL_REPRESENTATION('',(#3275),#3279);
#3275 = LINE('',#3276,#3277);
#3276 = CARTESIAN_POINT('',(7.526892182508,-22.75));
#3277 = VECTOR('',#3278,1.);
#3278 = DIRECTION('',(0.,-1.));
#3279 = ( GEOMETRIC_REPRESENTATION_CONTEXT(2) 
PARAMETRIC_REPRESENTATION_CONTEXT() REPRESENTATION_CONTEXT('2D SPACE',''
  ) );
#3280 = ORIENTED_EDGE('',*,*,#3281,.F.);
#3281 = EDGE_CURVE('',#1260,#3254,#3282,.T.);
#3282 = SURFACE_CURVE('',#3283,(#3288,#3295),.PCURVE_S1.);
#3283 = CIRCLE('',#3284,0.8);
#3284 = AXIS2_PLACEMENT_3D('',#3285,#3286,#3287);
#3285 = CARTESIAN_POINT('',(31.15,-15.48849750026,11.406081447463));
#3286 = DIRECTION('',(-1.,0.,0.));
#3287 = DIRECTION('',(0.,-0.965925826289,0.258819045103));
#3288 = PCURVE('',#1275,#3289);
#3289 = DEFINITIONAL_REPRESENTATION('',(#3290),#3294);
#3290 = LINE('',#3291,#3292);
#3291 = CARTESIAN_POINT('',(-0.,8.4));
#3292 = VECTOR('',#3293,1.);
#3293 = DIRECTION('',(-1.,0.));
#3294 = ( GEOMETRIC_REPRESENTATION_CONTEXT(2) 
PARAMETRIC_REPRESENTATION_CONTEXT() REPRESENTATION_CONTEXT('2D SPACE',''
  ) );
#3295 = PCURVE('',#2061,#3296);
#3296 = DEFINITIONAL_REPRESENTATION('',(#3297),#3332);
#3297 = B_SPLINE_CURVE_WITH_KNOTS('',9,(#3298,#3299,#3300,#3301,#3302,
    #3303,#3304,#3305,#3306,#3307,#3308,#3309,#3310,#3311,#3312,#3313,
    #3314,#3315,#3316,#3317,#3318,#3319,#3320,#3321,#3322,#3323,#3324,
    #3325,#3326,#3327,#3328,#3329,#3330,#3331),.UNSPECIFIED.,.F.,.F.,(10
    ,8,8,8,10),(0.,0.281481463347,0.562962926693,0.84444439004,
    1.125925853387),.UNSPECIFIED.);
#3298 = CARTESIAN_POINT('',(-1.110223024625E-16,8.4));
#3299 = CARTESIAN_POINT('',(0.134422671735,8.4));
#3300 = CARTESIAN_POINT('',(0.267477920071,8.4));
#3301 = CARTESIAN_POINT('',(0.3992834608,8.399999999999));
#3302 = CARTESIAN_POINT('',(0.529955496139,8.400000000001));
#3303 = CARTESIAN_POINT('',(0.659598542885,8.399999999999));
#3304 = CARTESIAN_POINT('',(0.788317349784,8.400000000001));
#3305 = CARTESIAN_POINT('',(0.916216025975,8.4));
#3306 = CARTESIAN_POINT('',(1.043386646338,8.4));
#3307 = CARTESIAN_POINT('',(1.296466840763,8.4));
#3308 = CARTESIAN_POINT('',(1.422375631194,8.4));
#3309 = CARTESIAN_POINT('',(1.547754883351,8.399999999999));
#3310 = CARTESIAN_POINT('',(1.672677377403,8.400000000001));
#3311 = CARTESIAN_POINT('',(1.797260614699,8.399999999999));
#3312 = CARTESIAN_POINT('',(1.921571917329,8.4));
#3313 = CARTESIAN_POINT('',(2.045710662269,8.4));
#3314 = CARTESIAN_POINT('',(2.169761065288,8.4));
#3315 = CARTESIAN_POINT('',(2.41786197508,8.4));
#3316 = CARTESIAN_POINT('',(2.5419123781,8.4));
#3317 = CARTESIAN_POINT('',(2.666051123039,8.4));
#3318 = CARTESIAN_POINT('',(2.79036242567,8.400000000001));
#3319 = CARTESIAN_POINT('',(2.914945662965,8.399999999999));
#3320 = CARTESIAN_POINT('',(3.039868157018,8.400000000001));
#3321 = CARTESIAN_POINT('',(3.165247409175,8.4));
#3322 = CARTESIAN_POINT('',(3.291156199606,8.4));
#3323 = CARTESIAN_POINT('',(3.54423639403,8.4));
#3324 = CARTESIAN_POINT('',(3.671407014394,8.4));
#3325 = CARTESIAN_POINT('',(3.799305690584,8.399999999999));
#3326 = CARTESIAN_POINT('',(3.928024497485,8.400000000001));
#3327 = CARTESIAN_POINT('',(4.057667544229,8.399999999999));
#3328 = CARTESIAN_POINT('',(4.18833957957,8.400000000001));
#3329 = CARTESIAN_POINT('',(4.320145120298,8.4));
#3330 = CARTESIAN_POINT('',(4.453200368634,8.4));
#3331 = CARTESIAN_POINT('',(4.587623040369,8.4));
#3332 = ( GEOMETRIC_REPRESENTATION_CONTEXT(2) 
PARAMETRIC_REPRESENTATION_CONTEXT() REPRESENTATION_CONTEXT('2D SPACE',''
  ) );
#3333 = ADVANCED_FACE('',(#3334),#1190,.T.);
#3334 = FACE_BOUND('',#3335,.T.);
#3335 = EDGE_LOOP('',(#3336,#3360,#3386,#3387));
#3336 = ORIENTED_EDGE('',*,*,#3337,.T.);
#3337 = EDGE_CURVE('',#1175,#3338,#3340,.T.);
#3338 = VERTEX_POINT('',#3339);
#3339 = CARTESIAN_POINT('',(20.75,-16.48369093826,7.69196897349));
#3340 = SURFACE_CURVE('',#3341,(#3346,#3353),.PCURVE_S1.);
#3341 = CIRCLE('',#3342,0.8);
#3342 = AXIS2_PLACEMENT_3D('',#3343,#3344,#3345);
#3343 = CARTESIAN_POINT('',(20.75,-16.69074617434,6.919228312459));
#3344 = DIRECTION('',(-1.,-1.711661994913E-17,-6.388009530399E-17));
#3345 = DIRECTION('',(6.613354107055E-17,-0.258819045103,-0.965925826289
    ));
#3346 = PCURVE('',#1190,#3347);
#3347 = DEFINITIONAL_REPRESENTATION('',(#3348),#3352);
#3348 = LINE('',#3349,#3350);
#3349 = CARTESIAN_POINT('',(-1.570796326795,0.));
#3350 = VECTOR('',#3351,1.);
#3351 = DIRECTION('',(1.,0.));
#3352 = ( GEOMETRIC_REPRESENTATION_CONTEXT(2) 
PARAMETRIC_REPRESENTATION_CONTEXT() REPRESENTATION_CONTEXT('2D SPACE',''
  ) );
#3353 = PCURVE('',#1219,#3354);
#3354 = DEFINITIONAL_REPRESENTATION('',(#3355),#3359);
#3355 = LINE('',#3356,#3357);
#3356 = CARTESIAN_POINT('',(-1.570796326795,0.));
#3357 = VECTOR('',#3358,1.);
#3358 = DIRECTION('',(-0.,1.));
#3359 = ( GEOMETRIC_REPRESENTATION_CONTEXT(2) 
PARAMETRIC_REPRESENTATION_CONTEXT() REPRESENTATION_CONTEXT('2D SPACE',''
  ) );
#3360 = ORIENTED_EDGE('',*,*,#3361,.T.);
#3361 = EDGE_CURVE('',#3338,#3168,#3362,.T.);
#3362 = SURFACE_CURVE('',#3363,(#3367,#3374),.PCURVE_S1.);
#3363 = LINE('',#3364,#3365);
#3364 = CARTESIAN_POINT('',(20.75,-16.48369093826,7.69196897349));
#3365 = VECTOR('',#3366,1.);
#3366 = DIRECTION('',(-1.,-0.,0.));
#3367 = PCURVE('',#1190,#3368);
#3368 = DEFINITIONAL_REPRESENTATION('',(#3369),#3373);
#3369 = LINE('',#3370,#3371);
#3370 = CARTESIAN_POINT('',(1.570796326795,0.));
#3371 = VECTOR('',#3372,1.);
#3372 = DIRECTION('',(0.,1.));
#3373 = ( GEOMETRIC_REPRESENTATION_CONTEXT(2) 
PARAMETRIC_REPRESENTATION_CONTEXT() REPRESENTATION_CONTEXT('2D SPACE',''
  ) );
#3374 = PCURVE('',#3375,#3380);
#3375 = PLANE('',#3376);
#3376 = AXIS2_PLACEMENT_3D('',#3377,#3378,#3379);
#3377 = CARTESIAN_POINT('',(-22.75,-30.68280058471,11.496608936497));
#3378 = DIRECTION('',(0.,0.258819045103,0.965925826289));
#3379 = DIRECTION('',(1.,0.,0.));
#3380 = DEFINITIONAL_REPRESENTATION('',(#3381),#3385);
#3381 = LINE('',#3382,#3383);
#3382 = CARTESIAN_POINT('',(43.5,14.7));
#3383 = VECTOR('',#3384,1.);
#3384 = DIRECTION('',(-1.,0.));
#3385 = ( GEOMETRIC_REPRESENTATION_CONTEXT(2) 
PARAMETRIC_REPRESENTATION_CONTEXT() REPRESENTATION_CONTEXT('2D SPACE',''
  ) );
#3386 = ORIENTED_EDGE('',*,*,#3167,.F.);
#3387 = ORIENTED_EDGE('',*,*,#1174,.F.);
#3388 = ADVANCED_FACE('',(#3389),#1247,.T.);
#3389 = FACE_BOUND('',#3390,.T.);
#3390 = EDGE_LOOP('',(#3391,#3415,#3443,#3465));
#3391 = ORIENTED_EDGE('',*,*,#3392,.F.);
#3392 = EDGE_CURVE('',#3393,#1232,#3395,.T.);
#3393 = VERTEX_POINT('',#3394);
#3394 = CARTESIAN_POINT('',(22.75,-15.48849750026,11.406081447463));
#3395 = SURFACE_CURVE('',#3396,(#3401,#3408),.PCURVE_S1.);
#3396 = CIRCLE('',#3397,0.8);
#3397 = AXIS2_PLACEMENT_3D('',#3398,#3399,#3400);
#3398 = CARTESIAN_POINT('',(23.55,-15.48849750026,11.406081447463));
#3399 = DIRECTION('',(-0.,0.258819045103,0.965925826289));
#3400 = DIRECTION('',(0.,-0.965925826289,0.258819045103));
#3401 = PCURVE('',#1247,#3402);
#3402 = DEFINITIONAL_REPRESENTATION('',(#3403),#3407);
#3403 = LINE('',#3404,#3405);
#3404 = CARTESIAN_POINT('',(6.28318530718,0.504867824331));
#3405 = VECTOR('',#3406,1.);
#3406 = DIRECTION('',(-1.,-0.));
#3407 = ( GEOMETRIC_REPRESENTATION_CONTEXT(2) 
PARAMETRIC_REPRESENTATION_CONTEXT() REPRESENTATION_CONTEXT('2D SPACE',''
  ) );
#3408 = PCURVE('',#3241,#3409);
#3409 = DEFINITIONAL_REPRESENTATION('',(#3410),#3414);
#3410 = LINE('',#3411,#3412);
#3411 = CARTESIAN_POINT('',(-0.,-6.28318530718));
#3412 = VECTOR('',#3413,1.);
#3413 = DIRECTION('',(-0.,1.));
#3414 = ( GEOMETRIC_REPRESENTATION_CONTEXT(2) 
PARAMETRIC_REPRESENTATION_CONTEXT() REPRESENTATION_CONTEXT('2D SPACE',''
  ) );
#3415 = ORIENTED_EDGE('',*,*,#3416,.T.);
#3416 = EDGE_CURVE('',#3393,#3417,#3419,.T.);
#3417 = VERTEX_POINT('',#3418);
#3418 = CARTESIAN_POINT('',(22.75,-15.96605284805,9.623820626068));
#3419 = SURFACE_CURVE('',#3420,(#3424,#3431),.PCURVE_S1.);
#3420 = LINE('',#3421,#3422);
#3421 = CARTESIAN_POINT('',(22.75,-15.35782809206,11.893746317847));
#3422 = VECTOR('',#3423,1.);
#3423 = DIRECTION('',(0.,-0.258819045103,-0.965925826289));
#3424 = PCURVE('',#1247,#3425);
#3425 = DEFINITIONAL_REPRESENTATION('',(#3426),#3430);
#3426 = LINE('',#3427,#3428);
#3427 = CARTESIAN_POINT('',(1.570796326795,0.));
#3428 = VECTOR('',#3429,1.);
#3429 = DIRECTION('',(0.,1.));
#3430 = ( GEOMETRIC_REPRESENTATION_CONTEXT(2) 
PARAMETRIC_REPRESENTATION_CONTEXT() REPRESENTATION_CONTEXT('2D SPACE',''
  ) );
#3431 = PCURVE('',#3432,#3437);
#3432 = PLANE('',#3433);
#3433 = AXIS2_PLACEMENT_3D('',#3434,#3435,#3436);
#3434 = CARTESIAN_POINT('',(22.75,-30.68280058471,11.496608936497));
#3435 = DIRECTION('',(1.,0.,0.));
#3436 = DIRECTION('',(0.,0.258819045103,0.965925826289));
#3437 = DEFINITIONAL_REPRESENTATION('',(#3438),#3442);
#3438 = LINE('',#3439,#3440);
#3439 = CARTESIAN_POINT('',(4.35,-14.7));
#3440 = VECTOR('',#3441,1.);
#3441 = DIRECTION('',(-1.,-1.225300278295E-17));
#3442 = ( GEOMETRIC_REPRESENTATION_CONTEXT(2) 
PARAMETRIC_REPRESENTATION_CONTEXT() REPRESENTATION_CONTEXT('2D SPACE',''
  ) );
#3443 = ORIENTED_EDGE('',*,*,#3444,.F.);
#3444 = EDGE_CURVE('',#1203,#3417,#3445,.T.);
#3445 = SURFACE_CURVE('',#3446,(#3451,#3458),.PCURVE_S1.);
#3446 = CIRCLE('',#3447,0.8);
#3447 = AXIS2_PLACEMENT_3D('',#3448,#3449,#3450);
#3448 = CARTESIAN_POINT('',(23.55,-15.96605284805,9.623820626068));
#3449 = DIRECTION('',(0.,-0.258819045103,-0.965925826289));
#3450 = DIRECTION('',(0.,-0.965925826289,0.258819045103));
#3451 = PCURVE('',#1247,#3452);
#3452 = DEFINITIONAL_REPRESENTATION('',(#3453),#3457);
#3453 = LINE('',#3454,#3455);
#3454 = CARTESIAN_POINT('',(0.,2.35));
#3455 = VECTOR('',#3456,1.);
#3456 = DIRECTION('',(1.,0.));
#3457 = ( GEOMETRIC_REPRESENTATION_CONTEXT(2) 
PARAMETRIC_REPRESENTATION_CONTEXT() REPRESENTATION_CONTEXT('2D SPACE',''
  ) );
#3458 = PCURVE('',#1219,#3459);
#3459 = DEFINITIONAL_REPRESENTATION('',(#3460),#3464);
#3460 = LINE('',#3461,#3462);
#3461 = CARTESIAN_POINT('',(-0.,1.570796326795));
#3462 = VECTOR('',#3463,1.);
#3463 = DIRECTION('',(-0.,1.));
#3464 = ( GEOMETRIC_REPRESENTATION_CONTEXT(2) 
PARAMETRIC_REPRESENTATION_CONTEXT() REPRESENTATION_CONTEXT('2D SPACE',''
  ) );
#3465 = ORIENTED_EDGE('',*,*,#1231,.F.);
#3466 = ADVANCED_FACE('',(#3467),#1219,.T.);
#3467 = FACE_BOUND('',#3468,.F.);
#3468 = EDGE_LOOP('',(#3469,#3470,#3471,#3472));
#3469 = ORIENTED_EDGE('',*,*,#3444,.F.);
#3470 = ORIENTED_EDGE('',*,*,#1202,.T.);
#3471 = ORIENTED_EDGE('',*,*,#3337,.T.);
#3472 = ORIENTED_EDGE('',*,*,#3473,.F.);
#3473 = EDGE_CURVE('',#3417,#3338,#3474,.T.);
#3474 = SURFACE_CURVE('',#3475,(#3480,#3487),.PCURVE_S1.);
#3475 = CIRCLE('',#3476,2.);
#3476 = AXIS2_PLACEMENT_3D('',#3477,#3478,#3479);
#3477 = CARTESIAN_POINT('',(20.75,-15.96605284805,9.623820626068));
#3478 = DIRECTION('',(1.378691132375E-34,0.965925826289,-0.258819045103)
  );
#3479 = DIRECTION('',(1.,1.268524191969E-18,4.734196735057E-18));
#3480 = PCURVE('',#1219,#3481);
#3481 = DEFINITIONAL_REPRESENTATION('',(#3482),#3486);
#3482 = LINE('',#3483,#3484);
#3483 = CARTESIAN_POINT('',(-0.,3.14159265359));
#3484 = VECTOR('',#3485,1.);
#3485 = DIRECTION('',(-1.,0.));
#3486 = ( GEOMETRIC_REPRESENTATION_CONTEXT(2) 
PARAMETRIC_REPRESENTATION_CONTEXT() REPRESENTATION_CONTEXT('2D SPACE',''
  ) );
#3487 = PCURVE('',#3488,#3493);
#3488 = CYLINDRICAL_SURFACE('',#3489,2.);
#3489 = AXIS2_PLACEMENT_3D('',#3490,#3491,#3492);
#3490 = CARTESIAN_POINT('',(20.75,-30.1651624945,13.428460589075));
#3491 = DIRECTION('',(0.,0.965925826289,-0.258819045103));
#3492 = DIRECTION('',(1.,0.,0.));
#3493 = DEFINITIONAL_REPRESENTATION('',(#3494),#3498);
#3494 = LINE('',#3495,#3496);
#3495 = CARTESIAN_POINT('',(0.,14.7));
#3496 = VECTOR('',#3497,1.);
#3497 = DIRECTION('',(1.,0.));
#3498 = ( GEOMETRIC_REPRESENTATION_CONTEXT(2) 
PARAMETRIC_REPRESENTATION_CONTEXT() REPRESENTATION_CONTEXT('2D SPACE',''
  ) );
#3499 = ADVANCED_FACE('',(#3500),#1377,.T.);
#3500 = FACE_BOUND('',#3501,.T.);
#3501 = EDGE_LOOP('',(#3502,#3524,#3578,#3598));
#3502 = ORIENTED_EDGE('',*,*,#3503,.T.);
#3503 = EDGE_CURVE('',#1336,#3504,#3506,.T.);
#3504 = VERTEX_POINT('',#3505);
#3505 = CARTESIAN_POINT('',(-32.15,-12.67526103412,11.926935556584));
#3506 = SURFACE_CURVE('',#3507,(#3511,#3517),.PCURVE_S1.);
#3507 = ( BOUNDED_CURVE() B_SPLINE_CURVE(2,(#3508,#3509,#3510),
.UNSPECIFIED.,.F.,.F.) B_SPLINE_CURVE_WITH_KNOTS((3,3),(0.,
0.777710403893),.PIECEWISE_BEZIER_KNOTS.) CURVE() 
GEOMETRIC_REPRESENTATION_ITEM() RATIONAL_B_SPLINE_CURVE((1.,
0.707106781187,1.)) REPRESENTATION_ITEM('') );
#3508 = CARTESIAN_POINT('',(-32.88676325981,-13.12742873394,
    12.656815183806));
#3509 = CARTESIAN_POINT('',(-32.15,-12.82090118822,12.713566947716));
#3510 = CARTESIAN_POINT('',(-32.15,-12.67526103412,11.926935556584));
#3511 = PCURVE('',#1377,#3512);
#3512 = DEFINITIONAL_REPRESENTATION('',(#3513),#3516);
#3513 = B_SPLINE_CURVE_WITH_KNOTS('',1,(#3514,#3515),.UNSPECIFIED.,.F.,
  .F.,(2,2),(0.,0.777710403893),.PIECEWISE_BEZIER_KNOTS.);
#3514 = CARTESIAN_POINT('',(0.,9.477710403894));
#3515 = CARTESIAN_POINT('',(4.21370296339,9.477710403894));
#3516 = ( GEOMETRIC_REPRESENTATION_CONTEXT(2) 
PARAMETRIC_REPRESENTATION_CONTEXT() REPRESENTATION_CONTEXT('2D SPACE',''
  ) );
#3517 = PCURVE('',#1463,#3518);
#3518 = DEFINITIONAL_REPRESENTATION('',(#3519),#3523);
#3519 = LINE('',#3520,#3521);
#3520 = CARTESIAN_POINT('',(0.,9.477710403893));
#3521 = VECTOR('',#3522,1.);
#3522 = DIRECTION('',(1.,0.));
#3523 = ( GEOMETRIC_REPRESENTATION_CONTEXT(2) 
PARAMETRIC_REPRESENTATION_CONTEXT() REPRESENTATION_CONTEXT('2D SPACE',''
  ) );
#3524 = ORIENTED_EDGE('',*,*,#3525,.T.);
#3525 = EDGE_CURVE('',#3504,#3526,#3528,.T.);
#3526 = VERTEX_POINT('',#3527);
#3527 = CARTESIAN_POINT('',(-32.15,-8.087385438943,12.776353749919));
#3528 = SURFACE_CURVE('',#3529,(#3546,#3553),.PCURVE_S1.);
#3529 = ( BOUNDED_CURVE() B_SPLINE_CURVE(8,(#3530,#3531,#3532,#3533,
    #3534,#3535,#3536,#3537,#3538,#3539,#3540,#3541,#3542,#3543,#3544,
#3545),.UNSPECIFIED.,.F.,.F.) B_SPLINE_CURVE_WITH_KNOTS((9,7,9),(
9.477710403894,9.779365510685,13.691413367284),.UNSPECIFIED.) CURVE() 
GEOMETRIC_REPRESENTATION_ITEM() RATIONAL_B_SPLINE_CURVE((1.,1.,1.,1.,1.,
1.,1.,1.,1.,1.,1.,1.,1.,1.,1.,1.)) REPRESENTATION_ITEM('') );
#3530 = CARTESIAN_POINT('',(-32.15,-12.67526103412,11.926935556583));
#3531 = CARTESIAN_POINT('',(-32.15,-12.62772242479,11.935737049209));
#3532 = CARTESIAN_POINT('',(-32.15,-12.58249374602,11.944110871841));
#3533 = CARTESIAN_POINT('',(-32.15,-12.53890831511,11.95218045684));
#3534 = CARTESIAN_POINT('',(-32.15,-12.49668136255,11.959998527601));
#3535 = CARTESIAN_POINT('',(-32.15,-12.45547633723,11.967627394569));
#3536 = CARTESIAN_POINT('',(-32.15,-12.41477384846,11.975163219867));
#3537 = CARTESIAN_POINT('',(-32.15,-12.37407316331,11.982698711233));
#3538 = CARTESIAN_POINT('',(-32.15,-11.80671028577,12.087742595631));
#3539 = CARTESIAN_POINT('',(-32.15,-11.28150448017,12.184981471658));
#3540 = CARTESIAN_POINT('',(-32.15,-10.75023190289,12.283342467755));
#3541 = CARTESIAN_POINT('',(-32.15,-10.2223179557,12.381085697433));
#3542 = CARTESIAN_POINT('',(-32.15,-9.689738026981,12.47968654482));
#3543 = CARTESIAN_POINT('',(-32.15,-9.157400756824,12.57824694506));
#3544 = CARTESIAN_POINT('',(-32.15,-8.622989574046,12.677189466869));
#3545 = CARTESIAN_POINT('',(-32.15,-8.087385438943,12.776353749919));
#3546 = PCURVE('',#1377,#3547);
#3547 = DEFINITIONAL_REPRESENTATION('',(#3548),#3552);
#3548 = LINE('',#3549,#3550);
#3549 = CARTESIAN_POINT('',(4.21370296339,0.));
#3550 = VECTOR('',#3551,1.);
#3551 = DIRECTION('',(0.,1.));
#3552 = ( GEOMETRIC_REPRESENTATION_CONTEXT(2) 
PARAMETRIC_REPRESENTATION_CONTEXT() REPRESENTATION_CONTEXT('2D SPACE',''
  ) );
#3553 = PCURVE('',#3554,#3559);
#3554 = B_SPLINE_SURFACE_WITH_KNOTS('',1,1,(
    (#3555,#3556)
    ,(#3557,#3558
    )),.UNSPECIFIED.,.F.,.F.,.F.,(2,2),(2,2),(-7.444453864422,-0.7),(0.,
    1.),.PIECEWISE_BEZIER_KNOTS.);
#3555 = CARTESIAN_POINT('',(-32.15,-9.923259473479,4.74353905303));
#3556 = CARTESIAN_POINT('',(-32.15,8.194073683698,72.358346893264));
#3557 = CARTESIAN_POINT('',(-32.15,-14.07674052652,5.85646094697));
#3558 = CARTESIAN_POINT('',(-32.15,1.679431511837,74.103940002192));
#3559 = DEFINITIONAL_REPRESENTATION('',(#3560),#3577);
#3560 = B_SPLINE_CURVE_WITH_KNOTS('',8,(#3561,#3562,#3563,#3564,#3565,
    #3566,#3567,#3568,#3569,#3570,#3571,#3572,#3573,#3574,#3575,#3576),
  .UNSPECIFIED.,.F.,.F.,(9,7,9),(9.477710403894,9.779365510685,
    13.691413367284),.UNSPECIFIED.);
#3561 = CARTESIAN_POINT('',(-0.7,8.894796838871E-02));
#3562 = CARTESIAN_POINT('',(-0.766239741778,8.924518962457E-02));
#3563 = CARTESIAN_POINT('',(-0.829236512155,8.952796869593E-02));
#3564 = CARTESIAN_POINT('',(-0.889923366453,8.980047384116E-02));
#3565 = CARTESIAN_POINT('',(-0.948699168361,9.00644854983E-02));
#3566 = CARTESIAN_POINT('',(-1.006034581096,9.032210785451E-02));
#3567 = CARTESIAN_POINT('',(-1.062653562722,9.057658824816E-02));
#3568 = CARTESIAN_POINT('',(-1.119252207301,9.083105736514E-02));
#3569 = CARTESIAN_POINT('',(-1.907983791697,9.437832763696E-02));
#3570 = CARTESIAN_POINT('',(-2.635134040469,9.766202487641E-02));
#3571 = CARTESIAN_POINT('',(-3.367764994603,0.100983637556));
#3572 = CARTESIAN_POINT('',(-4.092702780644,0.104284307465));
#3573 = CARTESIAN_POINT('',(-4.821183828202,0.107614063659));
#3574 = CARTESIAN_POINT('',(-5.546308501551,0.110942364515));
#3575 = CARTESIAN_POINT('',(-6.271321066016,0.11428360636));
#3576 = CARTESIAN_POINT('',(-6.995597030574,0.117635155414));
#3577 = ( GEOMETRIC_REPRESENTATION_CONTEXT(2) 
PARAMETRIC_REPRESENTATION_CONTEXT() REPRESENTATION_CONTEXT('2D SPACE',''
  ) );
#3578 = ORIENTED_EDGE('',*,*,#3579,.F.);
#3579 = EDGE_CURVE('',#1313,#3526,#3580,.T.);
#3580 = SURFACE_CURVE('',#3581,(#3585,#3592),.PCURVE_S1.);
#3581 = ( BOUNDED_CURVE() B_SPLINE_CURVE(2,(#3582,#3583,#3584),
.UNSPECIFIED.,.F.,.F.) B_SPLINE_CURVE_WITH_KNOTS((3,3),(0.,4.21370296339
),.PIECEWISE_BEZIER_KNOTS.) CURVE() GEOMETRIC_REPRESENTATION_ITEM() 
RATIONAL_B_SPLINE_CURVE((1.,0.707106781187,1.)) REPRESENTATION_ITEM('') 
  );
#3582 = CARTESIAN_POINT('',(-32.95,-8.23302556882,13.562985010243));
#3583 = CARTESIAN_POINT('',(-32.15,-8.23302556882,13.562985010243));
#3584 = CARTESIAN_POINT('',(-32.15,-8.087385438943,12.776353749919));
#3585 = PCURVE('',#1377,#3586);
#3586 = DEFINITIONAL_REPRESENTATION('',(#3587),#3591);
#3587 = LINE('',#3588,#3589);
#3588 = CARTESIAN_POINT('',(0.,13.691413367284));
#3589 = VECTOR('',#3590,1.);
#3590 = DIRECTION('',(1.,0.));
#3591 = ( GEOMETRIC_REPRESENTATION_CONTEXT(2) 
PARAMETRIC_REPRESENTATION_CONTEXT() REPRESENTATION_CONTEXT('2D SPACE',''
  ) );
#3592 = PCURVE('',#2122,#3593);
#3593 = DEFINITIONAL_REPRESENTATION('',(#3594),#3597);
#3594 = B_SPLINE_CURVE_WITH_KNOTS('',1,(#3595,#3596),.UNSPECIFIED.,.F.,
  .F.,(2,2),(0.,4.21370296339),.PIECEWISE_BEZIER_KNOTS.);
#3595 = CARTESIAN_POINT('',(0.,13.691413367284));
#3596 = CARTESIAN_POINT('',(0.308751205566,13.691413367284));
#3597 = ( GEOMETRIC_REPRESENTATION_CONTEXT(2) 
PARAMETRIC_REPRESENTATION_CONTEXT() REPRESENTATION_CONTEXT('2D SPACE',''
  ) );
#3598 = ORIENTED_EDGE('',*,*,#1335,.F.);
#3599 = ADVANCED_FACE('',(#3600),#1463,.T.);
#3600 = FACE_BOUND('',#3601,.T.);
#3601 = EDGE_LOOP('',(#3602,#3653,#3706,#3707));
#3602 = ORIENTED_EDGE('',*,*,#3603,.T.);
#3603 = EDGE_CURVE('',#1434,#3604,#3606,.T.);
#3604 = VERTEX_POINT('',#3605);
#3605 = CARTESIAN_POINT('',(-31.45,-13.50350453513,11.44931123456));
#3606 = SURFACE_CURVE('',#3607,(#3612,#3646),.PCURVE_S1.);
#3607 = CIRCLE('',#3608,0.8);
#3608 = AXIS2_PLACEMENT_3D('',#3609,#3610,#3611);
#3609 = CARTESIAN_POINT('',(-31.45,-14.28300058696,11.629272078035));
#3610 = DIRECTION('',(-1.,0.,0.));
#3611 = DIRECTION('',(0.,-0.182050192619,0.983289238916));
#3612 = PCURVE('',#1463,#3613);
#3613 = DEFINITIONAL_REPRESENTATION('',(#3614),#3645);
#3614 = B_SPLINE_CURVE_WITH_KNOTS('',8,(#3615,#3616,#3617,#3618,#3619,
    #3620,#3621,#3622,#3623,#3624,#3625,#3626,#3627,#3628,#3629,#3630,
    #3631,#3632,#3633,#3634,#3635,#3636,#3637,#3638,#3639,#3640,#3641,
    #3642,#3643,#3644),.UNSPECIFIED.,.F.,.F.,(9,7,7,7,9),(0.,
    0.495190053791,0.990380107582,1.485570161373,1.980760215163),
  .UNSPECIFIED.);
#3615 = CARTESIAN_POINT('',(-5.551115123126E-17,8.7));
#3616 = CARTESIAN_POINT('',(2.87833785137E-02,8.7));
#3617 = CARTESIAN_POINT('',(5.646711232273E-02,8.7));
#3618 = CARTESIAN_POINT('',(8.320853248849E-02,8.7));
#3619 = CARTESIAN_POINT('',(0.109139875823,8.7));
#3620 = CARTESIAN_POINT('',(0.134374114469,8.7));
#3621 = CARTESIAN_POINT('',(0.159012164412,8.7));
#3622 = CARTESIAN_POINT('',(0.183143664951,8.7));
#3623 = CARTESIAN_POINT('',(0.230558832573,8.7));
#3624 = CARTESIAN_POINT('',(0.253842476855,8.7));
#3625 = CARTESIAN_POINT('',(0.276784828854,8.7));
#3626 = CARTESIAN_POINT('',(0.299459994712,8.7));
#3627 = CARTESIAN_POINT('',(0.321939232993,8.7));
#3628 = CARTESIAN_POINT('',(0.344287786039,8.7));
#3629 = CARTESIAN_POINT('',(0.366571512584,8.7));
#3630 = CARTESIAN_POINT('',(0.411138891309,8.7));
#3631 = CARTESIAN_POINT('',(0.433422617854,8.7));
#3632 = CARTESIAN_POINT('',(0.4557711709,8.7));
#3633 = CARTESIAN_POINT('',(0.478250409181,8.7));
#3634 = CARTESIAN_POINT('',(0.500925575039,8.7));
#3635 = CARTESIAN_POINT('',(0.523867927038,8.7));
#3636 = CARTESIAN_POINT('',(0.54715157132,8.7));
#3637 = CARTESIAN_POINT('',(0.594566738942,8.7));
#3638 = CARTESIAN_POINT('',(0.618698239481,8.7));
#3639 = CARTESIAN_POINT('',(0.643336289424,8.699999999999));
#3640 = CARTESIAN_POINT('',(0.66857052807,8.700000000001));
#3641 = CARTESIAN_POINT('',(0.694501871405,8.699999999999));
#3642 = CARTESIAN_POINT('',(0.72124329157,8.7));
#3643 = CARTESIAN_POINT('',(0.748927025379,8.7));
#3644 = CARTESIAN_POINT('',(0.777710403893,8.7));
#3645 = ( GEOMETRIC_REPRESENTATION_CONTEXT(2) 
PARAMETRIC_REPRESENTATION_CONTEXT() REPRESENTATION_CONTEXT('2D SPACE',''
  ) );
#3646 = PCURVE('',#1517,#3647);
#3647 = DEFINITIONAL_REPRESENTATION('',(#3648),#3652);
#3648 = LINE('',#3649,#3650);
#3649 = CARTESIAN_POINT('',(0.,8.7));
#3650 = VECTOR('',#3651,1.);
#3651 = DIRECTION('',(1.,0.));
#3652 = ( GEOMETRIC_REPRESENTATION_CONTEXT(2) 
PARAMETRIC_REPRESENTATION_CONTEXT() REPRESENTATION_CONTEXT('2D SPACE',''
  ) );
#3653 = ORIENTED_EDGE('',*,*,#3654,.T.);
#3654 = EDGE_CURVE('',#3604,#3504,#3655,.T.);
#3655 = SURFACE_CURVE('',#3656,(#3667,#3674),.PCURVE_S1.);
#3656 = ( BOUNDED_CURVE() B_SPLINE_CURVE(9,(#3657,#3658,#3659,#3660,
    #3661,#3662,#3663,#3664,#3665,#3666),.UNSPECIFIED.,.F.,.F.) 
B_SPLINE_CURVE_WITH_KNOTS((10,10),(8.7,9.477710403893),
.PIECEWISE_BEZIER_KNOTS.) CURVE() GEOMETRIC_REPRESENTATION_ITEM() 
RATIONAL_B_SPLINE_CURVE((1.,1.,1.,1.,1.,1.,1.,1.,1.,1.)) 
REPRESENTATION_ITEM('') );
#3657 = CARTESIAN_POINT('',(-31.45,-13.50350453513,11.44931123456));
#3658 = CARTESIAN_POINT('',(-31.60702034896,-13.50350453513,
    11.44931123456));
#3659 = CARTESIAN_POINT('',(-31.76396034687,-13.45738297361,
    11.472809059033));
#3660 = CARTESIAN_POINT('',(-31.90323773509,-13.36573117306,
    11.519489076843));
#3661 = CARTESIAN_POINT('',(-32.00409776369,-13.2402740734,
    11.585536453575));
#3662 = CARTESIAN_POINT('',(-32.06819959048,-13.11885741633,
    11.658473979372));
#3663 = CARTESIAN_POINT('',(-32.11315691579,-12.99816160334,
    11.73031348383));
#3664 = CARTESIAN_POINT('',(-32.13832517815,-12.88437323963,
    11.799717105104));
#3665 = CARTESIAN_POINT('',(-32.15,-12.77655356749,11.865441126316));
#3666 = CARTESIAN_POINT('',(-32.15,-12.67526103412,11.926935556584));
#3667 = PCURVE('',#1463,#3668);
#3668 = DEFINITIONAL_REPRESENTATION('',(#3669),#3673);
#3669 = LINE('',#3670,#3671);
#3670 = CARTESIAN_POINT('',(0.777710403893,0.));
#3671 = VECTOR('',#3672,1.);
#3672 = DIRECTION('',(0.,1.));
#3673 = ( GEOMETRIC_REPRESENTATION_CONTEXT(2) 
PARAMETRIC_REPRESENTATION_CONTEXT() REPRESENTATION_CONTEXT('2D SPACE',''
  ) );
#3674 = PCURVE('',#3675,#3692);
#3675 = B_SPLINE_SURFACE_WITH_KNOTS('',7,1,(
    (#3676,#3677)
    ,(#3678,#3679)
    ,(#3680,#3681)
    ,(#3682,#3683)
    ,(#3684,#3685)
    ,(#3686,#3687)
    ,(#3688,#3689)
    ,(#3690,#3691
    )),.UNSPECIFIED.,.F.,.F.,.F.,(8,8),(2,2),(4.712388980385,
    6.28318530718),(0.,1.),.PIECEWISE_BEZIER_KNOTS.);
#3676 = CARTESIAN_POINT('',(-32.15,-14.07674052652,5.85646094697));
#3677 = CARTESIAN_POINT('',(-32.15,1.679431511837,74.103940002192));
#3678 = CARTESIAN_POINT('',(-32.15,-14.22846780051,5.897116147506));
#3679 = CARTESIAN_POINT('',(-32.15,1.527704237848,74.144595202728));
#3680 = CARTESIAN_POINT('',(-32.10887577941,-14.38019434052,
    5.937771151372));
#3681 = CARTESIAN_POINT('',(-32.10887577941,1.375977697837,
    74.185250206592));
#3682 = CARTESIAN_POINT('',(-32.02663390554,-14.51944641239,
    5.975083631576));
#3683 = CARTESIAN_POINT('',(-32.02663390554,1.236725625961,74.2225626868
    ));
#3684 = CARTESIAN_POINT('',(-31.90832285857,-14.63372610819,
    6.005704783776));
#3685 = CARTESIAN_POINT('',(-31.90832285857,1.12244593016,
    74.253183838996));
#3686 = CARTESIAN_POINT('',(-31.76415850548,-14.71316565817,
    6.026990547039));
#3687 = CARTESIAN_POINT('',(-31.76415850548,1.043006380185,
    74.274469602263));
#3688 = CARTESIAN_POINT('',(-31.60707963267,-14.75288860492,
    6.037634278542));
#3689 = CARTESIAN_POINT('',(-31.60707963267,1.003283433435,
    74.285113333764));
#3690 = CARTESIAN_POINT('',(-31.45,-14.75288860492,6.037634278542));
#3691 = CARTESIAN_POINT('',(-31.45,1.003283433435,74.285113333764));
#3692 = DEFINITIONAL_REPRESENTATION('',(#3693),#3705);
#3693 = B_SPLINE_CURVE_WITH_KNOTS('',10,(#3694,#3695,#3696,#3697,#3698,
    #3699,#3700,#3701,#3702,#3703,#3704),.UNSPECIFIED.,.F.,.F.,(11,11),(
    8.7,9.477710403893),.PIECEWISE_BEZIER_KNOTS.);
#3694 = CARTESIAN_POINT('',(6.28318530718,7.929489896087E-02));
#3695 = CARTESIAN_POINT('',(6.081302001373,7.929489896088E-02));
#3696 = CARTESIAN_POINT('',(5.879467473932,7.969054286728E-02));
#3697 = CARTESIAN_POINT('',(5.684167870615,8.047860514773E-02));
#3698 = CARTESIAN_POINT('',(5.503181977144,8.159610426929E-02));
#3699 = CARTESIAN_POINT('',(5.339196887254,8.287768413276E-02));
#3700 = CARTESIAN_POINT('',(5.194103010158,8.417690245066E-02));
#3701 = CARTESIAN_POINT('',(5.059754015854,8.54549990198E-02));
#3702 = CARTESIAN_POINT('',(4.93695129076,8.668032523311E-02));
#3703 = CARTESIAN_POINT('',(4.821565284554,8.784719773702E-02));
#3704 = CARTESIAN_POINT('',(4.712388980386,8.894796838871E-02));
#3705 = ( GEOMETRIC_REPRESENTATION_CONTEXT(2) 
PARAMETRIC_REPRESENTATION_CONTEXT() REPRESENTATION_CONTEXT('2D SPACE',''
  ) );
#3706 = ORIENTED_EDGE('',*,*,#3503,.F.);
#3707 = ORIENTED_EDGE('',*,*,#1433,.F.);
#3708 = ADVANCED_FACE('',(#3709),#1517,.T.);
#3709 = FACE_BOUND('',#3710,.T.);
#3710 = EDGE_LOOP('',(#3711,#3712,#3741,#3767));
#3711 = ORIENTED_EDGE('',*,*,#1501,.F.);
#3712 = ORIENTED_EDGE('',*,*,#3713,.F.);
#3713 = EDGE_CURVE('',#3714,#1502,#3716,.T.);
#3714 = VERTEX_POINT('',#3715);
#3715 = CARTESIAN_POINT('',(-23.55,-13.50350453513,11.44931123456));
#3716 = SURFACE_CURVE('',#3717,(#3722,#3729),.PCURVE_S1.);
#3717 = CIRCLE('',#3718,0.8);
#3718 = AXIS2_PLACEMENT_3D('',#3719,#3720,#3721);
#3719 = CARTESIAN_POINT('',(-23.55,-14.28300058696,11.629272078035));
#3720 = DIRECTION('',(1.,-0.,0.));
#3721 = DIRECTION('',(0.,0.974370064785,-0.224951054344));
#3722 = PCURVE('',#1517,#3723);
#3723 = DEFINITIONAL_REPRESENTATION('',(#3724),#3728);
#3724 = LINE('',#3725,#3726);
#3725 = CARTESIAN_POINT('',(1.980760215163,0.8));
#3726 = VECTOR('',#3727,1.);
#3727 = DIRECTION('',(-1.,-0.));
#3728 = ( GEOMETRIC_REPRESENTATION_CONTEXT(2) 
PARAMETRIC_REPRESENTATION_CONTEXT() REPRESENTATION_CONTEXT('2D SPACE',''
  ) );
#3729 = PCURVE('',#3730,#3735);
#3730 = SPHERICAL_SURFACE('',#3731,0.8);
#3731 = AXIS2_PLACEMENT_3D('',#3732,#3733,#3734);
#3732 = CARTESIAN_POINT('',(-23.55,-14.28300058696,11.629272078035));
#3733 = DIRECTION('',(-1.,-0.,0.));
#3734 = DIRECTION('',(0.,0.974370064785,-0.224951054344));
#3735 = DEFINITIONAL_REPRESENTATION('',(#3736),#3740);
#3736 = LINE('',#3737,#3738);
#3737 = CARTESIAN_POINT('',(-0.,0.));
#3738 = VECTOR('',#3739,1.);
#3739 = DIRECTION('',(-1.,0.));
#3740 = ( GEOMETRIC_REPRESENTATION_CONTEXT(2) 
PARAMETRIC_REPRESENTATION_CONTEXT() REPRESENTATION_CONTEXT('2D SPACE',''
  ) );
#3741 = ORIENTED_EDGE('',*,*,#3742,.T.);
#3742 = EDGE_CURVE('',#3714,#3604,#3743,.T.);
#3743 = SURFACE_CURVE('',#3744,(#3748,#3755),.PCURVE_S1.);
#3744 = LINE('',#3745,#3746);
#3745 = CARTESIAN_POINT('',(-22.75,-13.50350453513,11.44931123456));
#3746 = VECTOR('',#3747,1.);
#3747 = DIRECTION('',(-1.,0.,-0.));
#3748 = PCURVE('',#1517,#3749);
#3749 = DEFINITIONAL_REPRESENTATION('',(#3750),#3754);
#3750 = LINE('',#3751,#3752);
#3751 = CARTESIAN_POINT('',(1.980760215163,0.));
#3752 = VECTOR('',#3753,1.);
#3753 = DIRECTION('',(0.,1.));
#3754 = ( GEOMETRIC_REPRESENTATION_CONTEXT(2) 
PARAMETRIC_REPRESENTATION_CONTEXT() REPRESENTATION_CONTEXT('2D SPACE',''
  ) );
#3755 = PCURVE('',#3756,#3761);
#3756 = PLANE('',#3757);
#3757 = AXIS2_PLACEMENT_3D('',#3758,#3759,#3760);
#3758 = CARTESIAN_POINT('',(-32.15,1.003283433435,74.285113333764));
#3759 = DIRECTION('',(0.,-0.974370064785,0.224951054344));
#3760 = DIRECTION('',(1.,0.,0.));
#3761 = DEFINITIONAL_REPRESENTATION('',(#3762),#3766);
#3762 = LINE('',#3763,#3764);
#3763 = CARTESIAN_POINT('',(9.4,-64.4886418109));
#3764 = VECTOR('',#3765,1.);
#3765 = DIRECTION('',(-1.,0.));
#3766 = ( GEOMETRIC_REPRESENTATION_CONTEXT(2) 
PARAMETRIC_REPRESENTATION_CONTEXT() REPRESENTATION_CONTEXT('2D SPACE',''
  ) );
#3767 = ORIENTED_EDGE('',*,*,#3603,.F.);
#3768 = ADVANCED_FACE('',(#3769),#1545,.T.);
#3769 = FACE_BOUND('',#3770,.F.);
#3770 = EDGE_LOOP('',(#3771,#3795,#3816,#3838));
#3771 = ORIENTED_EDGE('',*,*,#3772,.F.);
#3772 = EDGE_CURVE('',#3773,#1502,#3775,.T.);
#3773 = VERTEX_POINT('',#3774);
#3774 = CARTESIAN_POINT('',(-22.75,-14.28300058696,11.629272078035));
#3775 = SURFACE_CURVE('',#3776,(#3781,#3788),.PCURVE_S1.);
#3776 = CIRCLE('',#3777,0.8);
#3777 = AXIS2_PLACEMENT_3D('',#3778,#3779,#3780);
#3778 = CARTESIAN_POINT('',(-23.55,-14.28300058696,11.629272078035));
#3779 = DIRECTION('',(-0.,-0.983289238916,-0.182050192619));
#3780 = DIRECTION('',(0.,-0.182050192619,0.983289238916));
#3781 = PCURVE('',#1545,#3782);
#3782 = DEFINITIONAL_REPRESENTATION('',(#3783),#3787);
#3783 = LINE('',#3784,#3785);
#3784 = CARTESIAN_POINT('',(-6.28318530718,1.219952027664));
#3785 = VECTOR('',#3786,1.);
#3786 = DIRECTION('',(1.,-0.));
#3787 = ( GEOMETRIC_REPRESENTATION_CONTEXT(2) 
PARAMETRIC_REPRESENTATION_CONTEXT() REPRESENTATION_CONTEXT('2D SPACE',''
  ) );
#3788 = PCURVE('',#3730,#3789);
#3789 = DEFINITIONAL_REPRESENTATION('',(#3790),#3794);
#3790 = LINE('',#3791,#3792);
#3791 = CARTESIAN_POINT('',(-1.980760215163,-6.28318530718));
#3792 = VECTOR('',#3793,1.);
#3793 = DIRECTION('',(-0.,1.));
#3794 = ( GEOMETRIC_REPRESENTATION_CONTEXT(2) 
PARAMETRIC_REPRESENTATION_CONTEXT() REPRESENTATION_CONTEXT('2D SPACE',''
  ) );
#3795 = ORIENTED_EDGE('',*,*,#3796,.T.);
#3796 = EDGE_CURVE('',#3773,#3114,#3797,.T.);
#3797 = SURFACE_CURVE('',#3798,(#3802,#3809),.PCURVE_S1.);
#3798 = LINE('',#3799,#3800);
#3799 = CARTESIAN_POINT('',(-22.75,-13.08343488616,11.851364579658));
#3800 = VECTOR('',#3801,1.);
#3801 = DIRECTION('',(0.,-0.983289238916,-0.182050192619));
#3802 = PCURVE('',#1545,#3803);
#3803 = DEFINITIONAL_REPRESENTATION('',(#3804),#3808);
#3804 = LINE('',#3805,#3806);
#3805 = CARTESIAN_POINT('',(-1.570796326795,0.));
#3806 = VECTOR('',#3807,1.);
#3807 = DIRECTION('',(-0.,1.));
#3808 = ( GEOMETRIC_REPRESENTATION_CONTEXT(2) 
PARAMETRIC_REPRESENTATION_CONTEXT() REPRESENTATION_CONTEXT('2D SPACE',''
  ) );
#3809 = PCURVE('',#3129,#3810);
#3810 = DEFINITIONAL_REPRESENTATION('',(#3811),#3815);
#3811 = LINE('',#3812,#3813);
#3812 = CARTESIAN_POINT('',(4.897718662259,-16.90786433772));
#3813 = VECTOR('',#3814,1.);
#3814 = DIRECTION('',(-0.430340964607,0.902666413566));
#3815 = ( GEOMETRIC_REPRESENTATION_CONTEXT(2) 
PARAMETRIC_REPRESENTATION_CONTEXT() REPRESENTATION_CONTEXT('2D SPACE',''
  ) );
#3816 = ORIENTED_EDGE('',*,*,#3817,.T.);
#3817 = EDGE_CURVE('',#3114,#1530,#3818,.T.);
#3818 = SURFACE_CURVE('',#3819,(#3824,#3831),.PCURVE_S1.);
#3819 = CIRCLE('',#3820,0.8);
#3820 = AXIS2_PLACEMENT_3D('',#3821,#3822,#3823);
#3821 = CARTESIAN_POINT('',(-23.55,-15.48849750026,11.406081447463));
#3822 = DIRECTION('',(-0.,-0.983289238916,-0.182050192619));
#3823 = DIRECTION('',(0.,-0.182050192619,0.983289238916));
#3824 = PCURVE('',#1545,#3825);
#3825 = DEFINITIONAL_REPRESENTATION('',(#3826),#3830);
#3826 = LINE('',#3827,#3828);
#3827 = CARTESIAN_POINT('',(-6.28318530718,2.445936067347));
#3828 = VECTOR('',#3829,1.);
#3829 = DIRECTION('',(1.,-0.));
#3830 = ( GEOMETRIC_REPRESENTATION_CONTEXT(2) 
PARAMETRIC_REPRESENTATION_CONTEXT() REPRESENTATION_CONTEXT('2D SPACE',''
  ) );
#3831 = PCURVE('',#3072,#3832);
#3832 = DEFINITIONAL_REPRESENTATION('',(#3833),#3837);
#3833 = LINE('',#3834,#3835);
#3834 = CARTESIAN_POINT('',(1.125925853387,-6.28318530718));
#3835 = VECTOR('',#3836,1.);
#3836 = DIRECTION('',(0.,1.));
#3837 = ( GEOMETRIC_REPRESENTATION_CONTEXT(2) 
PARAMETRIC_REPRESENTATION_CONTEXT() REPRESENTATION_CONTEXT('2D SPACE',''
  ) );
#3838 = ORIENTED_EDGE('',*,*,#1529,.F.);
#3839 = ADVANCED_FACE('',(#3840),#1622,.T.);
#3840 = FACE_BOUND('',#3841,.T.);
#3841 = EDGE_LOOP('',(#3842,#3843,#3844,#3866));
#3842 = ORIENTED_EDGE('',*,*,#2376,.T.);
#3843 = ORIENTED_EDGE('',*,*,#2866,.T.);
#3844 = ORIENTED_EDGE('',*,*,#3845,.F.);
#3845 = EDGE_CURVE('',#1586,#2867,#3846,.T.);
#3846 = SURFACE_CURVE('',#3847,(#3852,#3859),.PCURVE_S1.);
#3847 = CIRCLE('',#3848,0.8);
#3848 = AXIS2_PLACEMENT_3D('',#3849,#3850,#3851);
#3849 = CARTESIAN_POINT('',(29.15,19.2,12.2));
#3850 = DIRECTION('',(1.,0.,0.));
#3851 = DIRECTION('',(0.,1.,1.225300278295E-17));
#3852 = PCURVE('',#1622,#3853);
#3853 = DEFINITIONAL_REPRESENTATION('',(#3854),#3858);
#3854 = LINE('',#3855,#3856);
#3855 = CARTESIAN_POINT('',(0.,58.3));
#3856 = VECTOR('',#3857,1.);
#3857 = DIRECTION('',(1.,0.));
#3858 = ( GEOMETRIC_REPRESENTATION_CONTEXT(2) 
PARAMETRIC_REPRESENTATION_CONTEXT() REPRESENTATION_CONTEXT('2D SPACE',''
  ) );
#3859 = PCURVE('',#1677,#3860);
#3860 = DEFINITIONAL_REPRESENTATION('',(#3861),#3865);
#3861 = LINE('',#3862,#3863);
#3862 = CARTESIAN_POINT('',(-0.,0.));
#3863 = VECTOR('',#3864,1.);
#3864 = DIRECTION('',(-0.,1.));
#3865 = ( GEOMETRIC_REPRESENTATION_CONTEXT(2) 
PARAMETRIC_REPRESENTATION_CONTEXT() REPRESENTATION_CONTEXT('2D SPACE',''
  ) );
#3866 = ORIENTED_EDGE('',*,*,#1608,.F.);
#3867 = ADVANCED_FACE('',(#3868),#1677,.T.);
#3868 = FACE_BOUND('',#3869,.F.);
#3869 = EDGE_LOOP('',(#3870,#3871,#3872,#3894));
#3870 = ORIENTED_EDGE('',*,*,#3845,.F.);
#3871 = ORIENTED_EDGE('',*,*,#1662,.T.);
#3872 = ORIENTED_EDGE('',*,*,#3873,.T.);
#3873 = EDGE_CURVE('',#1640,#2890,#3874,.T.);
#3874 = SURFACE_CURVE('',#3875,(#3880,#3887),.PCURVE_S1.);
#3875 = CIRCLE('',#3876,0.8);
#3876 = AXIS2_PLACEMENT_3D('',#3877,#3878,#3879);
#3877 = CARTESIAN_POINT('',(33.35,15.,12.2));
#3878 = DIRECTION('',(6.123233995737E-17,-1.,-7.101372406394E-17));
#3879 = DIRECTION('',(1.,6.123233995737E-17,3.346758304765E-33));
#3880 = PCURVE('',#1677,#3881);
#3881 = DEFINITIONAL_REPRESENTATION('',(#3882),#3886);
#3882 = LINE('',#3883,#3884);
#3883 = CARTESIAN_POINT('',(-1.570796326795,0.));
#3884 = VECTOR('',#3885,1.);
#3885 = DIRECTION('',(-0.,1.));
#3886 = ( GEOMETRIC_REPRESENTATION_CONTEXT(2) 
PARAMETRIC_REPRESENTATION_CONTEXT() REPRESENTATION_CONTEXT('2D SPACE',''
  ) );
#3887 = PCURVE('',#2019,#3888);
#3888 = DEFINITIONAL_REPRESENTATION('',(#3889),#3893);
#3889 = LINE('',#3890,#3891);
#3890 = CARTESIAN_POINT('',(0.,-1.49486633952E-16));
#3891 = VECTOR('',#3892,1.);
#3892 = DIRECTION('',(1.,0.));
#3893 = ( GEOMETRIC_REPRESENTATION_CONTEXT(2) 
PARAMETRIC_REPRESENTATION_CONTEXT() REPRESENTATION_CONTEXT('2D SPACE',''
  ) );
#3894 = ORIENTED_EDGE('',*,*,#2889,.F.);
#3895 = ADVANCED_FACE('',(#3896),#2019,.T.);
#3896 = FACE_BOUND('',#3897,.T.);
#3897 = EDGE_LOOP('',(#3898,#3899,#3900,#3927));
#3898 = ORIENTED_EDGE('',*,*,#3873,.T.);
#3899 = ORIENTED_EDGE('',*,*,#2913,.T.);
#3900 = ORIENTED_EDGE('',*,*,#3901,.F.);
#3901 = EDGE_CURVE('',#1978,#2914,#3902,.T.);
#3902 = SURFACE_CURVE('',#3903,(#3908,#3915),.PCURVE_S1.);
#3903 = CIRCLE('',#3904,0.8);
#3904 = AXIS2_PLACEMENT_3D('',#3905,#3906,#3907);
#3905 = CARTESIAN_POINT('',(33.35,4.549771189598,12.2));
#3906 = DIRECTION('',(-0.,-1.,-4.661453918264E-15));
#3907 = DIRECTION('',(0.,-4.661453918264E-15,1.));
#3908 = PCURVE('',#2019,#3909);
#3909 = DEFINITIONAL_REPRESENTATION('',(#3910),#3914);
#3910 = LINE('',#3911,#3912);
#3911 = CARTESIAN_POINT('',(-4.712388980385,10.450228810402));
#3912 = VECTOR('',#3913,1.);
#3913 = DIRECTION('',(1.,0.));
#3914 = ( GEOMETRIC_REPRESENTATION_CONTEXT(2) 
PARAMETRIC_REPRESENTATION_CONTEXT() REPRESENTATION_CONTEXT('2D SPACE',''
  ) );
#3915 = PCURVE('',#3916,#3921);
#3916 = SPHERICAL_SURFACE('',#3917,0.8);
#3917 = AXIS2_PLACEMENT_3D('',#3918,#3919,#3920);
#3918 = CARTESIAN_POINT('',(33.35,4.549771189598,12.2));
#3919 = DIRECTION('',(-1.,0.,0.));
#3920 = DIRECTION('',(0.,-4.661453918264E-15,1.));
#3921 = DEFINITIONAL_REPRESENTATION('',(#3922),#3926);
#3922 = LINE('',#3923,#3924);
#3923 = CARTESIAN_POINT('',(-0.,-6.28318530718));
#3924 = VECTOR('',#3925,1.);
#3925 = DIRECTION('',(-0.,1.));
#3926 = ( GEOMETRIC_REPRESENTATION_CONTEXT(2) 
PARAMETRIC_REPRESENTATION_CONTEXT() REPRESENTATION_CONTEXT('2D SPACE',''
  ) );
#3927 = ORIENTED_EDGE('',*,*,#2005,.F.);
#3928 = ADVANCED_FACE('',(#3929),#1993,.T.);
#3929 = FACE_BOUND('',#3930,.F.);
#3930 = EDGE_LOOP('',(#3931,#3955,#3983,#4005));
#3931 = ORIENTED_EDGE('',*,*,#3932,.T.);
#3932 = EDGE_CURVE('',#1945,#3933,#3935,.T.);
#3933 = VERTEX_POINT('',#3934);
#3934 = CARTESIAN_POINT('',(33.35,1.787156159308,4.980742989329));
#3935 = SURFACE_CURVE('',#3936,(#3941,#3948),.PCURVE_S1.);
#3936 = CIRCLE('',#3937,0.8);
#3937 = AXIS2_PLACEMENT_3D('',#3938,#3939,#3940);
#3938 = CARTESIAN_POINT('',(33.35,2.559896820339,4.773687753247));
#3939 = DIRECTION('',(0.,-0.258819045103,-0.965925826289));
#3940 = DIRECTION('',(0.,0.965925826289,-0.258819045103));
#3941 = PCURVE('',#1993,#3942);
#3942 = DEFINITIONAL_REPRESENTATION('',(#3943),#3947);
#3943 = LINE('',#3944,#3945);
#3944 = CARTESIAN_POINT('',(1.570796326795,4.440892098501E-16));
#3945 = VECTOR('',#3946,1.);
#3946 = DIRECTION('',(-1.,0.));
#3947 = ( GEOMETRIC_REPRESENTATION_CONTEXT(2) 
PARAMETRIC_REPRESENTATION_CONTEXT() REPRESENTATION_CONTEXT('2D SPACE',''
  ) );
#3948 = PCURVE('',#1965,#3949);
#3949 = DEFINITIONAL_REPRESENTATION('',(#3950),#3954);
#3950 = LINE('',#3951,#3952);
#3951 = CARTESIAN_POINT('',(3.14159265359,0.));
#3952 = VECTOR('',#3953,1.);
#3953 = DIRECTION('',(0.,1.));
#3954 = ( GEOMETRIC_REPRESENTATION_CONTEXT(2) 
PARAMETRIC_REPRESENTATION_CONTEXT() REPRESENTATION_CONTEXT('2D SPACE',''
  ) );
#3955 = ORIENTED_EDGE('',*,*,#3956,.T.);
#3956 = EDGE_CURVE('',#3933,#3957,#3959,.T.);
#3957 = VERTEX_POINT('',#3958);
#3958 = CARTESIAN_POINT('',(33.35,3.777030528567,12.407055236082));
#3959 = SURFACE_CURVE('',#3960,(#3964,#3971),.PCURVE_S1.);
#3960 = LINE('',#3961,#3962);
#3961 = CARTESIAN_POINT('',(33.35,1.787156159308,4.980742989329));
#3962 = VECTOR('',#3963,1.);
#3963 = DIRECTION('',(0.,0.258819045103,0.965925826289));
#3964 = PCURVE('',#1993,#3965);
#3965 = DEFINITIONAL_REPRESENTATION('',(#3966),#3970);
#3966 = LINE('',#3967,#3968);
#3967 = CARTESIAN_POINT('',(-1.570796326795,0.));
#3968 = VECTOR('',#3969,1.);
#3969 = DIRECTION('',(-0.,1.));
#3970 = ( GEOMETRIC_REPRESENTATION_CONTEXT(2) 
PARAMETRIC_REPRESENTATION_CONTEXT() REPRESENTATION_CONTEXT('2D SPACE',''
  ) );
#3971 = PCURVE('',#3972,#3977);
#3972 = PLANE('',#3973);
#3973 = AXIS2_PLACEMENT_3D('',#3974,#3975,#3976);
#3974 = CARTESIAN_POINT('',(-11.38,1.787156159308,4.980742989329));
#3975 = DIRECTION('',(0.,-0.965925826289,0.258819045103));
#3976 = DIRECTION('',(0.,0.258819045103,0.965925826289));
#3977 = DEFINITIONAL_REPRESENTATION('',(#3978),#3982);
#3978 = LINE('',#3979,#3980);
#3979 = CARTESIAN_POINT('',(0.,-44.73));
#3980 = VECTOR('',#3981,1.);
#3981 = DIRECTION('',(1.,0.));
#3982 = ( GEOMETRIC_REPRESENTATION_CONTEXT(2) 
PARAMETRIC_REPRESENTATION_CONTEXT() REPRESENTATION_CONTEXT('2D SPACE',''
  ) );
#3983 = ORIENTED_EDGE('',*,*,#3984,.F.);
#3984 = EDGE_CURVE('',#1978,#3957,#3985,.T.);
#3985 = SURFACE_CURVE('',#3986,(#3991,#3998),.PCURVE_S1.);
#3986 = CIRCLE('',#3987,0.8);
#3987 = AXIS2_PLACEMENT_3D('',#3988,#3989,#3990);
#3988 = CARTESIAN_POINT('',(33.35,4.549771189598,12.2));
#3989 = DIRECTION('',(-0.,-0.258819045103,-0.965925826289));
#3990 = DIRECTION('',(0.,-0.965925826289,0.258819045103));
#3991 = PCURVE('',#1993,#3992);
#3992 = DEFINITIONAL_REPRESENTATION('',(#3993),#3997);
#3993 = LINE('',#3994,#3995);
#3994 = CARTESIAN_POINT('',(4.712388980385,7.688284177352));
#3995 = VECTOR('',#3996,1.);
#3996 = DIRECTION('',(-1.,0.));
#3997 = ( GEOMETRIC_REPRESENTATION_CONTEXT(2) 
PARAMETRIC_REPRESENTATION_CONTEXT() REPRESENTATION_CONTEXT('2D SPACE',''
  ) );
#3998 = PCURVE('',#3916,#3999);
#3999 = DEFINITIONAL_REPRESENTATION('',(#4000),#4004);
#4000 = LINE('',#4001,#4002);
#4001 = CARTESIAN_POINT('',(-1.308996938996,-6.28318530718));
#4002 = VECTOR('',#4003,1.);
#4003 = DIRECTION('',(-0.,1.));
#4004 = ( GEOMETRIC_REPRESENTATION_CONTEXT(2) 
PARAMETRIC_REPRESENTATION_CONTEXT() REPRESENTATION_CONTEXT('2D SPACE',''
  ) );
#4005 = ORIENTED_EDGE('',*,*,#1977,.F.);
#4006 = ADVANCED_FACE('',(#4007),#1965,.T.);
#4007 = FACE_BOUND('',#4008,.T.);
#4008 = EDGE_LOOP('',(#4009,#4033,#4034,#4035));
#4009 = ORIENTED_EDGE('',*,*,#4010,.F.);
#4010 = EDGE_CURVE('',#1917,#4011,#4013,.T.);
#4011 = VERTEX_POINT('',#4012);
#4012 = CARTESIAN_POINT('',(33.35,-5.747065285747,6.999531541128));
#4013 = SURFACE_CURVE('',#4014,(#4019,#4026),.PCURVE_S1.);
#4014 = CIRCLE('',#4015,0.8);
#4015 = AXIS2_PLACEMENT_3D('',#4016,#4017,#4018);
#4016 = CARTESIAN_POINT('',(33.35,-6.519805946778,7.20658677721));
#4017 = DIRECTION('',(-0.,0.258819045103,0.965925826289));
#4018 = DIRECTION('',(1.,0.,0.));
#4019 = PCURVE('',#1965,#4020);
#4020 = DEFINITIONAL_REPRESENTATION('',(#4021),#4025);
#4021 = LINE('',#4022,#4023);
#4022 = CARTESIAN_POINT('',(-2.277380563334E-16,1.570796326795));
#4023 = VECTOR('',#4024,1.);
#4024 = DIRECTION('',(0.,1.));
#4025 = ( GEOMETRIC_REPRESENTATION_CONTEXT(2) 
PARAMETRIC_REPRESENTATION_CONTEXT() REPRESENTATION_CONTEXT('2D SPACE',''
  ) );
#4026 = PCURVE('',#1932,#4027);
#4027 = DEFINITIONAL_REPRESENTATION('',(#4028),#4032);
#4028 = LINE('',#4029,#4030);
#4029 = CARTESIAN_POINT('',(-0.,6.431839110026));
#4030 = VECTOR('',#4031,1.);
#4031 = DIRECTION('',(-1.,0.));
#4032 = ( GEOMETRIC_REPRESENTATION_CONTEXT(2) 
PARAMETRIC_REPRESENTATION_CONTEXT() REPRESENTATION_CONTEXT('2D SPACE',''
  ) );
#4033 = ORIENTED_EDGE('',*,*,#1944,.T.);
#4034 = ORIENTED_EDGE('',*,*,#3932,.T.);
#4035 = ORIENTED_EDGE('',*,*,#4036,.F.);
#4036 = EDGE_CURVE('',#4011,#3933,#4037,.T.);
#4037 = SURFACE_CURVE('',#4038,(#4043,#4050),.PCURVE_S1.);
#4038 = CIRCLE('',#4039,3.9);
#4039 = AXIS2_PLACEMENT_3D('',#4040,#4041,#4042);
#4040 = CARTESIAN_POINT('',(33.35,-1.97995456322,5.990137265228));
#4041 = DIRECTION('',(1.,0.,-0.));
#4042 = DIRECTION('',(0.,-0.965925826289,0.258819045103));
#4043 = PCURVE('',#1965,#4044);
#4044 = DEFINITIONAL_REPRESENTATION('',(#4045),#4049);
#4045 = LINE('',#4046,#4047);
#4046 = CARTESIAN_POINT('',(0.,3.14159265359));
#4047 = VECTOR('',#4048,1.);
#4048 = DIRECTION('',(1.,0.));
#4049 = ( GEOMETRIC_REPRESENTATION_CONTEXT(2) 
PARAMETRIC_REPRESENTATION_CONTEXT() REPRESENTATION_CONTEXT('2D SPACE',''
  ) );
#4050 = PCURVE('',#4051,#4056);
#4051 = CYLINDRICAL_SURFACE('',#4052,3.9);
#4052 = AXIS2_PLACEMENT_3D('',#4053,#4054,#4055);
#4053 = CARTESIAN_POINT('',(-11.38,-1.97995456322,5.990137265228));
#4054 = DIRECTION('',(-1.,0.,0.));
#4055 = DIRECTION('',(0.,-0.965925826289,0.258819045103));
#4056 = DEFINITIONAL_REPRESENTATION('',(#4057),#4061);
#4057 = LINE('',#4058,#4059);
#4058 = CARTESIAN_POINT('',(-2.277380563334E-16,-44.73));
#4059 = VECTOR('',#4060,1.);
#4060 = DIRECTION('',(-1.,0.));
#4061 = ( GEOMETRIC_REPRESENTATION_CONTEXT(2) 
PARAMETRIC_REPRESENTATION_CONTEXT() REPRESENTATION_CONTEXT('2D SPACE',''
  ) );
#4062 = ADVANCED_FACE('',(#4063),#1733,.T.);
#4063 = FACE_BOUND('',#4064,.F.);
#4064 = EDGE_LOOP('',(#4065,#4089,#4112,#4141));
#4065 = ORIENTED_EDGE('',*,*,#4066,.T.);
#4066 = EDGE_CURVE('',#1695,#4067,#4069,.T.);
#4067 = VERTEX_POINT('',#4068);
#4068 = CARTESIAN_POINT('',(33.350001374287,-13.23618371682,
    12.636679841327));
#4069 = SURFACE_CURVE('',#4070,(#4074,#4082),.PCURVE_S1.);
#4070 = ( BOUNDED_CURVE() B_SPLINE_CURVE(2,(#4071,#4072,#4073),
.UNSPECIFIED.,.F.,.F.) B_SPLINE_CURVE_WITH_KNOTS((3,3),(0.,
4.587623040369),.PIECEWISE_BEZIER_KNOTS.) CURVE() 
GEOMETRIC_REPRESENTATION_ITEM() RATIONAL_B_SPLINE_CURVE((1.,
0.707106781187,1.)) REPRESENTATION_ITEM('') );
#4071 = CARTESIAN_POINT('',(34.15,-13.09200163744,11.849778496276));
#4072 = CARTESIAN_POINT('',(34.15,-13.23764179154,12.636409887408));
#4073 = CARTESIAN_POINT('',(33.350001374287,-13.23618371682,
    12.636679841327));
#4074 = PCURVE('',#1733,#4075);
#4075 = DEFINITIONAL_REPRESENTATION('',(#4076),#4081);
#4076 = B_SPLINE_CURVE_WITH_KNOTS('',3,(#4077,#4078,#4079,#4080),
  .UNSPECIFIED.,.F.,.F.,(4,4),(0.,4.587623040369),
  .PIECEWISE_BEZIER_KNOTS.);
#4077 = CARTESIAN_POINT('',(0.,-0.381395348837));
#4078 = CARTESIAN_POINT('',(-0.471404520791,-0.381395348837));
#4079 = CARTESIAN_POINT('',(-1.099391806004,-0.381395348837));
#4080 = CARTESIAN_POINT('',(-1.570796326795,-0.381395348837));
#4081 = ( GEOMETRIC_REPRESENTATION_CONTEXT(2) 
PARAMETRIC_REPRESENTATION_CONTEXT() REPRESENTATION_CONTEXT('2D SPACE',''
  ) );
#4082 = PCURVE('',#2061,#4083);
#4083 = DEFINITIONAL_REPRESENTATION('',(#4084),#4088);
#4084 = LINE('',#4085,#4086);
#4085 = CARTESIAN_POINT('',(0.,12.987623040369));
#4086 = VECTOR('',#4087,1.);
#4087 = DIRECTION('',(1.,0.));
#4088 = ( GEOMETRIC_REPRESENTATION_CONTEXT(2) 
PARAMETRIC_REPRESENTATION_CONTEXT() REPRESENTATION_CONTEXT('2D SPACE',''
  ) );
#4089 = ORIENTED_EDGE('',*,*,#4090,.T.);
#4090 = EDGE_CURVE('',#4067,#4091,#4093,.T.);
#4091 = VERTEX_POINT('',#4092);
#4092 = CARTESIAN_POINT('',(33.35,-8.23302556882,13.562985010243));
#4093 = SURFACE_CURVE('',#4094,(#4098,#4105),.PCURVE_S1.);
#4094 = LINE('',#4095,#4096);
#4095 = CARTESIAN_POINT('',(33.35,-12.86261984925,12.705842984128));
#4096 = VECTOR('',#4097,1.);
#4097 = DIRECTION('',(0.,0.983289238916,0.182050192619));
#4098 = PCURVE('',#1733,#4099);
#4099 = DEFINITIONAL_REPRESENTATION('',(#4100),#4104);
#4100 = LINE('',#4101,#4102);
#4101 = CARTESIAN_POINT('',(-1.570796326795,0.));
#4102 = VECTOR('',#4103,1.);
#4103 = DIRECTION('',(-0.,1.));
#4104 = ( GEOMETRIC_REPRESENTATION_CONTEXT(2) 
PARAMETRIC_REPRESENTATION_CONTEXT() REPRESENTATION_CONTEXT('2D SPACE',''
  ) );
#4105 = PCURVE('',#3269,#4106);
#4106 = DEFINITIONAL_REPRESENTATION('',(#4107),#4111);
#4107 = LINE('',#4108,#4109);
#4108 = CARTESIAN_POINT('',(4.708273107458,-33.35));
#4109 = VECTOR('',#4110,1.);
#4110 = DIRECTION('',(-1.,0.));
#4111 = ( GEOMETRIC_REPRESENTATION_CONTEXT(2) 
PARAMETRIC_REPRESENTATION_CONTEXT() REPRESENTATION_CONTEXT('2D SPACE',''
  ) );
#4112 = ORIENTED_EDGE('',*,*,#4113,.F.);
#4113 = EDGE_CURVE('',#1718,#4091,#4114,.T.);
#4114 = SURFACE_CURVE('',#4115,(#4120,#4127),.PCURVE_S1.);
#4115 = CIRCLE('',#4116,0.8);
#4116 = AXIS2_PLACEMENT_3D('',#4117,#4118,#4119);
#4117 = CARTESIAN_POINT('',(33.35,-8.087385414725,12.776353619111));
#4118 = DIRECTION('',(0.,-0.983289238916,-0.182050192619));
#4119 = DIRECTION('',(1.,0.,0.));
#4120 = PCURVE('',#1733,#4121);
#4121 = DEFINITIONAL_REPRESENTATION('',(#4122),#4126);
#4122 = LINE('',#4123,#4124);
#4123 = CARTESIAN_POINT('',(-0.,4.708273107458));
#4124 = VECTOR('',#4125,1.);
#4125 = DIRECTION('',(-1.,0.));
#4126 = ( GEOMETRIC_REPRESENTATION_CONTEXT(2) 
PARAMETRIC_REPRESENTATION_CONTEXT() REPRESENTATION_CONTEXT('2D SPACE',''
  ) );
#4127 = PCURVE('',#1777,#4128);
#4128 = DEFINITIONAL_REPRESENTATION('',(#4129),#4140);
#4129 = B_SPLINE_CURVE_WITH_KNOTS('',9,(#4130,#4131,#4132,#4133,#4134,
    #4135,#4136,#4137,#4138,#4139),.UNSPECIFIED.,.F.,.F.,(10,10),(0.,
    1.570796326795),.PIECEWISE_BEZIER_KNOTS.);
#4130 = CARTESIAN_POINT('',(-2.22044604925E-16,18.077977912742));
#4131 = CARTESIAN_POINT('',(0.261560495314,18.077977912742));
#4132 = CARTESIAN_POINT('',(0.501848312773,18.077977912742));
#4133 = CARTESIAN_POINT('',(0.729589928021,18.077977912741));
#4134 = CARTESIAN_POINT('',(0.950378982447,18.077977912743));
#4135 = CARTESIAN_POINT('',(1.169005651889,18.077977912741));
#4136 = CARTESIAN_POINT('',(1.389794706315,18.077977912742));
#4137 = CARTESIAN_POINT('',(1.617536321563,18.077977912742));
#4138 = CARTESIAN_POINT('',(1.857824139023,18.077977912742));
#4139 = CARTESIAN_POINT('',(2.119384634336,18.077977912742));
#4140 = ( GEOMETRIC_REPRESENTATION_CONTEXT(2) 
PARAMETRIC_REPRESENTATION_CONTEXT() REPRESENTATION_CONTEXT('2D SPACE',''
  ) );
#4141 = ORIENTED_EDGE('',*,*,#1717,.F.);
#4142 = ADVANCED_FACE('',(#4143),#1932,.T.);
#4143 = FACE_BOUND('',#4144,.F.);
#4144 = EDGE_LOOP('',(#4145,#4237,#4263,#4264));
#4145 = ORIENTED_EDGE('',*,*,#4146,.T.);
#4146 = EDGE_CURVE('',#1819,#4147,#4149,.T.);
#4147 = VERTEX_POINT('',#4148);
#4148 = CARTESIAN_POINT('',(33.35,-4.305056000179,12.381183459854));
#4149 = SURFACE_CURVE('',#4150,(#4159,#4165),.PCURVE_S1.);
#4150 = B_SPLINE_CURVE_WITH_KNOTS('',7,(#4151,#4152,#4153,#4154,#4155,
    #4156,#4157,#4158),.UNSPECIFIED.,.F.,.F.,(8,8),(0.,1.),
  .PIECEWISE_BEZIER_KNOTS.);
#4151 = CARTESIAN_POINT('',(34.15,-5.07778924516,12.588266373014));
#4152 = CARTESIAN_POINT('',(34.15,-4.904387705751,12.54179933282));
#4153 = CARTESIAN_POINT('',(34.103000890759,-4.730987005174,
    12.49533251739));
#4154 = CARTESIAN_POINT('',(34.009010177761,-4.571842839607,
    12.452685729003));
#4155 = CARTESIAN_POINT('',(33.873797552659,-4.441238532415,
    12.41768617262));
#4156 = CARTESIAN_POINT('',(33.709038291986,-4.350451534736,
    12.393355632165));
#4157 = CARTESIAN_POINT('',(33.529519580205,-4.305054940743,
    12.381187413722));
#4158 = CARTESIAN_POINT('',(33.35,-4.305056000179,12.381183459854));
#4159 = PCURVE('',#1932,#4160);
#4160 = DEFINITIONAL_REPRESENTATION('',(#4161),#4164);
#4161 = B_SPLINE_CURVE_WITH_KNOTS('',1,(#4162,#4163),.UNSPECIFIED.,.F.,
  .F.,(2,2),(0.,1.),.PIECEWISE_BEZIER_KNOTS.);
#4162 = CARTESIAN_POINT('',(0.,0.860314413891));
#4163 = CARTESIAN_POINT('',(-1.570796326795,0.860343067311));
#4164 = ( GEOMETRIC_REPRESENTATION_CONTEXT(2) 
PARAMETRIC_REPRESENTATION_CONTEXT() REPRESENTATION_CONTEXT('2D SPACE',''
  ) );
#4165 = PCURVE('',#4166,#4231);
#4166 = B_SPLINE_SURFACE_WITH_KNOTS('',7,7,(
    (#4167,#4168,#4169,#4170,#4171,#4172,#4173,#4174)
    ,(#4175,#4176,#4177,#4178,#4179,#4180,#4181,#4182)
    ,(#4183,#4184,#4185,#4186,#4187,#4188,#4189,#4190)
    ,(#4191,#4192,#4193,#4194,#4195,#4196,#4197,#4198)
    ,(#4199,#4200,#4201,#4202,#4203,#4204,#4205,#4206)
    ,(#4207,#4208,#4209,#4210,#4211,#4212,#4213,#4214)
    ,(#4215,#4216,#4217,#4218,#4219,#4220,#4221,#4222)
    ,(#4223,#4224,#4225,#4226,#4227,#4228,#4229,#4230
  )),.UNSPECIFIED.,.F.,.F.,.F.,(8,8),(8,8),(0.,1.),(0.,1.),
  .PIECEWISE_BEZIER_KNOTS.);
#4167 = CARTESIAN_POINT('',(34.15,-5.07778924516,12.588266373014));
#4168 = CARTESIAN_POINT('',(34.15,-4.904387705751,12.54179933282));
#4169 = CARTESIAN_POINT('',(34.103000890759,-4.730987005174,
    12.49533251739));
#4170 = CARTESIAN_POINT('',(34.009010177761,-4.571842839607,
    12.452685729003));
#4171 = CARTESIAN_POINT('',(33.873797552659,-4.441238532415,
    12.41768617262));
#4172 = CARTESIAN_POINT('',(33.709038291986,-4.350451534736,
    12.393355632165));
#4173 = CARTESIAN_POINT('',(33.529519580205,-4.305054940743,
    12.381187413722));
#4174 = CARTESIAN_POINT('',(33.35,-4.305056000179,12.381183459854));
#4175 = CARTESIAN_POINT('',(34.15,-5.07778924516,12.588266373014));
#4176 = CARTESIAN_POINT('',(34.15,-4.904540831417,12.578863344501));
#4177 = CARTESIAN_POINT('',(34.107949579486,-4.731103008203,
    12.569466064309));
#4178 = CARTESIAN_POINT('',(34.024875561745,-4.566797171234,
    12.56024369362));
#4179 = CARTESIAN_POINT('',(33.894868951201,-4.414793052782,
    12.550045634576));
#4180 = CARTESIAN_POINT('',(33.717765791157,-4.309401883133,
    12.546185856231));
#4181 = CARTESIAN_POINT('',(33.52950365588,-4.259733023081,
    12.550332944439));
#4182 = CARTESIAN_POINT('',(33.35,-4.257105354266,12.560137706656));
#4183 = CARTESIAN_POINT('',(34.15,-5.07778924516,12.588266373014));
#4184 = CARTESIAN_POINT('',(34.15,-4.932355968333,12.648924359263));
#4185 = CARTESIAN_POINT('',(34.111261595167,-4.756118795577,
    12.670633085492));
#4186 = CARTESIAN_POINT('',(34.035521716944,-4.596996254535,
    12.707628889465));
#4187 = CARTESIAN_POINT('',(33.908958960949,-4.43910175922,
    12.736666286232));
#4188 = CARTESIAN_POINT('',(33.723660436336,-4.32594979033,
    12.754519333568));
#4189 = CARTESIAN_POINT('',(33.5294877281,-4.255118371462,12.74030055426
    ));
#4190 = CARTESIAN_POINT('',(33.349999999999,-4.257475426866,
    12.752504226169));
#4191 = CARTESIAN_POINT('',(34.15,-5.07778924516,12.588266373014));
#4192 = CARTESIAN_POINT('',(34.15,-4.936351772934,12.667727373933));
#4193 = CARTESIAN_POINT('',(34.112922607252,-4.773884775263,
    12.735922981139));
#4194 = CARTESIAN_POINT('',(34.040855540686,-4.620451154085,
    12.808176955107));
#4195 = CARTESIAN_POINT('',(33.916052773017,-4.467978392722,
    12.876710044671));
#4196 = CARTESIAN_POINT('',(33.726593700464,-4.360511716246,
    12.923776262375));
#4197 = CARTESIAN_POINT('',(33.52947179894,-4.303411174254,
    12.937530898697));
#4198 = CARTESIAN_POINT('',(33.350000000001,-4.310479127552,
    12.941364100018));
#4199 = CARTESIAN_POINT('',(34.15,-5.07778924516,12.588266373014));
#4200 = CARTESIAN_POINT('',(34.15,-4.942499149836,12.677781827534));
#4201 = CARTESIAN_POINT('',(34.112930585214,-4.807758969152,
    12.791315423304));
#4202 = CARTESIAN_POINT('',(34.040892853084,-4.673316694506,
    12.894622842597));
#4203 = CARTESIAN_POINT('',(33.916103446553,-4.543007000394,
    12.999471313946));
#4204 = CARTESIAN_POINT('',(33.726611485666,-4.452224250425,
    13.073822560521));
#4205 = CARTESIAN_POINT('',(33.529455870468,-4.4141635859,
    13.118613387345));
#4206 = CARTESIAN_POINT('',(33.349999999999,-4.41428407369,
    13.110947739987));
#4207 = CARTESIAN_POINT('',(34.15,-5.07778924516,12.588266373014));
#4208 = CARTESIAN_POINT('',(34.15,-4.957405941612,12.68990604854));
#4209 = CARTESIAN_POINT('',(34.111280423522,-4.857713389899,
    12.836875452495));
#4210 = CARTESIAN_POINT('',(34.035622243562,-4.752020562502,
    12.96128380341));
#4211 = CARTESIAN_POINT('',(33.909072073702,-4.654272993708,
    13.088940979281));
#4212 = CARTESIAN_POINT('',(33.723716086775,-4.586891953497,
    13.181632928951));
#4213 = CARTESIAN_POINT('',(33.529439944763,-4.567600976552,
    13.251361228095));
#4214 = CARTESIAN_POINT('',(33.350000000001,-4.558363877159,
    13.244058468246));
#4215 = CARTESIAN_POINT('',(34.15,-5.07778924516,12.588266373014));
#4216 = CARTESIAN_POINT('',(34.15,-5.007043052879,12.746609475971));
#4217 = CARTESIAN_POINT('',(34.10797009165,-4.936095410113,
    12.905370299521));
#4218 = CARTESIAN_POINT('',(34.025059532232,-4.869217752164,
    13.055394044814));
#4219 = CARTESIAN_POINT('',(33.894911713616,-4.808923376127,
    13.195664859277));
#4220 = CARTESIAN_POINT('',(33.717953405916,-4.764485030788,
    13.291238710897));
#4221 = CARTESIAN_POINT('',(33.529424023891,-4.738618148501,
    13.333721443361));
#4222 = CARTESIAN_POINT('',(33.35,-4.729508325196,13.331891252451));
#4223 = CARTESIAN_POINT('',(34.15,-5.07778924516,12.588266373014));
#4224 = CARTESIAN_POINT('',(34.15,-5.039929140072,12.763637106658));
#4225 = CARTESIAN_POINT('',(34.102985259046,-5.001865016571,
    12.939348643536));
#4226 = CARTESIAN_POINT('',(34.009111616424,-4.967070243795,
    13.100032225268));
#4227 = CARTESIAN_POINT('',(33.873607557404,-4.938522686286,
    13.232486275963));
#4228 = CARTESIAN_POINT('',(33.70919491603,-4.919004801764,
    13.324298471039));
#4229 = CARTESIAN_POINT('',(33.529408109928,-4.909695178443,
    13.370378775295));
#4230 = CARTESIAN_POINT('',(33.35,-4.91068839066,13.370590922668));
#4231 = DEFINITIONAL_REPRESENTATION('',(#4232),#4236);
#4232 = LINE('',#4233,#4234);
#4233 = CARTESIAN_POINT('',(0.,0.));
#4234 = VECTOR('',#4235,1.);
#4235 = DIRECTION('',(0.,1.));
#4236 = ( GEOMETRIC_REPRESENTATION_CONTEXT(2) 
PARAMETRIC_REPRESENTATION_CONTEXT() REPRESENTATION_CONTEXT('2D SPACE',''
  ) );
#4237 = ORIENTED_EDGE('',*,*,#4238,.T.);
#4238 = EDGE_CURVE('',#4147,#4011,#4239,.T.);
#4239 = SURFACE_CURVE('',#4240,(#4244,#4251),.PCURVE_S1.);
#4240 = LINE('',#4241,#4242);
#4241 = CARTESIAN_POINT('',(33.35,-4.082382829037,13.212211048038));
#4242 = VECTOR('',#4243,1.);
#4243 = DIRECTION('',(0.,-0.258819045103,-0.965925826289));
#4244 = PCURVE('',#1932,#4245);
#4245 = DEFINITIONAL_REPRESENTATION('',(#4246),#4250);
#4246 = LINE('',#4247,#4248);
#4247 = CARTESIAN_POINT('',(-1.570796326795,0.));
#4248 = VECTOR('',#4249,1.);
#4249 = DIRECTION('',(-0.,1.));
#4250 = ( GEOMETRIC_REPRESENTATION_CONTEXT(2) 
PARAMETRIC_REPRESENTATION_CONTEXT() REPRESENTATION_CONTEXT('2D SPACE',''
  ) );
#4251 = PCURVE('',#4252,#4257);
#4252 = PLANE('',#4253);
#4253 = AXIS2_PLACEMENT_3D('',#4254,#4255,#4256);
#4254 = CARTESIAN_POINT('',(-11.38,11.526517784395,71.465421187661));
#4255 = DIRECTION('',(0.,0.965925826289,-0.258819045103));
#4256 = DIRECTION('',(0.,-0.258819045103,-0.965925826289));
#4257 = DEFINITIONAL_REPRESENTATION('',(#4258),#4262);
#4258 = LINE('',#4259,#4260);
#4259 = CARTESIAN_POINT('',(60.308160889974,-44.73));
#4260 = VECTOR('',#4261,1.);
#4261 = DIRECTION('',(1.,-0.));
#4262 = ( GEOMETRIC_REPRESENTATION_CONTEXT(2) 
PARAMETRIC_REPRESENTATION_CONTEXT() REPRESENTATION_CONTEXT('2D SPACE',''
  ) );
#4263 = ORIENTED_EDGE('',*,*,#4010,.F.);
#4264 = ORIENTED_EDGE('',*,*,#1916,.F.);
#4265 = ADVANCED_FACE('',(#4266),#1777,.F.);
#4266 = FACE_BOUND('',#4267,.F.);
#4267 = EDGE_LOOP('',(#4268,#4269,#4316,#4336));
#4268 = ORIENTED_EDGE('',*,*,#4113,.T.);
#4269 = ORIENTED_EDGE('',*,*,#4270,.T.);
#4270 = EDGE_CURVE('',#4091,#4271,#4273,.T.);
#4271 = VERTEX_POINT('',#4272);
#4272 = CARTESIAN_POINT('',(33.35,-6.134596775004,13.667021274516));
#4273 = SURFACE_CURVE('',#4274,(#4286,#4293),.PCURVE_S1.);
#4274 = ( BOUNDED_CURVE() B_SPLINE_CURVE(10,(#4275,#4276,#4277,#4278,
    #4279,#4280,#4281,#4282,#4283,#4284,#4285),.UNSPECIFIED.,.F.,.F.) 
B_SPLINE_CURVE_WITH_KNOTS((11,11),(18.077977912742,20.197362547078),
.PIECEWISE_BEZIER_KNOTS.) CURVE() GEOMETRIC_REPRESENTATION_ITEM() 
RATIONAL_B_SPLINE_CURVE((1.,1.,1.,1.,1.,1.,1.,1.,1.,1.,1.)) 
REPRESENTATION_ITEM('') );
#4275 = CARTESIAN_POINT('',(33.35,-8.23302556882,13.562985010243));
#4276 = CARTESIAN_POINT('',(33.35,-8.029281106531,13.60070709357));
#4277 = CARTESIAN_POINT('',(33.35,-7.821078640997,13.639671135929));
#4278 = CARTESIAN_POINT('',(33.35,-7.609466181463,13.677702052821));
#4279 = CARTESIAN_POINT('',(33.35,-7.395722732567,13.711833184433));
#4280 = CARTESIAN_POINT('',(33.35,-7.181467057769,13.73995179918));
#4281 = CARTESIAN_POINT('',(33.35,-6.967673573052,13.757276889435));
#4282 = CARTESIAN_POINT('',(33.35,-6.756915918917,13.763021017769));
#4283 = CARTESIAN_POINT('',(33.35,-6.545668015967,13.752336369618));
#4284 = CARTESIAN_POINT('',(33.35,-6.337668911745,13.721434289561));
#4285 = CARTESIAN_POINT('',(33.35,-6.134596775004,13.667021274516));
#4286 = PCURVE('',#1777,#4287);
#4287 = DEFINITIONAL_REPRESENTATION('',(#4288),#4292);
#4288 = LINE('',#4289,#4290);
#4289 = CARTESIAN_POINT('',(2.119384634336,0.));
#4290 = VECTOR('',#4291,1.);
#4291 = DIRECTION('',(0.,1.));
#4292 = ( GEOMETRIC_REPRESENTATION_CONTEXT(2) 
PARAMETRIC_REPRESENTATION_CONTEXT() REPRESENTATION_CONTEXT('2D SPACE',''
  ) );
#4293 = PCURVE('',#4294,#4302);
#4294 = SURFACE_OF_LINEAR_EXTRUSION('',#4295,#4300);
#4295 = B_SPLINE_CURVE_WITH_KNOTS('',3,(#4296,#4297,#4298,#4299),
  .UNSPECIFIED.,.F.,.F.,(4,4),(0.,1.),.PIECEWISE_BEZIER_KNOTS.);
#4296 = CARTESIAN_POINT('',(0.,-6.134596775004,13.667021274516));
#4297 = CARTESIAN_POINT('',(0.,-6.778547325863,13.839567304585));
#4298 = CARTESIAN_POINT('',(0.,-7.5068147013,13.697438661399));
#4299 = CARTESIAN_POINT('',(0.,-8.23302556882,13.562985010243));
#4300 = VECTOR('',#4301,1.);
#4301 = DIRECTION('',(-1.,0.,0.));
#4302 = DEFINITIONAL_REPRESENTATION('',(#4303),#4315);
#4303 = B_SPLINE_CURVE_WITH_KNOTS('',10,(#4304,#4305,#4306,#4307,#4308,
    #4309,#4310,#4311,#4312,#4313,#4314),.UNSPECIFIED.,.F.,.F.,(11,11),(
    18.077977912742,20.197362547078),.PIECEWISE_BEZIER_KNOTS.);
#4304 = CARTESIAN_POINT('',(1.,-33.35));
#4305 = CARTESIAN_POINT('',(0.906480577749,-33.35));
#4306 = CARTESIAN_POINT('',(0.81096910627,-33.34999999999));
#4307 = CARTESIAN_POINT('',(0.713688084487,-33.35));
#4308 = CARTESIAN_POINT('',(0.614879175859,-33.34999999998));
#4309 = CARTESIAN_POINT('',(0.515033393111,-33.35000000001));
#4310 = CARTESIAN_POINT('',(0.41402846135,-33.34999999998));
#4311 = CARTESIAN_POINT('',(0.312978712832,-33.35000000001));
#4312 = CARTESIAN_POINT('',(0.209573135957,-33.34999999999));
#4313 = CARTESIAN_POINT('',(0.105117873037,-33.35));
#4314 = CARTESIAN_POINT('',(7.771561172376E-16,-33.35));
#4315 = ( GEOMETRIC_REPRESENTATION_CONTEXT(2) 
PARAMETRIC_REPRESENTATION_CONTEXT() REPRESENTATION_CONTEXT('2D SPACE',''
  ) );
#4316 = ORIENTED_EDGE('',*,*,#4317,.F.);
#4317 = EDGE_CURVE('',#1746,#4271,#4318,.T.);
#4318 = SURFACE_CURVE('',#4319,(#4323,#4330),.PCURVE_S1.);
#4319 = ( BOUNDED_CURVE() B_SPLINE_CURVE(2,(#4320,#4321,#4322),
.UNSPECIFIED.,.F.,.F.) B_SPLINE_CURVE_WITH_KNOTS((3,3),(0.,
2.119384634336),.PIECEWISE_BEZIER_KNOTS.) CURVE() 
GEOMETRIC_REPRESENTATION_ITEM() RATIONAL_B_SPLINE_CURVE((1.,
0.707106781187,1.)) REPRESENTATION_ITEM('') );
#4320 = CARTESIAN_POINT('',(34.15,-6.285714524892,12.88142377855));
#4321 = CARTESIAN_POINT('',(34.15,-6.134596775004,13.667021274516));
#4322 = CARTESIAN_POINT('',(33.35,-6.134596775004,13.667021274516));
#4323 = PCURVE('',#1777,#4324);
#4324 = DEFINITIONAL_REPRESENTATION('',(#4325),#4329);
#4325 = LINE('',#4326,#4327);
#4326 = CARTESIAN_POINT('',(0.,20.197362547078));
#4327 = VECTOR('',#4328,1.);
#4328 = DIRECTION('',(1.,0.));
#4329 = ( GEOMETRIC_REPRESENTATION_CONTEXT(2) 
PARAMETRIC_REPRESENTATION_CONTEXT() REPRESENTATION_CONTEXT('2D SPACE',''
  ) );
#4330 = PCURVE('',#1860,#4331);
#4331 = DEFINITIONAL_REPRESENTATION('',(#4332),#4335);
#4332 = B_SPLINE_CURVE_WITH_KNOTS('',1,(#4333,#4334),.UNSPECIFIED.,.F.,
  .F.,(2,2),(0.,2.119384634336),.PIECEWISE_BEZIER_KNOTS.);
#4333 = CARTESIAN_POINT('',(0.,20.197362547078));
#4334 = CARTESIAN_POINT('',(2.098724048412,20.197362547078));
#4335 = ( GEOMETRIC_REPRESENTATION_CONTEXT(2) 
PARAMETRIC_REPRESENTATION_CONTEXT() REPRESENTATION_CONTEXT('2D SPACE',''
  ) );
#4336 = ORIENTED_EDGE('',*,*,#1745,.F.);
#4337 = ADVANCED_FACE('',(#4338),#1860,.F.);
#4338 = FACE_BOUND('',#4339,.F.);
#4339 = EDGE_LOOP('',(#4340,#4341,#4391,#4422));
#4340 = ORIENTED_EDGE('',*,*,#4317,.T.);
#4341 = ORIENTED_EDGE('',*,*,#4342,.T.);
#4342 = EDGE_CURVE('',#4271,#4343,#4345,.T.);
#4343 = VERTEX_POINT('',#4344);
#4344 = CARTESIAN_POINT('',(33.35,-4.91068839066,13.370590922668));
#4345 = SURFACE_CURVE('',#4346,(#4363,#4370),.PCURVE_S1.);
#4346 = B_SPLINE_CURVE_WITH_KNOTS('',8,(#4347,#4348,#4349,#4350,#4351,
    #4352,#4353,#4354,#4355,#4356,#4357,#4358,#4359,#4360,#4361,#4362),
  .UNSPECIFIED.,.F.,.F.,(9,7,9),(20.197362547078,22.29608659549,
    22.487690349672),.UNSPECIFIED.);
#4347 = CARTESIAN_POINT('',(33.35,-6.134596775004,13.667021274516));
#4348 = CARTESIAN_POINT('',(33.35,-5.883231136815,13.599668054759));
#4349 = CARTESIAN_POINT('',(33.349999999999,-5.631112366689,
    13.534796411272));
#4350 = CARTESIAN_POINT('',(33.350000000001,-5.372232836953,
    13.471172016772));
#4351 = CARTESIAN_POINT('',(33.349999999999,-5.117537302253,
    13.41220792047));
#4352 = CARTESIAN_POINT('',(33.350000000001,-4.858842489915,
    13.355817659476));
#4353 = CARTESIAN_POINT('',(33.35,-4.6011656289,13.30379801303));
#4354 = CARTESIAN_POINT('',(33.35,-4.342097820467,13.255761872274));
#4355 = CARTESIAN_POINT('',(33.35,-4.058672056752,13.208235061253));
#4356 = CARTESIAN_POINT('',(33.35,-4.034854967944,13.204241245504));
#4357 = CARTESIAN_POINT('',(33.35,-4.010931562341,13.200229601812));
#4358 = CARTESIAN_POINT('',(33.35,-3.986901839943,13.196200130178));
#4359 = CARTESIAN_POINT('',(33.35,-3.96276580075,13.192152830601));
#4360 = CARTESIAN_POINT('',(33.35,-3.93852344476,13.188087703082));
#4361 = CARTESIAN_POINT('',(33.35,-3.914174771976,13.18400474762));
#4362 = CARTESIAN_POINT('',(33.35,-3.889719782396,13.179903964215));
#4363 = PCURVE('',#1860,#4364);
#4364 = DEFINITIONAL_REPRESENTATION('',(#4365),#4369);
#4365 = LINE('',#4366,#4367);
#4366 = CARTESIAN_POINT('',(2.098724048412,0.));
#4367 = VECTOR('',#4368,1.);
#4368 = DIRECTION('',(0.,1.));
#4369 = ( GEOMETRIC_REPRESENTATION_CONTEXT(2) 
PARAMETRIC_REPRESENTATION_CONTEXT() REPRESENTATION_CONTEXT('2D SPACE',''
  ) );
#4370 = PCURVE('',#4371,#4379);
#4371 = SURFACE_OF_LINEAR_EXTRUSION('',#4372,#4377);
#4372 = B_SPLINE_CURVE_WITH_KNOTS('',3,(#4373,#4374,#4375,#4376),
  .UNSPECIFIED.,.F.,.F.,(4,4),(0.,1.),.PIECEWISE_BEZIER_KNOTS.);
#4373 = CARTESIAN_POINT('',(0.,-1.654581775,13.));
#4374 = CARTESIAN_POINT('',(0.,-3.207496045615,13.));
#4375 = CARTESIAN_POINT('',(0.,-4.68570803557,13.278792706862));
#4376 = CARTESIAN_POINT('',(0.,-6.134596775004,13.667021274516));
#4377 = VECTOR('',#4378,1.);
#4378 = DIRECTION('',(-1.,0.,0.));
#4379 = DEFINITIONAL_REPRESENTATION('',(#4380),#4390);
#4380 = B_SPLINE_CURVE_WITH_KNOTS('',8,(#4381,#4382,#4383,#4384,#4385,
    #4386,#4387,#4388,#4389),.UNSPECIFIED.,.F.,.F.,(9,9),(
    20.197362547078,21.455997337186),.PIECEWISE_BEZIER_KNOTS.);
#4381 = CARTESIAN_POINT('',(1.,-33.35));
#4382 = CARTESIAN_POINT('',(0.965318808445,-33.35));
#4383 = CARTESIAN_POINT('',(0.930630805152,-33.35));
#4384 = CARTESIAN_POINT('',(0.895642564379,-33.35));
#4385 = CARTESIAN_POINT('',(0.860565782824,-33.35));
#4386 = CARTESIAN_POINT('',(0.825471740131,-33.35));
#4387 = CARTESIAN_POINT('',(0.790379662399,-33.35));
#4388 = CARTESIAN_POINT('',(0.755299662046,-33.35));
#4389 = CARTESIAN_POINT('',(0.720238547099,-33.35));
#4390 = ( GEOMETRIC_REPRESENTATION_CONTEXT(2) 
PARAMETRIC_REPRESENTATION_CONTEXT() REPRESENTATION_CONTEXT('2D SPACE',''
  ) );
#4391 = ORIENTED_EDGE('',*,*,#4392,.F.);
#4392 = EDGE_CURVE('',#1819,#4343,#4393,.T.);
#4393 = SURFACE_CURVE('',#4394,(#4403,#4415),.PCURVE_S1.);
#4394 = B_SPLINE_CURVE_WITH_KNOTS('',7,(#4395,#4396,#4397,#4398,#4399,
    #4400,#4401,#4402),.UNSPECIFIED.,.F.,.F.,(8,8),(0.,1.),
  .PIECEWISE_BEZIER_KNOTS.);
#4395 = CARTESIAN_POINT('',(34.15,-5.07778924516,12.588266373014));
#4396 = CARTESIAN_POINT('',(34.15,-5.039929140072,12.763637106658));
#4397 = CARTESIAN_POINT('',(34.102985259046,-5.001865016571,
    12.939348643536));
#4398 = CARTESIAN_POINT('',(34.009111616424,-4.967070243795,
    13.100032225268));
#4399 = CARTESIAN_POINT('',(33.873607557404,-4.938522686286,
    13.232486275963));
#4400 = CARTESIAN_POINT('',(33.70919491603,-4.919004801764,
    13.324298471039));
#4401 = CARTESIAN_POINT('',(33.529408109928,-4.909695178443,
    13.370378775295));
#4402 = CARTESIAN_POINT('',(33.35,-4.91068839066,13.370590922668));
#4403 = PCURVE('',#1860,#4404);
#4404 = DEFINITIONAL_REPRESENTATION('',(#4405),#4414);
#4405 = B_SPLINE_CURVE_WITH_KNOTS('',7,(#4406,#4407,#4408,#4409,#4410,
    #4411,#4412,#4413),.UNSPECIFIED.,.F.,.F.,(8,8),(0.,1.),
  .PIECEWISE_BEZIER_KNOTS.);
#4406 = CARTESIAN_POINT('',(-2.22044604925E-16,21.462375427918));
#4407 = CARTESIAN_POINT('',(0.332822972874,21.461363968065));
#4408 = CARTESIAN_POINT('',(0.630292329311,21.460459949003));
#4409 = CARTESIAN_POINT('',(0.910885367281,21.459607217623));
#4410 = CARTESIAN_POINT('',(1.187864839282,21.458765467986));
#4411 = CARTESIAN_POINT('',(1.468454932459,21.457912745556));
#4412 = CARTESIAN_POINT('',(1.765917069312,21.457008748434));
#4413 = CARTESIAN_POINT('',(2.098724048412,21.455997337186));
#4414 = ( GEOMETRIC_REPRESENTATION_CONTEXT(2) 
PARAMETRIC_REPRESENTATION_CONTEXT() REPRESENTATION_CONTEXT('2D SPACE',''
  ) );
#4415 = PCURVE('',#4166,#4416);
#4416 = DEFINITIONAL_REPRESENTATION('',(#4417),#4421);
#4417 = LINE('',#4418,#4419);
#4418 = CARTESIAN_POINT('',(1.,0.));
#4419 = VECTOR('',#4420,1.);
#4420 = DIRECTION('',(0.,1.));
#4421 = ( GEOMETRIC_REPRESENTATION_CONTEXT(2) 
PARAMETRIC_REPRESENTATION_CONTEXT() REPRESENTATION_CONTEXT('2D SPACE',''
  ) );
#4422 = ORIENTED_EDGE('',*,*,#1818,.F.);
#4423 = ADVANCED_FACE('',(#4424),#2061,.F.);
#4424 = FACE_BOUND('',#4425,.F.);
#4425 = EDGE_LOOP('',(#4426,#4427,#4460,#4461));
#4426 = ORIENTED_EDGE('',*,*,#3281,.T.);
#4427 = ORIENTED_EDGE('',*,*,#4428,.T.);
#4428 = EDGE_CURVE('',#3254,#4067,#4429,.T.);
#4429 = SURFACE_CURVE('',#4430,(#4440,#4447),.PCURVE_S1.);
#4430 = ( BOUNDED_CURVE() B_SPLINE_CURVE(8,(#4431,#4432,#4433,#4434,
    #4435,#4436,#4437,#4438,#4439),.UNSPECIFIED.,.F.,.F.) 
B_SPLINE_CURVE_WITH_KNOTS((9,9),(8.4,12.987623040369),
.PIECEWISE_BEZIER_KNOTS.) CURVE() GEOMETRIC_REPRESENTATION_ITEM() 
RATIONAL_B_SPLINE_CURVE((1.,1.,1.,1.,1.,1.,1.,1.,1.)) 
REPRESENTATION_ITEM('') );
#4431 = CARTESIAN_POINT('',(31.15,-15.63413765435,12.192712838596));
#4432 = CARTESIAN_POINT('',(31.594139311891,-15.63413765435,
    12.192712838596));
#4433 = CARTESIAN_POINT('',(32.065036331561,-15.52285548535,
    12.213316074653));
#4434 = CARTESIAN_POINT('',(32.520742256671,-15.27766207957,
    12.258712184959));
#4435 = CARTESIAN_POINT('',(32.893087648422,-14.90634990724,
    12.327458439691));
#4436 = CARTESIAN_POINT('',(33.134269983103,-14.47855205573,
    12.406662684167));
#4437 = CARTESIAN_POINT('',(33.275534084585,-14.06562732207,
    12.483113258753));
#4438 = CARTESIAN_POINT('',(33.350322531788,-13.65656549901,
    12.558848638267));
#4439 = CARTESIAN_POINT('',(33.350001374287,-13.23618371682,
    12.636679841327));
#4440 = PCURVE('',#2061,#4441);
#4441 = DEFINITIONAL_REPRESENTATION('',(#4442),#4446);
#4442 = LINE('',#4443,#4444);
#4443 = CARTESIAN_POINT('',(4.587623040369,0.));
#4444 = VECTOR('',#4445,1.);
#4445 = DIRECTION('',(0.,1.));
#4446 = ( GEOMETRIC_REPRESENTATION_CONTEXT(2) 
PARAMETRIC_REPRESENTATION_CONTEXT() REPRESENTATION_CONTEXT('2D SPACE',''
  ) );
#4447 = PCURVE('',#3269,#4448);
#4448 = DEFINITIONAL_REPRESENTATION('',(#4449),#4459);
#4449 = ( BOUNDED_CURVE() B_SPLINE_CURVE(8,(#4450,#4451,#4452,#4453,
    #4454,#4455,#4456,#4457,#4458),.UNSPECIFIED.,.F.,.F.) 
B_SPLINE_CURVE_WITH_KNOTS((9,9),(8.4,12.987623040369),
.PIECEWISE_BEZIER_KNOTS.) CURVE() GEOMETRIC_REPRESENTATION_ITEM() 
RATIONAL_B_SPLINE_CURVE((1.,1.,1.,1.,1.,1.,1.,1.,1.)) 
REPRESENTATION_ITEM('') );
#4450 = CARTESIAN_POINT('',(7.526892182508,-31.15));
#4451 = CARTESIAN_POINT('',(7.526892182508,-31.59413931189));
#4452 = CARTESIAN_POINT('',(7.41371880015,-32.06503633156));
#4453 = CARTESIAN_POINT('',(7.164358392165,-32.52074225667));
#4454 = CARTESIAN_POINT('',(6.786735859922,-32.89308764842));
#4455 = CARTESIAN_POINT('',(6.351667688138,-33.1342699831));
#4456 = CARTESIAN_POINT('',(5.931725399221,-33.27553408458));
#4457 = CARTESIAN_POINT('',(5.515711670123,-33.35032253178));
#4458 = CARTESIAN_POINT('',(5.088185601955,-33.35000137428));
#4459 = ( GEOMETRIC_REPRESENTATION_CONTEXT(2) 
PARAMETRIC_REPRESENTATION_CONTEXT() REPRESENTATION_CONTEXT('2D SPACE',''
  ) );
#4460 = ORIENTED_EDGE('',*,*,#4066,.F.);
#4461 = ORIENTED_EDGE('',*,*,#2035,.F.);
#4462 = ADVANCED_FACE('',(#4463),#2122,.T.);
#4463 = FACE_BOUND('',#4464,.T.);
#4464 = EDGE_LOOP('',(#4465,#4466,#4493,#4513));
#4465 = ORIENTED_EDGE('',*,*,#3579,.T.);
#4466 = ORIENTED_EDGE('',*,*,#4467,.T.);
#4467 = EDGE_CURVE('',#3526,#4468,#4470,.T.);
#4468 = VERTEX_POINT('',#4469);
#4469 = CARTESIAN_POINT('',(-32.15,-7.754521319246,12.837380032938));
#4470 = SURFACE_CURVE('',#4471,(#4477,#4484),.PCURVE_S1.);
#4471 = ( BOUNDED_CURVE() B_SPLINE_CURVE(4,(#4472,#4473,#4474,#4475,
#4476),.UNSPECIFIED.,.F.,.F.) B_SPLINE_CURVE_WITH_KNOTS((5,5),(
13.691413367284,14.00016457285),.PIECEWISE_BEZIER_KNOTS.) CURVE() 
GEOMETRIC_REPRESENTATION_ITEM() RATIONAL_B_SPLINE_CURVE((1.,1.,1.,1.,1.)
) REPRESENTATION_ITEM('') );
#4472 = CARTESIAN_POINT('',(-32.15,-8.087385438943,12.776353749919));
#4473 = CARTESIAN_POINT('',(-32.15,-8.002317035738,12.792103716138));
#4474 = CARTESIAN_POINT('',(-32.15,-7.918469817673,12.80771522606));
#4475 = CARTESIAN_POINT('',(-32.15,-7.835871036642,12.822894176724));
#4476 = CARTESIAN_POINT('',(-32.15,-7.754521319246,12.837380032938));
#4477 = PCURVE('',#2122,#4478);
#4478 = DEFINITIONAL_REPRESENTATION('',(#4479),#4483);
#4479 = LINE('',#4480,#4481);
#4480 = CARTESIAN_POINT('',(0.308751205566,0.));
#4481 = VECTOR('',#4482,1.);
#4482 = DIRECTION('',(0.,1.));
#4483 = ( GEOMETRIC_REPRESENTATION_CONTEXT(2) 
PARAMETRIC_REPRESENTATION_CONTEXT() REPRESENTATION_CONTEXT('2D SPACE',''
  ) );
#4484 = PCURVE('',#3554,#4485);
#4485 = DEFINITIONAL_REPRESENTATION('',(#4486),#4492);
#4486 = B_SPLINE_CURVE_WITH_KNOTS('',4,(#4487,#4488,#4489,#4490,#4491),
  .UNSPECIFIED.,.F.,.F.,(5,5),(13.691413367284,14.00016457285),
  .PIECEWISE_BEZIER_KNOTS.);
#4487 = CARTESIAN_POINT('',(-6.995597030574,0.117635155414));
#4488 = CARTESIAN_POINT('',(-7.109921336113,0.118164185144));
#4489 = CARTESIAN_POINT('',(-7.223089475866,0.118689625395));
#4490 = CARTESIAN_POINT('',(-7.334564829783,0.119204480796));
#4491 = CARTESIAN_POINT('',(-7.444453864422,0.119705153922));
#4492 = ( GEOMETRIC_REPRESENTATION_CONTEXT(2) 
PARAMETRIC_REPRESENTATION_CONTEXT() REPRESENTATION_CONTEXT('2D SPACE',''
  ) );
#4493 = ORIENTED_EDGE('',*,*,#4494,.F.);
#4494 = EDGE_CURVE('',#2103,#4468,#4495,.T.);
#4495 = SURFACE_CURVE('',#4496,(#4500,#4507),.PCURVE_S1.);
#4496 = ( BOUNDED_CURVE() B_SPLINE_CURVE(2,(#4497,#4498,#4499),
.UNSPECIFIED.,.F.,.F.) B_SPLINE_CURVE_WITH_KNOTS((3,3),(0.,
0.308751205566),.PIECEWISE_BEZIER_KNOTS.) CURVE() 
GEOMETRIC_REPRESENTATION_ITEM() RATIONAL_B_SPLINE_CURVE((1.,
0.707106682872,1.)) REPRESENTATION_ITEM('') );
#4497 = CARTESIAN_POINT('',(-32.94999855119,-7.896335570921,
    13.624711851199));
#4498 = CARTESIAN_POINT('',(-32.15,-7.894725673987,13.624998655654));
#4499 = CARTESIAN_POINT('',(-32.15,-7.754521319246,12.837380032938));
#4500 = PCURVE('',#2122,#4501);
#4501 = DEFINITIONAL_REPRESENTATION('',(#4502),#4506);
#4502 = LINE('',#4503,#4504);
#4503 = CARTESIAN_POINT('',(0.,14.00016457285));
#4504 = VECTOR('',#4505,1.);
#4505 = DIRECTION('',(1.,0.));
#4506 = ( GEOMETRIC_REPRESENTATION_CONTEXT(2) 
PARAMETRIC_REPRESENTATION_CONTEXT() REPRESENTATION_CONTEXT('2D SPACE',''
  ) );
#4507 = PCURVE('',#2263,#4508);
#4508 = DEFINITIONAL_REPRESENTATION('',(#4509),#4512);
#4509 = B_SPLINE_CURVE_WITH_KNOTS('',1,(#4510,#4511),.UNSPECIFIED.,.F.,
  .F.,(2,2),(0.,0.308751205566),.PIECEWISE_BEZIER_KNOTS.);
#4510 = CARTESIAN_POINT('',(0.,14.00016457285));
#4511 = CARTESIAN_POINT('',(1.117042964194,14.00016457285));
#4512 = ( GEOMETRIC_REPRESENTATION_CONTEXT(2) 
PARAMETRIC_REPRESENTATION_CONTEXT() REPRESENTATION_CONTEXT('2D SPACE',''
  ) );
#4513 = ORIENTED_EDGE('',*,*,#2102,.F.);
#4514 = ADVANCED_FACE('',(#4515),#2263,.T.);
#4515 = FACE_BOUND('',#4516,.T.);
#4516 = EDGE_LOOP('',(#4517,#4518,#4624,#4644));
#4517 = ORIENTED_EDGE('',*,*,#4494,.T.);
#4518 = ORIENTED_EDGE('',*,*,#4519,.T.);
#4519 = EDGE_CURVE('',#4468,#4520,#4522,.T.);
#4520 = VERTEX_POINT('',#4521);
#4521 = CARTESIAN_POINT('',(-31.67090942891,-6.999766708775,
    13.087782120025));
#4522 = SURFACE_CURVE('',#4523,(#4550,#4557),.PCURVE_S1.);
#4523 = ( BOUNDED_CURVE() B_SPLINE_CURVE(9,(#4524,#4525,#4526,#4527,
    #4528,#4529,#4530,#4531,#4532,#4533,#4534,#4535,#4536,#4537,#4538,
    #4539,#4540,#4541,#4542,#4543,#4544,#4545,#4546,#4547,#4548,#4549),
.UNSPECIFIED.,.F.,.F.) B_SPLINE_CURVE_WITH_KNOTS((10,8,8,10),(
    14.00016457285,14.334468076052,14.505790786321,15.117207537044),
.UNSPECIFIED.) CURVE() GEOMETRIC_REPRESENTATION_ITEM() 
RATIONAL_B_SPLINE_CURVE((1.,1.,1.,1.,1.,1.,1.,1.,1.,1.,1.,1.,1.,1.,1.,1.
,1.,1.,1.,1.,1.,1.,1.,1.,1.,1.)) REPRESENTATION_ITEM('') );
#4524 = CARTESIAN_POINT('',(-32.15,-7.754521319246,12.837380032938));
#4525 = CARTESIAN_POINT('',(-32.15,-7.717910894089,12.858604298897));
#4526 = CARTESIAN_POINT('',(-32.14856159702,-7.681442832329,
    12.87954719728));
#4527 = CARTESIAN_POINT('',(-32.14570745922,-7.645124778149,
    12.900223160236));
#4528 = CARTESIAN_POINT('',(-32.14143083119,-7.608938184116,
    12.920684712841));
#4529 = CARTESIAN_POINT('',(-32.13570524477,-7.572862874009,
    12.940988108717));
#4530 = CARTESIAN_POINT('',(-32.12849422989,-7.536901605639,
    12.961158965643));
#4531 = CARTESIAN_POINT('',(-32.1197610254,-7.50110463367,
    12.981157901179));
#4532 = CARTESIAN_POINT('',(-32.10947828989,-7.465594272444,
    13.00084616828));
#4533 = CARTESIAN_POINT('',(-32.0915698454,-7.412650312226,
    13.029742218487));
#4534 = CARTESIAN_POINT('',(-32.08523949527,-7.395475029028,
    13.038416337272));
#4535 = CARTESIAN_POINT('',(-32.07867898242,-7.379000214713,
    13.046144069939));
#4536 = CARTESIAN_POINT('',(-32.07185920589,-7.363028478903,
    13.053239598788));
#4537 = CARTESIAN_POINT('',(-32.06473939027,-7.347381918646,
    13.059961338051));
#4538 = CARTESIAN_POINT('',(-32.05729703084,-7.33198356082,
    13.06641178661));
#4539 = CARTESIAN_POINT('',(-32.04953813731,-7.316866763634,
    13.072536761148));
#4540 = CARTESIAN_POINT('',(-32.04148777586,-7.30211257722,
    13.078224009707));
#4541 = CARTESIAN_POINT('',(-32.00344397721,-7.236333193692,
    13.102334470729));
#4542 = CARTESIAN_POINT('',(-31.97021205624,-7.189548822311,
    13.115816006195));
#4543 = CARTESIAN_POINT('',(-31.93354097855,-7.147376116823,
    13.124227400573));
#4544 = CARTESIAN_POINT('',(-31.89476676436,-7.110800384959,
    13.126668950284));
#4545 = CARTESIAN_POINT('',(-31.85233749701,-7.078318814667,
    13.125916128159));
#4546 = CARTESIAN_POINT('',(-31.80949548327,-7.052148776241,
    13.119179886401));
#4547 = CARTESIAN_POINT('',(-31.76391245131,-7.029826538773,
    13.110802868331));
#4548 = CARTESIAN_POINT('',(-31.71744354963,-7.012615749081,
    13.099624866636));
#4549 = CARTESIAN_POINT('',(-31.67090942891,-6.999766708775,
    13.087782120025));
#4550 = PCURVE('',#2263,#4551);
#4551 = DEFINITIONAL_REPRESENTATION('',(#4552),#4556);
#4552 = LINE('',#4553,#4554);
#4553 = CARTESIAN_POINT('',(1.117042964194,0.));
#4554 = VECTOR('',#4555,1.);
#4555 = DIRECTION('',(0.,1.));
#4556 = ( GEOMETRIC_REPRESENTATION_CONTEXT(2) 
PARAMETRIC_REPRESENTATION_CONTEXT() REPRESENTATION_CONTEXT('2D SPACE',''
  ) );
#4557 = PCURVE('',#4558,#4563);
#4558 = CYLINDRICAL_SURFACE('',#4559,0.7);
#4559 = AXIS2_PLACEMENT_3D('',#4560,#4561,#4562);
#4560 = CARTESIAN_POINT('',(-31.45,-9.923259473479,4.74353905303));
#4561 = DIRECTION('',(0.,0.258819045103,0.965925826289));
#4562 = DIRECTION('',(0.,-0.965925826289,0.258819045103));
#4563 = DEFINITIONAL_REPRESENTATION('',(#4564),#4623);
#4564 = B_SPLINE_CURVE_WITH_KNOTS('',9,(#4565,#4566,#4567,#4568,#4569,
    #4570,#4571,#4572,#4573,#4574,#4575,#4576,#4577,#4578,#4579,#4580,
    #4581,#4582,#4583,#4584,#4585,#4586,#4587,#4588,#4589,#4590,#4591,
    #4592,#4593,#4594,#4595,#4596,#4597,#4598,#4599,#4600,#4601,#4602,
    #4603,#4604,#4605,#4606,#4607,#4608,#4609,#4610,#4611,#4612,#4613,
    #4614,#4615,#4616,#4617,#4618,#4619,#4620,#4621,#4622),
  .UNSPECIFIED.,.F.,.F.,(10,8,8,8,8,8,8,10),(14.00016457285,
    14.279425313898,14.314332906529,14.331786702845,14.34924049916,
    14.419055684422,14.558686054947,15.117207537044),.UNSPECIFIED.);
#4565 = CARTESIAN_POINT('',(4.712388980385,8.379360774526));
#4566 = CARTESIAN_POINT('',(4.676743707977,8.40440170658));
#4567 = CARTESIAN_POINT('',(4.641161766456,8.42922706594));
#4568 = CARTESIAN_POINT('',(4.605589342126,8.453844195053));
#4569 = CARTESIAN_POINT('',(4.569960345935,8.478281336719));
#4570 = CARTESIAN_POINT('',(4.534204354052,8.50257167657));
#4571 = CARTESIAN_POINT('',(4.498254548469,8.526737385614));
#4572 = CARTESIAN_POINT('',(4.462055657573,8.5507736627));
#4573 = CARTESIAN_POINT('',(4.425571896744,8.574632777057));
#4574 = CARTESIAN_POINT('',(4.384197785459,8.601155027494));
#4575 = CARTESIAN_POINT('',(4.379596058973,8.604097561229));
#4576 = CARTESIAN_POINT('',(4.374989736329,8.607035457083));
#4577 = CARTESIAN_POINT('',(4.370378824381,8.609968460165));
#4578 = CARTESIAN_POINT('',(4.365763329978,8.612896315571));
#4579 = CARTESIAN_POINT('',(4.361143259976,8.615818768411));
#4580 = CARTESIAN_POINT('',(4.356518621225,8.618735563782));
#4581 = CARTESIAN_POINT('',(4.351889420577,8.62164644679));
#4582 = CARTESIAN_POINT('',(4.344938787041,8.626003520412));
#4583 = CARTESIAN_POINT('',(4.342620775301,8.627454326297));
#4584 = CARTESIAN_POINT('',(4.340301634972,8.628903539016));
#4585 = CARTESIAN_POINT('',(4.337981371358,8.630351117388));
#4586 = CARTESIAN_POINT('',(4.335659989766,8.631797020236));
#4587 = CARTESIAN_POINT('',(4.333337495499,8.633241206378));
#4588 = CARTESIAN_POINT('',(4.331013893864,8.63468363464));
#4589 = CARTESIAN_POINT('',(4.328689190166,8.636124263839));
#4590 = CARTESIAN_POINT('',(4.324037589252,8.639001841756));
#4591 = CARTESIAN_POINT('',(4.321707944767,8.640444198989));
#4592 = CARTESIAN_POINT('',(4.319383019898,8.641873169854));
#4593 = CARTESIAN_POINT('',(4.317064340976,8.643285890427));
#4594 = CARTESIAN_POINT('',(4.314750751987,8.644684833418));
#4595 = CARTESIAN_POINT('',(4.31244115497,8.646072308995));
#4596 = CARTESIAN_POINT('',(4.310135635869,8.647448220513));
#4597 = CARTESIAN_POINT('',(4.307834975807,8.648811075138));
#4598 = CARTESIAN_POINT('',(4.296352835855,8.65556694636));
#4599 = CARTESIAN_POINT('',(4.287236519657,8.660781211324));
#4600 = CARTESIAN_POINT('',(4.278183409418,8.665822476773));
#4601 = CARTESIAN_POINT('',(4.269185451662,8.670709303936));
#4602 = CARTESIAN_POINT('',(4.260233561264,8.675460264495));
#4603 = CARTESIAN_POINT('',(4.251318453489,8.680092822331));
#4604 = CARTESIAN_POINT('',(4.242431476007,8.684622215231));
#4605 = CARTESIAN_POINT('',(4.233565440939,8.689060336637));
#4606 = CARTESIAN_POINT('',(4.207015488742,8.702123178813));
#4607 = CARTESIAN_POINT('',(4.18938447949,8.710491755495));
#4608 = CARTESIAN_POINT('',(4.171759128574,8.718610675305));
#4609 = CARTESIAN_POINT('',(4.154144659937,8.726459006365));
#4610 = CARTESIAN_POINT('',(4.136566320775,8.733987852557));
#4611 = CARTESIAN_POINT('',(4.119040062388,8.741169251368));
#4612 = CARTESIAN_POINT('',(4.101562403178,8.748010674061));
#4613 = CARTESIAN_POINT('',(4.084119473736,8.754535128154));
#4614 = CARTESIAN_POINT('',(3.997098325313,8.785493798512));
#4615 = CARTESIAN_POINT('',(3.928100962187,8.804989107182));
#4616 = CARTESIAN_POINT('',(3.859696385276,8.819213185598));
#4617 = CARTESIAN_POINT('',(3.792116566159,8.828194274957));
#4618 = CARTESIAN_POINT('',(3.724437439276,8.833053660312));
#4619 = CARTESIAN_POINT('',(3.658589366046,8.832655657935));
#4620 = CARTESIAN_POINT('',(3.592104265204,8.82992121439));
#4621 = CARTESIAN_POINT('',(3.526662226055,8.823987191264));
#4622 = CARTESIAN_POINT('',(3.462665642534,8.816575484969));
#4623 = ( GEOMETRIC_REPRESENTATION_CONTEXT(2) 
PARAMETRIC_REPRESENTATION_CONTEXT() REPRESENTATION_CONTEXT('2D SPACE',''
  ) );
#4624 = ORIENTED_EDGE('',*,*,#4625,.F.);
#4625 = EDGE_CURVE('',#2146,#4520,#4626,.T.);
#4626 = SURFACE_CURVE('',#4627,(#4631,#4638),.PCURVE_S1.);
#4627 = ( BOUNDED_CURVE() B_SPLINE_CURVE(2,(#4628,#4629,#4630),
.UNSPECIFIED.,.F.,.F.) B_SPLINE_CURVE_WITH_KNOTS((3,3),(0.,
1.117042964194),.PIECEWISE_BEZIER_KNOTS.) CURVE() 
GEOMETRIC_REPRESENTATION_ITEM() RATIONAL_B_SPLINE_CURVE((1.,
0.711916249835,1.)) REPRESENTATION_ITEM('') );
#4628 = CARTESIAN_POINT('',(-32.0933921337,-6.134596775004,
    13.667021274516));
#4629 = CARTESIAN_POINT('',(-31.76097943953,-6.825936356435,
    13.852265157056));
#4630 = CARTESIAN_POINT('',(-31.67090942891,-6.999766708775,
    13.087782120025));
#4631 = PCURVE('',#2263,#4632);
#4632 = DEFINITIONAL_REPRESENTATION('',(#4633),#4637);
#4633 = LINE('',#4634,#4635);
#4634 = CARTESIAN_POINT('',(0.,15.117207537044));
#4635 = VECTOR('',#4636,1.);
#4636 = DIRECTION('',(1.,0.));
#4637 = ( GEOMETRIC_REPRESENTATION_CONTEXT(2) 
PARAMETRIC_REPRESENTATION_CONTEXT() REPRESENTATION_CONTEXT('2D SPACE',''
  ) );
#4638 = PCURVE('',#2452,#4639);
#4639 = DEFINITIONAL_REPRESENTATION('',(#4640),#4643);
#4640 = B_SPLINE_CURVE_WITH_KNOTS('',1,(#4641,#4642),.UNSPECIFIED.,.F.,
  .F.,(2,2),(0.,1.117042964194),.PIECEWISE_BEZIER_KNOTS.);
#4641 = CARTESIAN_POINT('',(0.,15.117207537044));
#4642 = CARTESIAN_POINT('',(0.300088745595,15.117207537044));
#4643 = ( GEOMETRIC_REPRESENTATION_CONTEXT(2) 
PARAMETRIC_REPRESENTATION_CONTEXT() REPRESENTATION_CONTEXT('2D SPACE',''
  ) );
#4644 = ORIENTED_EDGE('',*,*,#2145,.F.);
#4645 = ADVANCED_FACE('',(#4646),#2452,.T.);
#4646 = FACE_BOUND('',#4647,.T.);
#4647 = EDGE_LOOP('',(#4648,#4649,#4682,#4702));
#4648 = ORIENTED_EDGE('',*,*,#4625,.T.);
#4649 = ORIENTED_EDGE('',*,*,#4650,.T.);
#4650 = EDGE_CURVE('',#4520,#4651,#4653,.T.);
#4651 = VERTEX_POINT('',#4652);
#4652 = CARTESIAN_POINT('',(-31.45,-6.969137891843,13.06387857382));
#4653 = SURFACE_CURVE('',#4654,(#4663,#4670),.PCURVE_S1.);
#4654 = ( BOUNDED_CURVE() B_SPLINE_CURVE(7,(#4655,#4656,#4657,#4658,
    #4659,#4660,#4661,#4662),.UNSPECIFIED.,.F.,.F.) 
B_SPLINE_CURVE_WITH_KNOTS((8,8),(15.117207537044,15.417296282639),
.PIECEWISE_BEZIER_KNOTS.) CURVE() GEOMETRIC_REPRESENTATION_ITEM() 
RATIONAL_B_SPLINE_CURVE((1.,1.,1.,1.,1.,1.,1.,1.)) REPRESENTATION_ITEM(
  '') );
#4655 = CARTESIAN_POINT('',(-31.67090942891,-6.999766708775,
    13.087782120025));
#4656 = CARTESIAN_POINT('',(-31.64154454035,-6.991658451204,
    13.080308873963));
#4657 = CARTESIAN_POINT('',(-31.61233468006,-6.985014061622,
    13.074038676062));
#4658 = CARTESIAN_POINT('',(-31.58318414144,-6.979675061577,
    13.069147999062));
#4659 = CARTESIAN_POINT('',(-31.55429887833,-6.975475644716,
    13.065442586937));
#4660 = CARTESIAN_POINT('',(-31.52373061998,-6.97172789681,
    13.064511390575));
#4661 = CARTESIAN_POINT('',(-31.49004758039,-6.969265012107,
    13.063404154537));
#4662 = CARTESIAN_POINT('',(-31.45,-6.969137891843,13.06387857382));
#4663 = PCURVE('',#2452,#4664);
#4664 = DEFINITIONAL_REPRESENTATION('',(#4665),#4669);
#4665 = LINE('',#4666,#4667);
#4666 = CARTESIAN_POINT('',(0.300088745595,0.));
#4667 = VECTOR('',#4668,1.);
#4668 = DIRECTION('',(0.,1.));
#4669 = ( GEOMETRIC_REPRESENTATION_CONTEXT(2) 
PARAMETRIC_REPRESENTATION_CONTEXT() REPRESENTATION_CONTEXT('2D SPACE',''
  ) );
#4670 = PCURVE('',#4558,#4671);
#4671 = DEFINITIONAL_REPRESENTATION('',(#4672),#4681);
#4672 = B_SPLINE_CURVE_WITH_KNOTS('',7,(#4673,#4674,#4675,#4676,#4677,
    #4678,#4679,#4680),.UNSPECIFIED.,.F.,.F.,(8,8),(15.117207537044,
    15.417296282639),.PIECEWISE_BEZIER_KNOTS.);
#4673 = CARTESIAN_POINT('',(3.462665642534,8.816575484969));
#4674 = CARTESIAN_POINT('',(3.418456602421,8.811455455074));
#4675 = CARTESIAN_POINT('',(3.375237984973,8.807118541531));
#4676 = CARTESIAN_POINT('',(3.332673616148,8.80377654956));
#4677 = CARTESIAN_POINT('',(3.290888495827,8.801284013136));
#4678 = CARTESIAN_POINT('',(3.246923711321,8.801354711579));
#4679 = CARTESIAN_POINT('',(3.198803482731,8.800922598517));
#4680 = CARTESIAN_POINT('',(3.14159265359,8.801413753501));
#4681 = ( GEOMETRIC_REPRESENTATION_CONTEXT(2) 
PARAMETRIC_REPRESENTATION_CONTEXT() REPRESENTATION_CONTEXT('2D SPACE',''
  ) );
#4682 = ORIENTED_EDGE('',*,*,#4683,.F.);
#4683 = EDGE_CURVE('',#2427,#4651,#4684,.T.);
#4684 = SURFACE_CURVE('',#4685,(#4689,#4696),.PCURVE_S1.);
#4685 = ( BOUNDED_CURVE() B_SPLINE_CURVE(2,(#4686,#4687,#4688),
.UNSPECIFIED.,.F.,.F.) B_SPLINE_CURVE_WITH_KNOTS((3,3),(0.,
0.300088745595),.PIECEWISE_BEZIER_KNOTS.) CURVE() 
GEOMETRIC_REPRESENTATION_ITEM() RATIONAL_B_SPLINE_CURVE((1.,
0.709254922773,1.)) REPRESENTATION_ITEM('') );
#4686 = CARTESIAN_POINT('',(-31.51668559805,-5.996004275358,
    13.630248664004));
#4687 = CARTESIAN_POINT('',(-31.46396829882,-6.763370552477,
    13.831812738871));
#4688 = CARTESIAN_POINT('',(-31.45,-6.969137891843,13.06387857382));
#4689 = PCURVE('',#2452,#4690);
#4690 = DEFINITIONAL_REPRESENTATION('',(#4691),#4695);
#4691 = LINE('',#4692,#4693);
#4692 = CARTESIAN_POINT('',(0.,15.417296282639));
#4693 = VECTOR('',#4694,1.);
#4694 = DIRECTION('',(1.,0.));
#4695 = ( GEOMETRIC_REPRESENTATION_CONTEXT(2) 
PARAMETRIC_REPRESENTATION_CONTEXT() REPRESENTATION_CONTEXT('2D SPACE',''
  ) );
#4696 = PCURVE('',#2538,#4697);
#4697 = DEFINITIONAL_REPRESENTATION('',(#4698),#4701);
#4698 = B_SPLINE_CURVE_WITH_KNOTS('',1,(#4699,#4700),.UNSPECIFIED.,.F.,
  .F.,(2,2),(0.,0.300088745595),.PIECEWISE_BEZIER_KNOTS.);
#4699 = CARTESIAN_POINT('',(0.,15.417296282639));
#4700 = CARTESIAN_POINT('',(22.553450556974,15.417296282639));
#4701 = ( GEOMETRIC_REPRESENTATION_CONTEXT(2) 
PARAMETRIC_REPRESENTATION_CONTEXT() REPRESENTATION_CONTEXT('2D SPACE',''
  ) );
#4702 = ORIENTED_EDGE('',*,*,#2426,.F.);
#4703 = ADVANCED_FACE('',(#4704),#2538,.T.);
#4704 = FACE_BOUND('',#4705,.T.);
#4705 = EDGE_LOOP('',(#4706,#4707,#4781,#4894));
#4706 = ORIENTED_EDGE('',*,*,#4683,.T.);
#4707 = ORIENTED_EDGE('',*,*,#4708,.T.);
#4708 = EDGE_CURVE('',#4651,#4709,#4711,.T.);
#4709 = VERTEX_POINT('',#4710);
#4710 = CARTESIAN_POINT('',(-9.7,-6.969407057962,13.062874032189));
#4711 = SURFACE_CURVE('',#4712,(#4739,#4746),.PCURVE_S1.);
#4712 = B_SPLINE_CURVE_WITH_KNOTS('',9,(#4713,#4714,#4715,#4716,#4717,
    #4718,#4719,#4720,#4721,#4722,#4723,#4724,#4725,#4726,#4727,#4728,
    #4729,#4730,#4731,#4732,#4733,#4734,#4735,#4736,#4737,#4738),
  .UNSPECIFIED.,.F.,.F.,(10,8,8,10),(15.417296282639,15.429992189284,
    37.970746839613,38.975799858255),.UNSPECIFIED.);
#4713 = CARTESIAN_POINT('',(-31.45,-6.969137891843,13.06387857382));
#4714 = CARTESIAN_POINT('',(-31.44868174537,-6.969140570346,
    13.063868577511));
#4715 = CARTESIAN_POINT('',(-31.44735702053,-6.969142952537,
    13.063859687054));
#4716 = CARTESIAN_POINT('',(-31.44602571078,-6.969145037143,
    13.063851907198));
#4717 = CARTESIAN_POINT('',(-31.44468770143,-6.969146822888,
    13.063845242703));
#4718 = CARTESIAN_POINT('',(-31.44334287777,-6.969148308504,
    13.063839698314));
#4719 = CARTESIAN_POINT('',(-31.44199112512,-6.96914949271,
    13.063835278794));
#4720 = CARTESIAN_POINT('',(-31.44063232879,-6.969150374238,
    13.063831988889));
#4721 = CARTESIAN_POINT('',(-31.43926637408,-6.969150951811,
    13.063829833356));
#4722 = CARTESIAN_POINT('',(-28.99981674081,-6.969634756175,
    13.062024250889));
#4723 = CARTESIAN_POINT('',(-26.5890260079,-6.969297800718,
    13.063281785771));
#4724 = CARTESIAN_POINT('',(-24.13334385164,-6.969402294787,
    13.062891808602));
#4725 = CARTESIAN_POINT('',(-21.70027140321,-6.969397853913,
    13.062908382164));
#4726 = CARTESIAN_POINT('',(-19.25577807098,-6.969406848173,
    13.062874815132));
#4727 = CARTESIAN_POINT('',(-16.81788042772,-6.969406981293,
    13.06287431832));
#4728 = CARTESIAN_POINT('',(-14.37797200637,-6.969406961343,
    13.062874392775));
#4729 = CARTESIAN_POINT('',(-11.9390059457,-6.969407053875,
    13.062874047442));
#4730 = CARTESIAN_POINT('',(-9.391315252297,-6.96940705881,
    13.062874029024));
#4731 = CARTESIAN_POINT('',(-9.28183596224,-6.969407059022,
    13.062874028233));
#4732 = CARTESIAN_POINT('',(-9.171625582993,-6.969407059235,
    13.062874027436));
#4733 = CARTESIAN_POINT('',(-9.060684114556,-6.96940705945,
    13.062874026634));
#4734 = CARTESIAN_POINT('',(-8.949011556929,-6.969407059666,
    13.062874025827));
#4735 = CARTESIAN_POINT('',(-8.836607910112,-6.969407059884,
    13.062874025014));
#4736 = CARTESIAN_POINT('',(-8.723473174106,-6.969407060103,
    13.062874024196));
#4737 = CARTESIAN_POINT('',(-8.609607348909,-6.969407060324,
    13.062874023373));
#4738 = CARTESIAN_POINT('',(-8.495010434523,-6.969407060546,
    13.062874022545));
#4739 = PCURVE('',#2538,#4740);
#4740 = DEFINITIONAL_REPRESENTATION('',(#4741),#4745);
#4741 = LINE('',#4742,#4743);
#4742 = CARTESIAN_POINT('',(22.553450556974,0.));
#4743 = VECTOR('',#4744,1.);
#4744 = DIRECTION('',(0.,1.));
#4745 = ( GEOMETRIC_REPRESENTATION_CONTEXT(2) 
PARAMETRIC_REPRESENTATION_CONTEXT() REPRESENTATION_CONTEXT('2D SPACE',''
  ) );
#4746 = PCURVE('',#4747,#4752);
#4747 = PLANE('',#4748);
#4748 = AXIS2_PLACEMENT_3D('',#4749,#4750,#4751);
#4749 = CARTESIAN_POINT('',(-32.15,8.8702217621,72.177173561693));
#4750 = DIRECTION('',(0.,0.965925826289,-0.258819045103));
#4751 = DIRECTION('',(-1.,0.,0.));
#4752 = DEFINITIONAL_REPRESENTATION('',(#4753),#4780);
#4753 = B_SPLINE_CURVE_WITH_KNOTS('',9,(#4754,#4755,#4756,#4757,#4758,
    #4759,#4760,#4761,#4762,#4763,#4764,#4765,#4766,#4767,#4768,#4769,
    #4770,#4771,#4772,#4773,#4774,#4775,#4776,#4777,#4778,#4779),
  .UNSPECIFIED.,.F.,.F.,(10,8,8,10),(15.417296282639,15.429992189284,
    37.970746839613,38.975799858255),.UNSPECIFIED.);
#4754 = CARTESIAN_POINT('',(-0.7,-61.19858624649));
#4755 = CARTESIAN_POINT('',(-0.701318254622,-61.19859659544));
#4756 = CARTESIAN_POINT('',(-0.702642979461,-61.19860579951));
#4757 = CARTESIAN_POINT('',(-0.703974289218,-61.19861385381));
#4758 = CARTESIAN_POINT('',(-0.705312298568,-61.19862075341));
#4759 = CARTESIAN_POINT('',(-0.70665712223,-61.19862649338));
#4760 = CARTESIAN_POINT('',(-0.708008874871,-61.1986310688));
#4761 = CARTESIAN_POINT('',(-0.709367671205,-61.19863447476));
#4762 = CARTESIAN_POINT('',(-0.710733625912,-61.19863670634));
#4763 = CARTESIAN_POINT('',(-3.150183259184,-61.20050598286));
#4764 = CARTESIAN_POINT('',(-5.560973992098,-61.19920408695));
#4765 = CARTESIAN_POINT('',(-8.016656148353,-61.19960782102));
#4766 = CARTESIAN_POINT('',(-10.44972859678,-61.19959066281));
#4767 = CARTESIAN_POINT('',(-12.89422192901,-61.19962541396));
#4768 = CARTESIAN_POINT('',(-15.33211957227,-61.19962592829));
#4769 = CARTESIAN_POINT('',(-17.77202799362,-61.19962585121));
#4770 = CARTESIAN_POINT('',(-20.21099405429,-61.19962620873));
#4771 = CARTESIAN_POINT('',(-22.7586847477,-61.19962622779));
#4772 = CARTESIAN_POINT('',(-22.86816403776,-61.19962622861));
#4773 = CARTESIAN_POINT('',(-22.978374417,-61.19962622944));
#4774 = CARTESIAN_POINT('',(-23.08931588544,-61.19962623027));
#4775 = CARTESIAN_POINT('',(-23.20098844307,-61.1996262311));
#4776 = CARTESIAN_POINT('',(-23.31339208988,-61.19962623195));
#4777 = CARTESIAN_POINT('',(-23.42652682589,-61.19962623279));
#4778 = CARTESIAN_POINT('',(-23.54039265109,-61.19962623364));
#4779 = CARTESIAN_POINT('',(-23.65498956547,-61.1996262345));
#4780 = ( GEOMETRIC_REPRESENTATION_CONTEXT(2) 
PARAMETRIC_REPRESENTATION_CONTEXT() REPRESENTATION_CONTEXT('2D SPACE',''
  ) );
#4781 = ORIENTED_EDGE('',*,*,#4782,.F.);
#4782 = EDGE_CURVE('',#2485,#4709,#4783,.T.);
#4783 = SURFACE_CURVE('',#4784,(#4793,#4862),.PCURVE_S1.);
#4784 = ( BOUNDED_CURVE() B_SPLINE_CURVE(7,(#4785,#4786,#4787,#4788,
    #4789,#4790,#4791,#4792),.UNSPECIFIED.,.F.,.F.) 
B_SPLINE_CURVE_WITH_KNOTS((8,8),(-1.644527292703E-09,1.556493686292),
.PIECEWISE_BEZIER_KNOTS.) CURVE() GEOMETRIC_REPRESENTATION_ITEM() 
RATIONAL_B_SPLINE_CURVE((1.,1.,1.,1.,1.,1.,1.,1.)) REPRESENTATION_ITEM(
  '') );
#4785 = CARTESIAN_POINT('',(-9.700000000274,-5.993495604031,
    13.62958983377));
#4786 = CARTESIAN_POINT('',(-9.699999996595,-6.165571258818,
    13.674772128184));
#4787 = CARTESIAN_POINT('',(-9.699999994424,-6.349783662553,
    13.675415741255));
#4788 = CARTESIAN_POINT('',(-9.699999994222,-6.532332028744,
    13.627501303934));
#4789 = CARTESIAN_POINT('',(-9.699999995787,-6.697650257097,
    13.53224639734));
#4790 = CARTESIAN_POINT('',(-9.699999997759,-6.831067152162,
    13.397541864184));
#4791 = CARTESIAN_POINT('',(-9.699999999241,-6.922939783584,
    13.236292261058));
#4792 = CARTESIAN_POINT('',(-9.7,-6.969407057962,13.062874032189));
#4793 = PCURVE('',#2538,#4794);
#4794 = DEFINITIONAL_REPRESENTATION('',(#4795),#4861);
#4795 = B_SPLINE_CURVE_WITH_KNOTS('',10,(#4796,#4797,#4798,#4799,#4800,
    #4801,#4802,#4803,#4804,#4805,#4806,#4807,#4808,#4809,#4810,#4811,
    #4812,#4813,#4814,#4815,#4816,#4817,#4818,#4819,#4820,#4821,#4822,
    #4823,#4824,#4825,#4826,#4827,#4828,#4829,#4830,#4831,#4832,#4833,
    #4834,#4835,#4836,#4837,#4838,#4839,#4840,#4841,#4842,#4843,#4844,
    #4845,#4846,#4847,#4848,#4849,#4850,#4851,#4852,#4853,#4854,#4855,
    #4856,#4857,#4858,#4859,#4860),.UNSPECIFIED.,.F.,.F.,(11,9,9,9,9,9,9
    ,11),(-1.644527292703E-09,0.194561709348,0.38912342034,
    0.583685131332,0.778246842324,0.972808553316,1.167370264308,
    1.556493686292),.UNSPECIFIED.);
#4796 = CARTESIAN_POINT('',(4.440892131567E-16,37.765275768009));
#4797 = CARTESIAN_POINT('',(0.311104715782,37.765278212161));
#4798 = CARTESIAN_POINT('',(0.619496794199,37.765280670561));
#4799 = CARTESIAN_POINT('',(0.925283167021,37.765283141819));
#4800 = CARTESIAN_POINT('',(1.228646798338,37.765285625174));
#4801 = CARTESIAN_POINT('',(1.529553044066,37.765288118146));
#4802 = CARTESIAN_POINT('',(1.828298740159,37.765290620919));
#4803 = CARTESIAN_POINT('',(2.124847953448,37.765293131076));
#4804 = CARTESIAN_POINT('',(2.419364558339,37.765295647751));
#4805 = CARTESIAN_POINT('',(2.711934469006,37.765298169533));
#4806 = CARTESIAN_POINT('',(3.293374156526,37.765303220638));
#4807 = CARTESIAN_POINT('',(3.582242431145,37.765305749937));
#4808 = CARTESIAN_POINT('',(3.869364650413,37.765308281776));
#4809 = CARTESIAN_POINT('',(4.154805724005,37.76531081445));
#4810 = CARTESIAN_POINT('',(4.438698841056,37.765313347195));
#4811 = CARTESIAN_POINT('',(4.721113892961,37.765315878233));
#4812 = CARTESIAN_POINT('',(5.002112056909,37.765318406277));
#4813 = CARTESIAN_POINT('',(5.281814202468,37.765320930079));
#4814 = CARTESIAN_POINT('',(5.560288191501,37.76532344831));
#4815 = CARTESIAN_POINT('',(6.114939636192,37.765328470807));
#4816 = CARTESIAN_POINT('',(6.391117135011,37.765330975094));
#4817 = CARTESIAN_POINT('',(6.666230042293,37.765333471096));
#4818 = CARTESIAN_POINT('',(6.94035399581,37.765335957432));
#4819 = CARTESIAN_POINT('',(7.213578109721,37.765338432949));
#4820 = CARTESIAN_POINT('',(7.485960819721,37.765340895992));
#4821 = CARTESIAN_POINT('',(7.757577693794,37.765343345465));
#4822 = CARTESIAN_POINT('',(8.028533601147,37.765345780135));
#4823 = CARTESIAN_POINT('',(8.298866431251,37.765348198497));
#4824 = CARTESIAN_POINT('',(8.838462267496,37.765353000218));
#4825 = CARTESIAN_POINT('',(9.107722893035,37.765355383548));
#4826 = CARTESIAN_POINT('',(9.376527727071,37.765357748176));
#4827 = CARTESIAN_POINT('',(9.644930166183,37.765360092594));
#4828 = CARTESIAN_POINT('',(9.913010194895,37.765362415685));
#4829 = CARTESIAN_POINT('',(10.180849531948,37.765364716187));
#4830 = CARTESIAN_POINT('',(10.448511446397,37.765366992918));
#4831 = CARTESIAN_POINT('',(10.716055675554,37.765369244453));
#4832 = CARTESIAN_POINT('',(10.983565094037,37.765371469746));
#4833 = CARTESIAN_POINT('',(11.518648904263,37.765375865398));
#4834 = CARTESIAN_POINT('',(11.786224132761,37.765378035746));
#4835 = CARTESIAN_POINT('',(12.053903020198,37.765380177471));
#4836 = CARTESIAN_POINT('',(12.321741508498,37.765382289211));
#4837 = CARTESIAN_POINT('',(12.589845020035,37.765384370167));
#4838 = CARTESIAN_POINT('',(12.85825343954,37.765386418904));
#4839 = CARTESIAN_POINT('',(13.127026184721,37.765388434254));
#4840 = CARTESIAN_POINT('',(13.396289199005,37.765390415528));
#4841 = CARTESIAN_POINT('',(13.666065405642,37.765392361288));
#4842 = CARTESIAN_POINT('',(14.206828035421,37.765396179976));
#4843 = CARTESIAN_POINT('',(14.477812065622,37.765398052905));
#4844 = CARTESIAN_POINT('',(14.74947394534,37.765399888317));
#4845 = CARTESIAN_POINT('',(15.021875577421,37.765401685294));
#4846 = CARTESIAN_POINT('',(15.295152566935,37.76540344295));
#4847 = CARTESIAN_POINT('',(15.569235345069,37.765405159715));
#4848 = CARTESIAN_POINT('',(15.844391733685,37.765406835608));
#4849 = CARTESIAN_POINT('',(16.120557175659,37.76540846896));
#4850 = CARTESIAN_POINT('',(16.397875643477,37.765410059237));
#4851 = CARTESIAN_POINT('',(17.233489641411,37.765414698071));
#4852 = CARTESIAN_POINT('',(17.795451236973,37.765417614648));
#4853 = CARTESIAN_POINT('',(18.362956076028,37.76542034852));
#4854 = CARTESIAN_POINT('',(18.936690520113,37.765422893381));
#4855 = CARTESIAN_POINT('',(19.517374461734,37.765425243537));
#4856 = CARTESIAN_POINT('',(20.105767327848,37.765427393735));
#4857 = CARTESIAN_POINT('',(20.702675390464,37.765429339394));
#4858 = CARTESIAN_POINT('',(21.308960503128,37.765431076442));
#4859 = CARTESIAN_POINT('',(21.925550382939,37.765432601455));
#4860 = CARTESIAN_POINT('',(22.553450556974,37.765433911603));
#4861 = ( GEOMETRIC_REPRESENTATION_CONTEXT(2) 
PARAMETRIC_REPRESENTATION_CONTEXT() REPRESENTATION_CONTEXT('2D SPACE',''
  ) );
#4862 = PCURVE('',#4863,#4888);
#4863 = ( BOUNDED_SURFACE() B_SPLINE_SURFACE(2,7,(
    (#4864,#4865,#4866,#4867,#4868,#4869,#4870,#4871)
    ,(#4872,#4873,#4874,#4875,#4876,#4877,#4878,#4879)
    ,(#4880,#4881,#4882,#4883,#4884,#4885,#4886,#4887
)),.UNSPECIFIED.,.F.,.F.,.F.) B_SPLINE_SURFACE_WITH_KNOTS((3,3),(8,8),(
    0.,1.556493687937),(-1.644527292703E-09,1.556493686292),
.PIECEWISE_BEZIER_KNOTS.) GEOMETRIC_REPRESENTATION_ITEM() 
RATIONAL_B_SPLINE_SURFACE((
    (1.,1.,1.,1.,1.,1.,1.,1.)
    ,(0.707106780702,0.707106787206,0.707106791043,0.7071067914
      ,0.707106788634,0.707106785148,0.707106782529,0.707106781187)
,(1.,1.,1.,1.,1.,1.,1.,1.))) REPRESENTATION_ITEM('') SURFACE() );
#4864 = CARTESIAN_POINT('',(-9.5,-6.04249115515,13.435684093859));
#4865 = CARTESIAN_POINT('',(-9.5,-6.171450658475,13.469971921694));
#4866 = CARTESIAN_POINT('',(-9.5,-6.309720853378,13.470906345271));
#4867 = CARTESIAN_POINT('',(-9.5,-6.446981848844,13.435345729237));
#4868 = CARTESIAN_POINT('',(-9.5,-6.571495125158,13.364040271465));
#4869 = CARTESIAN_POINT('',(-9.5,-6.672045609542,13.262852329671));
#4870 = CARTESIAN_POINT('',(-9.5,-6.741264624326,13.141572524848));
#4871 = CARTESIAN_POINT('',(-9.5,-6.776221892704,13.011110223168));
#4872 = CARTESIAN_POINT('',(-9.5,-5.993495603964,13.629589834036));
#4873 = CARTESIAN_POINT('',(-9.5,-6.165571258128,13.674772124482));
#4874 = CARTESIAN_POINT('',(-9.5,-6.349783660642,13.675415735694));
#4875 = CARTESIAN_POINT('',(-9.5,-6.532332026741,13.627501298661));
#4876 = CARTESIAN_POINT('',(-9.5,-6.697650255334,13.532246393027));
#4877 = CARTESIAN_POINT('',(-9.5,-6.831067150641,13.397541862127));
#4878 = CARTESIAN_POINT('',(-9.5,-6.922939782938,13.236292260532));
#4879 = CARTESIAN_POINT('',(-9.5,-6.969407057962,13.062874032189));
#4880 = CARTESIAN_POINT('',(-9.700000000274,-5.993495604031,
    13.62958983377));
#4881 = CARTESIAN_POINT('',(-9.699999996595,-6.165571258818,
    13.674772128184));
#4882 = CARTESIAN_POINT('',(-9.699999994424,-6.349783662553,
    13.675415741255));
#4883 = CARTESIAN_POINT('',(-9.699999994222,-6.532332028744,
    13.627501303934));
#4884 = CARTESIAN_POINT('',(-9.699999995787,-6.697650257097,
    13.53224639734));
#4885 = CARTESIAN_POINT('',(-9.699999997759,-6.831067152162,
    13.397541864184));
#4886 = CARTESIAN_POINT('',(-9.699999999241,-6.922939783584,
    13.236292261058));
#4887 = CARTESIAN_POINT('',(-9.7,-6.969407057962,13.062874032189));
#4888 = DEFINITIONAL_REPRESENTATION('',(#4889),#4893);
#4889 = LINE('',#4890,#4891);
#4890 = CARTESIAN_POINT('',(1.556493687937,0.));
#4891 = VECTOR('',#4892,1.);
#4892 = DIRECTION('',(0.,1.));
#4893 = ( GEOMETRIC_REPRESENTATION_CONTEXT(2) 
PARAMETRIC_REPRESENTATION_CONTEXT() REPRESENTATION_CONTEXT('2D SPACE',''
  ) );
#4894 = ORIENTED_EDGE('',*,*,#2484,.F.);
#4895 = ADVANCED_FACE('',(#4896),#2656,.T.);
#4896 = FACE_BOUND('',#4897,.T.);
#4897 = EDGE_LOOP('',(#4898,#4956,#5006,#5036));
#4898 = ORIENTED_EDGE('',*,*,#4899,.F.);
#4899 = EDGE_CURVE('',#4900,#2485,#4902,.T.);
#4900 = VERTEX_POINT('',#4901);
#4901 = CARTESIAN_POINT('',(-9.5,-6.04249115515,13.435684093859));
#4902 = SURFACE_CURVE('',#4903,(#4907,#4949),.PCURVE_S1.);
#4903 = ( BOUNDED_CURVE() B_SPLINE_CURVE(2,(#4904,#4905,#4906),
.UNSPECIFIED.,.F.,.F.) B_SPLINE_CURVE_WITH_KNOTS((3,3),(0.,
1.556493687937),.PIECEWISE_BEZIER_KNOTS.) CURVE() 
GEOMETRIC_REPRESENTATION_ITEM() RATIONAL_B_SPLINE_CURVE((1.,
0.707106780702,1.)) REPRESENTATION_ITEM('') );
#4904 = CARTESIAN_POINT('',(-9.5,-6.04249115515,13.435684093859));
#4905 = CARTESIAN_POINT('',(-9.5,-5.993495603964,13.629589834036));
#4906 = CARTESIAN_POINT('',(-9.700000000274,-5.993495604031,
    13.62958983377));
#4907 = PCURVE('',#2656,#4908);
#4908 = DEFINITIONAL_REPRESENTATION('',(#4909),#4948);
#4909 = B_SPLINE_CURVE_WITH_KNOTS('',10,(#4910,#4911,#4912,#4913,#4914,
    #4915,#4916,#4917,#4918,#4919,#4920,#4921,#4922,#4923,#4924,#4925,
    #4926,#4927,#4928,#4929,#4930,#4931,#4932,#4933,#4934,#4935,#4936,
    #4937,#4938,#4939,#4940,#4941,#4942,#4943,#4944,#4945,#4946,#4947),
  .UNSPECIFIED.,.F.,.F.,(11,9,9,9,11),(0.,0.194561710992,0.389123421984,
    0.778246843968,1.556493687937),.UNSPECIFIED.);
#4910 = CARTESIAN_POINT('',(2.104027529166,0.803121404959));
#4911 = CARTESIAN_POINT('',(2.077727276366,0.803121404959));
#4912 = CARTESIAN_POINT('',(2.051421513115,0.803121404958));
#4913 = CARTESIAN_POINT('',(2.025089608874,0.803121404959));
#4914 = CARTESIAN_POINT('',(1.998875350586,0.803121404958));
#4915 = CARTESIAN_POINT('',(1.972473563491,0.803121404959));
#4916 = CARTESIAN_POINT('',(1.946244646677,0.803121404958));
#4917 = CARTESIAN_POINT('',(1.919912730886,0.803121404959));
#4918 = CARTESIAN_POINT('',(1.893621158033,0.803121404958));
#4919 = CARTESIAN_POINT('',(1.867319762646,0.803121404959));
#4920 = CARTESIAN_POINT('',(1.814719357236,0.803121404958));
#4921 = CARTESIAN_POINT('',(1.78841914937,0.803121404959));
#4922 = CARTESIAN_POINT('',(1.762118936986,0.803121404958));
#4923 = CARTESIAN_POINT('',(1.735818720733,0.803121404959));
#4924 = CARTESIAN_POINT('',(1.70951850125,0.803121404958));
#4925 = CARTESIAN_POINT('',(1.683218279186,0.803121404959));
#4926 = CARTESIAN_POINT('',(1.656918055182,0.803121404958));
#4927 = CARTESIAN_POINT('',(1.630617829885,0.803121404959));
#4928 = CARTESIAN_POINT('',(1.604317603939,0.803121404959));
#4929 = CARTESIAN_POINT('',(1.525416926084,0.803121404959));
#4930 = CARTESIAN_POINT('',(1.472816466027,0.803121404959));
#4931 = CARTESIAN_POINT('',(1.420215997357,0.803121404958));
#4932 = CARTESIAN_POINT('',(1.367615519625,0.803121404959));
#4933 = CARTESIAN_POINT('',(1.31501503237,0.803121404958));
#4934 = CARTESIAN_POINT('',(1.262414535144,0.803121404959));
#4935 = CARTESIAN_POINT('',(1.209814027486,0.803121404958));
#4936 = CARTESIAN_POINT('',(1.157213508945,0.803121404959));
#4937 = CARTESIAN_POINT('',(1.104612979064,0.803121404959));
#4938 = CARTESIAN_POINT('',(0.946811354041,0.803121404958));
#4939 = CARTESIAN_POINT('',(0.841610228917,0.803121404959));
#4940 = CARTESIAN_POINT('',(0.736409064317,0.803121404958));
#4941 = CARTESIAN_POINT('',(0.631207862542,0.803121404959));
#4942 = CARTESIAN_POINT('',(0.526006625891,0.803121404958));
#4943 = CARTESIAN_POINT('',(0.420805356665,0.803121404959));
#4944 = CARTESIAN_POINT('',(0.315604057163,0.803121404958));
#4945 = CARTESIAN_POINT('',(0.210402729685,0.803121404959));
#4946 = CARTESIAN_POINT('',(0.10520137653,0.803121404959));
#4947 = CARTESIAN_POINT('',(-1.110219061394E-16,0.803121404959));
#4948 = ( GEOMETRIC_REPRESENTATION_CONTEXT(2) 
PARAMETRIC_REPRESENTATION_CONTEXT() REPRESENTATION_CONTEXT('2D SPACE',''
  ) );
#4949 = PCURVE('',#4863,#4950);
#4950 = DEFINITIONAL_REPRESENTATION('',(#4951),#4955);
#4951 = LINE('',#4952,#4953);
#4952 = CARTESIAN_POINT('',(0.,-1.644527292703E-09));
#4953 = VECTOR('',#4954,1.);
#4954 = DIRECTION('',(1.,0.));
#4955 = ( GEOMETRIC_REPRESENTATION_CONTEXT(2) 
PARAMETRIC_REPRESENTATION_CONTEXT() REPRESENTATION_CONTEXT('2D SPACE',''
  ) );
#4956 = ORIENTED_EDGE('',*,*,#4957,.T.);
#4957 = EDGE_CURVE('',#4900,#4958,#4960,.T.);
#4958 = VERTEX_POINT('',#4959);
#4959 = CARTESIAN_POINT('',(-9.5,-4.952743822246,13.17506250741));
#4960 = SURFACE_CURVE('',#4961,(#4976,#4983),.PCURVE_S1.);
#4961 = B_SPLINE_CURVE_WITH_KNOTS('',7,(#4962,#4963,#4964,#4965,#4966,
    #4967,#4968,#4969,#4970,#4971,#4972,#4973,#4974,#4975),
  .UNSPECIFIED.,.F.,.F.,(8,6,8),(0.657079408867,2.761106938033,
    2.861332997218),.UNSPECIFIED.);
#4962 = CARTESIAN_POINT('',(-9.5,-6.182252756053,13.472781969868));
#4963 = CARTESIAN_POINT('',(-9.5,-5.895901449781,13.395965664674));
#4964 = CARTESIAN_POINT('',(-9.5,-5.602912191254,13.32124654991));
#4965 = CARTESIAN_POINT('',(-9.5,-5.306824066477,13.249604234333));
#4966 = CARTESIAN_POINT('',(-9.5,-5.010882283103,13.183171243017));
#4967 = CARTESIAN_POINT('',(-9.5,-4.713545321774,13.121397990178));
#4968 = CARTESIAN_POINT('',(-9.5,-4.415145598993,13.065218630998));
#4969 = CARTESIAN_POINT('',(-9.5,-4.101182478075,13.012571107041));
#4970 = CARTESIAN_POINT('',(-9.5,-4.086906767465,13.010177256406));
#4971 = CARTESIAN_POINT('',(-9.5,-4.072631056854,13.007783405771));
#4972 = CARTESIAN_POINT('',(-9.5,-4.058355346244,13.005389555136));
#4973 = CARTESIAN_POINT('',(-9.5,-4.044079635633,13.002995704501));
#4974 = CARTESIAN_POINT('',(-9.5,-4.029803925023,13.000601853866));
#4975 = CARTESIAN_POINT('',(-9.5,-4.015528214413,12.998208003231));
#4976 = PCURVE('',#2656,#4977);
#4977 = DEFINITIONAL_REPRESENTATION('',(#4978),#4982);
#4978 = LINE('',#4979,#4980);
#4979 = CARTESIAN_POINT('',(2.104027529166,0.));
#4980 = VECTOR('',#4981,1.);
#4981 = DIRECTION('',(0.,1.));
#4982 = ( GEOMETRIC_REPRESENTATION_CONTEXT(2) 
PARAMETRIC_REPRESENTATION_CONTEXT() REPRESENTATION_CONTEXT('2D SPACE',''
  ) );
#4983 = PCURVE('',#4984,#4989);
#4984 = PLANE('',#4985);
#4985 = AXIS2_PLACEMENT_3D('',#4986,#4987,#4988);
#4986 = CARTESIAN_POINT('',(-9.5,13.844739767489,70.844255479415));
#4987 = DIRECTION('',(1.,0.,0.));
#4988 = DIRECTION('',(0.,-0.258819045103,-0.965925826289));
#4989 = DEFINITIONAL_REPRESENTATION('',(#4990),#5005);
#4990 = B_SPLINE_CURVE_WITH_KNOTS('',7,(#4991,#4992,#4993,#4994,#4995,
    #4996,#4997,#4998,#4999,#5000,#5001,#5002,#5003,#5004),
  .UNSPECIFIED.,.F.,.F.,(8,6,8),(0.657079408867,2.761106938033,
    2.861332997218),.UNSPECIFIED.);
#4991 = CARTESIAN_POINT('',(60.599955036349,-4.495759311522));
#4992 = CARTESIAN_POINT('',(60.600040717762,-4.199283666644));
#4993 = CARTESIAN_POINT('',(60.596382640313,-3.896939045073));
#4994 = CARTESIAN_POINT('',(60.588950557463,-3.592397482787));
#4995 = CARTESIAN_POINT('',(60.576524529714,-3.289345547772));
#4996 = CARTESIAN_POINT('',(60.5592364416,-2.986152003402));
#4997 = CARTESIAN_POINT('',(60.536270004228,-2.683379716513));
#4998 = CARTESIAN_POINT('',(60.505863972155,-2.366488447638));
#4999 = CARTESIAN_POINT('',(60.504481428519,-2.352079595935));
#5000 = CARTESIAN_POINT('',(60.503098884883,-2.337670744232));
#5001 = CARTESIAN_POINT('',(60.501716341247,-2.32326189253));
#5002 = CARTESIAN_POINT('',(60.500333797612,-2.308853040827));
#5003 = CARTESIAN_POINT('',(60.498951253976,-2.294444189124));
#5004 = CARTESIAN_POINT('',(60.49756871034,-2.280035337422));
#5005 = ( GEOMETRIC_REPRESENTATION_CONTEXT(2) 
PARAMETRIC_REPRESENTATION_CONTEXT() REPRESENTATION_CONTEXT('2D SPACE',''
  ) );
#5006 = ORIENTED_EDGE('',*,*,#5007,.T.);
#5007 = EDGE_CURVE('',#4958,#2625,#5008,.T.);
#5008 = SURFACE_CURVE('',#5009,(#5014,#5024),.PCURVE_S1.);
#5009 = CIRCLE('',#5010,0.2);
#5010 = AXIS2_PLACEMENT_3D('',#5011,#5012,#5013);
#5011 = CARTESIAN_POINT('',(-9.7,-4.952465480256,13.175002784033));
#5012 = DIRECTION('',(0.,-0.977940146829,0.20888530159));
#5013 = DIRECTION('',(0.,0.20888530159,0.977940146829));
#5014 = PCURVE('',#2656,#5015);
#5015 = DEFINITIONAL_REPRESENTATION('',(#5016),#5023);
#5016 = B_SPLINE_CURVE_WITH_KNOTS('',5,(#5017,#5018,#5019,#5020,#5021,
    #5022),.UNSPECIFIED.,.F.,.F.,(6,6),(4.712388980385,6.28318530718),
  .PIECEWISE_BEZIER_KNOTS.);
#5017 = CARTESIAN_POINT('',(2.104027529166,1.917280926667));
#5018 = CARTESIAN_POINT('',(1.636630053621,1.917280926667));
#5019 = CARTESIAN_POINT('',(1.244965930534,1.917280926667));
#5020 = CARTESIAN_POINT('',(0.859063867073,1.917280926667));
#5021 = CARTESIAN_POINT('',(0.467397400537,1.917280926667));
#5022 = CARTESIAN_POINT('',(4.440892098501E-16,1.917280926667));
#5023 = ( GEOMETRIC_REPRESENTATION_CONTEXT(2) 
PARAMETRIC_REPRESENTATION_CONTEXT() REPRESENTATION_CONTEXT('2D SPACE',''
  ) );
#5024 = PCURVE('',#5025,#5030);
#5025 = TOROIDAL_SURFACE('',#5026,0.6,0.2);
#5026 = AXIS2_PLACEMENT_3D('',#5027,#5028,#5029);
#5027 = CARTESIAN_POINT('',(-9.7,-5.07779666121,12.588238695936));
#5028 = DIRECTION('',(-1.,-0.,0.));
#5029 = DIRECTION('',(0.,0.965925826289,-0.258819045103));
#5030 = DEFINITIONAL_REPRESENTATION('',(#5031),#5035);
#5031 = LINE('',#5032,#5033);
#5032 = CARTESIAN_POINT('',(-1.622160737057,0.));
#5033 = VECTOR('',#5034,1.);
#5034 = DIRECTION('',(-0.,1.));
#5035 = ( GEOMETRIC_REPRESENTATION_CONTEXT(2) 
PARAMETRIC_REPRESENTATION_CONTEXT() REPRESENTATION_CONTEXT('2D SPACE',''
  ) );
#5036 = ORIENTED_EDGE('',*,*,#2624,.F.);
#5037 = ADVANCED_FACE('',(#5038),#2815,.T.);
#5038 = FACE_BOUND('',#5039,.T.);
#5039 = EDGE_LOOP('',(#5040,#5089,#5121,#5149));
#5040 = ORIENTED_EDGE('',*,*,#5041,.T.);
#5041 = EDGE_CURVE('',#2743,#5042,#5044,.T.);
#5042 = VERTEX_POINT('',#5043);
#5043 = CARTESIAN_POINT('',(-11.38,-4.092126948397,12.40310483848));
#5044 = SURFACE_CURVE('',#5045,(#5049,#5082),.PCURVE_S1.);
#5045 = ( BOUNDED_CURVE() B_SPLINE_CURVE(2,(#5046,#5047,#5048),
.UNSPECIFIED.,.F.,.F.) B_SPLINE_CURVE_WITH_KNOTS((3,3),(0.,
1.570797016606),.PIECEWISE_BEZIER_KNOTS.) CURVE() 
GEOMETRIC_REPRESENTATION_ITEM() RATIONAL_B_SPLINE_CURVE((1.,
0.707106781187,1.)) REPRESENTATION_ITEM('') );
#5046 = CARTESIAN_POINT('',(-12.18,-3.965226114477,13.192975826902));
#5047 = CARTESIAN_POINT('',(-11.38,-3.965226659339,13.192975914439));
#5048 = CARTESIAN_POINT('',(-11.38,-4.092126948397,12.40310483848));
#5049 = PCURVE('',#2815,#5050);
#5050 = DEFINITIONAL_REPRESENTATION('',(#5051),#5081);
#5051 = B_SPLINE_CURVE_WITH_KNOTS('',10,(#5052,#5053,#5054,#5055,#5056,
    #5057,#5058,#5059,#5060,#5061,#5062,#5063,#5064,#5065,#5066,#5067,
    #5068,#5069,#5070,#5071,#5072,#5073,#5074,#5075,#5076,#5077,#5078,
    #5079,#5080),.UNSPECIFIED.,.F.,.F.,(11,9,9,11),(0.,0.785398508303,
    1.178097762454,1.570797016606),.UNSPECIFIED.);
#5052 = CARTESIAN_POINT('',(1.110223024625E-16,0.11878764975));
#5053 = CARTESIAN_POINT('',(0.123214173243,0.11878764975));
#5054 = CARTESIAN_POINT('',(0.246428283535,0.11878764975));
#5055 = CARTESIAN_POINT('',(0.36964234261,0.11878764975));
#5056 = CARTESIAN_POINT('',(0.492856362201,0.11878764975));
#5057 = CARTESIAN_POINT('',(0.616070354043,0.11878764975));
#5058 = CARTESIAN_POINT('',(0.73928432987,0.11878764975));
#5059 = CARTESIAN_POINT('',(0.862498301416,0.11878764975));
#5060 = CARTESIAN_POINT('',(0.985712280415,0.11878764975));
#5061 = CARTESIAN_POINT('',(1.108926278601,0.11878764975));
#5062 = CARTESIAN_POINT('',(1.293747322264,0.11878764975));
#5063 = CARTESIAN_POINT('',(1.355354334501,0.11878764975));
#5064 = CARTESIAN_POINT('',(1.416961345034,0.11878764975));
#5065 = CARTESIAN_POINT('',(1.478568354473,0.11878764975));
#5066 = CARTESIAN_POINT('',(1.540175363429,0.11878764975));
#5067 = CARTESIAN_POINT('',(1.601782372512,0.11878764975));
#5068 = CARTESIAN_POINT('',(1.663389382335,0.11878764975));
#5069 = CARTESIAN_POINT('',(1.724996393508,0.11878764975));
#5070 = CARTESIAN_POINT('',(1.786603406642,0.11878764975));
#5071 = CARTESIAN_POINT('',(1.909817438054,0.11878764975));
#5072 = CARTESIAN_POINT('',(1.971421190754,0.11878764975));
#5073 = CARTESIAN_POINT('',(2.033048892819,0.11878764975));
#5074 = CARTESIAN_POINT('',(2.094592395052,0.11878764975));
#5075 = CARTESIAN_POINT('',(2.156320792525,0.11878764975));
#5076 = CARTESIAN_POINT('',(2.217771136721,0.11878764975));
#5077 = CARTESIAN_POINT('',(2.279517266256,0.11878764975));
#5078 = CARTESIAN_POINT('',(2.341042216063,0.11878764975));
#5079 = CARTESIAN_POINT('',(2.40267640629,0.11878764975));
#5080 = CARTESIAN_POINT('',(2.464283464869,0.11878764975));
#5081 = ( GEOMETRIC_REPRESENTATION_CONTEXT(2) 
PARAMETRIC_REPRESENTATION_CONTEXT() REPRESENTATION_CONTEXT('2D SPACE',''
  ) );
#5082 = PCURVE('',#2766,#5083);
#5083 = DEFINITIONAL_REPRESENTATION('',(#5084),#5088);
#5084 = LINE('',#5085,#5086);
#5085 = CARTESIAN_POINT('',(0.,-6.898106974869E-07));
#5086 = VECTOR('',#5087,1.);
#5087 = DIRECTION('',(1.,0.));
#5088 = ( GEOMETRIC_REPRESENTATION_CONTEXT(2) 
PARAMETRIC_REPRESENTATION_CONTEXT() REPRESENTATION_CONTEXT('2D SPACE',''
  ) );
#5089 = ORIENTED_EDGE('',*,*,#5090,.T.);
#5090 = EDGE_CURVE('',#5042,#5091,#5093,.T.);
#5091 = VERTEX_POINT('',#5092);
#5092 = CARTESIAN_POINT('',(-11.38,-1.654581775,12.2));
#5093 = SURFACE_CURVE('',#5094,(#5100,#5107),.PCURVE_S1.);
#5094 = ( BOUNDED_CURVE() B_SPLINE_CURVE(4,(#5095,#5096,#5097,#5098,
#5099),.UNSPECIFIED.,.F.,.F.) B_SPLINE_CURVE_WITH_KNOTS((5,5),(
-2.439884618682E-02,2.439884618682),.PIECEWISE_BEZIER_KNOTS.) CURVE() 
GEOMETRIC_REPRESENTATION_ITEM() RATIONAL_B_SPLINE_CURVE((1.,1.,1.,1.,1.)
) REPRESENTATION_ITEM('') );
#5095 = CARTESIAN_POINT('',(-11.38,-4.239826569972,12.427460666557));
#5096 = CARTESIAN_POINT('',(-11.38,-3.605145071128,12.320127285273));
#5097 = CARTESIAN_POINT('',(-11.38,-2.961164530621,12.241561944528));
#5098 = CARTESIAN_POINT('',(-11.38,-2.309170410492,12.2));
#5099 = CARTESIAN_POINT('',(-11.38,-1.654581775,12.2));
#5100 = PCURVE('',#2815,#5101);
#5101 = DEFINITIONAL_REPRESENTATION('',(#5102),#5106);
#5102 = LINE('',#5103,#5104);
#5103 = CARTESIAN_POINT('',(2.464283464869,0.));
#5104 = VECTOR('',#5105,1.);
#5105 = DIRECTION('',(0.,1.));
#5106 = ( GEOMETRIC_REPRESENTATION_CONTEXT(2) 
PARAMETRIC_REPRESENTATION_CONTEXT() REPRESENTATION_CONTEXT('2D SPACE',''
  ) );
#5107 = PCURVE('',#5108,#5113);
#5108 = PLANE('',#5109);
#5109 = AXIS2_PLACEMENT_3D('',#5110,#5111,#5112);
#5110 = CARTESIAN_POINT('',(-11.38,6.392083778933,37.235009721058));
#5111 = DIRECTION('',(1.,0.,0.));
#5112 = DIRECTION('',(0.,0.258819045103,0.965925826289));
#5113 = DEFINITIONAL_REPRESENTATION('',(#5114),#5120);
#5114 = ( BOUNDED_CURVE() B_SPLINE_CURVE(4,(#5115,#5116,#5117,#5118,
#5119),.UNSPECIFIED.,.F.,.F.) B_SPLINE_CURVE_WITH_KNOTS((5,5),(
-2.439884618682E-02,2.439884618682),.PIECEWISE_BEZIER_KNOTS.) CURVE() 
GEOMETRIC_REPRESENTATION_ITEM() RATIONAL_B_SPLINE_CURVE((1.,1.,1.,1.,1.)
) REPRESENTATION_ITEM('') );
#5115 = CARTESIAN_POINT('',(-26.71399320279,3.848970631178));
#5116 = CARTESIAN_POINT('',(-26.65340162832,3.208135456725));
#5117 = CARTESIAN_POINT('',(-26.56261549144,2.565763814552));
#5118 = CARTESIAN_POINT('',(-26.43401275146,1.925228832535));
#5119 = CARTESIAN_POINT('',(-26.26459274589,1.292944763918));
#5120 = ( GEOMETRIC_REPRESENTATION_CONTEXT(2) 
PARAMETRIC_REPRESENTATION_CONTEXT() REPRESENTATION_CONTEXT('2D SPACE',''
  ) );
#5121 = ORIENTED_EDGE('',*,*,#5122,.F.);
#5122 = EDGE_CURVE('',#2796,#5091,#5123,.T.);
#5123 = SURFACE_CURVE('',#5124,(#5128,#5135),.PCURVE_S1.);
#5124 = ( BOUNDED_CURVE() B_SPLINE_CURVE(2,(#5125,#5126,#5127),
.UNSPECIFIED.,.F.,.F.) B_SPLINE_CURVE_WITH_KNOTS((3,3),(0.,
2.464283464869),.PIECEWISE_BEZIER_KNOTS.) CURVE() 
GEOMETRIC_REPRESENTATION_ITEM() RATIONAL_B_SPLINE_CURVE((1.,
0.707106781187,1.)) REPRESENTATION_ITEM('') );
#5125 = CARTESIAN_POINT('',(-12.18,-1.654581775,13.));
#5126 = CARTESIAN_POINT('',(-11.38,-1.654581775,13.));
#5127 = CARTESIAN_POINT('',(-11.38,-1.654581775,12.2));
#5128 = PCURVE('',#2815,#5129);
#5129 = DEFINITIONAL_REPRESENTATION('',(#5130),#5134);
#5130 = LINE('',#5131,#5132);
#5131 = CARTESIAN_POINT('',(0.,2.439884618682));
#5132 = VECTOR('',#5133,1.);
#5133 = DIRECTION('',(1.,0.));
#5134 = ( GEOMETRIC_REPRESENTATION_CONTEXT(2) 
PARAMETRIC_REPRESENTATION_CONTEXT() REPRESENTATION_CONTEXT('2D SPACE',''
  ) );
#5135 = PCURVE('',#3041,#5136);
#5136 = DEFINITIONAL_REPRESENTATION('',(#5137),#5148);
#5137 = B_SPLINE_CURVE_WITH_KNOTS('',9,(#5138,#5139,#5140,#5141,#5142,
    #5143,#5144,#5145,#5146,#5147),.UNSPECIFIED.,.F.,.F.,(10,10),(0.,
    2.464283464869),.PIECEWISE_BEZIER_KNOTS.);
#5138 = CARTESIAN_POINT('',(0.,1.42108547152E-14));
#5139 = CARTESIAN_POINT('',(0.157134840264,1.42108547152E-14));
#5140 = CARTESIAN_POINT('',(0.325774716821,1.42108547152E-14));
#5141 = CARTESIAN_POINT('',(0.50456638687,1.42108547152E-14));
#5142 = CARTESIAN_POINT('',(0.690744851612,1.42108547152E-14));
#5143 = CARTESIAN_POINT('',(0.880051475183,1.42108547152E-14));
#5144 = CARTESIAN_POINT('',(1.066229939925,1.42108547152E-14));
#5145 = CARTESIAN_POINT('',(1.245021609974,1.42108547152E-14));
#5146 = CARTESIAN_POINT('',(1.413661486531,1.42108547152E-14));
#5147 = CARTESIAN_POINT('',(1.570796326795,1.42108547152E-14));
#5148 = ( GEOMETRIC_REPRESENTATION_CONTEXT(2) 
PARAMETRIC_REPRESENTATION_CONTEXT() REPRESENTATION_CONTEXT('2D SPACE',''
  ) );
#5149 = ORIENTED_EDGE('',*,*,#2795,.F.);
#5150 = ADVANCED_FACE('',(#5151),#2722,.F.);
#5151 = FACE_BOUND('',#5152,.F.);
#5152 = EDGE_LOOP('',(#5153,#5175,#5205,#5234));
#5153 = ORIENTED_EDGE('',*,*,#5154,.T.);
#5154 = EDGE_CURVE('',#2707,#5155,#5157,.T.);
#5155 = VERTEX_POINT('',#5156);
#5156 = CARTESIAN_POINT('',(-11.18,-4.305056000179,12.381183459854));
#5157 = SURFACE_CURVE('',#5158,(#5162,#5168),.PCURVE_S1.);
#5158 = ( BOUNDED_CURVE() B_SPLINE_CURVE(2,(#5159,#5160,#5161),
.UNSPECIFIED.,.F.,.F.) B_SPLINE_CURVE_WITH_KNOTS((3,3),(0.,
1.570797016606),.PIECEWISE_BEZIER_KNOTS.) CURVE() 
GEOMETRIC_REPRESENTATION_ITEM() RATIONAL_B_SPLINE_CURVE((1.,
0.688715533645,1.)) REPRESENTATION_ITEM('') );
#5159 = CARTESIAN_POINT('',(-11.18,-4.910688419939,13.370590813399));
#5160 = CARTESIAN_POINT('',(-11.18,-4.087082693334,13.194670915692));
#5161 = CARTESIAN_POINT('',(-11.18,-4.305056000179,12.381183459854));
#5162 = PCURVE('',#2722,#5163);
#5163 = DEFINITIONAL_REPRESENTATION('',(#5164),#5167);
#5164 = B_SPLINE_CURVE_WITH_KNOTS('',1,(#5165,#5166),.UNSPECIFIED.,.F.,
  .F.,(2,2),(0.,1.570797016606),.PIECEWISE_BEZIER_KNOTS.);
#5165 = CARTESIAN_POINT('',(0.,0.2));
#5166 = CARTESIAN_POINT('',(1.9006800066,0.2));
#5167 = ( GEOMETRIC_REPRESENTATION_CONTEXT(2) 
PARAMETRIC_REPRESENTATION_CONTEXT() REPRESENTATION_CONTEXT('2D SPACE',''
  ) );
#5168 = PCURVE('',#2766,#5169);
#5169 = DEFINITIONAL_REPRESENTATION('',(#5170),#5174);
#5170 = LINE('',#5171,#5172);
#5171 = CARTESIAN_POINT('',(0.,1.570796326795));
#5172 = VECTOR('',#5173,1.);
#5173 = DIRECTION('',(1.,0.));
#5174 = ( GEOMETRIC_REPRESENTATION_CONTEXT(2) 
PARAMETRIC_REPRESENTATION_CONTEXT() REPRESENTATION_CONTEXT('2D SPACE',''
  ) );
#5175 = ORIENTED_EDGE('',*,*,#5176,.T.);
#5176 = EDGE_CURVE('',#5155,#5177,#5179,.T.);
#5177 = VERTEX_POINT('',#5178);
#5178 = CARTESIAN_POINT('',(-9.7,-4.305056000179,12.381183459854));
#5179 = SURFACE_CURVE('',#5180,(#5185,#5192),.PCURVE_S1.);
#5180 = B_SPLINE_CURVE_WITH_KNOTS('',2,(#5181,#5182,#5183,#5184),
  .UNSPECIFIED.,.F.,.F.,(3,1,3),(-2.06800066E-02,1.88,1.943280820196),
  .UNSPECIFIED.);
#5181 = CARTESIAN_POINT('',(-11.4006800066,-4.305056000179,
    12.381183459854));
#5182 = CARTESIAN_POINT('',(-10.4503400033,-4.305056000179,
    12.381183459854));
#5183 = CARTESIAN_POINT('',(-9.468359589902,-4.305056000179,
    12.381183459854));
#5184 = CARTESIAN_POINT('',(-9.436719179804,-4.305056000179,
    12.381183459854));
#5185 = PCURVE('',#2722,#5186);
#5186 = DEFINITIONAL_REPRESENTATION('',(#5187),#5191);
#5187 = LINE('',#5188,#5189);
#5188 = CARTESIAN_POINT('',(1.9006800066,0.));
#5189 = VECTOR('',#5190,1.);
#5190 = DIRECTION('',(0.,1.));
#5191 = ( GEOMETRIC_REPRESENTATION_CONTEXT(2) 
PARAMETRIC_REPRESENTATION_CONTEXT() REPRESENTATION_CONTEXT('2D SPACE',''
  ) );
#5192 = PCURVE('',#5193,#5198);
#5193 = PLANE('',#5194);
#5194 = AXIS2_PLACEMENT_3D('',#5195,#5196,#5197);
#5195 = CARTESIAN_POINT('',(-11.38,11.526517784395,71.465421187661));
#5196 = DIRECTION('',(0.,0.965925826289,-0.258819045103));
#5197 = DIRECTION('',(0.,-0.258819045103,-0.965925826289));
#5198 = DEFINITIONAL_REPRESENTATION('',(#5199),#5204);
#5199 = B_SPLINE_CURVE_WITH_KNOTS('',2,(#5200,#5201,#5202,#5203),
  .UNSPECIFIED.,.F.,.F.,(3,1,3),(-2.06800066E-02,1.88,1.943280820196),
  .UNSPECIFIED.);
#5200 = CARTESIAN_POINT('',(61.168503957285,2.06800066E-02));
#5201 = CARTESIAN_POINT('',(61.168503957285,-0.9296599967));
#5202 = CARTESIAN_POINT('',(61.168503957285,-1.911640410098));
#5203 = CARTESIAN_POINT('',(61.168503957285,-1.943280820196));
#5204 = ( GEOMETRIC_REPRESENTATION_CONTEXT(2) 
PARAMETRIC_REPRESENTATION_CONTEXT() REPRESENTATION_CONTEXT('2D SPACE',''
  ) );
#5205 = ORIENTED_EDGE('',*,*,#5206,.T.);
#5206 = EDGE_CURVE('',#5177,#2625,#5207,.T.);
#5207 = SURFACE_CURVE('',#5208,(#5213,#5227),.PCURVE_S1.);
#5208 = CIRCLE('',#5209,0.8);
#5209 = AXIS2_PLACEMENT_3D('',#5210,#5211,#5212);
#5210 = CARTESIAN_POINT('',(-9.7,-5.07779666121,12.588238695936));
#5211 = DIRECTION('',(1.,-0.,0.));
#5212 = DIRECTION('',(0.,0.965925826289,-0.258819045103));
#5213 = PCURVE('',#2722,#5214);
#5214 = DEFINITIONAL_REPRESENTATION('',(#5215),#5226);
#5215 = B_SPLINE_CURVE_WITH_KNOTS('',9,(#5216,#5217,#5218,#5219,#5220,
    #5221,#5222,#5223,#5224,#5225),.UNSPECIFIED.,.F.,.F.,(10,10),(0.,
    1.622160737057),.PIECEWISE_BEZIER_KNOTS.);
#5216 = CARTESIAN_POINT('',(1.9006800066,1.68));
#5217 = CARTESIAN_POINT('',(1.664429138476,1.68));
#5218 = CARTESIAN_POINT('',(1.448745351816,1.68));
#5219 = CARTESIAN_POINT('',(1.245010621767,1.68));
#5220 = CARTESIAN_POINT('',(1.04788463124,1.68));
#5221 = CARTESIAN_POINT('',(0.85279537536,1.68));
#5222 = CARTESIAN_POINT('',(0.655669384833,1.68));
#5223 = CARTESIAN_POINT('',(0.451934654784,1.68));
#5224 = CARTESIAN_POINT('',(0.236250868124,1.68));
#5225 = CARTESIAN_POINT('',(-6.09339675352E-17,1.68));
#5226 = ( GEOMETRIC_REPRESENTATION_CONTEXT(2) 
PARAMETRIC_REPRESENTATION_CONTEXT() REPRESENTATION_CONTEXT('2D SPACE',''
  ) );
#5227 = PCURVE('',#5025,#5228);
#5228 = DEFINITIONAL_REPRESENTATION('',(#5229),#5233);
#5229 = LINE('',#5230,#5231);
#5230 = CARTESIAN_POINT('',(-0.,6.28318530718));
#5231 = VECTOR('',#5232,1.);
#5232 = DIRECTION('',(-1.,0.));
#5233 = ( GEOMETRIC_REPRESENTATION_CONTEXT(2) 
PARAMETRIC_REPRESENTATION_CONTEXT() REPRESENTATION_CONTEXT('2D SPACE',''
  ) );
#5234 = ORIENTED_EDGE('',*,*,#2706,.F.);
#5235 = ADVANCED_FACE('',(#5236),#2766,.F.);
#5236 = FACE_BOUND('',#5237,.F.);
#5237 = EDGE_LOOP('',(#5238,#5239,#5273,#5274));
#5238 = ORIENTED_EDGE('',*,*,#5041,.T.);
#5239 = ORIENTED_EDGE('',*,*,#5240,.T.);
#5240 = EDGE_CURVE('',#5042,#5155,#5241,.T.);
#5241 = SURFACE_CURVE('',#5242,(#5250,#5257),.PCURVE_S1.);
#5242 = ( BOUNDED_CURVE() B_SPLINE_CURVE(6,(#5243,#5244,#5245,#5246,
#5247,#5248,#5249),.UNSPECIFIED.,.F.,.F.) B_SPLINE_CURVE_WITH_KNOTS((7,7
    ),(-6.898106974869E-07,1.570796326795),.PIECEWISE_BEZIER_KNOTS.) 
CURVE() GEOMETRIC_REPRESENTATION_ITEM() RATIONAL_B_SPLINE_CURVE((1.,1.,
1.,1.,1.,1.,1.)) REPRESENTATION_ITEM('') );
#5243 = CARTESIAN_POINT('',(-11.38,-4.092126948397,12.40310483848));
#5244 = CARTESIAN_POINT('',(-11.38,-4.147069527378,12.391208620246));
#5245 = CARTESIAN_POINT('',(-11.36499083315,-4.201227862668,
    12.383829484733));
#5246 = CARTESIAN_POINT('',(-11.33456836758,-4.250048367809,
    12.381906285564));
#5247 = CARTESIAN_POINT('',(-11.28825518468,-4.28685186768,
    12.381410680147));
#5248 = CARTESIAN_POINT('',(-11.23412853931,-4.305056000179,
    12.381183459854));
#5249 = CARTESIAN_POINT('',(-11.18,-4.305056000179,12.381183459854));
#5250 = PCURVE('',#2766,#5251);
#5251 = DEFINITIONAL_REPRESENTATION('',(#5252),#5256);
#5252 = LINE('',#5253,#5254);
#5253 = CARTESIAN_POINT('',(1.570797016606,0.));
#5254 = VECTOR('',#5255,1.);
#5255 = DIRECTION('',(0.,1.));
#5256 = ( GEOMETRIC_REPRESENTATION_CONTEXT(2) 
PARAMETRIC_REPRESENTATION_CONTEXT() REPRESENTATION_CONTEXT('2D SPACE',''
  ) );
#5257 = PCURVE('',#5258,#5263);
#5258 = CYLINDRICAL_SURFACE('',#5259,0.2);
#5259 = AXIS2_PLACEMENT_3D('',#5260,#5261,#5262);
#5260 = CARTESIAN_POINT('',(-11.18,-3.889197663506,13.160447240039));
#5261 = DIRECTION('',(0.,-0.258819045103,-0.965925826289));
#5262 = DIRECTION('',(0.,-0.965925826289,0.258819045103));
#5263 = DEFINITIONAL_REPRESENTATION('',(#5264),#5272);
#5264 = B_SPLINE_CURVE_WITH_KNOTS('',6,(#5265,#5266,#5267,#5268,#5269,
    #5270,#5271),.UNSPECIFIED.,.F.,.F.,(7,7),(-6.898106974869E-07,
    1.570796326795),.PIECEWISE_BEZIER_KNOTS.);
#5265 = CARTESIAN_POINT('',(1.570796326795,0.784058548749));
#5266 = CARTESIAN_POINT('',(1.320838886011,0.809769599003));
#5267 = CARTESIAN_POINT('',(1.068590103077,0.830910388354));
#5268 = CARTESIAN_POINT('',(0.808331348756,0.84541511155));
#5269 = CARTESIAN_POINT('',(0.541313421888,0.855408112311));
#5270 = CARTESIAN_POINT('',(0.270642696584,0.860343068368));
#5271 = CARTESIAN_POINT('',(-4.651834473179E-14,0.860343068368));
#5272 = ( GEOMETRIC_REPRESENTATION_CONTEXT(2) 
PARAMETRIC_REPRESENTATION_CONTEXT() REPRESENTATION_CONTEXT('2D SPACE',''
  ) );
#5273 = ORIENTED_EDGE('',*,*,#5154,.F.);
#5274 = ORIENTED_EDGE('',*,*,#2742,.F.);
#5275 = ADVANCED_FACE('',(#5276),#3041,.T.);
#5276 = FACE_BOUND('',#5277,.T.);
#5277 = EDGE_LOOP('',(#5278,#5279,#5302,#5330));
#5278 = ORIENTED_EDGE('',*,*,#5122,.T.);
#5279 = ORIENTED_EDGE('',*,*,#5280,.T.);
#5280 = EDGE_CURVE('',#5091,#5281,#5283,.T.);
#5281 = VERTEX_POINT('',#5282);
#5282 = CARTESIAN_POINT('',(-11.38,3.514495009188,12.2));
#5283 = SURFACE_CURVE('',#5284,(#5288,#5295),.PCURVE_S1.);
#5284 = LINE('',#5285,#5286);
#5285 = CARTESIAN_POINT('',(-11.38,-1.654581775,12.2));
#5286 = VECTOR('',#5287,1.);
#5287 = DIRECTION('',(0.,1.,6.587265740426E-17));
#5288 = PCURVE('',#3041,#5289);
#5289 = DEFINITIONAL_REPRESENTATION('',(#5290),#5294);
#5290 = LINE('',#5291,#5292);
#5291 = CARTESIAN_POINT('',(1.570796326795,0.));
#5292 = VECTOR('',#5293,1.);
#5293 = DIRECTION('',(0.,1.));
#5294 = ( GEOMETRIC_REPRESENTATION_CONTEXT(2) 
PARAMETRIC_REPRESENTATION_CONTEXT() REPRESENTATION_CONTEXT('2D SPACE',''
  ) );
#5295 = PCURVE('',#5108,#5296);
#5296 = DEFINITIONAL_REPRESENTATION('',(#5297),#5301);
#5297 = LINE('',#5298,#5299);
#5298 = CARTESIAN_POINT('',(-26.26459274589,1.292944763918));
#5299 = VECTOR('',#5300,1.);
#5300 = DIRECTION('',(0.258819045103,-0.965925826289));
#5301 = ( GEOMETRIC_REPRESENTATION_CONTEXT(2) 
PARAMETRIC_REPRESENTATION_CONTEXT() REPRESENTATION_CONTEXT('2D SPACE',''
  ) );
#5302 = ORIENTED_EDGE('',*,*,#5303,.F.);
#5303 = EDGE_CURVE('',#2965,#5281,#5304,.T.);
#5304 = SURFACE_CURVE('',#5305,(#5309,#5323),.PCURVE_S1.);
#5305 = ( BOUNDED_CURVE() B_SPLINE_CURVE(2,(#5306,#5307,#5308),
.UNSPECIFIED.,.F.,.F.) B_SPLINE_CURVE_WITH_KNOTS((3,3),(0.,
1.570796326795),.PIECEWISE_BEZIER_KNOTS.) CURVE() 
GEOMETRIC_REPRESENTATION_ITEM() RATIONAL_B_SPLINE_CURVE((1.,
0.707106781187,1.)) REPRESENTATION_ITEM('') );
#5306 = CARTESIAN_POINT('',(-12.18,3.514495009188,13.));
#5307 = CARTESIAN_POINT('',(-11.38,3.514495009188,13.));
#5308 = CARTESIAN_POINT('',(-11.38,3.514495009188,12.2));
#5309 = PCURVE('',#3041,#5310);
#5310 = DEFINITIONAL_REPRESENTATION('',(#5311),#5322);
#5311 = B_SPLINE_CURVE_WITH_KNOTS('',9,(#5312,#5313,#5314,#5315,#5316,
    #5317,#5318,#5319,#5320,#5321),.UNSPECIFIED.,.F.,.F.,(10,10),(0.,
    1.570796326795),.PIECEWISE_BEZIER_KNOTS.);
#5312 = CARTESIAN_POINT('',(1.110223024625E-16,5.169076784188));
#5313 = CARTESIAN_POINT('',(0.157134840264,5.169076784187));
#5314 = CARTESIAN_POINT('',(0.325774716871,5.169076784188));
#5315 = CARTESIAN_POINT('',(0.504566386719,5.169076784186));
#5316 = CARTESIAN_POINT('',(0.690744851728,5.169076784189));
#5317 = CARTESIAN_POINT('',(0.880051475298,5.169076784186));
#5318 = CARTESIAN_POINT('',(1.066229939774,5.169076784188));
#5319 = CARTESIAN_POINT('',(1.245021610024,5.169076784187));
#5320 = CARTESIAN_POINT('',(1.413661486531,5.169076784188));
#5321 = CARTESIAN_POINT('',(1.570796326795,5.169076784188));
#5322 = ( GEOMETRIC_REPRESENTATION_CONTEXT(2) 
PARAMETRIC_REPRESENTATION_CONTEXT() REPRESENTATION_CONTEXT('2D SPACE',''
  ) );
#5323 = PCURVE('',#2992,#5324);
#5324 = DEFINITIONAL_REPRESENTATION('',(#5325),#5329);
#5325 = LINE('',#5326,#5327);
#5326 = CARTESIAN_POINT('',(0.,-6.247288040575E-15));
#5327 = VECTOR('',#5328,1.);
#5328 = DIRECTION('',(1.,0.));
#5329 = ( GEOMETRIC_REPRESENTATION_CONTEXT(2) 
PARAMETRIC_REPRESENTATION_CONTEXT() REPRESENTATION_CONTEXT('2D SPACE',''
  ) );
#5330 = ORIENTED_EDGE('',*,*,#3027,.F.);
#5331 = ADVANCED_FACE('',(#5332),#2992,.T.);
#5332 = FACE_BOUND('',#5333,.T.);
#5333 = EDGE_LOOP('',(#5334,#5335,#5375,#5401));
#5334 = ORIENTED_EDGE('',*,*,#5303,.T.);
#5335 = ORIENTED_EDGE('',*,*,#5336,.T.);
#5336 = EDGE_CURVE('',#5281,#5337,#5339,.T.);
#5337 = VERTEX_POINT('',#5338);
#5338 = CARTESIAN_POINT('',(-11.18,3.777030528567,12.407055236082));
#5339 = SURFACE_CURVE('',#5340,(#5350,#5357),.PCURVE_S1.);
#5340 = ( BOUNDED_CURVE() B_SPLINE_CURVE(8,(#5341,#5342,#5343,#5344,
    #5345,#5346,#5347,#5348,#5349),.UNSPECIFIED.,.F.,.F.) 
B_SPLINE_CURVE_WITH_KNOTS((9,9),(-6.247288040575E-15,1.570796326795),
.PIECEWISE_BEZIER_KNOTS.) CURVE() GEOMETRIC_REPRESENTATION_ITEM() 
RATIONAL_B_SPLINE_CURVE((1.,1.,1.,1.,1.,1.,1.,1.,1.)) 
REPRESENTATION_ITEM('') );
#5341 = CARTESIAN_POINT('',(-11.38,3.514495009188,12.2));
#5342 = CARTESIAN_POINT('',(-11.38,3.553764917358,12.230971200111));
#5343 = CARTESIAN_POINT('',(-11.37480373133,3.59288702551,
    12.261835636442));
#5344 = CARTESIAN_POINT('',(-11.3650866573,3.633529323469,
    12.294185474199));
#5345 = CARTESIAN_POINT('',(-11.34705010682,3.672746831752,
    12.325807238564));
#5346 = CARTESIAN_POINT('',(-11.3255902039,3.717008536613,
    12.362934029385));
#5347 = CARTESIAN_POINT('',(-11.2830710257,3.757622461062,
    12.392504378581));
#5348 = CARTESIAN_POINT('',(-11.23154872868,3.777030528567,
    12.407055236082));
#5349 = CARTESIAN_POINT('',(-11.18,3.777030528567,12.407055236082));
#5350 = PCURVE('',#2992,#5351);
#5351 = DEFINITIONAL_REPRESENTATION('',(#5352),#5356);
#5352 = LINE('',#5353,#5354);
#5353 = CARTESIAN_POINT('',(1.570796326795,0.));
#5354 = VECTOR('',#5355,1.);
#5355 = DIRECTION('',(0.,1.));
#5356 = ( GEOMETRIC_REPRESENTATION_CONTEXT(2) 
PARAMETRIC_REPRESENTATION_CONTEXT() REPRESENTATION_CONTEXT('2D SPACE',''
  ) );
#5357 = PCURVE('',#5358,#5363);
#5358 = CYLINDRICAL_SURFACE('',#5359,0.2);
#5359 = AXIS2_PLACEMENT_3D('',#5360,#5361,#5362);
#5360 = CARTESIAN_POINT('',(-11.18,1.59397099405,5.032506798349));
#5361 = DIRECTION('',(0.,0.258819045103,0.965925826289));
#5362 = DIRECTION('',(0.,0.965925826289,-0.258819045103));
#5363 = DEFINITIONAL_REPRESENTATION('',(#5364),#5374);
#5364 = B_SPLINE_CURVE_WITH_KNOTS('',8,(#5365,#5366,#5367,#5368,#5369,
    #5370,#5371,#5372,#5373),.UNSPECIFIED.,.F.,.F.,(9,9),(
    -6.247288040575E-15,1.570796326795),.PIECEWISE_BEZIER_KNOTS.);
#5365 = CARTESIAN_POINT('',(1.570796326795,7.42033498492));
#5366 = CARTESIAN_POINT('',(1.421216916501,7.460414667113));
#5367 = CARTESIAN_POINT('',(1.271693455865,7.500337380859));
#5368 = CARTESIAN_POINT('',(1.115008672014,7.542172599808));
#5369 = CARTESIAN_POINT('',(0.94398343746,7.582735083739));
#5370 = CARTESIAN_POINT('',(0.753651368395,7.630191118163));
#5371 = CARTESIAN_POINT('',(0.515326835117,7.66918650636));
#5372 = CARTESIAN_POINT('',(0.257743643433,7.688284177352));
#5373 = CARTESIAN_POINT('',(1.110223024625E-16,7.688284177352));
#5374 = ( GEOMETRIC_REPRESENTATION_CONTEXT(2) 
PARAMETRIC_REPRESENTATION_CONTEXT() REPRESENTATION_CONTEXT('2D SPACE',''
  ) );
#5375 = ORIENTED_EDGE('',*,*,#5376,.F.);
#5376 = EDGE_CURVE('',#2937,#5337,#5377,.T.);
#5377 = SURFACE_CURVE('',#5378,(#5382,#5389),.PCURVE_S1.);
#5378 = ( BOUNDED_CURVE() B_SPLINE_CURVE(2,(#5379,#5380,#5381),
.UNSPECIFIED.,.F.,.F.) B_SPLINE_CURVE_WITH_KNOTS((3,3),(0.,
1.570796326795),.PIECEWISE_BEZIER_KNOTS.) CURVE() 
GEOMETRIC_REPRESENTATION_ITEM() RATIONAL_B_SPLINE_CURVE((1.,
0.793353340291,1.)) REPRESENTATION_ITEM('') );
#5379 = CARTESIAN_POINT('',(-11.18,4.549771189598,13.));
#5380 = CARTESIAN_POINT('',(-11.18,3.935909599215,13.));
#5381 = CARTESIAN_POINT('',(-11.18,3.777030528567,12.407055236082));
#5382 = PCURVE('',#2992,#5383);
#5383 = DEFINITIONAL_REPRESENTATION('',(#5384),#5388);
#5384 = LINE('',#5385,#5386);
#5385 = CARTESIAN_POINT('',(0.,1.570796326795));
#5386 = VECTOR('',#5387,1.);
#5387 = DIRECTION('',(1.,0.));
#5388 = ( GEOMETRIC_REPRESENTATION_CONTEXT(2) 
PARAMETRIC_REPRESENTATION_CONTEXT() REPRESENTATION_CONTEXT('2D SPACE',''
  ) );
#5389 = PCURVE('',#2952,#5390);
#5390 = DEFINITIONAL_REPRESENTATION('',(#5391),#5400);
#5391 = B_SPLINE_CURVE_WITH_KNOTS('',7,(#5392,#5393,#5394,#5395,#5396,
    #5397,#5398,#5399),.UNSPECIFIED.,.F.,.F.,(8,8),(0.,1.570796326795),
  .PIECEWISE_BEZIER_KNOTS.);
#5392 = CARTESIAN_POINT('',(-1.110223024625E-16,45.33));
#5393 = CARTESIAN_POINT('',(-0.17393183686,45.33));
#5394 = CARTESIAN_POINT('',(-0.359847938905,45.33));
#5395 = CARTESIAN_POINT('',(-0.554904163245,45.33));
#5396 = CARTESIAN_POINT('',(-0.75409277577,45.33));
#5397 = CARTESIAN_POINT('',(-0.949149000075,45.33));
#5398 = CARTESIAN_POINT('',(-1.135065102136,45.33));
#5399 = CARTESIAN_POINT('',(-1.308996938996,45.33));
#5400 = ( GEOMETRIC_REPRESENTATION_CONTEXT(2) 
PARAMETRIC_REPRESENTATION_CONTEXT() REPRESENTATION_CONTEXT('2D SPACE',''
  ) );
#5401 = ORIENTED_EDGE('',*,*,#2964,.F.);
#5402 = ADVANCED_FACE('',(#5403),#2952,.T.);
#5403 = FACE_BOUND('',#5404,.F.);
#5404 = EDGE_LOOP('',(#5405,#5406,#5428,#5449));
#5405 = ORIENTED_EDGE('',*,*,#2936,.F.);
#5406 = ORIENTED_EDGE('',*,*,#5407,.T.);
#5407 = EDGE_CURVE('',#2914,#3957,#5408,.T.);
#5408 = SURFACE_CURVE('',#5409,(#5414,#5421),.PCURVE_S1.);
#5409 = CIRCLE('',#5410,0.8);
#5410 = AXIS2_PLACEMENT_3D('',#5411,#5412,#5413);
#5411 = CARTESIAN_POINT('',(33.35,4.549771189598,12.2));
#5412 = DIRECTION('',(1.,0.,-0.));
#5413 = DIRECTION('',(0.,-4.661453918264E-15,1.));
#5414 = PCURVE('',#2952,#5415);
#5415 = DEFINITIONAL_REPRESENTATION('',(#5416),#5420);
#5416 = LINE('',#5417,#5418);
#5417 = CARTESIAN_POINT('',(-0.,0.8));
#5418 = VECTOR('',#5419,1.);
#5419 = DIRECTION('',(-1.,0.));
#5420 = ( GEOMETRIC_REPRESENTATION_CONTEXT(2) 
PARAMETRIC_REPRESENTATION_CONTEXT() REPRESENTATION_CONTEXT('2D SPACE',''
  ) );
#5421 = PCURVE('',#3916,#5422);
#5422 = DEFINITIONAL_REPRESENTATION('',(#5423),#5427);
#5423 = LINE('',#5424,#5425);
#5424 = CARTESIAN_POINT('',(-0.,0.));
#5425 = VECTOR('',#5426,1.);
#5426 = DIRECTION('',(-1.,0.));
#5427 = ( GEOMETRIC_REPRESENTATION_CONTEXT(2) 
PARAMETRIC_REPRESENTATION_CONTEXT() REPRESENTATION_CONTEXT('2D SPACE',''
  ) );
#5428 = ORIENTED_EDGE('',*,*,#5429,.T.);
#5429 = EDGE_CURVE('',#3957,#5337,#5430,.T.);
#5430 = SURFACE_CURVE('',#5431,(#5435,#5442),.PCURVE_S1.);
#5431 = LINE('',#5432,#5433);
#5432 = CARTESIAN_POINT('',(34.15,3.777030528567,12.407055236082));
#5433 = VECTOR('',#5434,1.);
#5434 = DIRECTION('',(-1.,0.,-0.));
#5435 = PCURVE('',#2952,#5436);
#5436 = DEFINITIONAL_REPRESENTATION('',(#5437),#5441);
#5437 = LINE('',#5438,#5439);
#5438 = CARTESIAN_POINT('',(-1.308996938996,0.));
#5439 = VECTOR('',#5440,1.);
#5440 = DIRECTION('',(-0.,1.));
#5441 = ( GEOMETRIC_REPRESENTATION_CONTEXT(2) 
PARAMETRIC_REPRESENTATION_CONTEXT() REPRESENTATION_CONTEXT('2D SPACE',''
  ) );
#5442 = PCURVE('',#3972,#5443);
#5443 = DEFINITIONAL_REPRESENTATION('',(#5444),#5448);
#5444 = LINE('',#5445,#5446);
#5445 = CARTESIAN_POINT('',(7.688284177352,-45.53));
#5446 = VECTOR('',#5447,1.);
#5447 = DIRECTION('',(0.,1.));
#5448 = ( GEOMETRIC_REPRESENTATION_CONTEXT(2) 
PARAMETRIC_REPRESENTATION_CONTEXT() REPRESENTATION_CONTEXT('2D SPACE',''
  ) );
#5449 = ORIENTED_EDGE('',*,*,#5376,.F.);
#5450 = ADVANCED_FACE('',(#5451),#3072,.T.);
#5451 = FACE_BOUND('',#5452,.T.);
#5452 = EDGE_LOOP('',(#5453,#5454,#5455));
#5453 = ORIENTED_EDGE('',*,*,#3141,.F.);
#5454 = ORIENTED_EDGE('',*,*,#3817,.T.);
#5455 = ORIENTED_EDGE('',*,*,#3057,.F.);
#5456 = ADVANCED_FACE('',(#5457),#3129,.T.);
#5457 = FACE_BOUND('',#5458,.T.);
#5458 = EDGE_LOOP('',(#5459,#5482,#5508,#5509));
#5459 = ORIENTED_EDGE('',*,*,#5460,.T.);
#5460 = EDGE_CURVE('',#3090,#5461,#5463,.T.);
#5461 = VERTEX_POINT('',#5462);
#5462 = CARTESIAN_POINT('',(-22.75,-14.81707254389,9.315952281448));
#5463 = SURFACE_CURVE('',#5464,(#5468,#5475),.PCURVE_S1.);
#5464 = LINE('',#5465,#5466);
#5465 = CARTESIAN_POINT('',(-22.75,-30.1651624945,13.428460589075));
#5466 = VECTOR('',#5467,1.);
#5467 = DIRECTION('',(0.,0.965925826289,-0.258819045103));
#5468 = PCURVE('',#3129,#5469);
#5469 = DEFINITIONAL_REPRESENTATION('',(#5470),#5474);
#5470 = LINE('',#5471,#5472);
#5471 = CARTESIAN_POINT('',(2.,-1.064176583818E-15));
#5472 = VECTOR('',#5473,1.);
#5473 = DIRECTION('',(-1.225300278295E-17,-1.));
#5474 = ( GEOMETRIC_REPRESENTATION_CONTEXT(2) 
PARAMETRIC_REPRESENTATION_CONTEXT() REPRESENTATION_CONTEXT('2D SPACE',''
  ) );
#5475 = PCURVE('',#3208,#5476);
#5476 = DEFINITIONAL_REPRESENTATION('',(#5477),#5481);
#5477 = LINE('',#5478,#5479);
#5478 = CARTESIAN_POINT('',(-0.,0.));
#5479 = VECTOR('',#5480,1.);
#5480 = DIRECTION('',(-0.,1.));
#5481 = ( GEOMETRIC_REPRESENTATION_CONTEXT(2) 
PARAMETRIC_REPRESENTATION_CONTEXT() REPRESENTATION_CONTEXT('2D SPACE',''
  ) );
#5482 = ORIENTED_EDGE('',*,*,#5483,.F.);
#5483 = EDGE_CURVE('',#3773,#5461,#5484,.T.);
#5484 = SURFACE_CURVE('',#5485,(#5489,#5496),.PCURVE_S1.);
#5485 = LINE('',#5486,#5487);
#5486 = CARTESIAN_POINT('',(-22.75,-14.00857109208,12.817956814265));
#5487 = VECTOR('',#5488,1.);
#5488 = DIRECTION('',(0.,-0.224951054344,-0.974370064785));
#5489 = PCURVE('',#3129,#5490);
#5490 = DEFINITIONAL_REPRESENTATION('',(#5491),#5495);
#5491 = LINE('',#5492,#5493);
#5492 = CARTESIAN_POINT('',(5.59193219575,-15.76407890442));
#5493 = VECTOR('',#5494,1.);
#5494 = DIRECTION('',(-0.999390827019,-3.48994967025E-02));
#5495 = ( GEOMETRIC_REPRESENTATION_CONTEXT(2) 
PARAMETRIC_REPRESENTATION_CONTEXT() REPRESENTATION_CONTEXT('2D SPACE',''
  ) );
#5496 = PCURVE('',#5497,#5502);
#5497 = CYLINDRICAL_SURFACE('',#5498,0.8);
#5498 = AXIS2_PLACEMENT_3D('',#5499,#5500,#5501);
#5499 = CARTESIAN_POINT('',(-23.55,-14.00857109208,12.817956814265));
#5500 = DIRECTION('',(0.,-0.224951054344,-0.974370064785));
#5501 = DIRECTION('',(1.,0.,0.));
#5502 = DEFINITIONAL_REPRESENTATION('',(#5503),#5507);
#5503 = LINE('',#5504,#5505);
#5504 = CARTESIAN_POINT('',(-0.,0.));
#5505 = VECTOR('',#5506,1.);
#5506 = DIRECTION('',(-0.,1.));
#5507 = ( GEOMETRIC_REPRESENTATION_CONTEXT(2) 
PARAMETRIC_REPRESENTATION_CONTEXT() REPRESENTATION_CONTEXT('2D SPACE',''
  ) );
#5508 = ORIENTED_EDGE('',*,*,#3796,.T.);
#5509 = ORIENTED_EDGE('',*,*,#3113,.F.);
#5510 = ADVANCED_FACE('',(#5511),#3208,.F.);
#5511 = FACE_BOUND('',#5512,.T.);
#5512 = EDGE_LOOP('',(#5513,#5514,#5515,#5538));
#5513 = ORIENTED_EDGE('',*,*,#5460,.F.);
#5514 = ORIENTED_EDGE('',*,*,#3193,.F.);
#5515 = ORIENTED_EDGE('',*,*,#5516,.T.);
#5516 = EDGE_CURVE('',#3168,#5517,#5519,.T.);
#5517 = VERTEX_POINT('',#5518);
#5518 = CARTESIAN_POINT('',(-20.75,-15.24026418934,7.35879378027));
#5519 = SURFACE_CURVE('',#5520,(#5524,#5531),.PCURVE_S1.);
#5520 = LINE('',#5521,#5522);
#5521 = CARTESIAN_POINT('',(-20.75,-30.68280058471,11.496608936497));
#5522 = VECTOR('',#5523,1.);
#5523 = DIRECTION('',(0.,0.965925826289,-0.258819045103));
#5524 = PCURVE('',#3208,#5525);
#5525 = DEFINITIONAL_REPRESENTATION('',(#5526),#5530);
#5526 = LINE('',#5527,#5528);
#5527 = CARTESIAN_POINT('',(-1.570796326795,0.));
#5528 = VECTOR('',#5529,1.);
#5529 = DIRECTION('',(-0.,1.));
#5530 = ( GEOMETRIC_REPRESENTATION_CONTEXT(2) 
PARAMETRIC_REPRESENTATION_CONTEXT() REPRESENTATION_CONTEXT('2D SPACE',''
  ) );
#5531 = PCURVE('',#3375,#5532);
#5532 = DEFINITIONAL_REPRESENTATION('',(#5533),#5537);
#5533 = LINE('',#5534,#5535);
#5534 = CARTESIAN_POINT('',(2.,0.));
#5535 = VECTOR('',#5536,1.);
#5536 = DIRECTION('',(0.,1.));
#5537 = ( GEOMETRIC_REPRESENTATION_CONTEXT(2) 
PARAMETRIC_REPRESENTATION_CONTEXT() REPRESENTATION_CONTEXT('2D SPACE',''
  ) );
#5538 = ORIENTED_EDGE('',*,*,#5539,.F.);
#5539 = EDGE_CURVE('',#5461,#5517,#5540,.T.);
#5540 = SURFACE_CURVE('',#5541,(#5556,#5583),.PCURVE_S1.);
#5541 = ( BOUNDED_CURVE() B_SPLINE_CURVE(7,(#5542,#5543,#5544,#5545,
    #5546,#5547,#5548,#5549,#5550,#5551,#5552,#5553,#5554,#5555),
.UNSPECIFIED.,.F.,.F.) B_SPLINE_CURVE_WITH_KNOTS((8,6,8),(3.594121637542
,3.622049946343,6.764608449608),.UNSPECIFIED.) CURVE() 
GEOMETRIC_REPRESENTATION_ITEM() RATIONAL_B_SPLINE_CURVE((1.,1.,1.,1.,1.,
1.,1.,1.,1.,1.,1.,1.,1.,1.)) REPRESENTATION_ITEM('') );
#5542 = CARTESIAN_POINT('',(-22.75,-14.81707254389,9.315952281448));
#5543 = CARTESIAN_POINT('',(-22.75,-14.81791608581,9.312051105109));
#5544 = CARTESIAN_POINT('',(-22.7499907301,-14.81875961888,
    9.308149975011));
#5545 = CARTESIAN_POINT('',(-22.74997218601,-14.81960318606,
    9.304248660527));
#5546 = CARTESIAN_POINT('',(-22.74994437531,-14.82044670355,
    9.300347595572));
#5547 = CARTESIAN_POINT('',(-22.74990729351,-14.82129021631,
    9.296446536912));
#5548 = CARTESIAN_POINT('',(-22.74986093037,-14.82213382286,
    9.292544961672));
#5549 = CARTESIAN_POINT('',(-22.74354639498,-14.91788382942,
    8.849721852798));
#5550 = CARTESIAN_POINT('',(-22.61990783084,-15.01213834337,
    8.413813498822));
#5551 = CARTESIAN_POINT('',(-22.38103352227,-15.09780701302,
    8.017617766532));
#5552 = CARTESIAN_POINT('',(-22.04325076469,-15.16770081485,
    7.694377002395));
#5553 = CARTESIAN_POINT('',(-21.63548905578,-15.21606242775,
    7.470719761562));
#5554 = CARTESIAN_POINT('',(-21.19274305756,-15.24026418934,
    7.35879378027));
#5555 = CARTESIAN_POINT('',(-20.75,-15.24026418934,7.35879378027));
#5556 = PCURVE('',#3208,#5557);
#5557 = DEFINITIONAL_REPRESENTATION('',(#5558),#5582);
#5558 = B_SPLINE_CURVE_WITH_KNOTS('',8,(#5559,#5560,#5561,#5562,#5563,
    #5564,#5565,#5566,#5567,#5568,#5569,#5570,#5571,#5572,#5573,#5574,
    #5575,#5576,#5577,#5578,#5579,#5580,#5581),.UNSPECIFIED.,.F.,.F.,(9,
    7,7,9),(3.594121637542,4.386743340558,5.179365043575,6.764608449608)
  ,.UNSPECIFIED.);
#5559 = CARTESIAN_POINT('',(4.1622229942E-17,15.889511940662));
#5560 = CARTESIAN_POINT('',(-4.949928865947E-02,15.894351889761));
#5561 = CARTESIAN_POINT('',(-9.900044401353E-02,15.899192644087));
#5562 = CARTESIAN_POINT('',(-0.148384987437,15.904002444368));
#5563 = CARTESIAN_POINT('',(-0.197842178278,15.908785428123));
#5564 = CARTESIAN_POINT('',(-0.247157140322,15.913498731068));
#5565 = CARTESIAN_POINT('',(-0.296496298342,15.918144555192));
#5566 = CARTESIAN_POINT('',(-0.345776160431,15.922696257973));
#5567 = CARTESIAN_POINT('',(-0.444272852261,15.931585534925));
#5568 = CARTESIAN_POINT('',(-0.493485890524,15.935922758744));
#5569 = CARTESIAN_POINT('',(-0.542665351349,15.940136363056));
#5570 = CARTESIAN_POINT('',(-0.59181296889,15.944210963577));
#5571 = CARTESIAN_POINT('',(-0.640930481238,15.9481319966));
#5572 = CARTESIAN_POINT('',(-0.690019630428,15.951885718981));
#5573 = CARTESIAN_POINT('',(-0.739082162432,15.955459208153));
#5574 = CARTESIAN_POINT('',(-0.886195156621,15.965602670037));
#5575 = CARTESIAN_POINT('',(-0.984170328589,15.971597290952));
#5576 = CARTESIAN_POINT('',(-1.082060000442,15.976725903696));
#5577 = CARTESIAN_POINT('',(-1.179879650423,15.980909508402));
#5578 = CARTESIAN_POINT('',(-1.27764557764,15.984088426519));
#5579 = CARTESIAN_POINT('',(-1.375374902068,15.986222300781));
#5580 = CARTESIAN_POINT('',(-1.47308556455,15.987290095239));
#5581 = CARTESIAN_POINT('',(-1.570796326795,15.987290095239));
#5582 = ( GEOMETRIC_REPRESENTATION_CONTEXT(2) 
PARAMETRIC_REPRESENTATION_CONTEXT() REPRESENTATION_CONTEXT('2D SPACE',''
  ) );
#5583 = PCURVE('',#5584,#5627);
#5584 = ( BOUNDED_SURFACE() B_SPLINE_SURFACE(2,7,(
    (#5585,#5586,#5587,#5588,#5589,#5590,#5591,#5592,#5593,#5594,#5595
      ,#5596,#5597,#5598)
    ,(#5599,#5600,#5601,#5602,#5603,#5604,#5605,#5606,#5607,#5608,#5609
      ,#5610,#5611,#5612)
    ,(#5613,#5614,#5615,#5616,#5617,#5618,#5619,#5620,#5621,#5622,#5623
      ,#5624,#5625,#5626
)),.UNSPECIFIED.,.F.,.F.,.F.) B_SPLINE_SURFACE_WITH_KNOTS((3,3),(8,6,8),
  (0.,3.170486812066),(3.594121637542,3.622049946343,6.764608449608),
.UNSPECIFIED.) GEOMETRIC_REPRESENTATION_ITEM() RATIONAL_B_SPLINE_SURFACE
((
    (1.,1.,1.,1.,1.,1.,1.,1.,1.,1.,1.,1.,1.,1.)
    ,(0.707106781187,0.707131376012,0.707155969052,0.707180564735
      ,0.707205156015,0.707229747707,0.707254349363,0.710045674329
      ,0.712780932293,0.715253297486,0.717260521898,0.718646287595
      ,0.719339800339,0.719339800339)
,(1.,1.,1.,1.,1.,1.,1.,1.,1.,1.,1.,1.,1.,1.
))) REPRESENTATION_ITEM('') SURFACE() );
#5585 = CARTESIAN_POINT('',(-22.75,-14.81707254389,9.315952281448));
#5586 = CARTESIAN_POINT('',(-22.75,-14.81791608581,9.312051105109));
#5587 = CARTESIAN_POINT('',(-22.7499907301,-14.81875961888,
    9.308149975011));
#5588 = CARTESIAN_POINT('',(-22.74997218601,-14.81960318606,
    9.304248660527));
#5589 = CARTESIAN_POINT('',(-22.74994437531,-14.82044670355,
    9.300347595572));
#5590 = CARTESIAN_POINT('',(-22.74990729351,-14.82129021631,
    9.296446536912));
#5591 = CARTESIAN_POINT('',(-22.74986093037,-14.82213382286,
    9.292544961672));
#5592 = CARTESIAN_POINT('',(-22.74354639498,-14.91788382942,
    8.849721852798));
#5593 = CARTESIAN_POINT('',(-22.61990783084,-15.01213834337,
    8.413813498822));
#5594 = CARTESIAN_POINT('',(-22.38103352227,-15.09780701302,
    8.017617766532));
#5595 = CARTESIAN_POINT('',(-22.04325076469,-15.16770081485,
    7.694377002395));
#5596 = CARTESIAN_POINT('',(-21.63548905578,-15.21606242775,
    7.470719761562));
#5597 = CARTESIAN_POINT('',(-21.19274305756,-15.24026418934,
    7.35879378027));
#5598 = CARTESIAN_POINT('',(-20.75,-15.24026418934,7.35879378027));
#5599 = CARTESIAN_POINT('',(-22.75,-14.03757649206,9.135991437973));
#5600 = CARTESIAN_POINT('',(-22.7500556498,-14.03847422814,
    9.132102915804));
#5601 = CARTESIAN_POINT('',(-22.75010201994,-14.03937197901,
    9.12821432955));
#5602 = CARTESIAN_POINT('',(-22.75013911686,-14.04026972149,
    9.124325779664));
#5603 = CARTESIAN_POINT('',(-22.75016693,-14.04116750465,9.120437053587)
  );
#5604 = CARTESIAN_POINT('',(-22.75018546599,-14.0420652891,
    9.116548321914));
#5605 = CARTESIAN_POINT('',(-22.75019473796,-14.04296301529,
    9.112659842567));
#5606 = CARTESIAN_POINT('',(-22.75019157117,-14.14449592603,
    8.672872489232));
#5607 = CARTESIAN_POINT('',(-22.63352751564,-14.24531027298,
    8.236197577643));
#5608 = CARTESIAN_POINT('',(-22.39965582901,-14.33802585936,
    7.834602252065));
#5609 = CARTESIAN_POINT('',(-22.06152144444,-14.41450759605,
    7.503323454793));
#5610 = CARTESIAN_POINT('',(-21.64845445434,-14.46756305526,
    7.273515013228));
#5611 = CARTESIAN_POINT('',(-21.19879689597,-14.49403720715,
    7.158842863021));
#5612 = CARTESIAN_POINT('',(-20.75,-14.49403720715,7.158842863021));
#5613 = CARTESIAN_POINT('',(-23.55,-14.03757649206,9.135991437973));
#5614 = CARTESIAN_POINT('',(-23.55,-14.03847425937,9.132102780552));
#5615 = CARTESIAN_POINT('',(-23.54999026172,-14.0393893926,
    9.128138903032));
#5616 = CARTESIAN_POINT('',(-23.5499729418,-14.04023094843,
    9.124493724266));
#5617 = CARTESIAN_POINT('',(-23.54994444839,-14.04118919491,
    9.120343102745));
#5618 = CARTESIAN_POINT('',(-23.54990603912,-14.04210945007,
    9.116357039717));
#5619 = CARTESIAN_POINT('',(-23.54986192971,-14.04276318063,
    9.11352542156));
#5620 = CARTESIAN_POINT('',(-23.54338925886,-14.18502713177,
    8.497312549423));
#5621 = CARTESIAN_POINT('',(-23.37337407123,-14.3259638683,
    7.886848475353));
#5622 = CARTESIAN_POINT('',(-23.03964806385,-14.45411235874,
    7.33177638069));
#5623 = CARTESIAN_POINT('',(-22.56723998477,-14.55888895652,
    6.877939075215));
#5624 = CARTESIAN_POINT('',(-21.99448074736,-14.63150366972,
    6.563410196856));
#5625 = CARTESIAN_POINT('',(-21.37226181595,-14.6678233736,
    6.406092275764));
#5626 = CARTESIAN_POINT('',(-20.75,-14.6678233736,6.406092275764));
#5627 = DEFINITIONAL_REPRESENTATION('',(#5628),#5632);
#5628 = LINE('',#5629,#5630);
#5629 = CARTESIAN_POINT('',(0.,0.));
#5630 = VECTOR('',#5631,1.);
#5631 = DIRECTION('',(0.,1.));
#5632 = ( GEOMETRIC_REPRESENTATION_CONTEXT(2) 
PARAMETRIC_REPRESENTATION_CONTEXT() REPRESENTATION_CONTEXT('2D SPACE',''
  ) );
#5633 = ADVANCED_FACE('',(#5634),#3241,.T.);
#5634 = FACE_BOUND('',#5635,.F.);
#5635 = EDGE_LOOP('',(#5636,#5637,#5664));
#5636 = ORIENTED_EDGE('',*,*,#3392,.F.);
#5637 = ORIENTED_EDGE('',*,*,#5638,.T.);
#5638 = EDGE_CURVE('',#3393,#3225,#5639,.T.);
#5639 = SURFACE_CURVE('',#5640,(#5645,#5652),.PCURVE_S1.);
#5640 = CIRCLE('',#5641,0.8);
#5641 = AXIS2_PLACEMENT_3D('',#5642,#5643,#5644);
#5642 = CARTESIAN_POINT('',(23.55,-15.48849750026,11.406081447463));
#5643 = DIRECTION('',(-0.,0.983289238916,0.182050192619));
#5644 = DIRECTION('',(0.,-0.182050192619,0.983289238916));
#5645 = PCURVE('',#3241,#5646);
#5646 = DEFINITIONAL_REPRESENTATION('',(#5647),#5651);
#5647 = LINE('',#5648,#5649);
#5648 = CARTESIAN_POINT('',(-1.125925853387,-6.28318530718));
#5649 = VECTOR('',#5650,1.);
#5650 = DIRECTION('',(-0.,1.));
#5651 = ( GEOMETRIC_REPRESENTATION_CONTEXT(2) 
PARAMETRIC_REPRESENTATION_CONTEXT() REPRESENTATION_CONTEXT('2D SPACE',''
  ) );
#5652 = PCURVE('',#5653,#5658);
#5653 = CYLINDRICAL_SURFACE('',#5654,0.8);
#5654 = AXIS2_PLACEMENT_3D('',#5655,#5656,#5657);
#5655 = CARTESIAN_POINT('',(23.55,-13.08343488616,11.851364579658));
#5656 = DIRECTION('',(0.,-0.983289238916,-0.182050192619));
#5657 = DIRECTION('',(0.,-0.182050192619,0.983289238916));
#5658 = DEFINITIONAL_REPRESENTATION('',(#5659),#5663);
#5659 = LINE('',#5660,#5661);
#5660 = CARTESIAN_POINT('',(6.28318530718,2.445936067347));
#5661 = VECTOR('',#5662,1.);
#5662 = DIRECTION('',(-1.,-0.));
#5663 = ( GEOMETRIC_REPRESENTATION_CONTEXT(2) 
PARAMETRIC_REPRESENTATION_CONTEXT() REPRESENTATION_CONTEXT('2D SPACE',''
  ) );
#5664 = ORIENTED_EDGE('',*,*,#3224,.F.);
#5665 = ADVANCED_FACE('',(#5666),#3269,.F.);
#5666 = FACE_BOUND('',#5667,.F.);
#5667 = EDGE_LOOP('',(#5668,#5691,#5692,#5693,#5694,#5717,#5745,#5813));
#5668 = ORIENTED_EDGE('',*,*,#5669,.T.);
#5669 = EDGE_CURVE('',#5670,#4091,#5672,.T.);
#5670 = VERTEX_POINT('',#5671);
#5671 = CARTESIAN_POINT('',(32.95,-8.23302556882,13.562985010243));
#5672 = SURFACE_CURVE('',#5673,(#5677,#5684),.PCURVE_S1.);
#5673 = LINE('',#5674,#5675);
#5674 = CARTESIAN_POINT('',(0.,-8.23302556882,13.562985010243));
#5675 = VECTOR('',#5676,1.);
#5676 = DIRECTION('',(1.,0.,0.));
#5677 = PCURVE('',#3269,#5678);
#5678 = DEFINITIONAL_REPRESENTATION('',(#5679),#5683);
#5679 = LINE('',#5680,#5681);
#5680 = CARTESIAN_POINT('',(0.,0.));
#5681 = VECTOR('',#5682,1.);
#5682 = DIRECTION('',(0.,-1.));
#5683 = ( GEOMETRIC_REPRESENTATION_CONTEXT(2) 
PARAMETRIC_REPRESENTATION_CONTEXT() REPRESENTATION_CONTEXT('2D SPACE',''
  ) );
#5684 = PCURVE('',#4294,#5685);
#5685 = DEFINITIONAL_REPRESENTATION('',(#5686),#5690);
#5686 = LINE('',#5687,#5688);
#5687 = CARTESIAN_POINT('',(1.,0.));
#5688 = VECTOR('',#5689,1.);
#5689 = DIRECTION('',(0.,-1.));
#5690 = ( GEOMETRIC_REPRESENTATION_CONTEXT(2) 
PARAMETRIC_REPRESENTATION_CONTEXT() REPRESENTATION_CONTEXT('2D SPACE',''
  ) );
#5691 = ORIENTED_EDGE('',*,*,#4090,.F.);
#5692 = ORIENTED_EDGE('',*,*,#4428,.F.);
#5693 = ORIENTED_EDGE('',*,*,#3253,.F.);
#5694 = ORIENTED_EDGE('',*,*,#5695,.F.);
#5695 = EDGE_CURVE('',#5696,#3225,#5698,.T.);
#5696 = VERTEX_POINT('',#5697);
#5697 = CARTESIAN_POINT('',(23.55,-14.42864074105,12.415903469168));
#5698 = SURFACE_CURVE('',#5699,(#5703,#5710),.PCURVE_S1.);
#5699 = LINE('',#5700,#5701);
#5700 = CARTESIAN_POINT('',(23.55,-13.22907504026,12.63799597079));
#5701 = VECTOR('',#5702,1.);
#5702 = DIRECTION('',(0.,-0.983289238916,-0.182050192619));
#5703 = PCURVE('',#3269,#5704);
#5704 = DEFINITIONAL_REPRESENTATION('',(#5705),#5709);
#5705 = LINE('',#5706,#5707);
#5706 = CARTESIAN_POINT('',(5.080956115161,-23.55));
#5707 = VECTOR('',#5708,1.);
#5708 = DIRECTION('',(1.,-0.));
#5709 = ( GEOMETRIC_REPRESENTATION_CONTEXT(2) 
PARAMETRIC_REPRESENTATION_CONTEXT() REPRESENTATION_CONTEXT('2D SPACE',''
  ) );
#5710 = PCURVE('',#5653,#5711);
#5711 = DEFINITIONAL_REPRESENTATION('',(#5712),#5716);
#5712 = LINE('',#5713,#5714);
#5713 = CARTESIAN_POINT('',(0.,0.));
#5714 = VECTOR('',#5715,1.);
#5715 = DIRECTION('',(0.,1.));
#5716 = ( GEOMETRIC_REPRESENTATION_CONTEXT(2) 
PARAMETRIC_REPRESENTATION_CONTEXT() REPRESENTATION_CONTEXT('2D SPACE',''
  ) );
#5717 = ORIENTED_EDGE('',*,*,#5718,.T.);
#5718 = EDGE_CURVE('',#5696,#5719,#5721,.T.);
#5719 = VERTEX_POINT('',#5720);
#5720 = CARTESIAN_POINT('',(31.45,-14.42864074105,12.415903469168));
#5721 = SURFACE_CURVE('',#5722,(#5726,#5733),.PCURVE_S1.);
#5722 = LINE('',#5723,#5724);
#5723 = CARTESIAN_POINT('',(22.75,-14.42864074105,12.415903469168));
#5724 = VECTOR('',#5725,1.);
#5725 = DIRECTION('',(1.,0.,0.));
#5726 = PCURVE('',#3269,#5727);
#5727 = DEFINITIONAL_REPRESENTATION('',(#5728),#5732);
#5728 = LINE('',#5729,#5730);
#5729 = CARTESIAN_POINT('',(6.300908142825,-22.75));
#5730 = VECTOR('',#5731,1.);
#5731 = DIRECTION('',(0.,-1.));
#5732 = ( GEOMETRIC_REPRESENTATION_CONTEXT(2) 
PARAMETRIC_REPRESENTATION_CONTEXT() REPRESENTATION_CONTEXT('2D SPACE',''
  ) );
#5733 = PCURVE('',#5734,#5739);
#5734 = CYLINDRICAL_SURFACE('',#5735,0.8);
#5735 = AXIS2_PLACEMENT_3D('',#5736,#5737,#5738);
#5736 = CARTESIAN_POINT('',(22.75,-14.28300058696,11.629272078035));
#5737 = DIRECTION('',(1.,0.,0.));
#5738 = DIRECTION('',(0.,-0.182050192619,0.983289238916));
#5739 = DEFINITIONAL_REPRESENTATION('',(#5740),#5744);
#5740 = LINE('',#5741,#5742);
#5741 = CARTESIAN_POINT('',(-0.,0.));
#5742 = VECTOR('',#5743,1.);
#5743 = DIRECTION('',(-0.,1.));
#5744 = ( GEOMETRIC_REPRESENTATION_CONTEXT(2) 
PARAMETRIC_REPRESENTATION_CONTEXT() REPRESENTATION_CONTEXT('2D SPACE',''
  ) );
#5745 = ORIENTED_EDGE('',*,*,#5746,.T.);
#5746 = EDGE_CURVE('',#5719,#5747,#5749,.T.);
#5747 = VERTEX_POINT('',#5748);
#5748 = CARTESIAN_POINT('',(32.886763784358,-13.12742751494,
    12.656815409497));
#5749 = SURFACE_CURVE('',#5750,(#5761,#5775),.PCURVE_S1.);
#5750 = ( BOUNDED_CURVE() B_SPLINE_CURVE(9,(#5751,#5752,#5753,#5754,
    #5755,#5756,#5757,#5758,#5759,#5760),.UNSPECIFIED.,.F.,.F.) 
B_SPLINE_CURVE_WITH_KNOTS((10,10),(8.7,9.477710302206),
.PIECEWISE_BEZIER_KNOTS.) CURVE() GEOMETRIC_REPRESENTATION_ITEM() 
RATIONAL_B_SPLINE_CURVE((1.,1.,1.,1.,1.,1.,1.,1.,1.,1.)) 
REPRESENTATION_ITEM('') );
#5751 = CARTESIAN_POINT('',(31.45,-14.42864074105,12.415903469168));
#5752 = CARTESIAN_POINT('',(31.709099278554,-14.42864074105,
    12.415903469168));
#5753 = CARTESIAN_POINT('',(31.968179039083,-14.37040968786,
    12.426684604596));
#5754 = CARTESIAN_POINT('',(32.20864882405,-14.25449350726,
    12.44814580052));
#5755 = CARTESIAN_POINT('',(32.41120792027,-14.09082897225,
    12.478447322132));
#5756 = CARTESIAN_POINT('',(32.569679058119,-13.91036299511,
    12.511859531478));
#5757 = CARTESIAN_POINT('',(32.69554269262,-13.71632327118,
    12.547784839841));
#5758 = CARTESIAN_POINT('',(32.786640189236,-13.51919392771,
    12.584282173004));
#5759 = CARTESIAN_POINT('',(32.849456112882,-13.32307172224,
    12.62059304052));
#5760 = CARTESIAN_POINT('',(32.886763784358,-13.12742751494,
    12.656815409497));
#5761 = PCURVE('',#3269,#5762);
#5762 = DEFINITIONAL_REPRESENTATION('',(#5763),#5774);
#5763 = ( BOUNDED_CURVE() B_SPLINE_CURVE(9,(#5764,#5765,#5766,#5767,
    #5768,#5769,#5770,#5771,#5772,#5773),.UNSPECIFIED.,.F.,.F.) 
B_SPLINE_CURVE_WITH_KNOTS((10,10),(8.7,9.477710302206),
.PIECEWISE_BEZIER_KNOTS.) CURVE() GEOMETRIC_REPRESENTATION_ITEM() 
RATIONAL_B_SPLINE_CURVE((1.,1.,1.,1.,1.,1.,1.,1.,1.,1.)) 
REPRESENTATION_ITEM('') );
#5764 = CARTESIAN_POINT('',(6.300908142825,-31.45));
#5765 = CARTESIAN_POINT('',(6.300908142825,-31.70909927855));
#5766 = CARTESIAN_POINT('',(6.241687467069,-31.96817903908));
#5767 = CARTESIAN_POINT('',(6.123801319216,-32.20864882405));
#5768 = CARTESIAN_POINT('',(5.957355345301,-32.41120792027));
#5769 = CARTESIAN_POINT('',(5.773822392848,-32.56967905811));
#5770 = CARTESIAN_POINT('',(5.576485011073,-32.69554269262));
#5771 = CARTESIAN_POINT('',(5.376005502439,-32.78664018923));
#5772 = CARTESIAN_POINT('',(5.176550247856,-32.84945611288));
#5773 = CARTESIAN_POINT('',(4.977581114914,-32.88676378435));
#5774 = ( GEOMETRIC_REPRESENTATION_CONTEXT(2) 
PARAMETRIC_REPRESENTATION_CONTEXT() REPRESENTATION_CONTEXT('2D SPACE',''
  ) );
#5775 = PCURVE('',#5776,#5807);
#5776 = ( BOUNDED_SURFACE() B_SPLINE_SURFACE(2,9,(
    (#5777,#5778,#5779,#5780,#5781,#5782,#5783,#5784,#5785,#5786)
    ,(#5787,#5788,#5789,#5790,#5791,#5792,#5793,#5794,#5795,#5796)
    ,(#5797,#5798,#5799,#5800,#5801,#5802,#5803,#5804,#5805,#5806
)),.UNSPECIFIED.,.F.,.F.,.F.) B_SPLINE_SURFACE_WITH_KNOTS((3,3),(10,10),
  (0.,0.777710302206),(8.7,9.477710302206),.PIECEWISE_BEZIER_KNOTS.) 
GEOMETRIC_REPRESENTATION_ITEM() RATIONAL_B_SPLINE_SURFACE((
    (1.,1.,1.,1.,1.,1.,1.,1.,1.,1.)
    ,(0.548372041138,0.548372041138,0.556759038207,0.573368110748
      ,0.596869424589,0.622050431695,0.645806662148,0.668099363187
      ,0.688533478715,0.707106781186)
,(1.,1.,1.,1.,1.,1.,1.,1.,1.,1.))) REPRESENTATION_ITEM('') SURFACE() );
#5777 = CARTESIAN_POINT('',(31.45,-14.42864074105,12.415903469168));
#5778 = CARTESIAN_POINT('',(31.709099278554,-14.42864074105,
    12.415903469168));
#5779 = CARTESIAN_POINT('',(31.968179039083,-14.37040968786,
    12.426684604596));
#5780 = CARTESIAN_POINT('',(32.20864882405,-14.25449350726,
    12.44814580052));
#5781 = CARTESIAN_POINT('',(32.41120792027,-14.09082897225,
    12.478447322132));
#5782 = CARTESIAN_POINT('',(32.569679058119,-13.91036299511,
    12.511859531478));
#5783 = CARTESIAN_POINT('',(32.69554269262,-13.71632327118,
    12.547784839841));
#5784 = CARTESIAN_POINT('',(32.786640189236,-13.51919392771,
    12.584282173004));
#5785 = CARTESIAN_POINT('',(32.849456112882,-13.32307172224,
    12.62059304052));
#5786 = CARTESIAN_POINT('',(32.886763784358,-13.12742751494,
    12.656815409497));
#5787 = CARTESIAN_POINT('',(31.45,-13.22907504026,12.63799597079));
#5788 = CARTESIAN_POINT('',(31.539370456518,-13.22907504026,
    12.63799597079));
#5789 = CARTESIAN_POINT('',(31.626094284765,-13.22336013072,
    12.639054052522));
#5790 = CARTESIAN_POINT('',(31.713270379949,-13.21183739103,
    12.641187419692));
#5791 = CARTESIAN_POINT('',(31.805488344953,-13.19197211282,
    12.644865358574));
#5792 = CARTESIAN_POINT('',(31.901885563006,-13.14782209132,
    12.653039474186));
#5793 = CARTESIAN_POINT('',(31.984815730369,-13.08348803553,
    12.664950544485));
#5794 = CARTESIAN_POINT('',(32.055171375783,-13.00503605014,
    12.679475466029));
#5795 = CARTESIAN_POINT('',(32.110251354393,-12.91624655609,
    12.695914316221));
#5796 = CARTESIAN_POINT('',(32.149999999999,-12.82090118822,
    12.713566947716));
#5797 = CARTESIAN_POINT('',(31.45,-13.50350453513,11.44931123456));
#5798 = CARTESIAN_POINT('',(31.607020326962,-13.50350453513,
    11.44931123456));
#5799 = CARTESIAN_POINT('',(31.763960375427,-13.45738288245,
    11.472809139918));
#5800 = CARTESIAN_POINT('',(31.903237490738,-13.36573162478,
    11.51948869066));
#5801 = CARTESIAN_POINT('',(32.004097967456,-13.24027334222,
    11.585537161196));
#5802 = CARTESIAN_POINT('',(32.068199359573,-13.11885838186,
    11.658473047388));
#5803 = CARTESIAN_POINT('',(32.113156982415,-12.99816107158,
    11.730314104914));
#5804 = CARTESIAN_POINT('',(32.13832508633,-12.88437355894,
    11.799716757334));
#5805 = CARTESIAN_POINT('',(32.15,-12.77655387252,11.865440968467));
#5806 = CARTESIAN_POINT('',(32.15,-12.67526103412,11.926935556583));
#5807 = DEFINITIONAL_REPRESENTATION('',(#5808),#5812);
#5808 = LINE('',#5809,#5810);
#5809 = CARTESIAN_POINT('',(0.,0.));
#5810 = VECTOR('',#5811,1.);
#5811 = DIRECTION('',(0.,1.));
#5812 = ( GEOMETRIC_REPRESENTATION_CONTEXT(2) 
PARAMETRIC_REPRESENTATION_CONTEXT() REPRESENTATION_CONTEXT('2D SPACE',''
  ) );
#5813 = ORIENTED_EDGE('',*,*,#5814,.T.);
#5814 = EDGE_CURVE('',#5747,#5670,#5815,.T.);
#5815 = SURFACE_CURVE('',#5816,(#5833,#5853),.PCURVE_S1.);
#5816 = ( BOUNDED_CURVE() B_SPLINE_CURVE(8,(#5817,#5818,#5819,#5820,
    #5821,#5822,#5823,#5824,#5825,#5826,#5827,#5828,#5829,#5830,#5831,
#5832),.UNSPECIFIED.,.F.,.F.) B_SPLINE_CURVE_WITH_KNOTS((9,7,9),(
9.477710302207,9.779365536936,13.691413389888),.UNSPECIFIED.) CURVE() 
GEOMETRIC_REPRESENTATION_ITEM() RATIONAL_B_SPLINE_CURVE((1.,1.,1.,1.,1.,
1.,1.,1.,1.,1.,1.,1.,1.,1.,1.,1.)) REPRESENTATION_ITEM('') );
#5817 = CARTESIAN_POINT('',(32.886763784355,-13.12742751494,
    12.656815409498));
#5818 = CARTESIAN_POINT('',(32.903043382502,-13.04205609,12.67262142439)
  );
#5819 = CARTESIAN_POINT('',(32.917163697558,-12.95787023078,
    12.688207938795));
#5820 = CARTESIAN_POINT('',(32.928677565917,-12.87427038641,
    12.703685956014));
#5821 = CARTESIAN_POINT('',(32.938943451686,-12.78980429192,
    12.719324354323));
#5822 = CARTESIAN_POINT('',(32.945915264788,-12.7045495343,
    12.735108768952));
#5823 = CARTESIAN_POINT('',(32.948345105801,-12.62201689942,
    12.750389198638));
#5824 = CARTESIAN_POINT('',(32.949372215386,-12.55098634261,
    12.763540086533));
#5825 = CARTESIAN_POINT('',(32.950757772578,-11.94616083284,
    12.87551995593));
#5826 = CARTESIAN_POINT('',(32.949195586909,-11.41567493922,
    12.973736284651));
#5827 = CARTESIAN_POINT('',(32.9505563712,-10.88933620042,
    13.071184792159));
#5828 = CARTESIAN_POINT('',(32.949677161002,-10.36592838997,
    13.1680906556));
#5829 = CARTESIAN_POINT('',(32.950130705127,-9.835308894285,
    13.266331719953));
#5830 = CARTESIAN_POINT('',(32.949972588207,-9.302827735825,
    13.364917460168));
#5831 = CARTESIAN_POINT('',(32.95,-8.768509761108,13.463843276059));
#5832 = CARTESIAN_POINT('',(32.95,-8.23302556882,13.562985010243));
#5833 = PCURVE('',#3269,#5834);
#5834 = DEFINITIONAL_REPRESENTATION('',(#5835),#5852);
#5835 = ( BOUNDED_CURVE() B_SPLINE_CURVE(8,(#5836,#5837,#5838,#5839,
    #5840,#5841,#5842,#5843,#5844,#5845,#5846,#5847,#5848,#5849,#5850,
#5851),.UNSPECIFIED.,.F.,.F.) B_SPLINE_CURVE_WITH_KNOTS((9,7,9),(
9.477710302207,9.779365536936,13.691413389888),.UNSPECIFIED.) CURVE() 
GEOMETRIC_REPRESENTATION_ITEM() RATIONAL_B_SPLINE_CURVE((1.,1.,1.,1.,1.,
1.,1.,1.,1.,1.,1.,1.,1.,1.,1.,1.)) REPRESENTATION_ITEM('') );
#5836 = CARTESIAN_POINT('',(4.977581114911,-32.88676378435));
#5837 = CARTESIAN_POINT('',(4.890758823406,-32.9030433825));
#5838 = CARTESIAN_POINT('',(4.805142246013,-32.91716369755));
#5839 = CARTESIAN_POINT('',(4.720121642653,-32.92867756591));
#5840 = CARTESIAN_POINT('',(4.634220067465,-32.93894345168));
#5841 = CARTESIAN_POINT('',(4.547516426002,-32.94591526478));
#5842 = CARTESIAN_POINT('',(4.463581169101,-32.9483451058));
#5843 = CARTESIAN_POINT('',(4.391343465282,-32.94937221538));
#5844 = CARTESIAN_POINT('',(3.776239093315,-32.95075777257));
#5845 = CARTESIAN_POINT('',(3.236737721153,-32.9491955869));
#5846 = CARTESIAN_POINT('',(2.701453983706,-32.9505563712));
#5847 = CARTESIAN_POINT('',(2.169150985023,-32.949677161));
#5848 = CARTESIAN_POINT('',(1.629513740263,-32.95013070512));
#5849 = CARTESIAN_POINT('',(1.087983194228,-32.9499725882));
#5850 = CARTESIAN_POINT('',(0.544584615692,-32.95));
#5851 = CARTESIAN_POINT('',(0.,-32.95));
#5852 = ( GEOMETRIC_REPRESENTATION_CONTEXT(2) 
PARAMETRIC_REPRESENTATION_CONTEXT() REPRESENTATION_CONTEXT('2D SPACE',''
  ) );
#5853 = PCURVE('',#5854,#5903);
#5854 = ( BOUNDED_SURFACE() B_SPLINE_SURFACE(2,8,(
    (#5855,#5856,#5857,#5858,#5859,#5860,#5861,#5862,#5863,#5864,#5865
      ,#5866,#5867,#5868,#5869,#5870)
    ,(#5871,#5872,#5873,#5874,#5875,#5876,#5877,#5878,#5879,#5880,#5881
      ,#5882,#5883,#5884,#5885,#5886)
    ,(#5887,#5888,#5889,#5890,#5891,#5892,#5893,#5894,#5895,#5896,#5897
      ,#5898,#5899,#5900,#5901,#5902
)),.UNSPECIFIED.,.F.,.F.,.F.) B_SPLINE_SURFACE_WITH_KNOTS((3,3),(9,7,9),
  (0.,4.213703087681),(9.477710302207,9.779365536936,13.691413389888),
.UNSPECIFIED.) GEOMETRIC_REPRESENTATION_ITEM() RATIONAL_B_SPLINE_SURFACE
((
    (1.,1.,1.,1.,1.,1.,1.,1.,1.,1.,1.,1.,1.,1.,1.,1.)
    ,(0.707106781187,0.707106781187,0.707106781187,0.707106781187
      ,0.707106781187,0.707106781187,0.707106781187,0.707106781187
      ,0.707106781187,0.707106832019,0.707106423425,0.707107710313
      ,0.707106433319,0.707106831151,0.707106781187,0.707106781187)
    ,(1.,1.,1.,1.,1.,1.,1.,1.,1.,1.,1.,1.,1.,1.,1.,1.
))) REPRESENTATION_ITEM('') SURFACE() );
#5855 = CARTESIAN_POINT('',(32.886763784355,-13.12742751494,
    12.656815409498));
#5856 = CARTESIAN_POINT('',(32.903043382502,-13.04205609,12.67262142439)
  );
#5857 = CARTESIAN_POINT('',(32.917163697558,-12.95787023078,
    12.688207938795));
#5858 = CARTESIAN_POINT('',(32.928677565917,-12.87427038641,
    12.703685956014));
#5859 = CARTESIAN_POINT('',(32.938943451686,-12.78980429192,
    12.719324354323));
#5860 = CARTESIAN_POINT('',(32.945915264788,-12.7045495343,
    12.735108768952));
#5861 = CARTESIAN_POINT('',(32.948345105801,-12.62201689942,
    12.750389198638));
#5862 = CARTESIAN_POINT('',(32.949372215386,-12.55098634261,
    12.763540086533));
#5863 = CARTESIAN_POINT('',(32.950757772578,-11.94616083284,
    12.87551995593));
#5864 = CARTESIAN_POINT('',(32.949195586909,-11.41567493922,
    12.973736284651));
#5865 = CARTESIAN_POINT('',(32.9505563712,-10.88933620042,
    13.071184792159));
#5866 = CARTESIAN_POINT('',(32.949677161002,-10.36592838997,
    13.1680906556));
#5867 = CARTESIAN_POINT('',(32.950130705127,-9.835308894285,
    13.266331719953));
#5868 = CARTESIAN_POINT('',(32.949972588207,-9.302827735825,
    13.364917460168));
#5869 = CARTESIAN_POINT('',(32.95,-8.768509761108,13.463843276059));
#5870 = CARTESIAN_POINT('',(32.95,-8.23302556882,13.562985010243));
#5871 = CARTESIAN_POINT('',(32.15,-12.82090118822,12.713566947716));
#5872 = CARTESIAN_POINT('',(32.15,-12.77336241149,12.722368471335));
#5873 = CARTESIAN_POINT('',(32.15,-12.72813355224,12.73074232738));
#5874 = CARTESIAN_POINT('',(32.15,-12.68454760945,12.738812007152));
#5875 = CARTESIAN_POINT('',(32.15,-12.64232179642,12.746629866934));
#5876 = CARTESIAN_POINT('',(32.15,-12.60111766165,12.754258569025));
#5877 = CARTESIAN_POINT('',(32.15,-12.56041430059,12.761794555819));
#5878 = CARTESIAN_POINT('',(32.15,-12.51971358616,12.769330052608));
#5879 = CARTESIAN_POINT('',(32.15,-11.95234735421,12.874374558054));
#5880 = CARTESIAN_POINT('',(32.15,-11.42715029613,12.971611690122));
#5881 = CARTESIAN_POINT('',(32.15,-10.8958672526,13.069975606437));
#5882 = CARTESIAN_POINT('',(32.15,-10.36792769482,13.167720496121));
#5883 = CARTESIAN_POINT('',(32.15,-9.835257872561,13.266341166324));
#5884 = CARTESIAN_POINT('',(32.15,-9.302839890999,13.364915209709));
#5885 = CARTESIAN_POINT('',(32.15,-8.768509761108,13.463843276059));
#5886 = CARTESIAN_POINT('',(32.15,-8.23302556882,13.562985010243));
#5887 = CARTESIAN_POINT('',(32.15,-12.67526103412,11.926935556583));
#5888 = CARTESIAN_POINT('',(32.15,-12.62772225739,11.935737080202));
#5889 = CARTESIAN_POINT('',(32.15,-12.58249339815,11.944110936248));
#5890 = CARTESIAN_POINT('',(32.15,-12.53890745535,11.952180616019));
#5891 = CARTESIAN_POINT('',(32.15,-12.49668164233,11.959998475801));
#5892 = CARTESIAN_POINT('',(32.15,-12.45547750755,11.967627177892));
#5893 = CARTESIAN_POINT('',(32.15,-12.4147741465,11.975163164687));
#5894 = CARTESIAN_POINT('',(32.15,-12.37407343207,11.982698661475));
#5895 = CARTESIAN_POINT('',(32.15,-11.80670720011,12.087743166922));
#5896 = CARTESIAN_POINT('',(32.15,-11.28151042175,12.184980371864));
#5897 = CARTESIAN_POINT('',(32.15,-10.75022623174,12.283343515919));
#5898 = CARTESIAN_POINT('',(32.15,-10.22232173278,12.381085003066));
#5899 = CARTESIAN_POINT('',(32.15,-9.689736377425,12.479686848361));
#5900 = CARTESIAN_POINT('',(32.15,-9.157401118282,12.578246878409));
#5901 = CARTESIAN_POINT('',(32.15,-8.622989574046,12.677189466869));
#5902 = CARTESIAN_POINT('',(32.15,-8.087385438943,12.776353749919));
#5903 = DEFINITIONAL_REPRESENTATION('',(#5904),#5908);
#5904 = LINE('',#5905,#5906);
#5905 = CARTESIAN_POINT('',(0.,0.));
#5906 = VECTOR('',#5907,1.);
#5907 = DIRECTION('',(0.,1.));
#5908 = ( GEOMETRIC_REPRESENTATION_CONTEXT(2) 
PARAMETRIC_REPRESENTATION_CONTEXT() REPRESENTATION_CONTEXT('2D SPACE',''
  ) );
#5909 = ADVANCED_FACE('',(#5910),#3375,.T.);
#5910 = FACE_BOUND('',#5911,.T.);
#5911 = EDGE_LOOP('',(#5912,#5935,#5961,#5962));
#5912 = ORIENTED_EDGE('',*,*,#5913,.T.);
#5913 = EDGE_CURVE('',#3338,#5914,#5916,.T.);
#5914 = VERTEX_POINT('',#5915);
#5915 = CARTESIAN_POINT('',(20.75,-15.24026418934,7.35879378027));
#5916 = SURFACE_CURVE('',#5917,(#5921,#5928),.PCURVE_S1.);
#5917 = LINE('',#5918,#5919);
#5918 = CARTESIAN_POINT('',(20.75,-30.68280058471,11.496608936497));
#5919 = VECTOR('',#5920,1.);
#5920 = DIRECTION('',(0.,0.965925826289,-0.258819045103));
#5921 = PCURVE('',#3375,#5922);
#5922 = DEFINITIONAL_REPRESENTATION('',(#5923),#5927);
#5923 = LINE('',#5924,#5925);
#5924 = CARTESIAN_POINT('',(43.5,0.));
#5925 = VECTOR('',#5926,1.);
#5926 = DIRECTION('',(0.,1.));
#5927 = ( GEOMETRIC_REPRESENTATION_CONTEXT(2) 
PARAMETRIC_REPRESENTATION_CONTEXT() REPRESENTATION_CONTEXT('2D SPACE',''
  ) );
#5928 = PCURVE('',#3488,#5929);
#5929 = DEFINITIONAL_REPRESENTATION('',(#5930),#5934);
#5930 = LINE('',#5931,#5932);
#5931 = CARTESIAN_POINT('',(1.570796326795,0.));
#5932 = VECTOR('',#5933,1.);
#5933 = DIRECTION('',(0.,1.));
#5934 = ( GEOMETRIC_REPRESENTATION_CONTEXT(2) 
PARAMETRIC_REPRESENTATION_CONTEXT() REPRESENTATION_CONTEXT('2D SPACE',''
  ) );
#5935 = ORIENTED_EDGE('',*,*,#5936,.F.);
#5936 = EDGE_CURVE('',#5517,#5914,#5937,.T.);
#5937 = SURFACE_CURVE('',#5938,(#5942,#5949),.PCURVE_S1.);
#5938 = LINE('',#5939,#5940);
#5939 = CARTESIAN_POINT('',(-20.75,-15.24026418934,7.35879378027));
#5940 = VECTOR('',#5941,1.);
#5941 = DIRECTION('',(1.,0.,0.));
#5942 = PCURVE('',#3375,#5943);
#5943 = DEFINITIONAL_REPRESENTATION('',(#5944),#5948);
#5944 = LINE('',#5945,#5946);
#5945 = CARTESIAN_POINT('',(2.,15.987290095239));
#5946 = VECTOR('',#5947,1.);
#5947 = DIRECTION('',(1.,0.));
#5948 = ( GEOMETRIC_REPRESENTATION_CONTEXT(2) 
PARAMETRIC_REPRESENTATION_CONTEXT() REPRESENTATION_CONTEXT('2D SPACE',''
  ) );
#5949 = PCURVE('',#5950,#5955);
#5950 = CYLINDRICAL_SURFACE('',#5951,0.8);
#5951 = AXIS2_PLACEMENT_3D('',#5952,#5953,#5954);
#5952 = CARTESIAN_POINT('',(-20.75,-15.44731942542,6.586053119239));
#5953 = DIRECTION('',(1.,0.,0.));
#5954 = DIRECTION('',(0.,0.258819045103,0.965925826289));
#5955 = DEFINITIONAL_REPRESENTATION('',(#5956),#5960);
#5956 = LINE('',#5957,#5958);
#5957 = CARTESIAN_POINT('',(-0.,0.));
#5958 = VECTOR('',#5959,1.);
#5959 = DIRECTION('',(-0.,1.));
#5960 = ( GEOMETRIC_REPRESENTATION_CONTEXT(2) 
PARAMETRIC_REPRESENTATION_CONTEXT() REPRESENTATION_CONTEXT('2D SPACE',''
  ) );
#5961 = ORIENTED_EDGE('',*,*,#5516,.F.);
#5962 = ORIENTED_EDGE('',*,*,#3361,.F.);
#5963 = ADVANCED_FACE('',(#5964),#3432,.F.);
#5964 = FACE_BOUND('',#5965,.F.);
#5965 = EDGE_LOOP('',(#5966,#5989,#6017,#6038));
#5966 = ORIENTED_EDGE('',*,*,#5967,.T.);
#5967 = EDGE_CURVE('',#3417,#5968,#5970,.T.);
#5968 = VERTEX_POINT('',#5969);
#5969 = CARTESIAN_POINT('',(22.75,-14.81707254389,9.315952281448));
#5970 = SURFACE_CURVE('',#5971,(#5975,#5982),.PCURVE_S1.);
#5971 = LINE('',#5972,#5973);
#5972 = CARTESIAN_POINT('',(22.75,-30.1651624945,13.428460589075));
#5973 = VECTOR('',#5974,1.);
#5974 = DIRECTION('',(0.,0.965925826289,-0.258819045103));
#5975 = PCURVE('',#3432,#5976);
#5976 = DEFINITIONAL_REPRESENTATION('',(#5977),#5981);
#5977 = LINE('',#5978,#5979);
#5978 = CARTESIAN_POINT('',(2.,-1.064176583818E-15));
#5979 = VECTOR('',#5980,1.);
#5980 = DIRECTION('',(-1.225300278295E-17,-1.));
#5981 = ( GEOMETRIC_REPRESENTATION_CONTEXT(2) 
PARAMETRIC_REPRESENTATION_CONTEXT() REPRESENTATION_CONTEXT('2D SPACE',''
  ) );
#5982 = PCURVE('',#3488,#5983);
#5983 = DEFINITIONAL_REPRESENTATION('',(#5984),#5988);
#5984 = LINE('',#5985,#5986);
#5985 = CARTESIAN_POINT('',(0.,0.));
#5986 = VECTOR('',#5987,1.);
#5987 = DIRECTION('',(0.,1.));
#5988 = ( GEOMETRIC_REPRESENTATION_CONTEXT(2) 
PARAMETRIC_REPRESENTATION_CONTEXT() REPRESENTATION_CONTEXT('2D SPACE',''
  ) );
#5989 = ORIENTED_EDGE('',*,*,#5990,.T.);
#5990 = EDGE_CURVE('',#5968,#5991,#5993,.T.);
#5991 = VERTEX_POINT('',#5992);
#5992 = CARTESIAN_POINT('',(22.75,-14.28300058696,11.629272078036));
#5993 = SURFACE_CURVE('',#5994,(#5998,#6005),.PCURVE_S1.);
#5994 = LINE('',#5995,#5996);
#5995 = CARTESIAN_POINT('',(22.75,-14.82335691502,9.288731679502));
#5996 = VECTOR('',#5997,1.);
#5997 = DIRECTION('',(0.,0.224951054344,0.974370064785));
#5998 = PCURVE('',#3432,#5999);
#5999 = DEFINITIONAL_REPRESENTATION('',(#6000),#6004);
#6000 = LINE('',#6001,#6002);
#6001 = CARTESIAN_POINT('',(1.972080402638,-15.89048691448));
#6002 = VECTOR('',#6003,1.);
#6003 = DIRECTION('',(0.999390827019,3.48994967025E-02));
#6004 = ( GEOMETRIC_REPRESENTATION_CONTEXT(2) 
PARAMETRIC_REPRESENTATION_CONTEXT() REPRESENTATION_CONTEXT('2D SPACE',''
  ) );
#6005 = PCURVE('',#6006,#6011);
#6006 = CYLINDRICAL_SURFACE('',#6007,0.8);
#6007 = AXIS2_PLACEMENT_3D('',#6008,#6009,#6010);
#6008 = CARTESIAN_POINT('',(23.55,-14.82335691502,9.288731679502));
#6009 = DIRECTION('',(0.,0.224951054344,0.974370064785));
#6010 = DIRECTION('',(-1.,0.,0.));
#6011 = DEFINITIONAL_REPRESENTATION('',(#6012),#6016);
#6012 = LINE('',#6013,#6014);
#6013 = CARTESIAN_POINT('',(-0.,0.));
#6014 = VECTOR('',#6015,1.);
#6015 = DIRECTION('',(-0.,1.));
#6016 = ( GEOMETRIC_REPRESENTATION_CONTEXT(2) 
PARAMETRIC_REPRESENTATION_CONTEXT() REPRESENTATION_CONTEXT('2D SPACE',''
  ) );
#6017 = ORIENTED_EDGE('',*,*,#6018,.T.);
#6018 = EDGE_CURVE('',#5991,#3393,#6019,.T.);
#6019 = SURFACE_CURVE('',#6020,(#6024,#6031),.PCURVE_S1.);
#6020 = LINE('',#6021,#6022);
#6021 = CARTESIAN_POINT('',(22.75,-13.08343488616,11.851364579658));
#6022 = VECTOR('',#6023,1.);
#6023 = DIRECTION('',(0.,-0.983289238916,-0.182050192619));
#6024 = PCURVE('',#3432,#6025);
#6025 = DEFINITIONAL_REPRESENTATION('',(#6026),#6030);
#6026 = LINE('',#6027,#6028);
#6027 = CARTESIAN_POINT('',(4.897718662259,-16.90786433772));
#6028 = VECTOR('',#6029,1.);
#6029 = DIRECTION('',(-0.430340964607,0.902666413566));
#6030 = ( GEOMETRIC_REPRESENTATION_CONTEXT(2) 
PARAMETRIC_REPRESENTATION_CONTEXT() REPRESENTATION_CONTEXT('2D SPACE',''
  ) );
#6031 = PCURVE('',#5653,#6032);
#6032 = DEFINITIONAL_REPRESENTATION('',(#6033),#6037);
#6033 = LINE('',#6034,#6035);
#6034 = CARTESIAN_POINT('',(1.570796326795,0.));
#6035 = VECTOR('',#6036,1.);
#6036 = DIRECTION('',(0.,1.));
#6037 = ( GEOMETRIC_REPRESENTATION_CONTEXT(2) 
PARAMETRIC_REPRESENTATION_CONTEXT() REPRESENTATION_CONTEXT('2D SPACE',''
  ) );
#6038 = ORIENTED_EDGE('',*,*,#3416,.T.);
#6039 = ADVANCED_FACE('',(#6040),#3488,.F.);
#6040 = FACE_BOUND('',#6041,.F.);
#6041 = EDGE_LOOP('',(#6042,#6043,#6044,#6045));
#6042 = ORIENTED_EDGE('',*,*,#5967,.F.);
#6043 = ORIENTED_EDGE('',*,*,#3473,.T.);
#6044 = ORIENTED_EDGE('',*,*,#5913,.T.);
#6045 = ORIENTED_EDGE('',*,*,#6046,.T.);
#6046 = EDGE_CURVE('',#5914,#5968,#6047,.T.);
#6047 = SURFACE_CURVE('',#6048,(#6063,#6090),.PCURVE_S1.);
#6048 = ( BOUNDED_CURVE() B_SPLINE_CURVE(7,(#6049,#6050,#6051,#6052,
    #6053,#6054,#6055,#6056,#6057,#6058,#6059,#6060,#6061,#6062),
.UNSPECIFIED.,.F.,.F.) B_SPLINE_CURVE_WITH_KNOTS((8,6,8),(
48.264608449601,51.407166952859,51.43509526166),.UNSPECIFIED.) CURVE() 
GEOMETRIC_REPRESENTATION_ITEM() RATIONAL_B_SPLINE_CURVE((1.,1.,1.,1.,1.,
1.,1.,1.,1.,1.,1.,1.,1.,1.)) REPRESENTATION_ITEM('') );
#6049 = CARTESIAN_POINT('',(20.75,-15.24026418934,7.35879378027));
#6050 = CARTESIAN_POINT('',(21.192743057569,-15.24026418934,
    7.35879378027));
#6051 = CARTESIAN_POINT('',(21.635489055783,-15.21606242775,
    7.470719761562));
#6052 = CARTESIAN_POINT('',(22.043250764702,-15.16770081485,
    7.694377002394));
#6053 = CARTESIAN_POINT('',(22.381033522271,-15.09780701302,
    8.017617766533));
#6054 = CARTESIAN_POINT('',(22.619907830842,-15.01213834337,
    8.413813498821));
#6055 = CARTESIAN_POINT('',(22.743546394982,-14.91788382942,
    8.849721852799));
#6056 = CARTESIAN_POINT('',(22.749860930378,-14.82213382286,
    9.292544961672));
#6057 = CARTESIAN_POINT('',(22.749907293518,-14.82129021631,
    9.296446536912));
#6058 = CARTESIAN_POINT('',(22.749944375316,-14.82044670355,
    9.300347595573));
#6059 = CARTESIAN_POINT('',(22.74997218601,-14.81960318606,
    9.304248660527));
#6060 = CARTESIAN_POINT('',(22.749990730105,-14.81875961888,
    9.308149975012));
#6061 = CARTESIAN_POINT('',(22.75,-14.81791608581,9.31205110511));
#6062 = CARTESIAN_POINT('',(22.75,-14.81707254389,9.315952281448));
#6063 = PCURVE('',#3488,#6064);
#6064 = DEFINITIONAL_REPRESENTATION('',(#6065),#6089);
#6065 = B_SPLINE_CURVE_WITH_KNOTS('',8,(#6066,#6067,#6068,#6069,#6070,
    #6071,#6072,#6073,#6074,#6075,#6076,#6077,#6078,#6079,#6080,#6081,
    #6082,#6083,#6084,#6085,#6086,#6087,#6088),.UNSPECIFIED.,.F.,.F.,(9,
    7,7,9),(48.264608449601,49.84985185563,50.642473558645,
    51.43509526166),.UNSPECIFIED.);
#6066 = CARTESIAN_POINT('',(1.570796326795,15.987290095239));
#6067 = CARTESIAN_POINT('',(1.47308556455,15.987290095239));
#6068 = CARTESIAN_POINT('',(1.375374902068,15.986222300781));
#6069 = CARTESIAN_POINT('',(1.277645577639,15.984088426517));
#6070 = CARTESIAN_POINT('',(1.179879650423,15.980909508404));
#6071 = CARTESIAN_POINT('',(1.082060000442,15.976725903695));
#6072 = CARTESIAN_POINT('',(0.984170328589,15.971597290952));
#6073 = CARTESIAN_POINT('',(0.88619515662,15.965602670037));
#6074 = CARTESIAN_POINT('',(0.739082162432,15.955459208153));
#6075 = CARTESIAN_POINT('',(0.690019630428,15.951885718981));
#6076 = CARTESIAN_POINT('',(0.640930481238,15.9481319966));
#6077 = CARTESIAN_POINT('',(0.591812968889,15.944210963577));
#6078 = CARTESIAN_POINT('',(0.542665351349,15.940136363055));
#6079 = CARTESIAN_POINT('',(0.493485890524,15.935922758744));
#6080 = CARTESIAN_POINT('',(0.444272852261,15.931585534925));
#6081 = CARTESIAN_POINT('',(0.345776160431,15.922696257973));
#6082 = CARTESIAN_POINT('',(0.296496298347,15.918144555195));
#6083 = CARTESIAN_POINT('',(0.247157140303,15.913498731058));
#6084 = CARTESIAN_POINT('',(0.197842178315,15.908785428142));
#6085 = CARTESIAN_POINT('',(0.148384987397,15.904002444347));
#6086 = CARTESIAN_POINT('',(9.90004440381E-02,15.8991926441));
#6087 = CARTESIAN_POINT('',(4.949928865136E-02,15.894351889757));
#6088 = CARTESIAN_POINT('',(2.376339762154E-17,15.889511940662));
#6089 = ( GEOMETRIC_REPRESENTATION_CONTEXT(2) 
PARAMETRIC_REPRESENTATION_CONTEXT() REPRESENTATION_CONTEXT('2D SPACE',''
  ) );
#6090 = PCURVE('',#6091,#6134);
#6091 = ( BOUNDED_SURFACE() B_SPLINE_SURFACE(2,7,(
    (#6092,#6093,#6094,#6095,#6096,#6097,#6098,#6099,#6100,#6101,#6102
      ,#6103,#6104,#6105)
    ,(#6106,#6107,#6108,#6109,#6110,#6111,#6112,#6113,#6114,#6115,#6116
      ,#6117,#6118,#6119)
    ,(#6120,#6121,#6122,#6123,#6124,#6125,#6126,#6127,#6128,#6129,#6130
      ,#6131,#6132,#6133
)),.UNSPECIFIED.,.F.,.F.,.F.) B_SPLINE_SURFACE_WITH_KNOTS((3,3),(8,6,8),
  (0.,3.170486812059),(48.264608449601,51.407166952859,51.43509526166),
.UNSPECIFIED.) GEOMETRIC_REPRESENTATION_ITEM() RATIONAL_B_SPLINE_SURFACE
((
    (1.,1.,1.,1.,1.,1.,1.,1.,1.,1.,1.,1.,1.,1.)
    ,(0.719339800339,0.719339800339,0.718646287595,0.717260521898
      ,0.715253297486,0.712780932293,0.710045674329,0.707254349363
      ,0.707229747707,0.707205156015,0.707180564735,0.707155969052
      ,0.707131376012,0.707106781187)
,(1.,1.,1.,1.,1.,1.,1.,1.,1.,1.,1.,1.,1.,1.
))) REPRESENTATION_ITEM('') SURFACE() );
#6092 = CARTESIAN_POINT('',(20.75,-15.24026418934,7.35879378027));
#6093 = CARTESIAN_POINT('',(21.192743057569,-15.24026418934,
    7.35879378027));
#6094 = CARTESIAN_POINT('',(21.635489055783,-15.21606242775,
    7.470719761562));
#6095 = CARTESIAN_POINT('',(22.043250764702,-15.16770081485,
    7.694377002394));
#6096 = CARTESIAN_POINT('',(22.381033522271,-15.09780701302,
    8.017617766533));
#6097 = CARTESIAN_POINT('',(22.619907830842,-15.01213834337,
    8.413813498821));
#6098 = CARTESIAN_POINT('',(22.743546394982,-14.91788382942,
    8.849721852799));
#6099 = CARTESIAN_POINT('',(22.749860930378,-14.82213382286,
    9.292544961672));
#6100 = CARTESIAN_POINT('',(22.749907293518,-14.82129021631,
    9.296446536912));
#6101 = CARTESIAN_POINT('',(22.749944375316,-14.82044670355,
    9.300347595573));
#6102 = CARTESIAN_POINT('',(22.74997218601,-14.81960318606,
    9.304248660527));
#6103 = CARTESIAN_POINT('',(22.749990730105,-14.81875961888,
    9.308149975012));
#6104 = CARTESIAN_POINT('',(22.75,-14.81791608581,9.31205110511));
#6105 = CARTESIAN_POINT('',(22.75,-14.81707254389,9.315952281448));
#6106 = CARTESIAN_POINT('',(20.75,-14.49403720715,7.158842863021));
#6107 = CARTESIAN_POINT('',(21.198796895971,-14.49403720715,
    7.158842863021));
#6108 = CARTESIAN_POINT('',(21.64845445434,-14.46756305526,
    7.273515013228));
#6109 = CARTESIAN_POINT('',(22.061521444443,-14.41450759605,
    7.503323454793));
#6110 = CARTESIAN_POINT('',(22.399655829011,-14.33802585936,
    7.834602252064));
#6111 = CARTESIAN_POINT('',(22.633527515643,-14.24531027298,
    8.236197577643));
#6112 = CARTESIAN_POINT('',(22.750191571177,-14.14449592603,
    8.672872489233));
#6113 = CARTESIAN_POINT('',(22.750194737962,-14.04296301529,
    9.112659842567));
#6114 = CARTESIAN_POINT('',(22.750185465993,-14.0420652891,
    9.116548321914));
#6115 = CARTESIAN_POINT('',(22.750166930002,-14.04116750465,
    9.120437053587));
#6116 = CARTESIAN_POINT('',(22.750139116866,-14.04026972149,
    9.124325779664));
#6117 = CARTESIAN_POINT('',(22.750102019949,-14.03937197901,
    9.12821432955));
#6118 = CARTESIAN_POINT('',(22.750055649803,-14.03847422814,
    9.132102915804));
#6119 = CARTESIAN_POINT('',(22.75,-14.03757649206,9.135991437973));
#6120 = CARTESIAN_POINT('',(20.75,-14.6678233736,6.406092275764));
#6121 = CARTESIAN_POINT('',(21.372261815957,-14.6678233736,
    6.406092275764));
#6122 = CARTESIAN_POINT('',(21.99448074736,-14.63150366972,
    6.563410196859));
#6123 = CARTESIAN_POINT('',(22.567239984778,-14.55888895652,
    6.877939075205));
#6124 = CARTESIAN_POINT('',(23.039648063854,-14.45411235873,
    7.331776380704));
#6125 = CARTESIAN_POINT('',(23.373374071232,-14.3259638683,
    7.886848475341));
#6126 = CARTESIAN_POINT('',(23.543389258868,-14.18502713177,
    8.497312549428));
#6127 = CARTESIAN_POINT('',(23.549861929715,-14.04276318063,
    9.113525421559));
#6128 = CARTESIAN_POINT('',(23.549906039129,-14.04210945007,
    9.116357039717));
#6129 = CARTESIAN_POINT('',(23.54994444839,-14.04118919491,
    9.120343102745));
#6130 = CARTESIAN_POINT('',(23.549972941807,-14.04023094843,
    9.124493724266));
#6131 = CARTESIAN_POINT('',(23.549990261728,-14.0393893926,
    9.128138903032));
#6132 = CARTESIAN_POINT('',(23.55,-14.03847425937,9.132102780552));
#6133 = CARTESIAN_POINT('',(23.55,-14.03757649206,9.135991437973));
#6134 = DEFINITIONAL_REPRESENTATION('',(#6135),#6139);
#6135 = LINE('',#6136,#6137);
#6136 = CARTESIAN_POINT('',(0.,0.));
#6137 = VECTOR('',#6138,1.);
#6138 = DIRECTION('',(0.,1.));
#6139 = ( GEOMETRIC_REPRESENTATION_CONTEXT(2) 
PARAMETRIC_REPRESENTATION_CONTEXT() REPRESENTATION_CONTEXT('2D SPACE',''
  ) );
#6140 = ADVANCED_FACE('',(#6141),#3554,.F.);
#6141 = FACE_BOUND('',#6142,.F.);
#6142 = EDGE_LOOP('',(#6143,#6164,#6292,#6312,#6313));
#6143 = ORIENTED_EDGE('',*,*,#6144,.F.);
#6144 = EDGE_CURVE('',#6145,#4468,#6147,.T.);
#6145 = VERTEX_POINT('',#6146);
#6146 = CARTESIAN_POINT('',(-32.15,-9.871495664458,4.936724218287));
#6147 = SURFACE_CURVE('',#6148,(#6151,#6158),.PCURVE_S1.);
#6148 = B_SPLINE_CURVE_WITH_KNOTS('',1,(#6149,#6150),.UNSPECIFIED.,.F.,
  .F.,(2,2),(0.,1.),.PIECEWISE_BEZIER_KNOTS.);
#6149 = CARTESIAN_POINT('',(-32.15,-9.923259473479,4.74353905303));
#6150 = CARTESIAN_POINT('',(-32.15,8.194073683698,72.358346893264));
#6151 = PCURVE('',#3554,#6152);
#6152 = DEFINITIONAL_REPRESENTATION('',(#6153),#6157);
#6153 = LINE('',#6154,#6155);
#6154 = CARTESIAN_POINT('',(-7.444453864422,0.));
#6155 = VECTOR('',#6156,1.);
#6156 = DIRECTION('',(0.,1.));
#6157 = ( GEOMETRIC_REPRESENTATION_CONTEXT(2) 
PARAMETRIC_REPRESENTATION_CONTEXT() REPRESENTATION_CONTEXT('2D SPACE',''
  ) );
#6158 = PCURVE('',#4558,#6159);
#6159 = DEFINITIONAL_REPRESENTATION('',(#6160),#6163);
#6160 = B_SPLINE_CURVE_WITH_KNOTS('',1,(#6161,#6162),.UNSPECIFIED.,.F.,
  .F.,(2,2),(0.,1.),.PIECEWISE_BEZIER_KNOTS.);
#6161 = CARTESIAN_POINT('',(4.712388980385,0.));
#6162 = CARTESIAN_POINT('',(4.712388980385,70.));
#6163 = ( GEOMETRIC_REPRESENTATION_CONTEXT(2) 
PARAMETRIC_REPRESENTATION_CONTEXT() REPRESENTATION_CONTEXT('2D SPACE',''
  ) );
#6164 = ORIENTED_EDGE('',*,*,#6165,.T.);
#6165 = EDGE_CURVE('',#6145,#6166,#6168,.T.);
#6166 = VERTEX_POINT('',#6167);
#6167 = CARTESIAN_POINT('',(-32.15,-14.03172289212,6.051453744271));
#6168 = SURFACE_CURVE('',#6169,(#6192,#6218),.PCURVE_S1.);
#6169 = ( BOUNDED_CURVE() B_SPLINE_CURVE(11,(#6170,#6171,#6172,#6173,
    #6174,#6175,#6176,#6177,#6178,#6179,#6180,#6181,#6182,#6183,#6184,
    #6185,#6186,#6187,#6188,#6189,#6190,#6191),.UNSPECIFIED.,.F.,.F.) 
B_SPLINE_CURVE_WITH_KNOTS((12,10,12),(133.39867228626,137.69867629486,
137.70561624438),.UNSPECIFIED.) CURVE() GEOMETRIC_REPRESENTATION_ITEM() 
RATIONAL_B_SPLINE_CURVE((1.,1.,1.,0.999999999999,1.000000000001,
    0.999999999999,1.000000000001,0.999999999999,1.000000000001,1.,1.,1.
,1.,1.,1.,1.,1.,1.,1.,1.,1.,1.)) REPRESENTATION_ITEM('') );
#6170 = CARTESIAN_POINT('',(-32.15,-9.871495664458,4.936724218287));
#6171 = CARTESIAN_POINT('',(-32.15,-10.24908485109,5.037898935918));
#6172 = CARTESIAN_POINT('',(-32.15,-10.62653888073,5.13903743834));
#6173 = CARTESIAN_POINT('',(-32.15,-11.00511200018,5.240475799973));
#6174 = CARTESIAN_POINT('',(-32.15,-11.37914138659,5.340696672005));
#6175 = CARTESIAN_POINT('',(-32.15,-11.76508804234,5.444110766737));
#6176 = CARTESIAN_POINT('',(-32.15,-12.12857182524,5.541505952824));
#6177 = CARTESIAN_POINT('',(-32.15,-12.52428054776,5.647535785462));
#6178 = CARTESIAN_POINT('',(-32.15,-12.88350171612,5.743788807428));
#6179 = CARTESIAN_POINT('',(-32.15,-13.27615399503,5.848999668469));
#6180 = CARTESIAN_POINT('',(-32.15,-13.64507766111,5.947852466865));
#6181 = CARTESIAN_POINT('',(-32.15,-14.02558985187,6.049810401089));
#6182 = CARTESIAN_POINT('',(-32.15,-14.02620301549,6.049974697786));
#6183 = CARTESIAN_POINT('',(-32.15,-14.02681620889,6.050139002461));
#6184 = CARTESIAN_POINT('',(-32.15,-14.02742943259,6.050303315257));
#6185 = CARTESIAN_POINT('',(-32.15,-14.02804268714,6.050467636319));
#6186 = CARTESIAN_POINT('',(-32.15,-14.02865597307,6.050631965789));
#6187 = CARTESIAN_POINT('',(-32.15,-14.02926929092,6.05079630381));
#6188 = CARTESIAN_POINT('',(-32.15,-14.02988264121,6.050960650526));
#6189 = CARTESIAN_POINT('',(-32.15,-14.03049602449,6.051125006079));
#6190 = CARTESIAN_POINT('',(-32.15,-14.03110944128,6.051289370613));
#6191 = CARTESIAN_POINT('',(-32.15,-14.03172289212,6.051453744271));
#6192 = PCURVE('',#3554,#6193);
#6193 = DEFINITIONAL_REPRESENTATION('',(#6194),#6217);
#6194 = B_SPLINE_CURVE_WITH_KNOTS('',11,(#6195,#6196,#6197,#6198,#6199,
    #6200,#6201,#6202,#6203,#6204,#6205,#6206,#6207,#6208,#6209,#6210,
    #6211,#6212,#6213,#6214,#6215,#6216),.UNSPECIFIED.,.F.,.F.,(12,10,12
    ),(133.39867228626,137.69867629486,137.70561624438),.UNSPECIFIED.);
#6195 = CARTESIAN_POINT('',(-7.444453864422,2.857142857143E-03));
#6196 = CARTESIAN_POINT('',(-6.832315942709,2.857142857143E-03));
#6197 = CARTESIAN_POINT('',(-6.220397134069,2.857142857144E-03));
#6198 = CARTESIAN_POINT('',(-5.60666408567,2.857142857142E-03));
#6199 = CARTESIAN_POINT('',(-5.000297220963,2.857142857144E-03));
#6200 = CARTESIAN_POINT('',(-4.374610384291,2.857142857143E-03));
#6201 = CARTESIAN_POINT('',(-3.785339781992,2.857142857142E-03));
#6202 = CARTESIAN_POINT('',(-3.143826932632,2.857142857143E-03));
#6203 = CARTESIAN_POINT('',(-2.56146677187,2.857142857143E-03));
#6204 = CARTESIAN_POINT('',(-1.924908950632,2.857142857142E-03));
#6205 = CARTESIAN_POINT('',(-1.326819348977,2.857142857143E-03));
#6206 = CARTESIAN_POINT('',(-0.709942727823,2.857142857143E-03));
#6207 = CARTESIAN_POINT('',(-0.708948682665,2.857142857143E-03));
#6208 = CARTESIAN_POINT('',(-0.707954589233,2.857142857143E-03));
#6209 = CARTESIAN_POINT('',(-0.706960446661,2.857142857143E-03));
#6210 = CARTESIAN_POINT('',(-0.705966254085,2.857142857143E-03));
#6211 = CARTESIAN_POINT('',(-0.704972010636,2.857142857143E-03));
#6212 = CARTESIAN_POINT('',(-0.70397771545,2.857142857143E-03));
#6213 = CARTESIAN_POINT('',(-0.702983367659,2.857142857143E-03));
#6214 = CARTESIAN_POINT('',(-0.701988966398,2.857142857143E-03));
#6215 = CARTESIAN_POINT('',(-0.7009945108,2.857142857143E-03));
#6216 = CARTESIAN_POINT('',(-0.7,2.857142857143E-03));
#6217 = ( GEOMETRIC_REPRESENTATION_CONTEXT(2) 
PARAMETRIC_REPRESENTATION_CONTEXT() REPRESENTATION_CONTEXT('2D SPACE',''
  ) );
#6218 = PCURVE('',#6219,#6286);
#6219 = ( BOUNDED_SURFACE() B_SPLINE_SURFACE(2,11,(
    (#6220,#6221,#6222,#6223,#6224,#6225,#6226,#6227,#6228,#6229,#6230
      ,#6231,#6232,#6233,#6234,#6235,#6236,#6237,#6238,#6239,#6240,#6241
      )
    ,(#6242,#6243,#6244,#6245,#6246,#6247,#6248,#6249,#6250,#6251,#6252
      ,#6253,#6254,#6255,#6256,#6257,#6258,#6259,#6260,#6261,#6262,#6263
      )
    ,(#6264,#6265,#6266,#6267,#6268,#6269,#6270,#6271,#6272,#6273,#6274
      ,#6275,#6276,#6277,#6278,#6279,#6280,#6281,#6282,#6283,#6284,#6285
)),.UNSPECIFIED.,.F.,.F.,.F.) B_SPLINE_SURFACE_WITH_KNOTS((3,3),(12,10,
    12),(0.,4.306943958114),(133.39867228626,137.69867629486,
137.70561624438),.UNSPECIFIED.) GEOMETRIC_REPRESENTATION_ITEM() 
RATIONAL_B_SPLINE_SURFACE((
    (1.,1.,1.,0.999999999999,1.000000000001,0.999999999999
      ,1.000000000001,0.999999999999,1.000000000001,1.,1.,1.,1.,1.,1.,1.
      ,1.,1.,1.,1.,1.,1.)
    ,(0.707106781187,0.707106781186,0.707106781187,0.707106781186
      ,0.707106781187,0.707106781186,0.707106781187,0.707106781186
      ,0.707106781187,0.707106781186,0.707106781187,0.707106781187
      ,0.707106781187,0.707106781186,0.707106781187,0.707106781186
      ,0.707106781187,0.707106781186,0.707106781187,0.707106781186
      ,0.707106781187,0.707106781187)
    ,(1.,1.,1.,0.999999999999,1.000000000001,0.999999999999
      ,1.000000000001,0.999999999999,1.000000000001,1.,1.,1.,1.,1.,1.,1.
,1.,1.,1.,1.,1.,1.))) REPRESENTATION_ITEM('') SURFACE() );
#6220 = CARTESIAN_POINT('',(-32.15,-9.871495664458,4.936724218287));
#6221 = CARTESIAN_POINT('',(-32.15,-10.24908485109,5.037898935918));
#6222 = CARTESIAN_POINT('',(-32.15,-10.62653888073,5.13903743834));
#6223 = CARTESIAN_POINT('',(-32.15,-11.00511200018,5.240475799973));
#6224 = CARTESIAN_POINT('',(-32.15,-11.37914138659,5.340696672005));
#6225 = CARTESIAN_POINT('',(-32.15,-11.76508804234,5.444110766737));
#6226 = CARTESIAN_POINT('',(-32.15,-12.12857182524,5.541505952824));
#6227 = CARTESIAN_POINT('',(-32.15,-12.52428054776,5.647535785462));
#6228 = CARTESIAN_POINT('',(-32.15,-12.88350171612,5.743788807428));
#6229 = CARTESIAN_POINT('',(-32.15,-13.27615399503,5.848999668469));
#6230 = CARTESIAN_POINT('',(-32.15,-13.64507766111,5.947852466865));
#6231 = CARTESIAN_POINT('',(-32.15,-14.02558985187,6.049810401089));
#6232 = CARTESIAN_POINT('',(-32.15,-14.02620301549,6.049974697786));
#6233 = CARTESIAN_POINT('',(-32.15,-14.02681620889,6.050139002461));
#6234 = CARTESIAN_POINT('',(-32.15,-14.02742943259,6.050303315257));
#6235 = CARTESIAN_POINT('',(-32.15,-14.02804268714,6.050467636319));
#6236 = CARTESIAN_POINT('',(-32.15,-14.02865597307,6.050631965789));
#6237 = CARTESIAN_POINT('',(-32.15,-14.02926929092,6.05079630381));
#6238 = CARTESIAN_POINT('',(-32.15,-14.02988264121,6.050960650526));
#6239 = CARTESIAN_POINT('',(-32.15,-14.03049602449,6.051125006079));
#6240 = CARTESIAN_POINT('',(-32.15,-14.03110944128,6.051289370613));
#6241 = CARTESIAN_POINT('',(-32.15,-14.03172289212,6.051453744271));
#6242 = CARTESIAN_POINT('',(-32.15,-9.923259473479,4.74353905303));
#6243 = CARTESIAN_POINT('',(-32.15,-10.30084866011,4.844713770661));
#6244 = CARTESIAN_POINT('',(-32.15,-10.67830268975,4.945852273082));
#6245 = CARTESIAN_POINT('',(-32.15,-11.0568758092,5.047290634715));
#6246 = CARTESIAN_POINT('',(-32.15,-11.43090519561,5.147511506748));
#6247 = CARTESIAN_POINT('',(-32.14999999999,-11.81685185136,
    5.250925601479));
#6248 = CARTESIAN_POINT('',(-32.15,-12.18033563426,5.348320787567));
#6249 = CARTESIAN_POINT('',(-32.14999999999,-12.57604435678,
    5.454350620204));
#6250 = CARTESIAN_POINT('',(-32.15,-12.93526552514,5.55060364217));
#6251 = CARTESIAN_POINT('',(-32.15,-13.32791780405,5.655814503211));
#6252 = CARTESIAN_POINT('',(-32.15,-13.69684147013,5.754667301607));
#6253 = CARTESIAN_POINT('',(-32.15,-14.07735366089,5.856625235831));
#6254 = CARTESIAN_POINT('',(-32.15,-14.07796682451,5.856789532528));
#6255 = CARTESIAN_POINT('',(-32.15,-14.07858001791,5.856953837203));
#6256 = CARTESIAN_POINT('',(-32.15,-14.07919324161,5.857118149999));
#6257 = CARTESIAN_POINT('',(-32.15,-14.07980649616,5.857282471061));
#6258 = CARTESIAN_POINT('',(-32.15,-14.08041978209,5.857446800531));
#6259 = CARTESIAN_POINT('',(-32.15,-14.08103309994,5.857611138552));
#6260 = CARTESIAN_POINT('',(-32.15,-14.08164645023,5.857775485268));
#6261 = CARTESIAN_POINT('',(-32.15,-14.08225983351,5.857939840821));
#6262 = CARTESIAN_POINT('',(-32.15,-14.0828732503,5.858104205355));
#6263 = CARTESIAN_POINT('',(-32.15,-14.08348670114,5.858268579013));
#6264 = CARTESIAN_POINT('',(-31.95,-9.923259473479,4.74353905303));
#6265 = CARTESIAN_POINT('',(-31.95,-10.30084866011,4.844713770661));
#6266 = CARTESIAN_POINT('',(-31.94998098949,-10.67827809352,
    4.945845682542));
#6267 = CARTESIAN_POINT('',(-31.95012207082,-11.05702455883,
    5.047330492057));
#6268 = CARTESIAN_POINT('',(-31.94959818399,-11.4304540493,
    5.147390622458));
#6269 = CARTESIAN_POINT('',(-31.95087310091,-11.81772459248,
    5.251159451755));
#6270 = CARTESIAN_POINT('',(-31.94860803499,-12.17916388474,
    5.348006818229));
#6271 = CARTESIAN_POINT('',(-31.95174872155,-12.57754231632,
    5.454751997254));
#6272 = CARTESIAN_POINT('',(-31.94815586637,-12.93657476088,
    5.550954450831));
#6273 = CARTESIAN_POINT('',(-31.95168733565,-13.33409130437,
    5.657468687637));
#6274 = CARTESIAN_POINT('',(-31.94884648466,-13.70355268368,
    5.756465565857));
#6275 = CARTESIAN_POINT('',(-31.95061129736,-14.06226088539,
    5.852581138824));
#6276 = CARTESIAN_POINT('',(-31.95061422298,-14.06283799308,
    5.852735774364));
#6277 = CARTESIAN_POINT('',(-31.95061723079,-14.06341421348,
    5.852890172155));
#6278 = CARTESIAN_POINT('',(-31.95062032106,-14.06398955235,
    5.853044333739));
#6279 = CARTESIAN_POINT('',(-31.95062349408,-14.06456401544,
    5.85319826066));
#6280 = CARTESIAN_POINT('',(-31.95062675012,-14.06513760851,
    5.853351954461));
#6281 = CARTESIAN_POINT('',(-31.95063008946,-14.06571033733,
    5.853505416684));
#6282 = CARTESIAN_POINT('',(-31.95063351238,-14.06628220764,
    5.853658648874));
#6283 = CARTESIAN_POINT('',(-31.95063701916,-14.06685322522,
    5.853811652573));
#6284 = CARTESIAN_POINT('',(-31.95064061007,-14.06742339582,
    5.853964429323));
#6285 = CARTESIAN_POINT('',(-31.9506442854,-14.06799272519,
    5.854116980669));
#6286 = DEFINITIONAL_REPRESENTATION('',(#6287),#6291);
#6287 = LINE('',#6288,#6289);
#6288 = CARTESIAN_POINT('',(0.,0.));
#6289 = VECTOR('',#6290,1.);
#6290 = DIRECTION('',(0.,1.));
#6291 = ( GEOMETRIC_REPRESENTATION_CONTEXT(2) 
PARAMETRIC_REPRESENTATION_CONTEXT() REPRESENTATION_CONTEXT('2D SPACE',''
  ) );
#6292 = ORIENTED_EDGE('',*,*,#6293,.T.);
#6293 = EDGE_CURVE('',#6166,#3504,#6294,.T.);
#6294 = SURFACE_CURVE('',#6295,(#6298,#6305),.PCURVE_S1.);
#6295 = B_SPLINE_CURVE_WITH_KNOTS('',1,(#6296,#6297),.UNSPECIFIED.,.F.,
  .F.,(2,2),(0.,1.),.PIECEWISE_BEZIER_KNOTS.);
#6296 = CARTESIAN_POINT('',(-32.15,-14.07674052652,5.85646094697));
#6297 = CARTESIAN_POINT('',(-32.15,1.679431511837,74.103940002192));
#6298 = PCURVE('',#3554,#6299);
#6299 = DEFINITIONAL_REPRESENTATION('',(#6300),#6304);
#6300 = LINE('',#6301,#6302);
#6301 = CARTESIAN_POINT('',(-0.7,0.));
#6302 = VECTOR('',#6303,1.);
#6303 = DIRECTION('',(0.,1.));
#6304 = ( GEOMETRIC_REPRESENTATION_CONTEXT(2) 
PARAMETRIC_REPRESENTATION_CONTEXT() REPRESENTATION_CONTEXT('2D SPACE',''
  ) );
#6305 = PCURVE('',#3675,#6306);
#6306 = DEFINITIONAL_REPRESENTATION('',(#6307),#6311);
#6307 = LINE('',#6308,#6309);
#6308 = CARTESIAN_POINT('',(4.712388980385,0.));
#6309 = VECTOR('',#6310,1.);
#6310 = DIRECTION('',(0.,1.));
#6311 = ( GEOMETRIC_REPRESENTATION_CONTEXT(2) 
PARAMETRIC_REPRESENTATION_CONTEXT() REPRESENTATION_CONTEXT('2D SPACE',''
  ) );
#6312 = ORIENTED_EDGE('',*,*,#3525,.T.);
#6313 = ORIENTED_EDGE('',*,*,#4467,.T.);
#6314 = ADVANCED_FACE('',(#6315),#3675,.F.);
#6315 = FACE_BOUND('',#6316,.F.);
#6316 = EDGE_LOOP('',(#6317,#6318,#6392,#6411));
#6317 = ORIENTED_EDGE('',*,*,#6293,.F.);
#6318 = ORIENTED_EDGE('',*,*,#6319,.T.);
#6319 = EDGE_CURVE('',#6166,#6320,#6322,.T.);
#6320 = VERTEX_POINT('',#6321);
#6321 = CARTESIAN_POINT('',(-31.45,-14.70944206331,6.225821925356));
#6322 = SURFACE_CURVE('',#6323,(#6335,#6351),.PCURVE_S1.);
#6323 = ( BOUNDED_CURVE() B_SPLINE_CURVE(10,(#6324,#6325,#6326,#6327,
    #6328,#6329,#6330,#6331,#6332,#6333,#6334),.UNSPECIFIED.,.F.,.F.) 
B_SPLINE_CURVE_WITH_KNOTS((11,11),(137.70561624438,138.79822971502),
.PIECEWISE_BEZIER_KNOTS.) CURVE() GEOMETRIC_REPRESENTATION_ITEM() 
RATIONAL_B_SPLINE_CURVE((1.,1.,1.,1.000000000001,0.999999999999,
    1.000000000001,0.999999999999,1.000000000001,1.,1.,1.)) 
REPRESENTATION_ITEM('') );
#6324 = CARTESIAN_POINT('',(-32.15,-14.03172289212,6.051453744271));
#6325 = CARTESIAN_POINT('',(-32.15,-14.13824662329,6.078856512552));
#6326 = CARTESIAN_POINT('',(-32.13089021724,-14.24450570432,
    6.106211590323));
#6327 = CARTESIAN_POINT('',(-32.09181291868,-14.34865111805,
    6.132966933094));
#6328 = CARTESIAN_POINT('',(-32.03697914436,-14.438234425,6.156076939127
    ));
#6329 = CARTESIAN_POINT('',(-31.96353842208,-14.52959335818,
    6.179515401907));
#6330 = CARTESIAN_POINT('',(-31.87574097807,-14.59647102091,
    6.196773571759));
#6331 = CARTESIAN_POINT('',(-31.77718968488,-14.6539176039,
    6.211528327893));
#6332 = CARTESIAN_POINT('',(-31.67060978436,-14.69063729127,
    6.220984751154));
#6333 = CARTESIAN_POINT('',(-31.56031333897,-14.70944206331,
    6.225821925356));
#6334 = CARTESIAN_POINT('',(-31.45,-14.70944206331,6.225821925356));
#6335 = PCURVE('',#3675,#6336);
#6336 = DEFINITIONAL_REPRESENTATION('',(#6337),#6350);
#6337 = B_SPLINE_CURVE_WITH_KNOTS('',11,(#6338,#6339,#6340,#6341,#6342,
    #6343,#6344,#6345,#6346,#6347,#6348,#6349),.UNSPECIFIED.,.F.,.F.,(12
    ,12),(137.70561624438,138.79822971502),.PIECEWISE_BEZIER_KNOTS.);
#6338 = CARTESIAN_POINT('',(4.712388980385,2.857142857143E-03));
#6339 = CARTESIAN_POINT('',(4.855278383783,2.842839885876E-03));
#6340 = CARTESIAN_POINT('',(4.997814300248,2.828799561049E-03));
#6341 = CARTESIAN_POINT('',(5.142241774307,2.814447668131E-03));
#6342 = CARTESIAN_POINT('',(5.279362186148,2.802292521497E-03));
#6343 = CARTESIAN_POINT('',(5.425300467193,2.789920128354E-03));
#6344 = CARTESIAN_POINT('',(5.566967735307,2.779314443352E-03));
#6345 = CARTESIAN_POINT('',(5.710186491239,2.771064063088E-03));
#6346 = CARTESIAN_POINT('',(5.85348097472,2.764062700584E-03));
#6347 = CARTESIAN_POINT('',(5.996644840007,2.759703197883E-03));
#6348 = CARTESIAN_POINT('',(6.139921230587,2.757430009422E-03));
#6349 = CARTESIAN_POINT('',(6.28318530718,2.757430009421E-03));
#6350 = ( GEOMETRIC_REPRESENTATION_CONTEXT(2) 
PARAMETRIC_REPRESENTATION_CONTEXT() REPRESENTATION_CONTEXT('2D SPACE',''
  ) );
#6351 = PCURVE('',#6352,#6386);
#6352 = ( BOUNDED_SURFACE() B_SPLINE_SURFACE(2,10,(
    (#6353,#6354,#6355,#6356,#6357,#6358,#6359,#6360,#6361,#6362,#6363)
    ,(#6364,#6365,#6366,#6367,#6368,#6369,#6370,#6371,#6372,#6373,#6374)
    ,(#6375,#6376,#6377,#6378,#6379,#6380,#6381,#6382,#6383,#6384,#6385
)),.UNSPECIFIED.,.F.,.F.,.F.) B_SPLINE_SURFACE_WITH_KNOTS((3,3),(11,11),
  (0.,1.092613470643),(137.70561624438,138.79822971502),
.PIECEWISE_BEZIER_KNOTS.) GEOMETRIC_REPRESENTATION_ITEM() 
RATIONAL_B_SPLINE_SURFACE((
    (1.,1.,1.,1.000000000001,0.999999999999,1.000000000001
      ,0.999999999999,1.000000000001,1.,1.,1.)
    ,(0.707106781187,0.709053673822,0.710955026887,0.71290728068
      ,0.714417581877,0.716175911313,0.7172865955,0.718359741929
      ,0.719001425024,0.719339800339,0.719339800339)
    ,(1.,1.,1.,1.000000000001,0.999999999999,1.000000000001
,0.999999999999,1.000000000001,1.,1.,1.
))) REPRESENTATION_ITEM('') SURFACE() );
#6353 = CARTESIAN_POINT('',(-32.15,-14.03172289212,6.051453744271));
#6354 = CARTESIAN_POINT('',(-32.15,-14.13824662329,6.078856512552));
#6355 = CARTESIAN_POINT('',(-32.13089021724,-14.24450570432,
    6.106211590323));
#6356 = CARTESIAN_POINT('',(-32.09181291868,-14.34865111805,
    6.132966933094));
#6357 = CARTESIAN_POINT('',(-32.03697914436,-14.438234425,6.156076939127
    ));
#6358 = CARTESIAN_POINT('',(-31.96353842208,-14.52959335818,
    6.179515401907));
#6359 = CARTESIAN_POINT('',(-31.87574097807,-14.59647102091,
    6.196773571759));
#6360 = CARTESIAN_POINT('',(-31.77718968488,-14.6539176039,
    6.211528327893));
#6361 = CARTESIAN_POINT('',(-31.67060978436,-14.69063729127,
    6.220984751154));
#6362 = CARTESIAN_POINT('',(-31.56031333897,-14.70944206331,
    6.225821925356));
#6363 = CARTESIAN_POINT('',(-31.45,-14.70944206331,6.225821925356));
#6364 = CARTESIAN_POINT('',(-32.15,-14.08348670114,5.858268579013));
#6365 = CARTESIAN_POINT('',(-32.1489052333,-14.18934859576,
    5.886634188185));
#6366 = CARTESIAN_POINT('',(-32.1288522484,-14.29493732883,
    5.914926603941));
#6367 = CARTESIAN_POINT('',(-32.08889457799,-14.39787128746,
    5.94250767503));
#6368 = CARTESIAN_POINT('',(-32.03373397138,-14.4862367083,
    5.966185118182));
#6369 = CARTESIAN_POINT('',(-31.96013520624,-14.57625034633,
    5.990304199802));
#6370 = CARTESIAN_POINT('',(-31.87248356654,-14.64208821323,
    6.007945403069));
#6371 = CARTESIAN_POINT('',(-31.77444647511,-14.69845965294,
    6.023050084813));
#6372 = CARTESIAN_POINT('',(-31.66860457105,-14.73447965758,
    6.032701615969));
#6373 = CARTESIAN_POINT('',(-31.5592612452,-14.75288860492,
    6.037634278542));
#6374 = CARTESIAN_POINT('',(-31.45,-14.75288860492,6.037634278542));
#6375 = CARTESIAN_POINT('',(-31.9506442854,-14.06799272519,
    5.854116980669));
#6376 = CARTESIAN_POINT('',(-31.95128078705,-14.16659036405,
    5.880536138377));
#6377 = CARTESIAN_POINT('',(-31.93527483036,-14.23855452522,
    5.899818877248));
#6378 = CARTESIAN_POINT('',(-31.90454300688,-14.30817614217,
    5.918473933286));
#6379 = CARTESIAN_POINT('',(-31.87454048356,-14.36923398702,
    5.934834333502));
#6380 = CARTESIAN_POINT('',(-31.81516063574,-14.4397579557,
    5.953731173959));
#6381 = CARTESIAN_POINT('',(-31.75660726565,-14.48368200125,
    5.965500586493));
#6382 = CARTESIAN_POINT('',(-31.68415682434,-14.52701994839,
    5.97711295443));
#6383 = CARTESIAN_POINT('',(-31.60829624496,-14.55272249517,
    5.983999931082));
#6384 = CARTESIAN_POINT('',(-31.5291148572,-14.56633185937,5.98764654923
    ));
#6385 = CARTESIAN_POINT('',(-31.45,-14.56633185937,5.98764654923));
#6386 = DEFINITIONAL_REPRESENTATION('',(#6387),#6391);
#6387 = LINE('',#6388,#6389);
#6388 = CARTESIAN_POINT('',(0.,0.));
#6389 = VECTOR('',#6390,1.);
#6390 = DIRECTION('',(0.,1.));
#6391 = ( GEOMETRIC_REPRESENTATION_CONTEXT(2) 
PARAMETRIC_REPRESENTATION_CONTEXT() REPRESENTATION_CONTEXT('2D SPACE',''
  ) );
#6392 = ORIENTED_EDGE('',*,*,#6393,.T.);
#6393 = EDGE_CURVE('',#6320,#3604,#6394,.T.);
#6394 = SURFACE_CURVE('',#6395,(#6398,#6405),.PCURVE_S1.);
#6395 = B_SPLINE_CURVE_WITH_KNOTS('',1,(#6396,#6397),.UNSPECIFIED.,.F.,
  .F.,(2,2),(0.,1.),.PIECEWISE_BEZIER_KNOTS.);
#6396 = CARTESIAN_POINT('',(-31.45,-14.75288860492,6.037634278542));
#6397 = CARTESIAN_POINT('',(-31.45,1.003283433435,74.285113333764));
#6398 = PCURVE('',#3675,#6399);
#6399 = DEFINITIONAL_REPRESENTATION('',(#6400),#6404);
#6400 = LINE('',#6401,#6402);
#6401 = CARTESIAN_POINT('',(6.28318530718,0.));
#6402 = VECTOR('',#6403,1.);
#6403 = DIRECTION('',(0.,1.));
#6404 = ( GEOMETRIC_REPRESENTATION_CONTEXT(2) 
PARAMETRIC_REPRESENTATION_CONTEXT() REPRESENTATION_CONTEXT('2D SPACE',''
  ) );
#6405 = PCURVE('',#3756,#6406);
#6406 = DEFINITIONAL_REPRESENTATION('',(#6407),#6410);
#6407 = B_SPLINE_CURVE_WITH_KNOTS('',1,(#6408,#6409),.UNSPECIFIED.,.F.,
  .F.,(2,2),(0.,1.),.PIECEWISE_BEZIER_KNOTS.);
#6408 = CARTESIAN_POINT('',(0.7,-70.04266810091));
#6409 = CARTESIAN_POINT('',(0.7,0.));
#6410 = ( GEOMETRIC_REPRESENTATION_CONTEXT(2) 
PARAMETRIC_REPRESENTATION_CONTEXT() REPRESENTATION_CONTEXT('2D SPACE',''
  ) );
#6411 = ORIENTED_EDGE('',*,*,#3654,.T.);
#6412 = ADVANCED_FACE('',(#6413),#3730,.T.);
#6413 = FACE_BOUND('',#6414,.F.);
#6414 = EDGE_LOOP('',(#6415,#6437,#6438));
#6415 = ORIENTED_EDGE('',*,*,#6416,.F.);
#6416 = EDGE_CURVE('',#3773,#3714,#6417,.T.);
#6417 = SURFACE_CURVE('',#6418,(#6423,#6430),.PCURVE_S1.);
#6418 = CIRCLE('',#6419,0.8);
#6419 = AXIS2_PLACEMENT_3D('',#6420,#6421,#6422);
#6420 = CARTESIAN_POINT('',(-23.55,-14.28300058696,11.629272078035));
#6421 = DIRECTION('',(0.,0.224951054344,0.974370064785));
#6422 = DIRECTION('',(0.,0.974370064785,-0.224951054344));
#6423 = PCURVE('',#3730,#6424);
#6424 = DEFINITIONAL_REPRESENTATION('',(#6425),#6429);
#6425 = LINE('',#6426,#6427);
#6426 = CARTESIAN_POINT('',(-0.,-6.28318530718));
#6427 = VECTOR('',#6428,1.);
#6428 = DIRECTION('',(-0.,1.));
#6429 = ( GEOMETRIC_REPRESENTATION_CONTEXT(2) 
PARAMETRIC_REPRESENTATION_CONTEXT() REPRESENTATION_CONTEXT('2D SPACE',''
  ) );
#6430 = PCURVE('',#5497,#6431);
#6431 = DEFINITIONAL_REPRESENTATION('',(#6432),#6436);
#6432 = LINE('',#6433,#6434);
#6433 = CARTESIAN_POINT('',(4.712388980385,1.219952027664));
#6434 = VECTOR('',#6435,1.);
#6435 = DIRECTION('',(-1.,0.));
#6436 = ( GEOMETRIC_REPRESENTATION_CONTEXT(2) 
PARAMETRIC_REPRESENTATION_CONTEXT() REPRESENTATION_CONTEXT('2D SPACE',''
  ) );
#6437 = ORIENTED_EDGE('',*,*,#3772,.T.);
#6438 = ORIENTED_EDGE('',*,*,#3713,.F.);
#6439 = ADVANCED_FACE('',(#6440),#3756,.F.);
#6440 = FACE_BOUND('',#6441,.F.);
#6441 = EDGE_LOOP('',(#6442,#6443,#6471,#6509,#6532,#6555,#6600,#6623,
    #6668,#6689));
#6442 = ORIENTED_EDGE('',*,*,#6393,.F.);
#6443 = ORIENTED_EDGE('',*,*,#6444,.T.);
#6444 = EDGE_CURVE('',#6320,#6445,#6447,.T.);
#6445 = VERTEX_POINT('',#6446);
#6446 = CARTESIAN_POINT('',(31.45,-14.70944206331,6.225821925356));
#6447 = SURFACE_CURVE('',#6448,(#6452,#6459),.PCURVE_S1.);
#6448 = LINE('',#6449,#6450);
#6449 = CARTESIAN_POINT('',(-31.45,-14.70944206331,6.225821925356));
#6450 = VECTOR('',#6451,1.);
#6451 = DIRECTION('',(1.,0.,0.));
#6452 = PCURVE('',#3756,#6453);
#6453 = DEFINITIONAL_REPRESENTATION('',(#6454),#6458);
#6454 = LINE('',#6455,#6456);
#6455 = CARTESIAN_POINT('',(0.7,-69.84953034595));
#6456 = VECTOR('',#6457,1.);
#6457 = DIRECTION('',(1.,0.));
#6458 = ( GEOMETRIC_REPRESENTATION_CONTEXT(2) 
PARAMETRIC_REPRESENTATION_CONTEXT() REPRESENTATION_CONTEXT('2D SPACE',''
  ) );
#6459 = PCURVE('',#6460,#6465);
#6460 = CYLINDRICAL_SURFACE('',#6461,0.2);
#6461 = AXIS2_PLACEMENT_3D('',#6462,#6463,#6464);
#6462 = CARTESIAN_POINT('',(-31.45,-14.51456805035,6.180831714488));
#6463 = DIRECTION('',(1.,0.,0.));
#6464 = DIRECTION('',(0.,-0.974370064785,0.224951054344));
#6465 = DEFINITIONAL_REPRESENTATION('',(#6466),#6470);
#6466 = LINE('',#6467,#6468);
#6467 = CARTESIAN_POINT('',(0.,0.));
#6468 = VECTOR('',#6469,1.);
#6469 = DIRECTION('',(0.,1.));
#6470 = ( GEOMETRIC_REPRESENTATION_CONTEXT(2) 
PARAMETRIC_REPRESENTATION_CONTEXT() REPRESENTATION_CONTEXT('2D SPACE',''
  ) );
#6471 = ORIENTED_EDGE('',*,*,#6472,.T.);
#6472 = EDGE_CURVE('',#6445,#6473,#6475,.T.);
#6473 = VERTEX_POINT('',#6474);
#6474 = CARTESIAN_POINT('',(31.45,-13.50350453513,11.44931123456));
#6475 = SURFACE_CURVE('',#6476,(#6479,#6485),.PCURVE_S1.);
#6476 = B_SPLINE_CURVE_WITH_KNOTS('',1,(#6477,#6478),.UNSPECIFIED.,.F.,
  .F.,(2,2),(0.,1.),.PIECEWISE_BEZIER_KNOTS.);
#6477 = CARTESIAN_POINT('',(31.45,-14.75288860492,6.037634278542));
#6478 = CARTESIAN_POINT('',(31.45,1.003283433435,74.285113333764));
#6479 = PCURVE('',#3756,#6480);
#6480 = DEFINITIONAL_REPRESENTATION('',(#6481),#6484);
#6481 = B_SPLINE_CURVE_WITH_KNOTS('',1,(#6482,#6483),.UNSPECIFIED.,.F.,
  .F.,(2,2),(0.,1.),.PIECEWISE_BEZIER_KNOTS.);
#6482 = CARTESIAN_POINT('',(63.6,-70.04266810091));
#6483 = CARTESIAN_POINT('',(63.6,0.));
#6484 = ( GEOMETRIC_REPRESENTATION_CONTEXT(2) 
PARAMETRIC_REPRESENTATION_CONTEXT() REPRESENTATION_CONTEXT('2D SPACE',''
  ) );
#6485 = PCURVE('',#6486,#6503);
#6486 = B_SPLINE_SURFACE_WITH_KNOTS('',7,1,(
    (#6487,#6488)
    ,(#6489,#6490)
    ,(#6491,#6492)
    ,(#6493,#6494)
    ,(#6495,#6496)
    ,(#6497,#6498)
    ,(#6499,#6500)
    ,(#6501,#6502
    )),.UNSPECIFIED.,.F.,.F.,.F.,(8,8),(2,2),(-5.329070518201E-15,
    1.570796326795),(0.,1.),.PIECEWISE_BEZIER_KNOTS.);
#6487 = CARTESIAN_POINT('',(31.45,-14.75288860492,6.037634278542));
#6488 = CARTESIAN_POINT('',(31.45,1.003283433435,74.285113333764));
#6489 = CARTESIAN_POINT('',(31.60707963268,-14.75288860492,
    6.037634278542));
#6490 = CARTESIAN_POINT('',(31.60707963268,1.003283433435,
    74.285113333764));
#6491 = CARTESIAN_POINT('',(31.764158505488,-14.71316565817,
    6.026990547039));
#6492 = CARTESIAN_POINT('',(31.764158505488,1.043006380185,
    74.27446960226));
#6493 = CARTESIAN_POINT('',(31.908322858577,-14.63372610819,
    6.005704783776));
#6494 = CARTESIAN_POINT('',(31.908322858577,1.122445930161,
    74.253183839001));
#6495 = CARTESIAN_POINT('',(32.026633905541,-14.51944641239,
    5.975083631576));
#6496 = CARTESIAN_POINT('',(32.026633905541,1.236725625959,
    74.222562686795));
#6497 = CARTESIAN_POINT('',(32.108875779414,-14.38019434052,
    5.937771151372));
#6498 = CARTESIAN_POINT('',(32.108875779414,1.375977697838,
    74.185250206595));
#6499 = CARTESIAN_POINT('',(32.15,-14.22846780051,5.897116147506));
#6500 = CARTESIAN_POINT('',(32.15,1.527704237848,74.144595202727));
#6501 = CARTESIAN_POINT('',(32.15,-14.07674052652,5.85646094697));
#6502 = CARTESIAN_POINT('',(32.15,1.679431511837,74.103940002192));
#6503 = DEFINITIONAL_REPRESENTATION('',(#6504),#6508);
#6504 = LINE('',#6505,#6506);
#6505 = CARTESIAN_POINT('',(-5.329070518201E-15,0.));
#6506 = VECTOR('',#6507,1.);
#6507 = DIRECTION('',(0.,1.));
#6508 = ( GEOMETRIC_REPRESENTATION_CONTEXT(2) 
PARAMETRIC_REPRESENTATION_CONTEXT() REPRESENTATION_CONTEXT('2D SPACE',''
  ) );
#6509 = ORIENTED_EDGE('',*,*,#6510,.F.);
#6510 = EDGE_CURVE('',#6511,#6473,#6513,.T.);
#6511 = VERTEX_POINT('',#6512);
#6512 = CARTESIAN_POINT('',(23.55,-13.50350453513,11.44931123456));
#6513 = SURFACE_CURVE('',#6514,(#6518,#6525),.PCURVE_S1.);
#6514 = LINE('',#6515,#6516);
#6515 = CARTESIAN_POINT('',(22.75,-13.50350453513,11.44931123456));
#6516 = VECTOR('',#6517,1.);
#6517 = DIRECTION('',(1.,0.,0.));
#6518 = PCURVE('',#3756,#6519);
#6519 = DEFINITIONAL_REPRESENTATION('',(#6520),#6524);
#6520 = LINE('',#6521,#6522);
#6521 = CARTESIAN_POINT('',(54.9,-64.4886418109));
#6522 = VECTOR('',#6523,1.);
#6523 = DIRECTION('',(1.,0.));
#6524 = ( GEOMETRIC_REPRESENTATION_CONTEXT(2) 
PARAMETRIC_REPRESENTATION_CONTEXT() REPRESENTATION_CONTEXT('2D SPACE',''
  ) );
#6525 = PCURVE('',#5734,#6526);
#6526 = DEFINITIONAL_REPRESENTATION('',(#6527),#6531);
#6527 = LINE('',#6528,#6529);
#6528 = CARTESIAN_POINT('',(-1.980760215163,0.));
#6529 = VECTOR('',#6530,1.);
#6530 = DIRECTION('',(-0.,1.));
#6531 = ( GEOMETRIC_REPRESENTATION_CONTEXT(2) 
PARAMETRIC_REPRESENTATION_CONTEXT() REPRESENTATION_CONTEXT('2D SPACE',''
  ) );
#6532 = ORIENTED_EDGE('',*,*,#6533,.F.);
#6533 = EDGE_CURVE('',#6534,#6511,#6536,.T.);
#6534 = VERTEX_POINT('',#6535);
#6535 = CARTESIAN_POINT('',(23.55,-14.03757649206,9.135991437973));
#6536 = SURFACE_CURVE('',#6537,(#6541,#6548),.PCURVE_S1.);
#6537 = LINE('',#6538,#6539);
#6538 = CARTESIAN_POINT('',(23.55,-14.04386086319,9.108770836027));
#6539 = VECTOR('',#6540,1.);
#6540 = DIRECTION('',(0.,0.224951054344,0.974370064785));
#6541 = PCURVE('',#3756,#6542);
#6542 = DEFINITIONAL_REPRESENTATION('',(#6543),#6547);
#6543 = LINE('',#6544,#6545);
#6544 = CARTESIAN_POINT('',(55.7,-66.89074803637));
#6545 = VECTOR('',#6546,1.);
#6546 = DIRECTION('',(0.,1.));
#6547 = ( GEOMETRIC_REPRESENTATION_CONTEXT(2) 
PARAMETRIC_REPRESENTATION_CONTEXT() REPRESENTATION_CONTEXT('2D SPACE',''
  ) );
#6548 = PCURVE('',#6006,#6549);
#6549 = DEFINITIONAL_REPRESENTATION('',(#6550),#6554);
#6550 = LINE('',#6551,#6552);
#6551 = CARTESIAN_POINT('',(-1.570796326795,0.));
#6552 = VECTOR('',#6553,1.);
#6553 = DIRECTION('',(-0.,1.));
#6554 = ( GEOMETRIC_REPRESENTATION_CONTEXT(2) 
PARAMETRIC_REPRESENTATION_CONTEXT() REPRESENTATION_CONTEXT('2D SPACE',''
  ) );
#6555 = ORIENTED_EDGE('',*,*,#6556,.F.);
#6556 = EDGE_CURVE('',#6557,#6534,#6559,.T.);
#6557 = VERTEX_POINT('',#6558);
#6558 = CARTESIAN_POINT('',(20.75,-14.6678233736,6.406092275764));
#6559 = SURFACE_CURVE('',#6560,(#6575,#6593),.PCURVE_S1.);
#6560 = ( BOUNDED_CURVE() B_SPLINE_CURVE(7,(#6561,#6562,#6563,#6564,
    #6565,#6566,#6567,#6568,#6569,#6570,#6571,#6572,#6573,#6574),
.UNSPECIFIED.,.F.,.F.) B_SPLINE_CURVE_WITH_KNOTS((8,6,8),(
48.264608449601,51.407166952859,51.43509526166),.UNSPECIFIED.) CURVE() 
GEOMETRIC_REPRESENTATION_ITEM() RATIONAL_B_SPLINE_CURVE((1.,1.,1.,1.,1.,
1.,1.,1.,1.,1.,1.,1.,1.,1.)) REPRESENTATION_ITEM('') );
#6561 = CARTESIAN_POINT('',(20.75,-14.6678233736,6.406092275764));
#6562 = CARTESIAN_POINT('',(21.372261815957,-14.6678233736,
    6.406092275764));
#6563 = CARTESIAN_POINT('',(21.99448074736,-14.63150366972,
    6.563410196859));
#6564 = CARTESIAN_POINT('',(22.567239984778,-14.55888895652,
    6.877939075205));
#6565 = CARTESIAN_POINT('',(23.039648063854,-14.45411235873,
    7.331776380704));
#6566 = CARTESIAN_POINT('',(23.373374071232,-14.3259638683,
    7.886848475341));
#6567 = CARTESIAN_POINT('',(23.543389258868,-14.18502713177,
    8.497312549428));
#6568 = CARTESIAN_POINT('',(23.549861929715,-14.04276318063,
    9.113525421559));
#6569 = CARTESIAN_POINT('',(23.549906039129,-14.04210945007,
    9.116357039717));
#6570 = CARTESIAN_POINT('',(23.54994444839,-14.04118919491,
    9.120343102745));
#6571 = CARTESIAN_POINT('',(23.549972941807,-14.04023094843,
    9.124493724266));
#6572 = CARTESIAN_POINT('',(23.549990261728,-14.0393893926,
    9.128138903032));
#6573 = CARTESIAN_POINT('',(23.55,-14.03847425937,9.132102780552));
#6574 = CARTESIAN_POINT('',(23.55,-14.03757649206,9.135991437973));
#6575 = PCURVE('',#3756,#6576);
#6576 = DEFINITIONAL_REPRESENTATION('',(#6577),#6592);
#6577 = ( BOUNDED_CURVE() B_SPLINE_CURVE(7,(#6578,#6579,#6580,#6581,
    #6582,#6583,#6584,#6585,#6586,#6587,#6588,#6589,#6590,#6591),
.UNSPECIFIED.,.F.,.F.) B_SPLINE_CURVE_WITH_KNOTS((8,6,8),(
48.264608449601,51.407166952859,51.43509526166),.UNSPECIFIED.) CURVE() 
GEOMETRIC_REPRESENTATION_ITEM() RATIONAL_B_SPLINE_CURVE((1.,1.,1.,1.,1.,
1.,1.,1.,1.,1.,1.,1.,1.,1.)) REPRESENTATION_ITEM('') );
#6578 = CARTESIAN_POINT('',(52.9,-69.66451814482));
#6579 = CARTESIAN_POINT('',(53.522261815957,-69.66451814482));
#6580 = CARTESIAN_POINT('',(54.14448074736,-69.50306211617));
#6581 = CARTESIAN_POINT('',(54.717239984778,-69.1802598363));
#6582 = CARTESIAN_POINT('',(55.189648063854,-68.7144847454));
#6583 = CARTESIAN_POINT('',(55.523374071232,-68.14481197455));
#6584 = CARTESIAN_POINT('',(55.693389258868,-67.51829018765));
#6585 = CARTESIAN_POINT('',(55.699861929715,-66.88586838571));
#6586 = CARTESIAN_POINT('',(55.699906039129,-66.88296228436));
#6587 = CARTESIAN_POINT('',(55.69994444839,-66.8788713715));
#6588 = CARTESIAN_POINT('',(55.699972941807,-66.87461157159));
#6589 = CARTESIAN_POINT('',(55.699990261728,-66.87087050964));
#6590 = CARTESIAN_POINT('',(55.7,-66.86680236586));
#6591 = CARTESIAN_POINT('',(55.7,-66.86281142078));
#6592 = ( GEOMETRIC_REPRESENTATION_CONTEXT(2) 
PARAMETRIC_REPRESENTATION_CONTEXT() REPRESENTATION_CONTEXT('2D SPACE',''
  ) );
#6593 = PCURVE('',#6091,#6594);
#6594 = DEFINITIONAL_REPRESENTATION('',(#6595),#6599);
#6595 = LINE('',#6596,#6597);
#6596 = CARTESIAN_POINT('',(3.170486812059,0.));
#6597 = VECTOR('',#6598,1.);
#6598 = DIRECTION('',(0.,1.));
#6599 = ( GEOMETRIC_REPRESENTATION_CONTEXT(2) 
PARAMETRIC_REPRESENTATION_CONTEXT() REPRESENTATION_CONTEXT('2D SPACE',''
  ) );
#6600 = ORIENTED_EDGE('',*,*,#6601,.F.);
#6601 = EDGE_CURVE('',#6602,#6557,#6604,.T.);
#6602 = VERTEX_POINT('',#6603);
#6603 = CARTESIAN_POINT('',(-20.75,-14.6678233736,6.406092275764));
#6604 = SURFACE_CURVE('',#6605,(#6609,#6616),.PCURVE_S1.);
#6605 = LINE('',#6606,#6607);
#6606 = CARTESIAN_POINT('',(-20.75,-14.6678233736,6.406092275764));
#6607 = VECTOR('',#6608,1.);
#6608 = DIRECTION('',(1.,0.,0.));
#6609 = PCURVE('',#3756,#6610);
#6610 = DEFINITIONAL_REPRESENTATION('',(#6611),#6615);
#6611 = LINE('',#6612,#6613);
#6612 = CARTESIAN_POINT('',(11.4,-69.66451814482));
#6613 = VECTOR('',#6614,1.);
#6614 = DIRECTION('',(1.,0.));
#6615 = ( GEOMETRIC_REPRESENTATION_CONTEXT(2) 
PARAMETRIC_REPRESENTATION_CONTEXT() REPRESENTATION_CONTEXT('2D SPACE',''
  ) );
#6616 = PCURVE('',#5950,#6617);
#6617 = DEFINITIONAL_REPRESENTATION('',(#6618),#6622);
#6618 = LINE('',#6619,#6620);
#6619 = CARTESIAN_POINT('',(-1.535889741755,0.));
#6620 = VECTOR('',#6621,1.);
#6621 = DIRECTION('',(-0.,1.));
#6622 = ( GEOMETRIC_REPRESENTATION_CONTEXT(2) 
PARAMETRIC_REPRESENTATION_CONTEXT() REPRESENTATION_CONTEXT('2D SPACE',''
  ) );
#6623 = ORIENTED_EDGE('',*,*,#6624,.F.);
#6624 = EDGE_CURVE('',#6625,#6602,#6627,.T.);
#6625 = VERTEX_POINT('',#6626);
#6626 = CARTESIAN_POINT('',(-23.55,-14.03757649206,9.135991437973));
#6627 = SURFACE_CURVE('',#6628,(#6643,#6661),.PCURVE_S1.);
#6628 = ( BOUNDED_CURVE() B_SPLINE_CURVE(7,(#6629,#6630,#6631,#6632,
    #6633,#6634,#6635,#6636,#6637,#6638,#6639,#6640,#6641,#6642),
.UNSPECIFIED.,.F.,.F.) B_SPLINE_CURVE_WITH_KNOTS((8,6,8),(3.594121637542
,3.622049946343,6.764608449608),.UNSPECIFIED.) CURVE() 
GEOMETRIC_REPRESENTATION_ITEM() RATIONAL_B_SPLINE_CURVE((1.,1.,1.,1.,1.,
1.,1.,1.,1.,1.,1.,1.,1.,1.)) REPRESENTATION_ITEM('') );
#6629 = CARTESIAN_POINT('',(-23.55,-14.03757649206,9.135991437973));
#6630 = CARTESIAN_POINT('',(-23.55,-14.03847425937,9.132102780552));
#6631 = CARTESIAN_POINT('',(-23.54999026172,-14.0393893926,
    9.128138903032));
#6632 = CARTESIAN_POINT('',(-23.5499729418,-14.04023094843,
    9.124493724266));
#6633 = CARTESIAN_POINT('',(-23.54994444839,-14.04118919491,
    9.120343102745));
#6634 = CARTESIAN_POINT('',(-23.54990603912,-14.04210945007,
    9.116357039717));
#6635 = CARTESIAN_POINT('',(-23.54986192971,-14.04276318063,
    9.11352542156));
#6636 = CARTESIAN_POINT('',(-23.54338925886,-14.18502713177,
    8.497312549423));
#6637 = CARTESIAN_POINT('',(-23.37337407123,-14.3259638683,
    7.886848475353));
#6638 = CARTESIAN_POINT('',(-23.03964806385,-14.45411235874,
    7.33177638069));
#6639 = CARTESIAN_POINT('',(-22.56723998477,-14.55888895652,
    6.877939075215));
#6640 = CARTESIAN_POINT('',(-21.99448074736,-14.63150366972,
    6.563410196856));
#6641 = CARTESIAN_POINT('',(-21.37226181595,-14.6678233736,
    6.406092275764));
#6642 = CARTESIAN_POINT('',(-20.75,-14.6678233736,6.406092275764));
#6643 = PCURVE('',#3756,#6644);
#6644 = DEFINITIONAL_REPRESENTATION('',(#6645),#6660);
#6645 = ( BOUNDED_CURVE() B_SPLINE_CURVE(7,(#6646,#6647,#6648,#6649,
    #6650,#6651,#6652,#6653,#6654,#6655,#6656,#6657,#6658,#6659),
.UNSPECIFIED.,.F.,.F.) B_SPLINE_CURVE_WITH_KNOTS((8,6,8),(3.594121637542
,3.622049946343,6.764608449608),.UNSPECIFIED.) CURVE() 
GEOMETRIC_REPRESENTATION_ITEM() RATIONAL_B_SPLINE_CURVE((1.,1.,1.,1.,1.,
1.,1.,1.,1.,1.,1.,1.,1.,1.)) REPRESENTATION_ITEM('') );
#6646 = CARTESIAN_POINT('',(8.6,-66.86281142078));
#6647 = CARTESIAN_POINT('',(8.6,-66.86680236586));
#6648 = CARTESIAN_POINT('',(8.600009738272,-66.87087050965));
#6649 = CARTESIAN_POINT('',(8.600027058193,-66.87461157159));
#6650 = CARTESIAN_POINT('',(8.60005555161,-66.8788713715));
#6651 = CARTESIAN_POINT('',(8.600093960871,-66.88296228436));
#6652 = CARTESIAN_POINT('',(8.600138070285,-66.88586838571));
#6653 = CARTESIAN_POINT('',(8.606610741132,-67.51829018766));
#6654 = CARTESIAN_POINT('',(8.776625928768,-68.14481197454));
#6655 = CARTESIAN_POINT('',(9.110351936145,-68.71448474541));
#6656 = CARTESIAN_POINT('',(9.582760015224,-69.18025983629));
#6657 = CARTESIAN_POINT('',(10.155519252639,-69.50306211617));
#6658 = CARTESIAN_POINT('',(10.777738184043,-69.66451814482));
#6659 = CARTESIAN_POINT('',(11.4,-69.66451814482));
#6660 = ( GEOMETRIC_REPRESENTATION_CONTEXT(2) 
PARAMETRIC_REPRESENTATION_CONTEXT() REPRESENTATION_CONTEXT('2D SPACE',''
  ) );
#6661 = PCURVE('',#5584,#6662);
#6662 = DEFINITIONAL_REPRESENTATION('',(#6663),#6667);
#6663 = LINE('',#6664,#6665);
#6664 = CARTESIAN_POINT('',(3.170486812066,0.));
#6665 = VECTOR('',#6666,1.);
#6666 = DIRECTION('',(0.,1.));
#6667 = ( GEOMETRIC_REPRESENTATION_CONTEXT(2) 
PARAMETRIC_REPRESENTATION_CONTEXT() REPRESENTATION_CONTEXT('2D SPACE',''
  ) );
#6668 = ORIENTED_EDGE('',*,*,#6669,.F.);
#6669 = EDGE_CURVE('',#3714,#6625,#6670,.T.);
#6670 = SURFACE_CURVE('',#6671,(#6675,#6682),.PCURVE_S1.);
#6671 = LINE('',#6672,#6673);
#6672 = CARTESIAN_POINT('',(-23.55,-13.22907504026,12.63799597079));
#6673 = VECTOR('',#6674,1.);
#6674 = DIRECTION('',(0.,-0.224951054344,-0.974370064785));
#6675 = PCURVE('',#3756,#6676);
#6676 = DEFINITIONAL_REPRESENTATION('',(#6677),#6681);
#6677 = LINE('',#6678,#6679);
#6678 = CARTESIAN_POINT('',(8.6,-63.26868978324));
#6679 = VECTOR('',#6680,1.);
#6680 = DIRECTION('',(0.,-1.));
#6681 = ( GEOMETRIC_REPRESENTATION_CONTEXT(2) 
PARAMETRIC_REPRESENTATION_CONTEXT() REPRESENTATION_CONTEXT('2D SPACE',''
  ) );
#6682 = PCURVE('',#5497,#6683);
#6683 = DEFINITIONAL_REPRESENTATION('',(#6684),#6688);
#6684 = LINE('',#6685,#6686);
#6685 = CARTESIAN_POINT('',(-1.570796326795,0.));
#6686 = VECTOR('',#6687,1.);
#6687 = DIRECTION('',(-0.,1.));
#6688 = ( GEOMETRIC_REPRESENTATION_CONTEXT(2) 
PARAMETRIC_REPRESENTATION_CONTEXT() REPRESENTATION_CONTEXT('2D SPACE',''
  ) );
#6689 = ORIENTED_EDGE('',*,*,#3742,.T.);
#6690 = ADVANCED_FACE('',(#6691),#3916,.T.);
#6691 = FACE_BOUND('',#6692,.F.);
#6692 = EDGE_LOOP('',(#6693,#6694,#6695));
#6693 = ORIENTED_EDGE('',*,*,#3901,.F.);
#6694 = ORIENTED_EDGE('',*,*,#3984,.T.);
#6695 = ORIENTED_EDGE('',*,*,#5407,.F.);
#6696 = ADVANCED_FACE('',(#6697),#3972,.T.);
#6697 = FACE_BOUND('',#6698,.T.);
#6698 = EDGE_LOOP('',(#6699,#6722,#6723,#6724));
#6699 = ORIENTED_EDGE('',*,*,#6700,.T.);
#6700 = EDGE_CURVE('',#6701,#3933,#6703,.T.);
#6701 = VERTEX_POINT('',#6702);
#6702 = CARTESIAN_POINT('',(-11.18,1.787156159308,4.980742989329));
#6703 = SURFACE_CURVE('',#6704,(#6708,#6715),.PCURVE_S1.);
#6704 = LINE('',#6705,#6706);
#6705 = CARTESIAN_POINT('',(-11.38,1.787156159308,4.980742989329));
#6706 = VECTOR('',#6707,1.);
#6707 = DIRECTION('',(1.,0.,0.));
#6708 = PCURVE('',#3972,#6709);
#6709 = DEFINITIONAL_REPRESENTATION('',(#6710),#6714);
#6710 = LINE('',#6711,#6712);
#6711 = CARTESIAN_POINT('',(0.,0.));
#6712 = VECTOR('',#6713,1.);
#6713 = DIRECTION('',(0.,-1.));
#6714 = ( GEOMETRIC_REPRESENTATION_CONTEXT(2) 
PARAMETRIC_REPRESENTATION_CONTEXT() REPRESENTATION_CONTEXT('2D SPACE',''
  ) );
#6715 = PCURVE('',#4051,#6716);
#6716 = DEFINITIONAL_REPRESENTATION('',(#6717),#6721);
#6717 = LINE('',#6718,#6719);
#6718 = CARTESIAN_POINT('',(-3.14159265359,0.));
#6719 = VECTOR('',#6720,1.);
#6720 = DIRECTION('',(-0.,-1.));
#6721 = ( GEOMETRIC_REPRESENTATION_CONTEXT(2) 
PARAMETRIC_REPRESENTATION_CONTEXT() REPRESENTATION_CONTEXT('2D SPACE',''
  ) );
#6722 = ORIENTED_EDGE('',*,*,#3956,.T.);
#6723 = ORIENTED_EDGE('',*,*,#5429,.T.);
#6724 = ORIENTED_EDGE('',*,*,#6725,.F.);
#6725 = EDGE_CURVE('',#6701,#5337,#6726,.T.);
#6726 = SURFACE_CURVE('',#6727,(#6731,#6738),.PCURVE_S1.);
#6727 = LINE('',#6728,#6729);
#6728 = CARTESIAN_POINT('',(-11.18,1.787156159308,4.980742989329));
#6729 = VECTOR('',#6730,1.);
#6730 = DIRECTION('',(0.,0.258819045103,0.965925826289));
#6731 = PCURVE('',#3972,#6732);
#6732 = DEFINITIONAL_REPRESENTATION('',(#6733),#6737);
#6733 = LINE('',#6734,#6735);
#6734 = CARTESIAN_POINT('',(0.,-0.2));
#6735 = VECTOR('',#6736,1.);
#6736 = DIRECTION('',(1.,0.));
#6737 = ( GEOMETRIC_REPRESENTATION_CONTEXT(2) 
PARAMETRIC_REPRESENTATION_CONTEXT() REPRESENTATION_CONTEXT('2D SPACE',''
  ) );
#6738 = PCURVE('',#5358,#6739);
#6739 = DEFINITIONAL_REPRESENTATION('',(#6740),#6744);
#6740 = LINE('',#6741,#6742);
#6741 = CARTESIAN_POINT('',(0.,0.));
#6742 = VECTOR('',#6743,1.);
#6743 = DIRECTION('',(0.,1.));
#6744 = ( GEOMETRIC_REPRESENTATION_CONTEXT(2) 
PARAMETRIC_REPRESENTATION_CONTEXT() REPRESENTATION_CONTEXT('2D SPACE',''
  ) );
#6745 = ADVANCED_FACE('',(#6746),#4051,.F.);
#6746 = FACE_BOUND('',#6747,.T.);
#6747 = EDGE_LOOP('',(#6748,#6749,#6778,#6801,#6914,#6942,#7055,#7076));
#6748 = ORIENTED_EDGE('',*,*,#6700,.F.);
#6749 = ORIENTED_EDGE('',*,*,#6750,.F.);
#6750 = EDGE_CURVE('',#6751,#6701,#6753,.T.);
#6751 = VERTEX_POINT('',#6752);
#6752 = CARTESIAN_POINT('',(-11.18,-5.747065285747,6.999531541128));
#6753 = SURFACE_CURVE('',#6754,(#6759,#6766),.PCURVE_S1.);
#6754 = CIRCLE('',#6755,3.9);
#6755 = AXIS2_PLACEMENT_3D('',#6756,#6757,#6758);
#6756 = CARTESIAN_POINT('',(-11.18,-1.97995456322,5.990137265228));
#6757 = DIRECTION('',(1.,0.,0.));
#6758 = DIRECTION('',(0.,-0.965925826289,0.258819045103));
#6759 = PCURVE('',#4051,#6760);
#6760 = DEFINITIONAL_REPRESENTATION('',(#6761),#6765);
#6761 = LINE('',#6762,#6763);
#6762 = CARTESIAN_POINT('',(-0.,-0.2));
#6763 = VECTOR('',#6764,1.);
#6764 = DIRECTION('',(-1.,0.));
#6765 = ( GEOMETRIC_REPRESENTATION_CONTEXT(2) 
PARAMETRIC_REPRESENTATION_CONTEXT() REPRESENTATION_CONTEXT('2D SPACE',''
  ) );
#6766 = PCURVE('',#6767,#6772);
#6767 = TOROIDAL_SURFACE('',#6768,3.7,0.2);
#6768 = AXIS2_PLACEMENT_3D('',#6769,#6770,#6771);
#6769 = CARTESIAN_POINT('',(-11.18,-1.97995456322,5.990137265228));
#6770 = DIRECTION('',(-1.,-0.,0.));
#6771 = DIRECTION('',(0.,-0.965925826289,0.258819045103));
#6772 = DEFINITIONAL_REPRESENTATION('',(#6773),#6777);
#6773 = LINE('',#6774,#6775);
#6774 = CARTESIAN_POINT('',(-0.,0.));
#6775 = VECTOR('',#6776,1.);
#6776 = DIRECTION('',(-1.,0.));
#6777 = ( GEOMETRIC_REPRESENTATION_CONTEXT(2) 
PARAMETRIC_REPRESENTATION_CONTEXT() REPRESENTATION_CONTEXT('2D SPACE',''
  ) );
#6778 = ORIENTED_EDGE('',*,*,#6779,.T.);
#6779 = EDGE_CURVE('',#6751,#6780,#6782,.T.);
#6780 = VERTEX_POINT('',#6781);
#6781 = CARTESIAN_POINT('',(-8.820433270759,-5.747065285747,
    6.999531541128));
#6782 = SURFACE_CURVE('',#6783,(#6787,#6794),.PCURVE_S1.);
#6783 = LINE('',#6784,#6785);
#6784 = CARTESIAN_POINT('',(-11.38,-5.747065285747,6.999531541128));
#6785 = VECTOR('',#6786,1.);
#6786 = DIRECTION('',(1.,0.,0.));
#6787 = PCURVE('',#4051,#6788);
#6788 = DEFINITIONAL_REPRESENTATION('',(#6789),#6793);
#6789 = LINE('',#6790,#6791);
#6790 = CARTESIAN_POINT('',(-0.,0.));
#6791 = VECTOR('',#6792,1.);
#6792 = DIRECTION('',(-0.,-1.));
#6793 = ( GEOMETRIC_REPRESENTATION_CONTEXT(2) 
PARAMETRIC_REPRESENTATION_CONTEXT() REPRESENTATION_CONTEXT('2D SPACE',''
  ) );
#6794 = PCURVE('',#5193,#6795);
#6795 = DEFINITIONAL_REPRESENTATION('',(#6796),#6800);
#6796 = LINE('',#6797,#6798);
#6797 = CARTESIAN_POINT('',(66.74,-0.));
#6798 = VECTOR('',#6799,1.);
#6799 = DIRECTION('',(0.,-1.));
#6800 = ( GEOMETRIC_REPRESENTATION_CONTEXT(2) 
PARAMETRIC_REPRESENTATION_CONTEXT() REPRESENTATION_CONTEXT('2D SPACE',''
  ) );
#6801 = ORIENTED_EDGE('',*,*,#6802,.T.);
#6802 = EDGE_CURVE('',#6780,#6803,#6805,.T.);
#6803 = VERTEX_POINT('',#6804);
#6804 = CARTESIAN_POINT('',(-7.32,-5.837942705002,6.561037867669));
#6805 = SURFACE_CURVE('',#6806,(#6819,#6870),.PCURVE_S1.);
#6806 = ( BOUNDED_CURVE() B_SPLINE_CURVE(6,(#6807,#6808,#6809,#6810,
    #6811,#6812,#6813,#6814,#6815,#6816,#6817,#6818),.UNSPECIFIED.,.F.,
.F.) B_SPLINE_CURVE_WITH_KNOTS((7,5,7),(6.640143029928,6.951266632298,
8.115498018672),.UNSPECIFIED.) CURVE() GEOMETRIC_REPRESENTATION_ITEM() 
RATIONAL_B_SPLINE_CURVE((1.,1.,1.,1.,1.,1.,1.,1.,1.,1.,1.,1.)) 
REPRESENTATION_ITEM('') );
#6807 = CARTESIAN_POINT('',(-8.820433270759,-5.747065285747,
    6.999531541128));
#6808 = CARTESIAN_POINT('',(-8.772424372043,-5.755275635521,
    6.968890098625));
#6809 = CARTESIAN_POINT('',(-8.723596121257,-5.762858388107,
    6.939392818746));
#6810 = CARTESIAN_POINT('',(-8.674070620656,-5.76984652802,
    6.911104063982));
#6811 = CARTESIAN_POINT('',(-8.623799323969,-5.77628837141,
    6.884007352393));
#6812 = CARTESIAN_POINT('',(-8.572783939387,-5.782225136298,
    6.858107353001));
#6813 = CARTESIAN_POINT('',(-8.328633313444,-5.808037747771,
    6.74156992328));
#6814 = CARTESIAN_POINT('',(-8.130516894053,-5.821383269142,
    6.668681567769));
#6815 = CARTESIAN_POINT('',(-7.929961359514,-5.829973480141,
    6.614851114729));
#6816 = CARTESIAN_POINT('',(-7.72719448411,-5.835295804811,
    6.578938655902));
#6817 = CARTESIAN_POINT('',(-7.523634390121,-5.837942705002,
    6.561037867669));
#6818 = CARTESIAN_POINT('',(-7.32,-5.837942705002,6.561037867669));
#6819 = PCURVE('',#4051,#6820);
#6820 = DEFINITIONAL_REPRESENTATION('',(#6821),#6869);
#6821 = B_SPLINE_CURVE_WITH_KNOTS('',10,(#6822,#6823,#6824,#6825,#6826,
    #6827,#6828,#6829,#6830,#6831,#6832,#6833,#6834,#6835,#6836,#6837,
    #6838,#6839,#6840,#6841,#6842,#6843,#6844,#6845,#6846,#6847,#6848,
    #6849,#6850,#6851,#6852,#6853,#6854,#6855,#6856,#6857,#6858,#6859,
    #6860,#6861,#6862,#6863,#6864,#6865,#6866,#6867,#6868),
  .UNSPECIFIED.,.F.,.F.,(11,9,9,9,9,11),(6.640143029928,6.824562403521,
    6.916772090317,7.008981777114,7.3778205243,8.115498018672),
  .UNSPECIFIED.);
#6822 = CARTESIAN_POINT('',(-3.642919299551E-16,-2.559566729241));
#6823 = CARTESIAN_POINT('',(-2.89284827198E-03,-2.576641173534));
#6824 = CARTESIAN_POINT('',(-5.74763000055E-03,-2.593811579094));
#6825 = CARTESIAN_POINT('',(-8.563901086759E-03,-2.611073707711));
#6826 = CARTESIAN_POINT('',(-1.13413997392E-02,-2.628424825899));
#6827 = CARTESIAN_POINT('',(-1.40799999592E-02,-2.645863320029));
#6828 = CARTESIAN_POINT('',(-1.677966502597E-02,-2.663388311451));
#6829 = CARTESIAN_POINT('',(-1.944040098177E-02,-2.680999271627));
#6830 = CARTESIAN_POINT('',(-2.206221011707E-02,-2.698695637255));
#6831 = CARTESIAN_POINT('',(-2.464504445577E-02,-2.716476425403));
#6832 = CARTESIAN_POINT('',(-2.846061663255E-02,-2.743271560243));
#6833 = CARTESIAN_POINT('',(-2.972269007222E-02,-2.752223896993));
#6834 = CARTESIAN_POINT('',(-3.097496757353E-02,-2.761196685994));
#6835 = CARTESIAN_POINT('',(-3.221742674006E-02,-2.770189667993));
#6836 = CARTESIAN_POINT('',(-3.345003476474E-02,-2.779202497367));
#6837 = CARTESIAN_POINT('',(-3.467274842981E-02,-2.78823474212));
#6838 = CARTESIAN_POINT('',(-3.588551410691E-02,-2.797285883892));
#6839 = CARTESIAN_POINT('',(-3.708826775695E-02,-2.806355317949));
#6840 = CARTESIAN_POINT('',(-3.828093493027E-02,-2.81544235319));
#6841 = CARTESIAN_POINT('',(-4.064592660268E-02,-2.833650071094));
#6842 = CARTESIAN_POINT('',(-4.18182976288E-02,-2.842771074348));
#6843 = CARTESIAN_POINT('',(-4.298021324856E-02,-2.85190695359));
#6844 = CARTESIAN_POINT('',(-4.413159057781E-02,-2.861054865375));
#6845 = CARTESIAN_POINT('',(-4.527481114449E-02,-2.870238998676));
#6846 = CARTESIAN_POINT('',(-4.640188592734E-02,-2.87938750936));
#6847 = CARTESIAN_POINT('',(-4.752315958829E-02,-2.888589310559));
#6848 = CARTESIAN_POINT('',(-4.863097832015E-02,-2.89777905984));
#6849 = CARTESIAN_POINT('',(-4.972889991822E-02,-2.906986349586));
#6850 = CARTESIAN_POINT('',(-5.516425232632E-02,-2.95306888938));
#6851 = CARTESIAN_POINT('',(-5.93408613577E-02,-2.990098628843));
#6852 = CARTESIAN_POINT('',(-6.334675366669E-02,-3.027278222429));
#6853 = CARTESIAN_POINT('',(-6.718296986734E-02,-3.064595456031));
#6854 = CARTESIAN_POINT('',(-7.085060908901E-02,-3.102039545765));
#6855 = CARTESIAN_POINT('',(-7.435080305055E-02,-3.139600928791));
#6856 = CARTESIAN_POINT('',(-7.768469013426E-02,-3.177271054141));
#6857 = CARTESIAN_POINT('',(-8.085338946006E-02,-3.215042173538));
#6858 = CARTESIAN_POINT('',(-8.38579749595E-02,-3.252907132221));
#6859 = CARTESIAN_POINT('',(-9.238239843055E-02,-3.366763214862));
#6860 = CARTESIAN_POINT('',(-9.741292088373E-02,-3.443015654191));
#6861 = CARTESIAN_POINT('',(-0.10179912732,-3.519562890686));
#6862 = CARTESIAN_POINT('',(-0.105548211512,-3.596358918851));
#6863 = CARTESIAN_POINT('',(-0.108665966912,-3.673360879088));
#6864 = CARTESIAN_POINT('',(-0.111156579651,-3.750526427292));
#6865 = CARTESIAN_POINT('',(-0.113022698107,-3.827812909719));
#6866 = CARTESIAN_POINT('',(-0.114265779055,-3.905178343117));
#6867 = CARTESIAN_POINT('',(-0.114886710382,-3.982584200136));
#6868 = CARTESIAN_POINT('',(-0.114886710382,-4.06));
#6869 = ( GEOMETRIC_REPRESENTATION_CONTEXT(2) 
PARAMETRIC_REPRESENTATION_CONTEXT() REPRESENTATION_CONTEXT('2D SPACE',''
  ) );
#6870 = PCURVE('',#6871,#6908);
#6871 = ( BOUNDED_SURFACE() B_SPLINE_SURFACE(2,6,(
    (#6872,#6873,#6874,#6875,#6876,#6877,#6878,#6879,#6880,#6881,#6882
      ,#6883)
    ,(#6884,#6885,#6886,#6887,#6888,#6889,#6890,#6891,#6892,#6893,#6894
      ,#6895)
    ,(#6896,#6897,#6898,#6899,#6900,#6901,#6902,#6903,#6904,#6905,#6906
,#6907
    )),.UNSPECIFIED.,.F.,.F.,.F.) B_SPLINE_SURFACE_WITH_KNOTS((3,3),(7,5
    ,7),(0.,1.475354988744),(6.640143029928,6.951266632298,
8.115498018672),.UNSPECIFIED.) GEOMETRIC_REPRESENTATION_ITEM() 
RATIONAL_B_SPLINE_SURFACE((
    (1.,1.,1.,1.,1.,1.,1.,1.,1.,1.,1.,1.)
    ,(0.707106781187,0.709468639444,0.711812780085,0.714123100618
      ,0.716390453484,0.718604476863,0.728756902472,0.735695575657
      ,0.741064166328,0.744713684529,0.746536719238,0.746536719238)
,(1.,1.,1.,1.,1.,1.,1.,1.,1.,1.,1.,1.
))) REPRESENTATION_ITEM('') SURFACE() );
#6872 = CARTESIAN_POINT('',(-8.820433270759,-5.747065285747,
    6.999531541128));
#6873 = CARTESIAN_POINT('',(-8.772424372043,-5.755275635521,
    6.968890098625));
#6874 = CARTESIAN_POINT('',(-8.723596121257,-5.762858388107,
    6.939392818746));
#6875 = CARTESIAN_POINT('',(-8.674070620656,-5.76984652802,
    6.911104063982));
#6876 = CARTESIAN_POINT('',(-8.623799323969,-5.77628837141,
    6.884007352393));
#6877 = CARTESIAN_POINT('',(-8.572783939387,-5.782225136298,
    6.858107353001));
#6878 = CARTESIAN_POINT('',(-8.328633313444,-5.808037747771,
    6.74156992328));
#6879 = CARTESIAN_POINT('',(-8.130516894053,-5.821383269142,
    6.668681567769));
#6880 = CARTESIAN_POINT('',(-7.929961359514,-5.829973480141,
    6.614851114729));
#6881 = CARTESIAN_POINT('',(-7.72719448411,-5.835295804811,
    6.578938655902));
#6882 = CARTESIAN_POINT('',(-7.523634390121,-5.837942705002,
    6.561037867669));
#6883 = CARTESIAN_POINT('',(-7.32,-5.837942705002,6.561037867669));
#6884 = CARTESIAN_POINT('',(-8.706331881347,-5.704552043358,
    7.15819312172));
#6885 = CARTESIAN_POINT('',(-8.662823446881,-5.71366055717,
    7.129344673652));
#6886 = CARTESIAN_POINT('',(-8.618443773894,-5.722167180817,
    7.101459494019));
#6887 = CARTESIAN_POINT('',(-8.57330382336,-5.730090104069,
    7.074615381178));
#6888 = CARTESIAN_POINT('',(-8.527347672728,-5.737468507122,
    7.048807835206));
#6889 = CARTESIAN_POINT('',(-8.480571559416,-5.744334426401,
    7.024055205432));
#6890 = CARTESIAN_POINT('',(-8.258571512731,-5.774121048261,
    6.913584355425));
#6891 = CARTESIAN_POINT('',(-8.076473155732,-5.790514101015,
    6.843081076752));
#6892 = CARTESIAN_POINT('',(-7.890027104961,-5.801486663419,
    6.790247747826));
#6893 = CARTESIAN_POINT('',(-7.700251058258,-5.808424174001,
    6.754865985498));
#6894 = CARTESIAN_POINT('',(-7.509698739184,-5.811849879949,
    6.737365952116));
#6895 = CARTESIAN_POINT('',(-7.32,-5.811849879949,6.737365952116));
#6896 = CARTESIAN_POINT('',(-8.706331881348,-5.897737208615,
    7.209956930741));
#6897 = CARTESIAN_POINT('',(-8.662678121226,-5.905585603079,
    7.180666323844));
#6898 = CARTESIAN_POINT('',(-8.61827654778,-5.912822113825,
    7.152420495842));
#6899 = CARTESIAN_POINT('',(-8.572959794768,-5.919510686903,
    7.125166403762));
#6900 = CARTESIAN_POINT('',(-8.527049056808,-5.925652557574,
    7.099068072185));
#6901 = CARTESIAN_POINT('',(-8.480673687133,-5.931272804693,
    7.07419548146));
#6902 = CARTESIAN_POINT('',(-8.255034564137,-5.956093024353,
    6.960472187116));
#6903 = CARTESIAN_POINT('',(-8.07099116343,-5.968785212777,
    6.888817537375));
#6904 = CARTESIAN_POINT('',(-7.885424237123,-5.976684957339,
    6.836310405263));
#6905 = CARTESIAN_POINT('',(-7.697367462065,-5.981605015283,
    6.801012835176));
#6906 = CARTESIAN_POINT('',(-7.508733047865,-5.984024441714,
    6.783499986898));
#6907 = CARTESIAN_POINT('',(-7.32,-5.984024441714,6.783499986898));
#6908 = DEFINITIONAL_REPRESENTATION('',(#6909),#6913);
#6909 = LINE('',#6910,#6911);
#6910 = CARTESIAN_POINT('',(0.,0.));
#6911 = VECTOR('',#6912,1.);
#6912 = DIRECTION('',(0.,1.));
#6913 = ( GEOMETRIC_REPRESENTATION_CONTEXT(2) 
PARAMETRIC_REPRESENTATION_CONTEXT() REPRESENTATION_CONTEXT('2D SPACE',''
  ) );
#6914 = ORIENTED_EDGE('',*,*,#6915,.T.);
#6915 = EDGE_CURVE('',#6803,#6916,#6918,.T.);
#6916 = VERTEX_POINT('',#6917);
#6917 = CARTESIAN_POINT('',(7.32,-5.837942705002,6.561037867669));
#6918 = SURFACE_CURVE('',#6919,(#6923,#6930),.PCURVE_S1.);
#6919 = LINE('',#6920,#6921);
#6920 = CARTESIAN_POINT('',(-7.32,-5.837942705002,6.561037867669));
#6921 = VECTOR('',#6922,1.);
#6922 = DIRECTION('',(1.,0.,0.));
#6923 = PCURVE('',#4051,#6924);
#6924 = DEFINITIONAL_REPRESENTATION('',(#6925),#6929);
#6925 = LINE('',#6926,#6927);
#6926 = CARTESIAN_POINT('',(-0.114886710382,-4.06));
#6927 = VECTOR('',#6928,1.);
#6928 = DIRECTION('',(-0.,-1.));
#6929 = ( GEOMETRIC_REPRESENTATION_CONTEXT(2) 
PARAMETRIC_REPRESENTATION_CONTEXT() REPRESENTATION_CONTEXT('2D SPACE',''
  ) );
#6930 = PCURVE('',#6931,#6936);
#6931 = CYLINDRICAL_SURFACE('',#6932,0.2);
#6932 = AXIS2_PLACEMENT_3D('',#6933,#6934,#6935);
#6933 = CARTESIAN_POINT('',(-7.32,-6.035788250734,6.59031482164));
#6934 = DIRECTION('',(1.,0.,0.));
#6935 = DIRECTION('',(0.,0.989227728662,-0.146384769857));
#6936 = DEFINITIONAL_REPRESENTATION('',(#6937),#6941);
#6937 = LINE('',#6938,#6939);
#6938 = CARTESIAN_POINT('',(0.,0.));
#6939 = VECTOR('',#6940,1.);
#6940 = DIRECTION('',(0.,1.));
#6941 = ( GEOMETRIC_REPRESENTATION_CONTEXT(2) 
PARAMETRIC_REPRESENTATION_CONTEXT() REPRESENTATION_CONTEXT('2D SPACE',''
  ) );
#6942 = ORIENTED_EDGE('',*,*,#6943,.T.);
#6943 = EDGE_CURVE('',#6916,#6944,#6946,.T.);
#6944 = VERTEX_POINT('',#6945);
#6945 = CARTESIAN_POINT('',(8.820433270759,-5.747065285747,
    6.999531541128));
#6946 = SURFACE_CURVE('',#6947,(#6960,#7011),.PCURVE_S1.);
#6947 = ( BOUNDED_CURVE() B_SPLINE_CURVE(6,(#6948,#6949,#6950,#6951,
    #6952,#6953,#6954,#6955,#6956,#6957,#6958,#6959),.UNSPECIFIED.,.F.,
.F.) B_SPLINE_CURVE_WITH_KNOTS((7,5,7),(22.755498018669,23.919729405352,
24.23085300741),.UNSPECIFIED.) CURVE() GEOMETRIC_REPRESENTATION_ITEM() 
RATIONAL_B_SPLINE_CURVE((1.,1.,1.,1.,1.,1.,1.,1.,1.,1.,1.,1.)) 
REPRESENTATION_ITEM('') );
#6948 = CARTESIAN_POINT('',(7.32,-5.837942705002,6.561037867669));
#6949 = CARTESIAN_POINT('',(7.523634389978,-5.837942705002,
    6.561037867669));
#6950 = CARTESIAN_POINT('',(7.727194484478,-5.835295804814,
    6.578938655874));
#6951 = CARTESIAN_POINT('',(7.92996136015,-5.829973480126,6.61485111488)
  );
#6952 = CARTESIAN_POINT('',(8.13051689429,-5.821383269103,6.668681567929
    ));
#6953 = CARTESIAN_POINT('',(8.328633313245,-5.808037747792,
    6.741569923186));
#6954 = CARTESIAN_POINT('',(8.572783939375,-5.782225136299,
    6.858107352996));
#6955 = CARTESIAN_POINT('',(8.623799323973,-5.77628837141,6.884007352394
    ));
#6956 = CARTESIAN_POINT('',(8.674070620659,-5.76984652802,6.911104063983
    ));
#6957 = CARTESIAN_POINT('',(8.723596121253,-5.762858388108,
    6.939392818744));
#6958 = CARTESIAN_POINT('',(8.772424372044,-5.75527563552,6.968890098626
    ));
#6959 = CARTESIAN_POINT('',(8.820433270759,-5.747065285747,
    6.999531541128));
#6960 = PCURVE('',#4051,#6961);
#6961 = DEFINITIONAL_REPRESENTATION('',(#6962),#7010);
#6962 = B_SPLINE_CURVE_WITH_KNOTS('',10,(#6963,#6964,#6965,#6966,#6967,
    #6968,#6969,#6970,#6971,#6972,#6973,#6974,#6975,#6976,#6977,#6978,
    #6979,#6980,#6981,#6982,#6983,#6984,#6985,#6986,#6987,#6988,#6989,
    #6990,#6991,#6992,#6993,#6994,#6995,#6996,#6997,#6998,#6999,#7000,
    #7001,#7002,#7003,#7004,#7005,#7006,#7007,#7008,#7009),
  .UNSPECIFIED.,.F.,.F.,(11,9,9,9,9,11),(22.755498018669,23.49317551304,
    23.862014260225,23.954223947021,24.046433633818,24.23085300741),
  .UNSPECIFIED.);
#6963 = CARTESIAN_POINT('',(-0.114886710382,-18.7));
#6964 = CARTESIAN_POINT('',(-0.114886710382,-18.77741579978));
#6965 = CARTESIAN_POINT('',(-0.114265779057,-18.85482165682));
#6966 = CARTESIAN_POINT('',(-0.113022698109,-18.93218709027));
#6967 = CARTESIAN_POINT('',(-0.11115657965,-19.00947357279));
#6968 = CARTESIAN_POINT('',(-0.108665966908,-19.08663912104));
#6969 = CARTESIAN_POINT('',(-0.105548211504,-19.16364108135));
#6970 = CARTESIAN_POINT('',(-0.10179912731,-19.2404371095));
#6971 = CARTESIAN_POINT('',(-9.741292087294E-02,-19.31698434598));
#6972 = CARTESIAN_POINT('',(-9.238239842278E-02,-19.39323678524));
#6973 = CARTESIAN_POINT('',(-8.385797496059E-02,-19.50709286776));
#6974 = CARTESIAN_POINT('',(-8.085338946481E-02,-19.54495782639));
#6975 = CARTESIAN_POINT('',(-7.768469014337E-02,-19.58272894575));
#6976 = CARTESIAN_POINT('',(-7.435080306455E-02,-19.62039907104));
#6977 = CARTESIAN_POINT('',(-7.085060910839E-02,-19.65796045403));
#6978 = CARTESIAN_POINT('',(-6.718296989214E-02,-19.6954045437));
#6979 = CARTESIAN_POINT('',(-6.334675369677E-02,-19.73272177728));
#6980 = CARTESIAN_POINT('',(-5.934086139232E-02,-19.76990137083));
#6981 = CARTESIAN_POINT('',(-5.516425236423E-02,-19.80693111028));
#6982 = CARTESIAN_POINT('',(-4.972889995772E-02,-19.85301365008));
#6983 = CARTESIAN_POINT('',(-4.863097835984E-02,-19.86222093983));
#6984 = CARTESIAN_POINT('',(-4.752315962812E-02,-19.8714106891));
#6985 = CARTESIAN_POINT('',(-4.640188596689E-02,-19.88061249032));
#6986 = CARTESIAN_POINT('',(-4.527481118403E-02,-19.88976100099));
#6987 = CARTESIAN_POINT('',(-4.41315906169E-02,-19.89894513432));
#6988 = CARTESIAN_POINT('',(-4.298021328677E-02,-19.9080930461));
#6989 = CARTESIAN_POINT('',(-4.181829766643E-02,-19.91722892535));
#6990 = CARTESIAN_POINT('',(-4.064592663947E-02,-19.92634992862));
#6991 = CARTESIAN_POINT('',(-3.828093496531E-02,-19.94455764654));
#6992 = CARTESIAN_POINT('',(-3.708826779106E-02,-19.95364468179));
#6993 = CARTESIAN_POINT('',(-3.588551414001E-02,-19.96271411586));
#6994 = CARTESIAN_POINT('',(-3.467274846189E-02,-19.97176525764));
#6995 = CARTESIAN_POINT('',(-3.345003479575E-02,-19.9807975024));
#6996 = CARTESIAN_POINT('',(-3.221742676999E-02,-19.98981033178));
#6997 = CARTESIAN_POINT('',(-3.097496760237E-02,-19.99880331379));
#6998 = CARTESIAN_POINT('',(-2.972269009994E-02,-20.0077761028));
#6999 = CARTESIAN_POINT('',(-2.846061665916E-02,-20.01672843956));
#7000 = CARTESIAN_POINT('',(-2.464504447898E-02,-20.04352357443));
#7001 = CARTESIAN_POINT('',(-2.206221013798E-02,-20.0613043626));
#7002 = CARTESIAN_POINT('',(-1.944040100034E-02,-20.07900072825));
#7003 = CARTESIAN_POINT('',(-1.677966504215E-02,-20.09661168843));
#7004 = CARTESIAN_POINT('',(-1.407999997293E-02,-20.11413667989));
#7005 = CARTESIAN_POINT('',(-1.134139975035E-02,-20.13157517402));
#7006 = CARTESIAN_POINT('',(-8.563901095243E-03,-20.14892629224));
#7007 = CARTESIAN_POINT('',(-5.747630006249E-03,-20.16618842087));
#7008 = CARTESIAN_POINT('',(-2.892848274827E-03,-20.18335882645));
#7009 = CARTESIAN_POINT('',(5.319376604036E-16,-20.20043327075));
#7010 = ( GEOMETRIC_REPRESENTATION_CONTEXT(2) 
PARAMETRIC_REPRESENTATION_CONTEXT() REPRESENTATION_CONTEXT('2D SPACE',''
  ) );
#7011 = PCURVE('',#7012,#7049);
#7012 = ( BOUNDED_SURFACE() B_SPLINE_SURFACE(2,6,(
    (#7013,#7014,#7015,#7016,#7017,#7018,#7019,#7020,#7021,#7022,#7023
      ,#7024)
    ,(#7025,#7026,#7027,#7028,#7029,#7030,#7031,#7032,#7033,#7034,#7035
      ,#7036)
    ,(#7037,#7038,#7039,#7040,#7041,#7042,#7043,#7044,#7045,#7046,#7047
,#7048
    )),.UNSPECIFIED.,.F.,.F.,.F.) B_SPLINE_SURFACE_WITH_KNOTS((3,3),(7,5
    ,7),(0.,1.475354988742),(22.755498018669,23.919729405352,
24.23085300741),.UNSPECIFIED.) GEOMETRIC_REPRESENTATION_ITEM() 
RATIONAL_B_SPLINE_SURFACE((
    (1.,1.,1.,1.,1.,1.,1.,1.,1.,1.,1.,1.)
    ,(0.746536719238,0.746536719238,0.744713684532,0.741064166311
      ,0.735695575644,0.72875690248,0.718604476864,0.716390453484
      ,0.714123100618,0.711812780085,0.709468639444,0.707106781187)
,(1.,1.,1.,1.,1.,1.,1.,1.,1.,1.,1.,1.
))) REPRESENTATION_ITEM('') SURFACE() );
#7013 = CARTESIAN_POINT('',(7.32,-5.837942705002,6.561037867669));
#7014 = CARTESIAN_POINT('',(7.523634389978,-5.837942705002,
    6.561037867669));
#7015 = CARTESIAN_POINT('',(7.727194484478,-5.835295804814,
    6.578938655874));
#7016 = CARTESIAN_POINT('',(7.92996136015,-5.829973480126,6.61485111488)
  );
#7017 = CARTESIAN_POINT('',(8.13051689429,-5.821383269103,6.668681567929
    ));
#7018 = CARTESIAN_POINT('',(8.328633313245,-5.808037747792,
    6.741569923186));
#7019 = CARTESIAN_POINT('',(8.572783939375,-5.782225136299,
    6.858107352996));
#7020 = CARTESIAN_POINT('',(8.623799323973,-5.77628837141,6.884007352394
    ));
#7021 = CARTESIAN_POINT('',(8.674070620659,-5.76984652802,6.911104063983
    ));
#7022 = CARTESIAN_POINT('',(8.723596121253,-5.762858388108,
    6.939392818744));
#7023 = CARTESIAN_POINT('',(8.772424372044,-5.75527563552,6.968890098626
    ));
#7024 = CARTESIAN_POINT('',(8.820433270759,-5.747065285747,
    6.999531541128));
#7025 = CARTESIAN_POINT('',(7.32,-5.811849879949,6.737365952116));
#7026 = CARTESIAN_POINT('',(7.509698739049,-5.811849879949,
    6.737365952116));
#7027 = CARTESIAN_POINT('',(7.700251058605,-5.808424174006,
    6.754865985467));
#7028 = CARTESIAN_POINT('',(7.890027105569,-5.801486663394,
    6.790247747986));
#7029 = CARTESIAN_POINT('',(8.076473155916,-5.790514100974,
    6.843081076889));
#7030 = CARTESIAN_POINT('',(8.258571512559,-5.774121048284,6.91358435534
    ));
#7031 = CARTESIAN_POINT('',(8.480571559403,-5.744334426402,
    7.024055205425));
#7032 = CARTESIAN_POINT('',(8.527347672733,-5.737468507121,
    7.048807835208));
#7033 = CARTESIAN_POINT('',(8.573303823364,-5.730090104068,7.07461538118
    ));
#7034 = CARTESIAN_POINT('',(8.618443773889,-5.722167180818,
    7.101459494017));
#7035 = CARTESIAN_POINT('',(8.662823446881,-5.71366055717,7.129344673652
    ));
#7036 = CARTESIAN_POINT('',(8.706331881347,-5.704552043358,7.15819312172
    ));
#7037 = CARTESIAN_POINT('',(7.32,-5.984024441714,6.783499986898));
#7038 = CARTESIAN_POINT('',(7.508733047732,-5.984024441714,
    6.783499986898));
#7039 = CARTESIAN_POINT('',(7.697367462404,-5.981605015285,
    6.801012835147));
#7040 = CARTESIAN_POINT('',(7.885424237719,-5.976684957325,
    6.836310405414));
#7041 = CARTESIAN_POINT('',(8.070991163639,-5.96878521274,6.888817537527
    ));
#7042 = CARTESIAN_POINT('',(8.255034563958,-5.956093024373,
    6.960472187025));
#7043 = CARTESIAN_POINT('',(8.480673687121,-5.931272804694,
    7.074195481454));
#7044 = CARTESIAN_POINT('',(8.527049056814,-5.925652557573,
    7.099068072188));
#7045 = CARTESIAN_POINT('',(8.572959794771,-5.919510686903,
    7.125166403764));
#7046 = CARTESIAN_POINT('',(8.618276547775,-5.912822113825,
    7.152420495839));
#7047 = CARTESIAN_POINT('',(8.662678121229,-5.905585603079,
    7.180666323846));
#7048 = CARTESIAN_POINT('',(8.706331881347,-5.897737208615,
    7.209956930741));
#7049 = DEFINITIONAL_REPRESENTATION('',(#7050),#7054);
#7050 = LINE('',#7051,#7052);
#7051 = CARTESIAN_POINT('',(0.,0.));
#7052 = VECTOR('',#7053,1.);
#7053 = DIRECTION('',(0.,1.));
#7054 = ( GEOMETRIC_REPRESENTATION_CONTEXT(2) 
PARAMETRIC_REPRESENTATION_CONTEXT() REPRESENTATION_CONTEXT('2D SPACE',''
  ) );
#7055 = ORIENTED_EDGE('',*,*,#7056,.T.);
#7056 = EDGE_CURVE('',#6944,#4011,#7057,.T.);
#7057 = SURFACE_CURVE('',#7058,(#7062,#7069),.PCURVE_S1.);
#7058 = LINE('',#7059,#7060);
#7059 = CARTESIAN_POINT('',(-11.38,-5.747065285747,6.999531541128));
#7060 = VECTOR('',#7061,1.);
#7061 = DIRECTION('',(1.,0.,0.));
#7062 = PCURVE('',#4051,#7063);
#7063 = DEFINITIONAL_REPRESENTATION('',(#7064),#7068);
#7064 = LINE('',#7065,#7066);
#7065 = CARTESIAN_POINT('',(-0.,0.));
#7066 = VECTOR('',#7067,1.);
#7067 = DIRECTION('',(-0.,-1.));
#7068 = ( GEOMETRIC_REPRESENTATION_CONTEXT(2) 
PARAMETRIC_REPRESENTATION_CONTEXT() REPRESENTATION_CONTEXT('2D SPACE',''
  ) );
#7069 = PCURVE('',#4252,#7070);
#7070 = DEFINITIONAL_REPRESENTATION('',(#7071),#7075);
#7071 = LINE('',#7072,#7073);
#7072 = CARTESIAN_POINT('',(66.74,-0.));
#7073 = VECTOR('',#7074,1.);
#7074 = DIRECTION('',(0.,-1.));
#7075 = ( GEOMETRIC_REPRESENTATION_CONTEXT(2) 
PARAMETRIC_REPRESENTATION_CONTEXT() REPRESENTATION_CONTEXT('2D SPACE',''
  ) );
#7076 = ORIENTED_EDGE('',*,*,#4036,.T.);
#7077 = ADVANCED_FACE('',(#7078),#4166,.F.);
#7078 = FACE_BOUND('',#7079,.F.);
#7079 = EDGE_LOOP('',(#7080,#7081,#7082));
#7080 = ORIENTED_EDGE('',*,*,#4146,.F.);
#7081 = ORIENTED_EDGE('',*,*,#4392,.T.);
#7082 = ORIENTED_EDGE('',*,*,#7083,.F.);
#7083 = EDGE_CURVE('',#4147,#4343,#7084,.T.);
#7084 = SURFACE_CURVE('',#7085,(#7094,#7101),.PCURVE_S1.);
#7085 = B_SPLINE_CURVE_WITH_KNOTS('',7,(#7086,#7087,#7088,#7089,#7090,
    #7091,#7092,#7093),.UNSPECIFIED.,.F.,.F.,(8,8),(0.,1.),
  .PIECEWISE_BEZIER_KNOTS.);
#7086 = CARTESIAN_POINT('',(33.35,-4.305056000179,12.381183459854));
#7087 = CARTESIAN_POINT('',(33.35,-4.257105354266,12.560137706656));
#7088 = CARTESIAN_POINT('',(33.349999999999,-4.257475426866,
    12.752504226169));
#7089 = CARTESIAN_POINT('',(33.350000000001,-4.310479127552,
    12.941364100018));
#7090 = CARTESIAN_POINT('',(33.349999999999,-4.41428407369,
    13.110947739987));
#7091 = CARTESIAN_POINT('',(33.350000000001,-4.558363877159,
    13.244058468246));
#7092 = CARTESIAN_POINT('',(33.35,-4.729508325196,13.331891252451));
#7093 = CARTESIAN_POINT('',(33.35,-4.91068839066,13.370590922668));
#7094 = PCURVE('',#4166,#7095);
#7095 = DEFINITIONAL_REPRESENTATION('',(#7096),#7100);
#7096 = LINE('',#7097,#7098);
#7097 = CARTESIAN_POINT('',(0.,1.));
#7098 = VECTOR('',#7099,1.);
#7099 = DIRECTION('',(1.,0.));
#7100 = ( GEOMETRIC_REPRESENTATION_CONTEXT(2) 
PARAMETRIC_REPRESENTATION_CONTEXT() REPRESENTATION_CONTEXT('2D SPACE',''
  ) );
#7101 = PCURVE('',#7102,#7118);
#7102 = ( BOUNDED_SURFACE() B_SPLINE_SURFACE(2,2,(
    (#7103,#7104,#7105,#7106,#7107)
    ,(#7108,#7109,#7110,#7111,#7112)
    ,(#7113,#7114,#7115,#7116,#7117
)),.UNSPECIFIED.,.F.,.F.,.F.) B_SPLINE_SURFACE_WITH_KNOTS((3,3),(3,1,1,3
    ),(0.,24.649999999991),(-0.905147444041,6.000224830798E-07,
    24.650000600014,25.555148644077),.UNSPECIFIED.) 
GEOMETRIC_REPRESENTATION_ITEM() RATIONAL_B_SPLINE_SURFACE((
    (1.,1.,1.,1.,1.)
    ,(0.688715533645,0.688715533645,0.688715533645,0.688715533645
      ,0.688715533645)
,(1.,1.,1.,1.,1.))) REPRESENTATION_ITEM('') SURFACE() );
#7103 = CARTESIAN_POINT('',(35.055148044065,-4.305056000179,
    12.381183459854));
#7104 = CARTESIAN_POINT('',(34.602574022033,-4.305056000179,
    12.381183459854));
#7105 = CARTESIAN_POINT('',(21.825000000001,-4.305056000179,
    12.381183459854));
#7106 = CARTESIAN_POINT('',(9.047425977969,-4.305056000179,
    12.381183459854));
#7107 = CARTESIAN_POINT('',(8.594851955937,-4.305056000179,
    12.381183459854));
#7108 = CARTESIAN_POINT('',(35.055148044065,-4.087082693334,
    13.194670915692));
#7109 = CARTESIAN_POINT('',(34.602574022033,-4.087082693334,
    13.194670915692));
#7110 = CARTESIAN_POINT('',(21.825000000001,-4.087082693334,
    13.194670915692));
#7111 = CARTESIAN_POINT('',(9.047425977969,-4.087082693334,
    13.194670915692));
#7112 = CARTESIAN_POINT('',(8.594851955937,-4.087082693334,
    13.194670915692));
#7113 = CARTESIAN_POINT('',(35.055148044065,-4.910688419938,
    13.370590813399));
#7114 = CARTESIAN_POINT('',(34.602574022033,-4.910688419938,
    13.370590813399));
#7115 = CARTESIAN_POINT('',(21.825000000001,-4.910688419938,
    13.370590813399));
#7116 = CARTESIAN_POINT('',(9.047425977969,-4.910688419938,
    13.370590813399));
#7117 = CARTESIAN_POINT('',(8.594851955937,-4.910688419938,
    13.370590813399));
#7118 = DEFINITIONAL_REPRESENTATION('',(#7119),#7128);
#7119 = B_SPLINE_CURVE_WITH_KNOTS('',7,(#7120,#7121,#7122,#7123,#7124,
    #7125,#7126,#7127),.UNSPECIFIED.,.F.,.F.,(8,8),(0.,1.),
  .PIECEWISE_BEZIER_KNOTS.);
#7120 = CARTESIAN_POINT('',(1.7763568394E-15,0.800000600023));
#7121 = CARTESIAN_POINT('',(3.93675328298,0.800000600023));
#7122 = CARTESIAN_POINT('',(7.426684754731,0.800000600023));
#7123 = CARTESIAN_POINT('',(10.706348545844,0.800000600023));
#7124 = CARTESIAN_POINT('',(13.943649677712,0.800000600023));
#7125 = CARTESIAN_POINT('',(17.223315883655,0.800000600023));
#7126 = CARTESIAN_POINT('',(20.713247078039,0.800000600023));
#7127 = CARTESIAN_POINT('',(24.649999999991,0.800000600023));
#7128 = ( GEOMETRIC_REPRESENTATION_CONTEXT(2) 
PARAMETRIC_REPRESENTATION_CONTEXT() REPRESENTATION_CONTEXT('2D SPACE',''
  ) );
#7129 = ADVANCED_FACE('',(#7130),#4252,.T.);
#7130 = FACE_BOUND('',#7131,.T.);
#7131 = EDGE_LOOP('',(#7132,#7133,#7166,#7234,#7262,#7287));
#7132 = ORIENTED_EDGE('',*,*,#7056,.F.);
#7133 = ORIENTED_EDGE('',*,*,#7134,.T.);
#7134 = EDGE_CURVE('',#6944,#7135,#7137,.T.);
#7135 = VERTEX_POINT('',#7136);
#7136 = CARTESIAN_POINT('',(9.89252818993,-5.046491889431,9.614107050611
    ));
#7137 = SURFACE_CURVE('',#7138,(#7143,#7154),.PCURVE_S1.);
#7138 = CIRCLE('',#7139,2.63);
#7139 = AXIS2_PLACEMENT_3D('',#7140,#7141,#7142);
#7140 = CARTESIAN_POINT('',(7.32,-5.188016148326,9.085931325913));
#7141 = DIRECTION('',(-1.675103632722E-18,-0.965925826289,0.258819045103
    ));
#7142 = DIRECTION('',(0.458122847291,-0.230061373424,-0.858600734479));
#7143 = PCURVE('',#4252,#7144);
#7144 = DEFINITIONAL_REPRESENTATION('',(#7145),#7153);
#7145 = ( BOUNDED_CURVE() B_SPLINE_CURVE(2,(#7146,#7147,#7148,#7149,
#7150,#7151,#7152),.UNSPECIFIED.,.T.,.F.) B_SPLINE_CURVE_WITH_KNOTS((1,2
    ,2,2,2,1),(-2.094395102393,0.,2.094395102393,4.188790204786,
6.28318530718,8.377580409573),.UNSPECIFIED.) CURVE() 
GEOMETRIC_REPRESENTATION_ITEM() RATIONAL_B_SPLINE_CURVE((1.,0.5,1.,0.5,
1.,0.5,1.)) REPRESENTATION_ITEM('') );
#7146 = CARTESIAN_POINT('',(66.917777777778,-19.90486308837));
#7147 = CARTESIAN_POINT('',(64.830893692548,-23.95401297629));
#7148 = CARTESIAN_POINT('',(62.367669068496,-20.12214339977));
#7149 = CARTESIAN_POINT('',(59.904444444444,-16.29027382325));
#7150 = CARTESIAN_POINT('',(64.454553153726,-16.07299351185));
#7151 = CARTESIAN_POINT('',(69.004661863008,-15.85571320045));
#7152 = CARTESIAN_POINT('',(66.917777777778,-19.90486308837));
#7153 = ( GEOMETRIC_REPRESENTATION_CONTEXT(2) 
PARAMETRIC_REPRESENTATION_CONTEXT() REPRESENTATION_CONTEXT('2D SPACE',''
  ) );
#7154 = PCURVE('',#7155,#7160);
#7155 = TOROIDAL_SURFACE('',#7156,2.63,0.2);
#7156 = AXIS2_PLACEMENT_3D('',#7157,#7158,#7159);
#7157 = CARTESIAN_POINT('',(7.32,-5.381201313583,9.137695134933));
#7158 = DIRECTION('',(0.,0.965925826289,-0.258819045103));
#7159 = DIRECTION('',(0.458122847291,-0.230061373424,-0.858600734479));
#7160 = DEFINITIONAL_REPRESENTATION('',(#7161),#7165);
#7161 = LINE('',#7162,#7163);
#7162 = CARTESIAN_POINT('',(-0.,1.570796326795));
#7163 = VECTOR('',#7164,1.);
#7164 = DIRECTION('',(-1.,0.));
#7165 = ( GEOMETRIC_REPRESENTATION_CONTEXT(2) 
PARAMETRIC_REPRESENTATION_CONTEXT() REPRESENTATION_CONTEXT('2D SPACE',''
  ) );
#7166 = ORIENTED_EDGE('',*,*,#7167,.T.);
#7167 = EDGE_CURVE('',#7135,#7168,#7170,.T.);
#7168 = VERTEX_POINT('',#7169);
#7169 = CARTESIAN_POINT('',(9.7,-4.779082057064,10.612094131449));
#7170 = SURFACE_CURVE('',#7171,(#7182,#7196),.PCURVE_S1.);
#7171 = ( BOUNDED_CURVE() B_SPLINE_CURVE(9,(#7172,#7173,#7174,#7175,
    #7176,#7177,#7178,#7179,#7180,#7181),.UNSPECIFIED.,.F.,.F.) 
B_SPLINE_CURVE_WITH_KNOTS((10,10),(27.081517254963,28.179156927549),
.PIECEWISE_BEZIER_KNOTS.) CURVE() GEOMETRIC_REPRESENTATION_ITEM() 
RATIONAL_B_SPLINE_CURVE((1.,1.,1.,1.,1.,1.,1.,1.,1.,1.)) 
REPRESENTATION_ITEM('') );
#7172 = CARTESIAN_POINT('',(9.89252818993,-5.046491889431,9.614107050611
    ));
#7173 = CARTESIAN_POINT('',(9.860507363257,-5.007501797958,
    9.759620052981));
#7174 = CARTESIAN_POINT('',(9.822890144069,-4.974583467515,
    9.882472934693));
#7175 = CARTESIAN_POINT('',(9.788001631953,-4.946264150386,
    9.988162065055));
#7176 = CARTESIAN_POINT('',(9.759272245025,-4.920667893015,
    10.083688598047));
#7177 = CARTESIAN_POINT('',(9.735856911916,-4.897169400522,
    10.17138616593));
#7178 = CARTESIAN_POINT('',(9.719061588733,-4.874520303833,
    10.255913745522));
#7179 = CARTESIAN_POINT('',(9.699460905238,-4.847938728477,
    10.355117535293));
#7180 = CARTESIAN_POINT('',(9.7,-4.816916517635,10.470894002322));
#7181 = CARTESIAN_POINT('',(9.7,-4.779082057064,10.612094131449));
#7182 = PCURVE('',#4252,#7183);
#7183 = DEFINITIONAL_REPRESENTATION('',(#7184),#7195);
#7184 = ( BOUNDED_CURVE() B_SPLINE_CURVE(9,(#7185,#7186,#7187,#7188,
    #7189,#7190,#7191,#7192,#7193,#7194),.UNSPECIFIED.,.F.,.F.) 
B_SPLINE_CURVE_WITH_KNOTS((10,10),(27.081517254963,28.179156927549),
.PIECEWISE_BEZIER_KNOTS.) CURVE() GEOMETRIC_REPRESENTATION_ITEM() 
RATIONAL_B_SPLINE_CURVE((1.,1.,1.,1.,1.,1.,1.,1.,1.,1.)) 
REPRESENTATION_ITEM('') );
#7185 = CARTESIAN_POINT('',(64.033192253149,-21.27252818993));
#7186 = CARTESIAN_POINT('',(63.882546107855,-21.24050736325));
#7187 = CARTESIAN_POINT('',(63.755359445724,-21.20289014406));
#7188 = CARTESIAN_POINT('',(63.645942006533,-21.16800163195));
#7189 = CARTESIAN_POINT('',(63.547045662328,-21.13927224502));
#7190 = CARTESIAN_POINT('',(63.456254459219,-21.11585691191));
#7191 = CARTESIAN_POINT('',(63.36874506948,-21.09906158873));
#7192 = CARTESIAN_POINT('',(63.266041748924,-21.07946090523));
#7193 = CARTESIAN_POINT('',(63.146181130357,-21.08));
#7194 = CARTESIAN_POINT('',(63.,-21.08));
#7195 = ( GEOMETRIC_REPRESENTATION_CONTEXT(2) 
PARAMETRIC_REPRESENTATION_CONTEXT() REPRESENTATION_CONTEXT('2D SPACE',''
  ) );
#7196 = PCURVE('',#7197,#7228);
#7197 = ( BOUNDED_SURFACE() B_SPLINE_SURFACE(2,9,(
    (#7198,#7199,#7200,#7201,#7202,#7203,#7204,#7205,#7206,#7207)
    ,(#7208,#7209,#7210,#7211,#7212,#7213,#7214,#7215,#7216,#7217)
    ,(#7218,#7219,#7220,#7221,#7222,#7223,#7224,#7225,#7226,#7227
)),.UNSPECIFIED.,.F.,.F.,.F.) B_SPLINE_SURFACE_WITH_KNOTS((3,3),(10,10),
  (0.,1.097639672586),(27.081517254963,28.179156927549),
.PIECEWISE_BEZIER_KNOTS.) GEOMETRIC_REPRESENTATION_ITEM() 
RATIONAL_B_SPLINE_SURFACE((
    (1.,1.,1.,1.,1.,1.,1.,1.,1.,1.)
    ,(0.707106781187,0.707106781187,0.707106781187,0.707106781187
      ,0.707106781186,0.707106781187,0.707106781187,0.707106781187
      ,0.707106781187,0.707106781187)
,(1.,1.,1.,1.,1.,1.,1.,1.,1.,1.))) REPRESENTATION_ITEM('') SURFACE() );
#7198 = CARTESIAN_POINT('',(9.89252818993,-5.046491889431,9.614107050611
    ));
#7199 = CARTESIAN_POINT('',(9.860507363257,-5.007501797958,
    9.759620052981));
#7200 = CARTESIAN_POINT('',(9.822890144069,-4.974583467515,
    9.882472934693));
#7201 = CARTESIAN_POINT('',(9.788001631953,-4.946264150386,
    9.988162065055));
#7202 = CARTESIAN_POINT('',(9.759272245025,-4.920667893015,
    10.083688598047));
#7203 = CARTESIAN_POINT('',(9.735856911916,-4.897169400522,
    10.17138616593));
#7204 = CARTESIAN_POINT('',(9.719061588733,-4.874520303833,
    10.255913745522));
#7205 = CARTESIAN_POINT('',(9.699460905238,-4.847938728477,
    10.355117535293));
#7206 = CARTESIAN_POINT('',(9.7,-4.816916517635,10.470894002322));
#7207 = CARTESIAN_POINT('',(9.7,-4.779082057064,10.612094131449));
#7208 = CARTESIAN_POINT('',(9.696898669783,-5.057254190488,
    9.573941596261));
#7209 = CARTESIAN_POINT('',(9.66626885231,-5.019957858406,9.713133402525
    ));
#7210 = CARTESIAN_POINT('',(9.630126795158,-4.988474496342,
    9.830630909341));
#7211 = CARTESIAN_POINT('',(9.595989260133,-4.960922221867,
    9.933457397545));
#7212 = CARTESIAN_POINT('',(9.56814648403,-4.935206662909,
    10.029429170123));
#7213 = CARTESIAN_POINT('',(9.540423184521,-4.909617160367,
    10.124930493751));
#7214 = CARTESIAN_POINT('',(9.521026351696,-4.883422338833,
    10.22269089861));
#7215 = CARTESIAN_POINT('',(9.500034774606,-4.853556230491,
    10.334152732366));
#7216 = CARTESIAN_POINT('',(9.5,-4.819495175624,10.461270319688));
#7217 = CARTESIAN_POINT('',(9.5,-4.779082057064,10.612094131449));
#7218 = CARTESIAN_POINT('',(9.696898669783,-5.250439355745,
    9.625705405282));
#7219 = CARTESIAN_POINT('',(9.66626885231,-5.213143023664,9.764897211545
    ));
#7220 = CARTESIAN_POINT('',(9.630126795158,-5.1816596616,9.882394718361)
  );
#7221 = CARTESIAN_POINT('',(9.595989260133,-5.154107387125,
    9.985221206566));
#7222 = CARTESIAN_POINT('',(9.56814648403,-5.128391828167,
    10.081192979143));
#7223 = CARTESIAN_POINT('',(9.540423184521,-5.102802325624,
    10.176694302772));
#7224 = CARTESIAN_POINT('',(9.521026351696,-5.076607504091,
    10.27445470763));
#7225 = CARTESIAN_POINT('',(9.500034774606,-5.046741395749,
    10.385916541387));
#7226 = CARTESIAN_POINT('',(9.5,-5.012680340882,10.513034128708));
#7227 = CARTESIAN_POINT('',(9.5,-4.972267222321,10.66385794047));
#7228 = DEFINITIONAL_REPRESENTATION('',(#7229),#7233);
#7229 = LINE('',#7230,#7231);
#7230 = CARTESIAN_POINT('',(0.,0.));
#7231 = VECTOR('',#7232,1.);
#7232 = DIRECTION('',(0.,1.));
#7233 = ( GEOMETRIC_REPRESENTATION_CONTEXT(2) 
PARAMETRIC_REPRESENTATION_CONTEXT() REPRESENTATION_CONTEXT('2D SPACE',''
  ) );
#7234 = ORIENTED_EDGE('',*,*,#7235,.T.);
#7235 = EDGE_CURVE('',#7168,#7236,#7238,.T.);
#7236 = VERTEX_POINT('',#7237);
#7237 = CARTESIAN_POINT('',(9.7,-4.305056000179,12.381183459854));
#7238 = SURFACE_CURVE('',#7239,(#7243,#7250),.PCURVE_S1.);
#7239 = LINE('',#7240,#7241);
#7240 = CARTESIAN_POINT('',(9.7,-4.779082057064,10.612094131449));
#7241 = VECTOR('',#7242,1.);
#7242 = DIRECTION('',(0.,0.258819045103,0.965925826289));
#7243 = PCURVE('',#4252,#7244);
#7244 = DEFINITIONAL_REPRESENTATION('',(#7245),#7249);
#7245 = LINE('',#7246,#7247);
#7246 = CARTESIAN_POINT('',(63.,-21.08));
#7247 = VECTOR('',#7248,1.);
#7248 = DIRECTION('',(-1.,0.));
#7249 = ( GEOMETRIC_REPRESENTATION_CONTEXT(2) 
PARAMETRIC_REPRESENTATION_CONTEXT() REPRESENTATION_CONTEXT('2D SPACE',''
  ) );
#7250 = PCURVE('',#7251,#7256);
#7251 = CYLINDRICAL_SURFACE('',#7252,0.2);
#7252 = AXIS2_PLACEMENT_3D('',#7253,#7254,#7255);
#7253 = CARTESIAN_POINT('',(9.7,-4.972267222321,10.66385794047));
#7254 = DIRECTION('',(0.,0.258819045103,0.965925826289));
#7255 = DIRECTION('',(0.,0.965925826289,-0.258819045103));
#7256 = DEFINITIONAL_REPRESENTATION('',(#7257),#7261);
#7257 = LINE('',#7258,#7259);
#7258 = CARTESIAN_POINT('',(0.,0.));
#7259 = VECTOR('',#7260,1.);
#7260 = DIRECTION('',(0.,1.));
#7261 = ( GEOMETRIC_REPRESENTATION_CONTEXT(2) 
PARAMETRIC_REPRESENTATION_CONTEXT() REPRESENTATION_CONTEXT('2D SPACE',''
  ) );
#7262 = ORIENTED_EDGE('',*,*,#7263,.F.);
#7263 = EDGE_CURVE('',#4147,#7236,#7264,.T.);
#7264 = SURFACE_CURVE('',#7265,(#7271,#7280),.PCURVE_S1.);
#7265 = B_SPLINE_CURVE_WITH_KNOTS('',2,(#7266,#7267,#7268,#7269,#7270),
  .UNSPECIFIED.,.F.,.F.,(3,1,1,3),(-0.905147444041,6.000224830798E-07,
    24.650000600014,25.555148644077),.UNSPECIFIED.);
#7266 = CARTESIAN_POINT('',(35.055148044065,-4.305056000179,
    12.381183459854));
#7267 = CARTESIAN_POINT('',(34.602574022033,-4.305056000179,
    12.381183459854));
#7268 = CARTESIAN_POINT('',(21.825000000001,-4.305056000179,
    12.381183459854));
#7269 = CARTESIAN_POINT('',(9.047425977969,-4.305056000179,
    12.381183459854));
#7270 = CARTESIAN_POINT('',(8.594851955937,-4.305056000179,
    12.381183459854));
#7271 = PCURVE('',#4252,#7272);
#7272 = DEFINITIONAL_REPRESENTATION('',(#7273),#7279);
#7273 = B_SPLINE_CURVE_WITH_KNOTS('',2,(#7274,#7275,#7276,#7277,#7278),
  .UNSPECIFIED.,.F.,.F.,(3,1,1,3),(-0.905147444041,6.000224830798E-07,
    24.650000600014,25.555148644077),.UNSPECIFIED.);
#7274 = CARTESIAN_POINT('',(61.168503957285,-46.43514804406));
#7275 = CARTESIAN_POINT('',(61.168503957285,-45.98257402203));
#7276 = CARTESIAN_POINT('',(61.168503957285,-33.205));
#7277 = CARTESIAN_POINT('',(61.168503957285,-20.42742597796));
#7278 = CARTESIAN_POINT('',(61.168503957285,-19.97485195593));
#7279 = ( GEOMETRIC_REPRESENTATION_CONTEXT(2) 
PARAMETRIC_REPRESENTATION_CONTEXT() REPRESENTATION_CONTEXT('2D SPACE',''
  ) );
#7280 = PCURVE('',#7102,#7281);
#7281 = DEFINITIONAL_REPRESENTATION('',(#7282),#7286);
#7282 = LINE('',#7283,#7284);
#7283 = CARTESIAN_POINT('',(0.,0.));
#7284 = VECTOR('',#7285,1.);
#7285 = DIRECTION('',(0.,1.));
#7286 = ( GEOMETRIC_REPRESENTATION_CONTEXT(2) 
PARAMETRIC_REPRESENTATION_CONTEXT() REPRESENTATION_CONTEXT('2D SPACE',''
  ) );
#7287 = ORIENTED_EDGE('',*,*,#4238,.T.);
#7288 = ADVANCED_FACE('',(#7289),#4294,.F.);
#7289 = FACE_BOUND('',#7290,.F.);
#7290 = EDGE_LOOP('',(#7291,#7292,#7335,#7539,#7560));
#7291 = ORIENTED_EDGE('',*,*,#5669,.F.);
#7292 = ORIENTED_EDGE('',*,*,#7293,.T.);
#7293 = EDGE_CURVE('',#5670,#7294,#7296,.T.);
#7294 = VERTEX_POINT('',#7295);
#7295 = CARTESIAN_POINT('',(32.949998551194,-7.896335570921,
    13.624711851199));
#7296 = SURFACE_CURVE('',#7297,(#7303,#7312),.PCURVE_S1.);
#7297 = ( BOUNDED_CURVE() B_SPLINE_CURVE(4,(#7298,#7299,#7300,#7301,
#7302),.UNSPECIFIED.,.F.,.F.) B_SPLINE_CURVE_WITH_KNOTS((5,5),(
13.691413389888,14.000164595166),.PIECEWISE_BEZIER_KNOTS.) CURVE() 
GEOMETRIC_REPRESENTATION_ITEM() RATIONAL_B_SPLINE_CURVE((1.,1.,1.,1.,1.)
) REPRESENTATION_ITEM('') );
#7298 = CARTESIAN_POINT('',(32.95,-8.23302556882,13.562985010243));
#7299 = CARTESIAN_POINT('',(32.95,-8.148501352352,13.578634169494));
#7300 = CARTESIAN_POINT('',(32.949999909437,-8.063775999478,
    13.594408492603));
#7301 = CARTESIAN_POINT('',(32.950000493212,-7.979929951384,
    13.609819443988));
#7302 = CARTESIAN_POINT('',(32.949998551194,-7.896335570921,
    13.624711851199));
#7303 = PCURVE('',#4294,#7304);
#7304 = DEFINITIONAL_REPRESENTATION('',(#7305),#7311);
#7305 = B_SPLINE_CURVE_WITH_KNOTS('',4,(#7306,#7307,#7308,#7309,#7310),
  .UNSPECIFIED.,.F.,.F.,(5,5),(13.691413389888,14.000164595166),
  .PIECEWISE_BEZIER_KNOTS.);
#7306 = CARTESIAN_POINT('',(1.,-32.95));
#7307 = CARTESIAN_POINT('',(0.961203088411,-32.95));
#7308 = CARTESIAN_POINT('',(0.922325232791,-32.94999990943));
#7309 = CARTESIAN_POINT('',(0.883825025009,-32.95000049321));
#7310 = CARTESIAN_POINT('',(0.845379258805,-32.94999855119));
#7311 = ( GEOMETRIC_REPRESENTATION_CONTEXT(2) 
PARAMETRIC_REPRESENTATION_CONTEXT() REPRESENTATION_CONTEXT('2D SPACE',''
  ) );
#7312 = PCURVE('',#7313,#7329);
#7313 = ( BOUNDED_SURFACE() B_SPLINE_SURFACE(2,4,(
    (#7314,#7315,#7316,#7317,#7318)
    ,(#7319,#7320,#7321,#7322,#7323)
    ,(#7324,#7325,#7326,#7327,#7328
)),.UNSPECIFIED.,.F.,.F.,.F.) B_SPLINE_SURFACE_WITH_KNOTS((3,3),(5,5),(
    0.,0.308751205278),(13.691413389888,14.000164595166),
.PIECEWISE_BEZIER_KNOTS.) GEOMETRIC_REPRESENTATION_ITEM() 
RATIONAL_B_SPLINE_SURFACE((
    (1.,1.,1.,1.,1.)
    ,(0.707106781187,0.707106781187,0.707106779195,0.707106799827
      ,0.707106682872)
,(1.,1.,1.,1.,1.))) REPRESENTATION_ITEM('') SURFACE() );
#7314 = CARTESIAN_POINT('',(32.95,-8.23302556882,13.562985010243));
#7315 = CARTESIAN_POINT('',(32.95,-8.148501352352,13.578634169494));
#7316 = CARTESIAN_POINT('',(32.949999909437,-8.063775999478,
    13.594408492603));
#7317 = CARTESIAN_POINT('',(32.950000493212,-7.979929951384,
    13.609819443988));
#7318 = CARTESIAN_POINT('',(32.949998551194,-7.896335570921,
    13.624711851199));
#7319 = CARTESIAN_POINT('',(32.15,-8.23302556882,13.562985010243));
#7320 = CARTESIAN_POINT('',(32.15,-8.148501352352,13.578634169494));
#7321 = CARTESIAN_POINT('',(32.15,-8.063958063696,13.594374314063));
#7322 = CARTESIAN_POINT('',(32.15,-7.979384037265,13.60992355706));
#7323 = CARTESIAN_POINT('',(32.15,-7.894725673987,13.624998655654));
#7324 = CARTESIAN_POINT('',(32.15,-8.087385438943,12.776353749919));
#7325 = CARTESIAN_POINT('',(32.15,-8.002317035738,12.792103716138));
#7326 = CARTESIAN_POINT('',(32.15,-7.918469817673,12.80771522606));
#7327 = CARTESIAN_POINT('',(32.15,-7.835871036642,12.822894176724));
#7328 = CARTESIAN_POINT('',(32.15,-7.754521319246,12.837380032938));
#7329 = DEFINITIONAL_REPRESENTATION('',(#7330),#7334);
#7330 = LINE('',#7331,#7332);
#7331 = CARTESIAN_POINT('',(0.,0.));
#7332 = VECTOR('',#7333,1.);
#7333 = DIRECTION('',(0.,1.));
#7334 = ( GEOMETRIC_REPRESENTATION_CONTEXT(2) 
PARAMETRIC_REPRESENTATION_CONTEXT() REPRESENTATION_CONTEXT('2D SPACE',''
  ) );
#7335 = ORIENTED_EDGE('',*,*,#7336,.T.);
#7336 = EDGE_CURVE('',#7294,#7337,#7339,.T.);
#7337 = VERTEX_POINT('',#7338);
#7338 = CARTESIAN_POINT('',(32.093392133707,-6.134596775004,
    13.667021274516));
#7339 = SURFACE_CURVE('',#7340,(#7367,#7453),.PCURVE_S1.);
#7340 = ( BOUNDED_CURVE() B_SPLINE_CURVE(9,(#7341,#7342,#7343,#7344,
    #7345,#7346,#7347,#7348,#7349,#7350,#7351,#7352,#7353,#7354,#7355,
    #7356,#7357,#7358,#7359,#7360,#7361,#7362,#7363,#7364,#7365,#7366),
.UNSPECIFIED.,.F.,.F.) B_SPLINE_CURVE_WITH_KNOTS((10,8,8,10),(
    14.000164595166,14.334468098056,14.505790808166,15.117207558319),
.UNSPECIFIED.) CURVE() GEOMETRIC_REPRESENTATION_ITEM() 
RATIONAL_B_SPLINE_CURVE((1.,1.,1.,1.,1.,1.,1.,1.,1.,1.,1.,1.,1.,1.,1.,1.
,1.,1.,1.,1.,1.,1.,1.,1.,1.,1.)) REPRESENTATION_ITEM('') );
#7341 = CARTESIAN_POINT('',(32.949998551194,-7.896335570921,
    13.624711851199));
#7342 = CARTESIAN_POINT('',(32.949997616643,-7.8561077201,
    13.631878475706));
#7343 = CARTESIAN_POINT('',(32.948265853455,-7.815882153333,
    13.638953688835));
#7344 = CARTESIAN_POINT('',(32.94483143305,-7.775572540616,
    13.64593117389));
#7345 = CARTESIAN_POINT('',(32.93969471349,-7.73498260293,
    13.652829357295));
#7346 = CARTESIAN_POINT('',(32.932834258369,-7.693812273369,
    13.659682427908));
#7347 = CARTESIAN_POINT('',(32.924212855692,-7.651663858263,
    13.666531356324));
#7348 = CARTESIAN_POINT('',(32.913783536771,-7.608048198308,
    13.673414914178));
#7349 = CARTESIAN_POINT('',(32.901495595104,-7.562390829684,
    13.680360693456));
#7350 = CARTESIAN_POINT('',(32.880026005667,-7.489258527628,
    13.690971370452));
#7351 = CARTESIAN_POINT('',(32.872443443565,-7.453464838084,
    13.696088085282));
#7352 = CARTESIAN_POINT('',(32.864136072478,-7.413346746278,
    13.701584557725));
#7353 = CARTESIAN_POINT('',(32.854953417946,-7.372621270092,
    13.706878187169));
#7354 = CARTESIAN_POINT('',(32.84491580709,-7.332883318999,
    13.711752428116));
#7355 = CARTESIAN_POINT('',(32.834127024523,-7.294375084396,
    13.716196684229));
#7356 = CARTESIAN_POINT('',(32.822695194629,-7.256674276816,
    13.720279153247));
#7357 = CARTESIAN_POINT('',(32.810661890195,-7.21930121004,
    13.724052622771));
#7358 = CARTESIAN_POINT('',(32.752535665498,-7.049997516871,
    13.739772014615));
#7359 = CARTESIAN_POINT('',(32.698640828523,-6.921678449312,
    13.747833214718));
#7360 = CARTESIAN_POINT('',(32.637843886101,-6.798325829275,
    13.751588049403));
#7361 = CARTESIAN_POINT('',(32.567601439829,-6.675497762069,
    13.74983442184));
#7362 = CARTESIAN_POINT('',(32.494515693744,-6.562232472367,
    13.744437039557));
#7363 = CARTESIAN_POINT('',(32.408174781457,-6.443870846266,
    13.732075185347));
#7364 = CARTESIAN_POINT('',(32.316972620068,-6.335556168393,
    13.715298471149));
#7365 = CARTESIAN_POINT('',(32.212932298948,-6.229818826058,
    13.692535946198));
#7366 = CARTESIAN_POINT('',(32.093392133707,-6.134596775004,
    13.667021274516));
#7367 = PCURVE('',#4294,#7368);
#7368 = DEFINITIONAL_REPRESENTATION('',(#7369),#7452);
#7369 = B_SPLINE_CURVE_WITH_KNOTS('',11,(#7370,#7371,#7372,#7373,#7374,
    #7375,#7376,#7377,#7378,#7379,#7380,#7381,#7382,#7383,#7384,#7385,
    #7386,#7387,#7388,#7389,#7390,#7391,#7392,#7393,#7394,#7395,#7396,
    #7397,#7398,#7399,#7400,#7401,#7402,#7403,#7404,#7405,#7406,#7407,
    #7408,#7409,#7410,#7411,#7412,#7413,#7414,#7415,#7416,#7417,#7418,
    #7419,#7420,#7421,#7422,#7423,#7424,#7425,#7426,#7427,#7428,#7429,
    #7430,#7431,#7432,#7433,#7434,#7435,#7436,#7437,#7438,#7439,#7440,
    #7441,#7442,#7443,#7444,#7445,#7446,#7447,#7448,#7449,#7450,#7451),
  .UNSPECIFIED.,.F.,.F.,(12,10,10,10,10,10,10,10,12),(14.000164595166,
    14.279425335954,14.314332928553,14.331786724852,14.340513623002,
    14.349240521151,14.419055706348,14.558686076742,15.117207558319),
  .UNSPECIFIED.);
#7370 = CARTESIAN_POINT('',(0.845379258805,-32.94999855119));
#7371 = CARTESIAN_POINT('',(0.832734310714,-32.94999791245));
#7372 = CARTESIAN_POINT('',(0.820084370688,-32.94920669279));
#7373 = CARTESIAN_POINT('',(0.807416956724,-32.94763329347));
#7374 = CARTESIAN_POINT('',(0.794710220082,-32.94528091569));
#7375 = CARTESIAN_POINT('',(0.781933173323,-32.94214823731));
#7376 = CARTESIAN_POINT('',(0.769045918333,-32.93823008941));
#7377 = CARTESIAN_POINT('',(0.755999874359,-32.93351813317));
#7378 = CARTESIAN_POINT('',(0.742738006039,-32.92800153633));
#7379 = CARTESIAN_POINT('',(0.729195051434,-32.92166765009));
#7380 = CARTESIAN_POINT('',(0.715297750058,-32.91450268561));
#7381 = CARTESIAN_POINT('',(0.699173486017,-32.90549110399));
#7382 = CARTESIAN_POINT('',(0.697375109097,-32.90447660935));
#7383 = CARTESIAN_POINT('',(0.695569773809,-32.90344887857));
#7384 = CARTESIAN_POINT('',(0.693757313812,-32.90240788341));
#7385 = CARTESIAN_POINT('',(0.691937562763,-32.90135359543));
#7386 = CARTESIAN_POINT('',(0.690110354326,-32.90028598647));
#7387 = CARTESIAN_POINT('',(0.688275522152,-32.89920502805));
#7388 = CARTESIAN_POINT('',(0.686432899905,-32.89811069199));
#7389 = CARTESIAN_POINT('',(0.684582321242,-32.89700294989));
#7390 = CARTESIAN_POINT('',(0.682723619822,-32.89588177346));
#7391 = CARTESIAN_POINT('',(0.679923134044,-32.89417981486));
#7392 = CARTESIAN_POINT('',(0.678987563753,-32.89360912922));
#7393 = CARTESIAN_POINT('',(0.678049896037,-32.89303507383));
#7394 = CARTESIAN_POINT('',(0.677110108504,-32.89245764496));
#7395 = CARTESIAN_POINT('',(0.676168178761,-32.89187683907));
#7396 = CARTESIAN_POINT('',(0.675224084414,-32.8912926523));
#7397 = CARTESIAN_POINT('',(0.674277803072,-32.89070508119));
#7398 = CARTESIAN_POINT('',(0.673329312341,-32.8901141219));
#7399 = CARTESIAN_POINT('',(0.672378589828,-32.88951977089));
#7400 = CARTESIAN_POINT('',(0.671425613141,-32.88892202441));
#7401 = CARTESIAN_POINT('',(0.669992733259,-32.88802030604));
#7402 = CARTESIAN_POINT('',(0.669516382323,-32.88771880458));
#7403 = CARTESIAN_POINT('',(0.669031249612,-32.88741682162));
#7404 = CARTESIAN_POINT('',(0.668545459874,-32.88711384933));
#7405 = CARTESIAN_POINT('',(0.668139525123,-32.88680708571));
#7406 = CARTESIAN_POINT('',(0.667511715168,-32.88650804252));
#7407 = CARTESIAN_POINT('',(0.667122117526,-32.88619870967));
#7408 = CARTESIAN_POINT('',(0.66654811892,-32.88589576066));
#7409 = CARTESIAN_POINT('',(0.666047732436,-32.88558892964));
#7410 = CARTESIAN_POINT('',(0.665516872357,-32.88528234818));
#7411 = CARTESIAN_POINT('',(0.664446240129,-32.88466757156));
#7412 = CARTESIAN_POINT('',(0.663903477216,-32.88435949318));
#7413 = CARTESIAN_POINT('',(0.663353443063,-32.8840507029));
#7414 = CARTESIAN_POINT('',(0.66279631323,-32.88374117881));
#7415 = CARTESIAN_POINT('',(0.662232263275,-32.88343089918));
#7416 = CARTESIAN_POINT('',(0.661661468757,-32.883119842));
#7417 = CARTESIAN_POINT('',(0.661084105237,-32.88280798559));
#7418 = CARTESIAN_POINT('',(0.660500348271,-32.88249530795));
#7419 = CARTESIAN_POINT('',(0.659910373421,-32.88218178734));
#7420 = CARTESIAN_POINT('',(0.659314356245,-32.88186740185));
#7421 = CARTESIAN_POINT('',(0.653897400757,-32.87902995211));
#7422 = CARTESIAN_POINT('',(0.648705725122,-32.87645125954));
#7423 = CARTESIAN_POINT('',(0.643220698404,-32.87380609617));
#7424 = CARTESIAN_POINT('',(0.637513066443,-32.87108684926));
#7425 = CARTESIAN_POINT('',(0.63164213027,-32.86828798836));
#7426 = CARTESIAN_POINT('',(0.62565680838,-32.8654058013));
#7427 = CARTESIAN_POINT('',(0.619596699124,-32.86243813499));
#7428 = CARTESIAN_POINT('',(0.613493142964,-32.85938413045));
#7429 = CARTESIAN_POINT('',(0.607370284858,-32.85624396353));
#7430 = CARTESIAN_POINT('',(0.601246136545,-32.85301858101));
#7431 = CARTESIAN_POINT('',(0.582908643589,-32.8430911573));
#7432 = CARTESIAN_POINT('',(0.570729956064,-32.83613157613));
#7433 = CARTESIAN_POINT('',(0.558701908378,-32.82888222378));
#7434 = CARTESIAN_POINT('',(0.546831571636,-32.82126110261));
#7435 = CARTESIAN_POINT('',(0.535112930043,-32.81340730714));
#7436 = CARTESIAN_POINT('',(0.52346492508,-32.80532895578));
#7437 = CARTESIAN_POINT('',(0.511810011188,-32.79690685581));
#7438 = CARTESIAN_POINT('',(0.500179470215,-32.78814587271));
#7439 = CARTESIAN_POINT('',(0.488648728315,-32.77917679101));
#7440 = CARTESIAN_POINT('',(0.477140305792,-32.76990352915));
#7441 = CARTESIAN_POINT('',(0.419857815569,-32.72220543584));
#7442 = CARTESIAN_POINT('',(0.374783929622,-32.67970562167));
#7443 = CARTESIAN_POINT('',(0.330399076839,-32.6330682868));
#7444 = CARTESIAN_POINT('',(0.28653607872,-32.5822744806));
#7445 = CARTESIAN_POINT('',(0.243436682448,-32.5277570277));
#7446 = CARTESIAN_POINT('',(0.20082371486,-32.46908773075));
#7447 = CARTESIAN_POINT('',(0.158379230787,-32.40551984283));
#7448 = CARTESIAN_POINT('',(0.116605613371,-32.33705850582));
#7449 = CARTESIAN_POINT('',(7.62590550869E-02,-32.26361494452));
#7450 = CARTESIAN_POINT('',(3.683970394244E-02,-32.18273630505));
#7451 = CARTESIAN_POINT('',(-1.393111987099E-17,-32.0933921337));
#7452 = ( GEOMETRIC_REPRESENTATION_CONTEXT(2) 
PARAMETRIC_REPRESENTATION_CONTEXT() REPRESENTATION_CONTEXT('2D SPACE',''
  ) );
#7453 = PCURVE('',#7454,#7533);
#7454 = ( BOUNDED_SURFACE() B_SPLINE_SURFACE(2,9,(
    (#7455,#7456,#7457,#7458,#7459,#7460,#7461,#7462,#7463,#7464,#7465
      ,#7466,#7467,#7468,#7469,#7470,#7471,#7472,#7473,#7474,#7475,#7476
      ,#7477,#7478,#7479,#7480)
    ,(#7481,#7482,#7483,#7484,#7485,#7486,#7487,#7488,#7489,#7490,#7491
      ,#7492,#7493,#7494,#7495,#7496,#7497,#7498,#7499,#7500,#7501,#7502
      ,#7503,#7504,#7505,#7506)
    ,(#7507,#7508,#7509,#7510,#7511,#7512,#7513,#7514,#7515,#7516,#7517
      ,#7518,#7519,#7520,#7521,#7522,#7523,#7524,#7525,#7526,#7527,#7528
      ,#7529,#7530,#7531,#7532
)),.UNSPECIFIED.,.F.,.F.,.F.) B_SPLINE_SURFACE_WITH_KNOTS((3,3),(10,8,8,
    10),(0.,1.117042963153),(14.000164595166,14.334468098056,
    14.505790808166,15.117207558319),.UNSPECIFIED.) 
GEOMETRIC_REPRESENTATION_ITEM() RATIONAL_B_SPLINE_SURFACE((
    (1.,1.,1.,1.,1.,1.,1.,1.,1.,1.,1.,1.,1.,1.,1.,1.,1.,1.,1.,1.,1.,1.
      ,1.,1.,1.,1.)
    ,(0.707106682872,0.713504772946,0.71976653083,0.72591027966
      ,0.731967610908,0.737970550922,0.743938727453,0.749866536202
      ,0.755710307347,0.764278736235,0.766777262887,0.768917157763
      ,0.770803165188,0.772526081035,0.774124502593,0.775580915352
      ,0.776852116723,0.781794920056,0.783204625535,0.78221972506
      ,0.777550026985,0.771328618604,0.759905161624,0.746587633225
      ,0.729750788609,0.711916249835)
    ,(1.,1.,1.,1.,1.,1.,1.,1.,1.,1.,1.,1.,1.,1.,1.,1.,1.,1.,1.,1.,1.,1.
,1.,1.,1.,1.))) REPRESENTATION_ITEM('') SURFACE() );
#7455 = CARTESIAN_POINT('',(32.949998551194,-7.896335570921,
    13.624711851199));
#7456 = CARTESIAN_POINT('',(32.949997616643,-7.8561077201,
    13.631878475706));
#7457 = CARTESIAN_POINT('',(32.948265853455,-7.815882153333,
    13.638953688835));
#7458 = CARTESIAN_POINT('',(32.94483143305,-7.775572540616,
    13.64593117389));
#7459 = CARTESIAN_POINT('',(32.93969471349,-7.73498260293,
    13.652829357295));
#7460 = CARTESIAN_POINT('',(32.932834258369,-7.693812273369,
    13.659682427908));
#7461 = CARTESIAN_POINT('',(32.924212855692,-7.651663858263,
    13.666531356324));
#7462 = CARTESIAN_POINT('',(32.913783536771,-7.608048198308,
    13.673414914178));
#7463 = CARTESIAN_POINT('',(32.901495595104,-7.562390829684,
    13.680360693456));
#7464 = CARTESIAN_POINT('',(32.880026005667,-7.489258527628,
    13.690971370452));
#7465 = CARTESIAN_POINT('',(32.872443443565,-7.453464838084,
    13.696088085282));
#7466 = CARTESIAN_POINT('',(32.864136072478,-7.413346746278,
    13.701584557725));
#7467 = CARTESIAN_POINT('',(32.854953417946,-7.372621270092,
    13.706878187169));
#7468 = CARTESIAN_POINT('',(32.84491580709,-7.332883318999,
    13.711752428116));
#7469 = CARTESIAN_POINT('',(32.834127024523,-7.294375084396,
    13.716196684229));
#7470 = CARTESIAN_POINT('',(32.822695194629,-7.256674276816,
    13.720279153247));
#7471 = CARTESIAN_POINT('',(32.810661890195,-7.21930121004,
    13.724052622771));
#7472 = CARTESIAN_POINT('',(32.752535665498,-7.049997516871,
    13.739772014615));
#7473 = CARTESIAN_POINT('',(32.698640828523,-6.921678449312,
    13.747833214718));
#7474 = CARTESIAN_POINT('',(32.637843886101,-6.798325829275,
    13.751588049403));
#7475 = CARTESIAN_POINT('',(32.567601439829,-6.675497762069,
    13.74983442184));
#7476 = CARTESIAN_POINT('',(32.494515693744,-6.562232472367,
    13.744437039557));
#7477 = CARTESIAN_POINT('',(32.408174781457,-6.443870846266,
    13.732075185347));
#7478 = CARTESIAN_POINT('',(32.316972620068,-6.335556168393,
    13.715298471149));
#7479 = CARTESIAN_POINT('',(32.212932298948,-6.229818826058,
    13.692535946198));
#7480 = CARTESIAN_POINT('',(32.093392133707,-6.134596775004,
    13.667021274516));
#7481 = CARTESIAN_POINT('',(32.15,-7.894725673987,13.624998655654));
#7482 = CARTESIAN_POINT('',(32.164347504281,-7.854379991758,
    13.63218300125));
#7483 = CARTESIAN_POINT('',(32.176579348872,-7.813909277419,
    13.63929453226));
#7484 = CARTESIAN_POINT('',(32.186778437184,-7.773354879366,
    13.646310700521));
#7485 = CARTESIAN_POINT('',(32.195006919476,-7.732698775215,
    13.653215694904));
#7486 = CARTESIAN_POINT('',(32.201296777085,-7.691892407387,
    13.659996759167));
#7487 = CARTESIAN_POINT('',(32.205641757716,-7.650879860081,
    13.666641429076));
#7488 = CARTESIAN_POINT('',(32.207989908212,-7.609615711576,
    13.673135582799));
#7489 = CARTESIAN_POINT('',(32.208235977277,-7.56807778083,
    13.679462198385));
#7490 = CARTESIAN_POINT('',(32.205187697387,-7.505092140606,
    13.688711275809));
#7491 = CARTESIAN_POINT('',(32.203109619661,-7.483028072721,
    13.691900504685));
#7492 = CARTESIAN_POINT('',(32.200133133399,-7.460723838531,
    13.695103316574));
#7493 = CARTESIAN_POINT('',(32.196432101379,-7.438515801019,
    13.698287830263));
#7494 = CARTESIAN_POINT('',(32.192133382939,-7.416543757736,
    13.701439086723));
#7495 = CARTESIAN_POINT('',(32.187288259173,-7.394833743677,
    13.704550127284));
#7496 = CARTESIAN_POINT('',(32.181881512833,-7.373364067212,
    13.707619167295));
#7497 = CARTESIAN_POINT('',(32.175879080121,-7.352122216535,
    13.710651748881));
#7498 = CARTESIAN_POINT('',(32.146041274941,-7.256820801269,
    13.724359253554));
#7499 = CARTESIAN_POINT('',(32.115465963365,-7.185328104311,
    13.734911569105));
#7500 = CARTESIAN_POINT('',(32.078033680776,-7.117759530952,
    13.745286168306));
#7501 = CARTESIAN_POINT('',(32.034893127418,-7.055281363866,
    13.757114093672));
#7502 = CARTESIAN_POINT('',(31.986337439479,-6.998199887331,
    13.768696074784));
#7503 = CARTESIAN_POINT('',(31.934277135916,-6.94685524747,
    13.78497524587));
#7504 = CARTESIAN_POINT('',(31.878921376058,-6.901044198937,
    13.803424008463));
#7505 = CARTESIAN_POINT('',(31.821237676382,-6.860603662564,
    13.826731631367));
#7506 = CARTESIAN_POINT('',(31.760979439538,-6.825936356435,
    13.852265157056));
#7507 = CARTESIAN_POINT('',(32.15,-7.754521319246,12.837380032938));
#7508 = CARTESIAN_POINT('',(32.15,-7.717910894089,12.858604298897));
#7509 = CARTESIAN_POINT('',(32.148561597024,-7.681442832329,
    12.87954719728));
#7510 = CARTESIAN_POINT('',(32.145707459229,-7.645124778149,
    12.900223160236));
#7511 = CARTESIAN_POINT('',(32.141430831198,-7.608938184116,
    12.920684712841));
#7512 = CARTESIAN_POINT('',(32.135705244777,-7.572862874009,
    12.940988108717));
#7513 = CARTESIAN_POINT('',(32.128494229894,-7.536901605639,
    12.961158965643));
#7514 = CARTESIAN_POINT('',(32.1197610254,-7.501104633669,
    12.981157901179));
#7515 = CARTESIAN_POINT('',(32.10947828989,-7.465594272444,
    13.00084616828));
#7516 = CARTESIAN_POINT('',(32.091569845403,-7.412650312226,
    13.029742218487));
#7517 = CARTESIAN_POINT('',(32.085239495272,-7.395475029028,
    13.038416337272));
#7518 = CARTESIAN_POINT('',(32.078678982422,-7.379000214713,
    13.046144069939));
#7519 = CARTESIAN_POINT('',(32.071859205898,-7.363028478903,
    13.053239598788));
#7520 = CARTESIAN_POINT('',(32.064739390271,-7.347381918646,
    13.059961338051));
#7521 = CARTESIAN_POINT('',(32.057297030845,-7.33198356082,
    13.06641178661));
#7522 = CARTESIAN_POINT('',(32.049538137313,-7.316866763634,
    13.072536761148));
#7523 = CARTESIAN_POINT('',(32.041487775867,-7.30211257722,
    13.078224009707));
#7524 = CARTESIAN_POINT('',(32.003443977213,-7.236333193692,
    13.102334470729));
#7525 = CARTESIAN_POINT('',(31.970212056248,-7.189548822311,
    13.115816006195));
#7526 = CARTESIAN_POINT('',(31.933540978554,-7.147376116822,
    13.124227400574));
#7527 = CARTESIAN_POINT('',(31.894766764366,-7.11080038496,
    13.126668950283));
#7528 = CARTESIAN_POINT('',(31.852337497015,-7.078318814667,
    13.125916128159));
#7529 = CARTESIAN_POINT('',(31.809495483277,-7.052148776239,
    13.119179886403));
#7530 = CARTESIAN_POINT('',(31.763912451316,-7.029826538773,
    13.110802868331));
#7531 = CARTESIAN_POINT('',(31.717443549639,-7.012615749082,
    13.099624866636));
#7532 = CARTESIAN_POINT('',(31.670909428915,-6.999766708776,
    13.087782120025));
#7533 = DEFINITIONAL_REPRESENTATION('',(#7534),#7538);
#7534 = LINE('',#7535,#7536);
#7535 = CARTESIAN_POINT('',(0.,0.));
#7536 = VECTOR('',#7537,1.);
#7537 = DIRECTION('',(0.,1.));
#7538 = ( GEOMETRIC_REPRESENTATION_CONTEXT(2) 
PARAMETRIC_REPRESENTATION_CONTEXT() REPRESENTATION_CONTEXT('2D SPACE',''
  ) );
#7539 = ORIENTED_EDGE('',*,*,#7540,.T.);
#7540 = EDGE_CURVE('',#7337,#4271,#7541,.T.);
#7541 = SURFACE_CURVE('',#7542,(#7546,#7553),.PCURVE_S1.);
#7542 = LINE('',#7543,#7544);
#7543 = CARTESIAN_POINT('',(0.,-6.134596775004,13.667021274516));
#7544 = VECTOR('',#7545,1.);
#7545 = DIRECTION('',(1.,0.,0.));
#7546 = PCURVE('',#4294,#7547);
#7547 = DEFINITIONAL_REPRESENTATION('',(#7548),#7552);
#7548 = LINE('',#7549,#7550);
#7549 = CARTESIAN_POINT('',(0.,0.));
#7550 = VECTOR('',#7551,1.);
#7551 = DIRECTION('',(0.,-1.));
#7552 = ( GEOMETRIC_REPRESENTATION_CONTEXT(2) 
PARAMETRIC_REPRESENTATION_CONTEXT() REPRESENTATION_CONTEXT('2D SPACE',''
  ) );
#7553 = PCURVE('',#4371,#7554);
#7554 = DEFINITIONAL_REPRESENTATION('',(#7555),#7559);
#7555 = LINE('',#7556,#7557);
#7556 = CARTESIAN_POINT('',(1.,0.));
#7557 = VECTOR('',#7558,1.);
#7558 = DIRECTION('',(0.,-1.));
#7559 = ( GEOMETRIC_REPRESENTATION_CONTEXT(2) 
PARAMETRIC_REPRESENTATION_CONTEXT() REPRESENTATION_CONTEXT('2D SPACE',''
  ) );
#7560 = ORIENTED_EDGE('',*,*,#4270,.F.);
#7561 = ADVANCED_FACE('',(#7562),#4371,.F.);
#7562 = FACE_BOUND('',#7563,.F.);
#7563 = EDGE_LOOP('',(#7564,#7565,#7623,#7763,#7845,#7867));
#7564 = ORIENTED_EDGE('',*,*,#7540,.F.);
#7565 = ORIENTED_EDGE('',*,*,#7566,.T.);
#7566 = EDGE_CURVE('',#7337,#7567,#7569,.T.);
#7567 = VERTEX_POINT('',#7568);
#7568 = CARTESIAN_POINT('',(31.516685598055,-5.996004275358,
    13.630248664004));
#7569 = SURFACE_CURVE('',#7570,(#7579,#7591),.PCURVE_S1.);
#7570 = ( BOUNDED_CURVE() B_SPLINE_CURVE(7,(#7571,#7572,#7573,#7574,
    #7575,#7576,#7577,#7578),.UNSPECIFIED.,.F.,.F.) 
B_SPLINE_CURVE_WITH_KNOTS((8,8),(15.117207558319,15.417296303636),
.PIECEWISE_BEZIER_KNOTS.) CURVE() GEOMETRIC_REPRESENTATION_ITEM() 
RATIONAL_B_SPLINE_CURVE((1.,1.,1.,1.,1.,1.,1.,1.)) REPRESENTATION_ITEM(
  '') );
#7571 = CARTESIAN_POINT('',(32.093392133707,-6.134596775004,
    13.667021274516));
#7572 = CARTESIAN_POINT('',(32.00817449506,-6.094854220741,
    13.656372289196));
#7573 = CARTESIAN_POINT('',(31.919541365383,-6.061014587765,
    13.64737387519));
#7574 = CARTESIAN_POINT('',(31.827961942916,-6.033685401964,
    13.640151102149));
#7575 = CARTESIAN_POINT('',(31.734227984804,-6.012842809199,
    13.634673530681));
#7576 = CARTESIAN_POINT('',(31.644036587543,-6.002651844972,
    13.631994607839));
#7577 = CARTESIAN_POINT('',(31.56678985728,-5.996761232501,
    13.630447493912));
#7578 = CARTESIAN_POINT('',(31.516685598055,-5.996004275358,
    13.630248664004));
#7579 = PCURVE('',#4371,#7580);
#7580 = DEFINITIONAL_REPRESENTATION('',(#7581),#7590);
#7581 = B_SPLINE_CURVE_WITH_KNOTS('',7,(#7582,#7583,#7584,#7585,#7586,
    #7587,#7588,#7589),.UNSPECIFIED.,.F.,.F.,(8,8),(15.117207558319,
    15.417296303636),.PIECEWISE_BEZIER_KNOTS.);
#7582 = CARTESIAN_POINT('',(1.,-32.0933921337));
#7583 = CARTESIAN_POINT('',(0.990856773383,-32.00817449506));
#7584 = CARTESIAN_POINT('',(0.98307554308,-31.91954136538));
#7585 = CARTESIAN_POINT('',(0.976793908058,-31.82796194291));
#7586 = CARTESIAN_POINT('',(0.97200499729,-31.7342279848));
#7587 = CARTESIAN_POINT('',(0.96966342578,-31.64403658754));
#7588 = CARTESIAN_POINT('',(0.968310021943,-31.56678985728));
#7589 = CARTESIAN_POINT('',(0.968136105183,-31.51668559805));
#7590 = ( GEOMETRIC_REPRESENTATION_CONTEXT(2) 
PARAMETRIC_REPRESENTATION_CONTEXT() REPRESENTATION_CONTEXT('2D SPACE',''
  ) );
#7591 = PCURVE('',#7592,#7617);
#7592 = ( BOUNDED_SURFACE() B_SPLINE_SURFACE(2,7,(
    (#7593,#7594,#7595,#7596,#7597,#7598,#7599,#7600)
    ,(#7601,#7602,#7603,#7604,#7605,#7606,#7607,#7608)
    ,(#7609,#7610,#7611,#7612,#7613,#7614,#7615,#7616
)),.UNSPECIFIED.,.F.,.F.,.F.) B_SPLINE_SURFACE_WITH_KNOTS((3,3),(8,8),(
    0.,0.300088745317),(15.117207558319,15.417296303636),
.PIECEWISE_BEZIER_KNOTS.) GEOMETRIC_REPRESENTATION_ITEM() 
RATIONAL_B_SPLINE_SURFACE((
    (1.,1.,1.,1.,1.,1.,1.,1.)
    ,(0.711916249835,0.710855781804,0.709947919272,0.709272913426
      ,0.708774048457,0.709063453415,0.709013126113,0.709254922773)
,(1.,1.,1.,1.,1.,1.,1.,1.))) REPRESENTATION_ITEM('') SURFACE() );
#7593 = CARTESIAN_POINT('',(32.093392133707,-6.134596775004,
    13.667021274516));
#7594 = CARTESIAN_POINT('',(32.00817449506,-6.094854220741,
    13.656372289196));
#7595 = CARTESIAN_POINT('',(31.919541365383,-6.061014587765,
    13.64737387519));
#7596 = CARTESIAN_POINT('',(31.827961942916,-6.033685401964,
    13.640151102149));
#7597 = CARTESIAN_POINT('',(31.734227984804,-6.012842809199,
    13.634673530681));
#7598 = CARTESIAN_POINT('',(31.644036587543,-6.002651844972,
    13.631994607839));
#7599 = CARTESIAN_POINT('',(31.56678985728,-5.996761232501,
    13.630447493912));
#7600 = CARTESIAN_POINT('',(31.516685598055,-5.996004275358,
    13.630248664004));
#7601 = CARTESIAN_POINT('',(31.760979439538,-6.825936356435,
    13.852265157056));
#7602 = CARTESIAN_POINT('',(31.719324349067,-6.808532939034,
    13.846576969063));
#7603 = CARTESIAN_POINT('',(31.677156891782,-6.794158177511,
    13.841829287068));
#7604 = CARTESIAN_POINT('',(31.634543223836,-6.782661983874,
    13.838008207827));
#7605 = CARTESIAN_POINT('',(31.592061494011,-6.773934146605,
    13.835089965869));
#7606 = CARTESIAN_POINT('',(31.548899136553,-6.767593917568,
    13.833120903685));
#7607 = CARTESIAN_POINT('',(31.506106276597,-6.764138081396,
    13.832036966902));
#7608 = CARTESIAN_POINT('',(31.463968298823,-6.763370552477,
    13.831812738871));
#7609 = CARTESIAN_POINT('',(31.670909428915,-6.999766708776,
    13.087782120025));
#7610 = CARTESIAN_POINT('',(31.641544540355,-6.991658451204,
    13.080308873963));
#7611 = CARTESIAN_POINT('',(31.612334680062,-6.985014061622,
    13.074038676062));
#7612 = CARTESIAN_POINT('',(31.583184141445,-6.979675061577,
    13.069147999062));
#7613 = CARTESIAN_POINT('',(31.554298878333,-6.975475644716,
    13.065442586937));
#7614 = CARTESIAN_POINT('',(31.523730619983,-6.97172789681,
    13.064511390575));
#7615 = CARTESIAN_POINT('',(31.490047580399,-6.969265012107,
    13.063404154537));
#7616 = CARTESIAN_POINT('',(31.45,-6.969137891843,13.06387857382));
#7617 = DEFINITIONAL_REPRESENTATION('',(#7618),#7622);
#7618 = LINE('',#7619,#7620);
#7619 = CARTESIAN_POINT('',(0.,0.));
#7620 = VECTOR('',#7621,1.);
#7621 = DIRECTION('',(0.,1.));
#7622 = ( GEOMETRIC_REPRESENTATION_CONTEXT(2) 
PARAMETRIC_REPRESENTATION_CONTEXT() REPRESENTATION_CONTEXT('2D SPACE',''
  ) );
#7623 = ORIENTED_EDGE('',*,*,#7624,.T.);
#7624 = EDGE_CURVE('',#7567,#7625,#7627,.T.);
#7625 = VERTEX_POINT('',#7626);
#7626 = CARTESIAN_POINT('',(9.700000000274,-5.993495604031,
    13.62958983377));
#7627 = SURFACE_CURVE('',#7628,(#7655,#7677),.PCURVE_S1.);
#7628 = B_SPLINE_CURVE_WITH_KNOTS('',9,(#7629,#7630,#7631,#7632,#7633,
    #7634,#7635,#7636,#7637,#7638,#7639,#7640,#7641,#7642,#7643,#7644,
    #7645,#7646,#7647,#7648,#7649,#7650,#7651,#7652,#7653,#7654),
  .UNSPECIFIED.,.F.,.F.,(10,8,8,10),(15.417296303636,15.429992210269,
    37.97074683962,38.975799858152),.UNSPECIFIED.);
#7629 = CARTESIAN_POINT('',(31.516685598055,-5.996004275358,
    13.630248664004));
#7630 = CARTESIAN_POINT('',(31.515036888373,-5.995979367245,
    13.630242121391));
#7631 = CARTESIAN_POINT('',(31.513416686757,-5.995957210719,
    13.63023630156));
#7632 = CARTESIAN_POINT('',(31.511825454321,-5.995937818631,
    13.630231207876));
#7633 = CARTESIAN_POINT('',(31.510263652212,-5.995921203824,
    13.630226843717));
#7634 = CARTESIAN_POINT('',(31.508731741522,-5.995907379152,
    13.63022321244));
#7635 = CARTESIAN_POINT('',(31.507230183409,-5.995896357456,
    13.630220317426));
#7636 = CARTESIAN_POINT('',(31.505759438971,-5.995888151591,
    13.630218162034));
#7637 = CARTESIAN_POINT('',(31.504319969346,-5.995882774399,
    13.630216749639));
#7638 = CARTESIAN_POINT('',(29.003572829403,-5.991378325666,
    13.629033587989));
#7639 = CARTESIAN_POINT('',(26.56969511552,-5.994499204996,
    13.629854002769));
#7640 = CARTESIAN_POINT('',(24.11311078276,-5.993563983284,
    13.629606811554));
#7641 = CARTESIAN_POINT('',(21.684709795467,-5.993556707014,
    13.629606888903));
#7642 = CARTESIAN_POINT('',(19.247801346794,-5.993514650903,
    13.629594137942));
#7643 = CARTESIAN_POINT('',(16.814086777121,-5.993489047131,
    13.629588408668));
#7644 = CARTESIAN_POINT('',(14.37664928263,-5.993498009708,
    13.629590404108));
#7645 = CARTESIAN_POINT('',(11.938570547123,-5.993495638357,
    13.629589842938));
#7646 = CARTESIAN_POINT('',(9.391202109395,-5.993495592305,
    13.629589830846));
#7647 = CARTESIAN_POINT('',(9.281733135892,-5.993495590326,
    13.629589830327));
#7648 = CARTESIAN_POINT('',(9.171529634351,-5.993495588334,
    13.629589829803));
#7649 = CARTESIAN_POINT('',(9.060591604774,-5.993495586328,
    13.629589829277));
#7650 = CARTESIAN_POINT('',(8.948919047159,-5.99349558431,
    13.629589828747));
#7651 = CARTESIAN_POINT('',(8.836511961507,-5.993495582277,
    13.629589828213));
#7652 = CARTESIAN_POINT('',(8.723370347818,-5.993495580232,
    13.629589827676));
#7653 = CARTESIAN_POINT('',(8.609494206093,-5.993495578173,
    13.629589827136));
#7654 = CARTESIAN_POINT('',(8.49488353633,-5.993495576101,
    13.629589826592));
#7655 = PCURVE('',#4371,#7656);
#7656 = DEFINITIONAL_REPRESENTATION('',(#7657),#7676);
#7657 = B_SPLINE_CURVE_WITH_KNOTS('',9,(#7658,#7659,#7660,#7661,#7662,
    #7663,#7664,#7665,#7666,#7667,#7668,#7669,#7670,#7671,#7672,#7673,
    #7674,#7675),.UNSPECIFIED.,.F.,.F.,(10,8,10),(15.417296303636,
    15.429992210269,37.97074683962),.UNSPECIFIED.);
#7658 = CARTESIAN_POINT('',(0.968136105183,-31.51668559805));
#7659 = CARTESIAN_POINT('',(0.968130382351,-31.51503688837));
#7660 = CARTESIAN_POINT('',(0.968125291719,-31.51341668675));
#7661 = CARTESIAN_POINT('',(0.968120836239,-31.51182545432));
#7662 = CARTESIAN_POINT('',(0.968117018862,-31.51026365221));
#7663 = CARTESIAN_POINT('',(0.968113842539,-31.50873174152));
#7664 = CARTESIAN_POINT('',(0.968111310222,-31.50723018341));
#7665 = CARTESIAN_POINT('',(0.968109424864,-31.50575943897));
#7666 = CARTESIAN_POINT('',(0.968108189414,-31.50431996934));
#7667 = CARTESIAN_POINT('',(0.967073258718,-29.0035728294));
#7668 = CARTESIAN_POINT('',(0.967790342477,-26.56969511552));
#7669 = CARTESIAN_POINT('',(0.967575379677,-24.11311078276));
#7670 = CARTESIAN_POINT('',(0.967573822273,-21.68470979546));
#7671 = CARTESIAN_POINT('',(0.967564061545,-19.24780134679));
#7672 = CARTESIAN_POINT('',(0.96755823617,-16.81408677712));
#7673 = CARTESIAN_POINT('',(0.967560274757,-14.37664928263));
#7674 = CARTESIAN_POINT('',(0.96755973347,-11.93857054712));
#7675 = CARTESIAN_POINT('',(0.967559723341,-9.499936554862));
#7676 = ( GEOMETRIC_REPRESENTATION_CONTEXT(2) 
PARAMETRIC_REPRESENTATION_CONTEXT() REPRESENTATION_CONTEXT('2D SPACE',''
  ) );
#7677 = PCURVE('',#7678,#7757);
#7678 = ( BOUNDED_SURFACE() B_SPLINE_SURFACE(2,9,(
    (#7679,#7680,#7681,#7682,#7683,#7684,#7685,#7686,#7687,#7688,#7689
      ,#7690,#7691,#7692,#7693,#7694,#7695,#7696,#7697,#7698,#7699,#7700
      ,#7701,#7702,#7703,#7704)
    ,(#7705,#7706,#7707,#7708,#7709,#7710,#7711,#7712,#7713,#7714,#7715
      ,#7716,#7717,#7718,#7719,#7720,#7721,#7722,#7723,#7724,#7725,#7726
      ,#7727,#7728,#7729,#7730)
    ,(#7731,#7732,#7733,#7734,#7735,#7736,#7737,#7738,#7739,#7740,#7741
      ,#7742,#7743,#7744,#7745,#7746,#7747,#7748,#7749,#7750,#7751,#7752
      ,#7753,#7754,#7755,#7756
)),.UNSPECIFIED.,.F.,.F.,.F.) B_SPLINE_SURFACE_WITH_KNOTS((3,3),(10,8,8,
    10),(0.,22.553450535984),(15.417296303636,15.429992210269,
    37.97074683962,38.975799858152),.UNSPECIFIED.) 
GEOMETRIC_REPRESENTATION_ITEM() RATIONAL_B_SPLINE_SURFACE((
    (1.,1.,1.,1.,1.,1.,1.,1.,1.,1.,1.,1.,1.,1.,1.,1.,1.,1.,1.,1.,1.,1.
      ,1.,1.,1.,1.)
    ,(0.709254922773,0.709251196955,0.709247883294,0.709244983564
      ,0.709242499542,0.709240433002,0.709238785721,0.709237559473
      ,0.709236756035,0.708563747223,0.709033185519,0.708886195318
      ,0.708894477653,0.708880161976,0.708881031042,0.708880679066
      ,0.708880615665,0.708880608804,0.708880608584,0.708880608438
      ,0.708880608365,0.708880608365,0.708880608438,0.708880608584
      ,0.708880608804,0.708880609097)
    ,(1.,1.,1.,1.,1.,1.,1.,1.,1.,1.,1.,1.,1.,1.,1.,1.,1.,1.,1.,1.,1.,1.
,1.,1.,1.,1.))) REPRESENTATION_ITEM('') SURFACE() );
#7679 = CARTESIAN_POINT('',(31.516685598055,-5.996004275358,
    13.630248664004));
#7680 = CARTESIAN_POINT('',(31.515036888373,-5.995979367245,
    13.630242121391));
#7681 = CARTESIAN_POINT('',(31.513416686757,-5.995957210719,
    13.63023630156));
#7682 = CARTESIAN_POINT('',(31.511825454321,-5.995937818631,
    13.630231207876));
#7683 = CARTESIAN_POINT('',(31.510263652212,-5.995921203824,
    13.630226843717));
#7684 = CARTESIAN_POINT('',(31.508731741522,-5.995907379152,
    13.63022321244));
#7685 = CARTESIAN_POINT('',(31.507230183409,-5.995896357456,
    13.630220317426));
#7686 = CARTESIAN_POINT('',(31.505759438971,-5.995888151591,
    13.630218162034));
#7687 = CARTESIAN_POINT('',(31.504319969346,-5.995882774399,
    13.630216749639));
#7688 = CARTESIAN_POINT('',(29.003572829403,-5.991378325666,
    13.629033587989));
#7689 = CARTESIAN_POINT('',(26.56969511552,-5.994499204996,
    13.629854002769));
#7690 = CARTESIAN_POINT('',(24.11311078276,-5.993563983284,
    13.629606811554));
#7691 = CARTESIAN_POINT('',(21.684709795467,-5.993556707014,
    13.629606888903));
#7692 = CARTESIAN_POINT('',(19.247801346794,-5.993514650903,
    13.629594137942));
#7693 = CARTESIAN_POINT('',(16.814086777121,-5.993489047131,
    13.629588408668));
#7694 = CARTESIAN_POINT('',(14.37664928263,-5.993498009708,
    13.629590404108));
#7695 = CARTESIAN_POINT('',(11.938570547123,-5.993495638357,
    13.629589842938));
#7696 = CARTESIAN_POINT('',(9.391202109395,-5.993495592305,
    13.629589830846));
#7697 = CARTESIAN_POINT('',(9.281733135892,-5.993495590326,
    13.629589830327));
#7698 = CARTESIAN_POINT('',(9.171529634351,-5.993495588334,
    13.629589829803));
#7699 = CARTESIAN_POINT('',(9.060591604774,-5.993495586328,
    13.629589829277));
#7700 = CARTESIAN_POINT('',(8.948919047159,-5.99349558431,
    13.629589828747));
#7701 = CARTESIAN_POINT('',(8.836511961507,-5.993495582277,
    13.629589828213));
#7702 = CARTESIAN_POINT('',(8.723370347818,-5.993495580232,
    13.629589827676));
#7703 = CARTESIAN_POINT('',(8.609494206093,-5.993495578173,
    13.629589827136));
#7704 = CARTESIAN_POINT('',(8.49488353633,-5.993495576101,
    13.629589826592));
#7705 = CARTESIAN_POINT('',(31.463968298823,-6.763370552477,
    13.831812738871));
#7706 = CARTESIAN_POINT('',(31.462580442398,-6.763370738752,
    13.831812043685));
#7707 = CARTESIAN_POINT('',(31.461193507637,-6.763370904455,
    13.831811425271));
#7708 = CARTESIAN_POINT('',(31.459807494755,-6.76337104949,
    13.831810883994));
#7709 = CARTESIAN_POINT('',(31.458422403975,-6.763371173758,
    13.83181042022));
#7710 = CARTESIAN_POINT('',(31.457038235528,-6.763371277161,
    13.831810034315));
#7711 = CARTESIAN_POINT('',(31.455654989662,-6.763371359601,
    13.831809726643));
#7712 = CARTESIAN_POINT('',(31.454272666628,-6.763371420982,
    13.831809497569));
#7713 = CARTESIAN_POINT('',(31.452891266694,-6.763371461204,
    13.831809347457));
#7714 = CARTESIAN_POINT('',(28.998236687405,-6.7634051862,
    13.831683484057));
#7715 = CARTESIAN_POINT('',(26.588820730945,-6.763381968767,
    13.831770132698));
#7716 = CARTESIAN_POINT('',(24.126122701688,-6.763388611127,
    13.831745343073));
#7717 = CARTESIAN_POINT('',(21.69854647991,-6.763389128195,
    13.831743413348));
#7718 = CARTESIAN_POINT('',(19.253288602025,-6.763389046633,
    13.831743717741));
#7719 = CARTESIAN_POINT('',(16.81736775772,-6.763389470015,
    13.83174213766));
#7720 = CARTESIAN_POINT('',(14.377643720413,-6.763389319465,
    13.83174269952));
#7721 = CARTESIAN_POINT('',(11.938914874819,-6.763389351573,
    13.831742579691));
#7722 = CARTESIAN_POINT('',(9.391291592327,-6.763389351919,
    13.831742578401));
#7723 = CARTESIAN_POINT('',(9.28181445945,-6.763389351933,
    13.831742578345));
#7724 = CARTESIAN_POINT('',(9.171605518255,-6.763389351948,
    13.831742578289));
#7725 = CARTESIAN_POINT('',(9.060664768776,-6.763389351963,
    13.831742578233));
#7726 = CARTESIAN_POINT('',(8.948992211046,-6.763389351979,
    13.831742578177));
#7727 = CARTESIAN_POINT('',(8.8365878451,-6.763389351994,13.83174257812)
  );
#7728 = CARTESIAN_POINT('',(8.723451670973,-6.763389352009,
    13.831742578062));
#7729 = CARTESIAN_POINT('',(8.609583688701,-6.763389352025,
    13.831742578005));
#7730 = CARTESIAN_POINT('',(8.49498389832,-6.76338935204,13.831742577947
    ));
#7731 = CARTESIAN_POINT('',(31.45,-6.969137891843,13.06387857382));
#7732 = CARTESIAN_POINT('',(31.448681745378,-6.969140570346,
    13.063868577511));
#7733 = CARTESIAN_POINT('',(31.44735702054,-6.969142952536,
    13.063859687054));
#7734 = CARTESIAN_POINT('',(31.446025710781,-6.969145037143,
    13.063851907198));
#7735 = CARTESIAN_POINT('',(31.444687701434,-6.969146822888,
    13.063845242703));
#7736 = CARTESIAN_POINT('',(31.443342877768,-6.969148308504,
    13.063839698314));
#7737 = CARTESIAN_POINT('',(31.44199112513,-6.96914949271,
    13.063835278794));
#7738 = CARTESIAN_POINT('',(31.440632328795,-6.969150374238,
    13.063831988889));
#7739 = CARTESIAN_POINT('',(31.439266374088,-6.969150951811,
    13.063829833356));
#7740 = CARTESIAN_POINT('',(28.999816740818,-6.969634756175,
    13.062024250889));
#7741 = CARTESIAN_POINT('',(26.589026007902,-6.969297800719,
    13.063281785771));
#7742 = CARTESIAN_POINT('',(24.133343851649,-6.969402294786,
    13.062891808602));
#7743 = CARTESIAN_POINT('',(21.700271403212,-6.969397853913,
    13.062908382164));
#7744 = CARTESIAN_POINT('',(19.255778070985,-6.969406848173,
    13.062874815132));
#7745 = CARTESIAN_POINT('',(16.817880427723,-6.969406981293,
    13.062874318319));
#7746 = CARTESIAN_POINT('',(14.377972006376,-6.969406961343,
    13.062874392775));
#7747 = CARTESIAN_POINT('',(11.939005945701,-6.969407053875,
    13.062874047442));
#7748 = CARTESIAN_POINT('',(9.391315252208,-6.96940705881,
    13.062874029024));
#7749 = CARTESIAN_POINT('',(9.281835962087,-6.969407059022,
    13.062874028233));
#7750 = CARTESIAN_POINT('',(9.171625582801,-6.969407059235,
    13.062874027436));
#7751 = CARTESIAN_POINT('',(9.060684114351,-6.96940705945,
    13.062874026634));
#7752 = CARTESIAN_POINT('',(8.949011556736,-6.969407059666,
    13.062874025827));
#7753 = CARTESIAN_POINT('',(8.836607909957,-6.969407059884,
    13.062874025014));
#7754 = CARTESIAN_POINT('',(8.723473174013,-6.969407060103,
    13.062874024196));
#7755 = CARTESIAN_POINT('',(8.609607348905,-6.969407060324,
    13.062874023373));
#7756 = CARTESIAN_POINT('',(8.495010434633,-6.969407060546,
    13.062874022545));
#7757 = DEFINITIONAL_REPRESENTATION('',(#7758),#7762);
#7758 = LINE('',#7759,#7760);
#7759 = CARTESIAN_POINT('',(0.,0.));
#7760 = VECTOR('',#7761,1.);
#7761 = DIRECTION('',(0.,1.));
#7762 = ( GEOMETRIC_REPRESENTATION_CONTEXT(2) 
PARAMETRIC_REPRESENTATION_CONTEXT() REPRESENTATION_CONTEXT('2D SPACE',''
  ) );
#7763 = ORIENTED_EDGE('',*,*,#7764,.T.);
#7764 = EDGE_CURVE('',#7625,#7765,#7767,.T.);
#7765 = VERTEX_POINT('',#7766);
#7766 = CARTESIAN_POINT('',(9.7,-4.910688419938,13.370590813399));
#7767 = SURFACE_CURVE('',#7768,(#7783,#7795),.PCURVE_S1.);
#7768 = B_SPLINE_CURVE_WITH_KNOTS('',7,(#7769,#7770,#7771,#7772,#7773,
    #7774,#7775,#7776,#7777,#7778,#7779,#7780,#7781,#7782),
  .UNSPECIFIED.,.F.,.F.,(8,6,8),(0.657079408867,2.761106938033,
    2.861332997218),.UNSPECIFIED.);
#7769 = CARTESIAN_POINT('',(9.7,-6.134596775004,13.667021274516));
#7770 = CARTESIAN_POINT('',(9.7,-5.844320941321,13.589242099299));
#7771 = CARTESIAN_POINT('',(9.7,-5.55354146093,13.514987038975));
#7772 = CARTESIAN_POINT('',(9.7,-5.261008381521,13.444452178152));
#7773 = CARTESIAN_POINT('',(9.7,-4.968371765984,13.378595716315));
#7774 = CARTESIAN_POINT('',(9.7,-4.673935477163,13.317490977148));
#7775 = CARTESIAN_POINT('',(9.7,-4.378692433299,13.261898312468));
#7776 = CARTESIAN_POINT('',(9.7,-4.068268021067,13.209844179551));
#7777 = CARTESIAN_POINT('',(9.7,-4.054099579077,13.20746831627));
#7778 = CARTESIAN_POINT('',(9.7,-4.039877502793,13.205083459216));
#7779 = CARTESIAN_POINT('',(9.7,-4.025601792215,13.202689608389));
#7780 = CARTESIAN_POINT('',(9.7,-4.011272447343,13.200286763789));
#7781 = CARTESIAN_POINT('',(9.7,-3.996889468176,13.197874925417));
#7782 = CARTESIAN_POINT('',(9.7,-3.982452854716,13.195454093271));
#7783 = PCURVE('',#4371,#7784);
#7784 = DEFINITIONAL_REPRESENTATION('',(#7785),#7794);
#7785 = B_SPLINE_CURVE_WITH_KNOTS('',7,(#7786,#7787,#7788,#7789,#7790,
    #7791,#7792,#7793),.UNSPECIFIED.,.F.,.F.,(8,8),(0.803121404959,
    1.917280926667),.PIECEWISE_BEZIER_KNOTS.);
#7786 = CARTESIAN_POINT('',(0.967559725575,-9.7));
#7787 = CARTESIAN_POINT('',(0.932209739962,-9.7));
#7788 = CARTESIAN_POINT('',(0.896869010365,-9.7));
#7789 = CARTESIAN_POINT('',(0.861521213457,-9.7));
#7790 = CARTESIAN_POINT('',(0.826182016001,-9.7));
#7791 = CARTESIAN_POINT('',(0.7908545228,-9.7));
#7792 = CARTESIAN_POINT('',(0.755539228055,-9.7));
#7793 = CARTESIAN_POINT('',(0.720238547099,-9.7));
#7794 = ( GEOMETRIC_REPRESENTATION_CONTEXT(2) 
PARAMETRIC_REPRESENTATION_CONTEXT() REPRESENTATION_CONTEXT('2D SPACE',''
  ) );
#7795 = PCURVE('',#7796,#7839);
#7796 = ( BOUNDED_SURFACE() B_SPLINE_SURFACE(2,7,(
    (#7797,#7798,#7799,#7800,#7801,#7802,#7803,#7804,#7805,#7806,#7807
      ,#7808,#7809,#7810)
    ,(#7811,#7812,#7813,#7814,#7815,#7816,#7817,#7818,#7819,#7820,#7821
      ,#7822,#7823,#7824)
    ,(#7825,#7826,#7827,#7828,#7829,#7830,#7831,#7832,#7833,#7834,#7835
      ,#7836,#7837,#7838
)),.UNSPECIFIED.,.F.,.F.,.F.) B_SPLINE_SURFACE_WITH_KNOTS((3,3),(8,6,8),
  (0.,2.104027529166),(0.657079408867,2.761106938033,2.861332997218),
.UNSPECIFIED.) GEOMETRIC_REPRESENTATION_ITEM() RATIONAL_B_SPLINE_SURFACE
((
    (1.,1.,1.,1.,1.,1.,1.,1.,1.,1.,1.,1.,1.,1.)
    ,(0.707106781187,0.707106781187,0.707106781187,0.707106781187
      ,0.707106781187,0.707106781187,0.707106781187,0.707106781187
      ,0.707106781187,0.707106781187,0.707106781187,0.707106781187
      ,0.707106781187,0.707106781187)
,(1.,1.,1.,1.,1.,1.,1.,1.,1.,1.,1.,1.,1.,1.
))) REPRESENTATION_ITEM('') SURFACE() );
#7797 = CARTESIAN_POINT('',(9.7,-6.134596775004,13.667021274516));
#7798 = CARTESIAN_POINT('',(9.7,-5.844320941321,13.589242099299));
#7799 = CARTESIAN_POINT('',(9.7,-5.55354146093,13.514987038975));
#7800 = CARTESIAN_POINT('',(9.7,-5.261008381521,13.444452178152));
#7801 = CARTESIAN_POINT('',(9.7,-4.968371765984,13.378595716315));
#7802 = CARTESIAN_POINT('',(9.7,-4.673935477163,13.317490977148));
#7803 = CARTESIAN_POINT('',(9.7,-4.378692433299,13.261898312468));
#7804 = CARTESIAN_POINT('',(9.7,-4.068268021067,13.209844179551));
#7805 = CARTESIAN_POINT('',(9.7,-4.054099579077,13.20746831627));
#7806 = CARTESIAN_POINT('',(9.7,-4.039877502793,13.205083459216));
#7807 = CARTESIAN_POINT('',(9.7,-4.025601792215,13.202689608389));
#7808 = CARTESIAN_POINT('',(9.7,-4.011272447343,13.200286763789));
#7809 = CARTESIAN_POINT('',(9.7,-3.996889468176,13.197874925417));
#7810 = CARTESIAN_POINT('',(9.7,-3.982452854716,13.195454093271));
#7811 = CARTESIAN_POINT('',(9.5,-6.134596775004,13.667021274516));
#7812 = CARTESIAN_POINT('',(9.5,-5.844320941321,13.589242099299));
#7813 = CARTESIAN_POINT('',(9.5,-5.55354146093,13.514987038975));
#7814 = CARTESIAN_POINT('',(9.5,-5.261008381521,13.444452178152));
#7815 = CARTESIAN_POINT('',(9.5,-4.968371765984,13.378595716315));
#7816 = CARTESIAN_POINT('',(9.5,-4.673935477163,13.317490977148));
#7817 = CARTESIAN_POINT('',(9.5,-4.378692433299,13.261898312468));
#7818 = CARTESIAN_POINT('',(9.5,-4.068268021067,13.209844179551));
#7819 = CARTESIAN_POINT('',(9.5,-4.054099579077,13.20746831627));
#7820 = CARTESIAN_POINT('',(9.5,-4.039877502793,13.205083459216));
#7821 = CARTESIAN_POINT('',(9.5,-4.025601792215,13.202689608389));
#7822 = CARTESIAN_POINT('',(9.5,-4.011272447343,13.200286763789));
#7823 = CARTESIAN_POINT('',(9.5,-3.996889468176,13.197874925417));
#7824 = CARTESIAN_POINT('',(9.5,-3.982452854716,13.195454093271));
#7825 = CARTESIAN_POINT('',(9.5,-6.182252756053,13.472781969868));
#7826 = CARTESIAN_POINT('',(9.5,-5.895901449781,13.395965664674));
#7827 = CARTESIAN_POINT('',(9.5,-5.602912191254,13.32124654991));
#7828 = CARTESIAN_POINT('',(9.5,-5.306824066477,13.249604234333));
#7829 = CARTESIAN_POINT('',(9.5,-5.010882283103,13.183171243017));
#7830 = CARTESIAN_POINT('',(9.5,-4.713545321774,13.121397990178));
#7831 = CARTESIAN_POINT('',(9.5,-4.415145598993,13.065218630998));
#7832 = CARTESIAN_POINT('',(9.5,-4.101182478075,13.012571107041));
#7833 = CARTESIAN_POINT('',(9.5,-4.086906767465,13.010177256406));
#7834 = CARTESIAN_POINT('',(9.5,-4.072631056854,13.007783405771));
#7835 = CARTESIAN_POINT('',(9.5,-4.058355346244,13.005389555136));
#7836 = CARTESIAN_POINT('',(9.5,-4.044079635633,13.002995704501));
#7837 = CARTESIAN_POINT('',(9.5,-4.029803925023,13.000601853866));
#7838 = CARTESIAN_POINT('',(9.5,-4.015528214413,12.998208003231));
#7839 = DEFINITIONAL_REPRESENTATION('',(#7840),#7844);
#7840 = LINE('',#7841,#7842);
#7841 = CARTESIAN_POINT('',(0.,0.));
#7842 = VECTOR('',#7843,1.);
#7843 = DIRECTION('',(0.,1.));
#7844 = ( GEOMETRIC_REPRESENTATION_CONTEXT(2) 
PARAMETRIC_REPRESENTATION_CONTEXT() REPRESENTATION_CONTEXT('2D SPACE',''
  ) );
#7845 = ORIENTED_EDGE('',*,*,#7846,.F.);
#7846 = EDGE_CURVE('',#4343,#7765,#7847,.T.);
#7847 = SURFACE_CURVE('',#7848,(#7854,#7860),.PCURVE_S1.);
#7848 = B_SPLINE_CURVE_WITH_KNOTS('',2,(#7849,#7850,#7851,#7852,#7853),
  .UNSPECIFIED.,.F.,.F.,(3,1,1,3),(-0.905147444041,6.000224830798E-07,
    24.650000600014,25.555148644077),.UNSPECIFIED.);
#7849 = CARTESIAN_POINT('',(35.055148044065,-4.910688419938,
    13.370590813399));
#7850 = CARTESIAN_POINT('',(34.602574022033,-4.910688419938,
    13.370590813399));
#7851 = CARTESIAN_POINT('',(21.825000000001,-4.910688419938,
    13.370590813399));
#7852 = CARTESIAN_POINT('',(9.047425977969,-4.910688419938,
    13.370590813399));
#7853 = CARTESIAN_POINT('',(8.594851955937,-4.910688419938,
    13.370590813399));
#7854 = PCURVE('',#4371,#7855);
#7855 = DEFINITIONAL_REPRESENTATION('',(#7856),#7859);
#7856 = B_SPLINE_CURVE_WITH_KNOTS('',1,(#7857,#7858),.UNSPECIFIED.,.F.,
  .F.,(2,2),(6.000224830798E-07,24.650000600014),
  .PIECEWISE_BEZIER_KNOTS.);
#7857 = CARTESIAN_POINT('',(0.720238547099,-34.15));
#7858 = CARTESIAN_POINT('',(0.720238547099,-9.500000000001));
#7859 = ( GEOMETRIC_REPRESENTATION_CONTEXT(2) 
PARAMETRIC_REPRESENTATION_CONTEXT() REPRESENTATION_CONTEXT('2D SPACE',''
  ) );
#7860 = PCURVE('',#7102,#7861);
#7861 = DEFINITIONAL_REPRESENTATION('',(#7862),#7866);
#7862 = LINE('',#7863,#7864);
#7863 = CARTESIAN_POINT('',(24.649999999991,0.));
#7864 = VECTOR('',#7865,1.);
#7865 = DIRECTION('',(0.,1.));
#7866 = ( GEOMETRIC_REPRESENTATION_CONTEXT(2) 
PARAMETRIC_REPRESENTATION_CONTEXT() REPRESENTATION_CONTEXT('2D SPACE',''
  ) );
#7867 = ORIENTED_EDGE('',*,*,#4342,.F.);
#7868 = ADVANCED_FACE('',(#7869),#4558,.F.);
#7869 = FACE_BOUND('',#7870,.F.);
#7870 = EDGE_LOOP('',(#7871,#7891,#7918,#7919,#7920));
#7871 = ORIENTED_EDGE('',*,*,#7872,.F.);
#7872 = EDGE_CURVE('',#7873,#4651,#7875,.T.);
#7873 = VERTEX_POINT('',#7874);
#7874 = CARTESIAN_POINT('',(-31.45,-9.195347586056,4.755550886716));
#7875 = SURFACE_CURVE('',#7876,(#7879,#7885),.PCURVE_S1.);
#7876 = B_SPLINE_CURVE_WITH_KNOTS('',1,(#7877,#7878),.UNSPECIFIED.,.F.,
  .F.,(2,2),(0.,1.),.PIECEWISE_BEZIER_KNOTS.);
#7877 = CARTESIAN_POINT('',(-31.45,-9.247111395076,4.562365721458));
#7878 = CARTESIAN_POINT('',(-31.45,8.8702217621,72.177173561693));
#7879 = PCURVE('',#4558,#7880);
#7880 = DEFINITIONAL_REPRESENTATION('',(#7881),#7884);
#7881 = B_SPLINE_CURVE_WITH_KNOTS('',1,(#7882,#7883),.UNSPECIFIED.,.F.,
  .F.,(2,2),(0.,1.),.PIECEWISE_BEZIER_KNOTS.);
#7882 = CARTESIAN_POINT('',(3.14159265359,0.));
#7883 = CARTESIAN_POINT('',(3.14159265359,70.));
#7884 = ( GEOMETRIC_REPRESENTATION_CONTEXT(2) 
PARAMETRIC_REPRESENTATION_CONTEXT() REPRESENTATION_CONTEXT('2D SPACE',''
  ) );
#7885 = PCURVE('',#4747,#7886);
#7886 = DEFINITIONAL_REPRESENTATION('',(#7887),#7890);
#7887 = B_SPLINE_CURVE_WITH_KNOTS('',1,(#7888,#7889),.UNSPECIFIED.,.F.,
  .F.,(2,2),(0.,1.),.PIECEWISE_BEZIER_KNOTS.);
#7888 = CARTESIAN_POINT('',(-0.7,-70.));
#7889 = CARTESIAN_POINT('',(-0.7,0.));
#7890 = ( GEOMETRIC_REPRESENTATION_CONTEXT(2) 
PARAMETRIC_REPRESENTATION_CONTEXT() REPRESENTATION_CONTEXT('2D SPACE',''
  ) );
#7891 = ORIENTED_EDGE('',*,*,#7892,.T.);
#7892 = EDGE_CURVE('',#7873,#6145,#7893,.T.);
#7893 = SURFACE_CURVE('',#7894,(#7899,#7906),.PCURVE_S1.);
#7894 = CIRCLE('',#7895,0.7);
#7895 = AXIS2_PLACEMENT_3D('',#7896,#7897,#7898);
#7896 = CARTESIAN_POINT('',(-31.45,-9.871495664458,4.936724218287));
#7897 = DIRECTION('',(-7.650914066162E-19,0.258819045103,0.965925826289)
  );
#7898 = DIRECTION('',(-5.075523852974E-15,0.965925826289,-0.258819045103
    ));
#7899 = PCURVE('',#4558,#7900);
#7900 = DEFINITIONAL_REPRESENTATION('',(#7901),#7905);
#7901 = LINE('',#7902,#7903);
#7902 = CARTESIAN_POINT('',(3.14159265359,0.2));
#7903 = VECTOR('',#7904,1.);
#7904 = DIRECTION('',(1.,0.));
#7905 = ( GEOMETRIC_REPRESENTATION_CONTEXT(2) 
PARAMETRIC_REPRESENTATION_CONTEXT() REPRESENTATION_CONTEXT('2D SPACE',''
  ) );
#7906 = PCURVE('',#7907,#7912);
#7907 = TOROIDAL_SURFACE('',#7908,0.5,0.2);
#7908 = AXIS2_PLACEMENT_3D('',#7909,#7910,#7911);
#7909 = CARTESIAN_POINT('',(-31.45,-9.871495664458,4.936724218287));
#7910 = DIRECTION('',(7.650914066162E-19,-0.258819045103,-0.965925826289
    ));
#7911 = DIRECTION('',(-5.075523852974E-15,0.965925826289,-0.258819045103
    ));
#7912 = DEFINITIONAL_REPRESENTATION('',(#7913),#7917);
#7913 = LINE('',#7914,#7915);
#7914 = CARTESIAN_POINT('',(-0.,0.));
#7915 = VECTOR('',#7916,1.);
#7916 = DIRECTION('',(-1.,0.));
#7917 = ( GEOMETRIC_REPRESENTATION_CONTEXT(2) 
PARAMETRIC_REPRESENTATION_CONTEXT() REPRESENTATION_CONTEXT('2D SPACE',''
  ) );
#7918 = ORIENTED_EDGE('',*,*,#6144,.T.);
#7919 = ORIENTED_EDGE('',*,*,#4519,.T.);
#7920 = ORIENTED_EDGE('',*,*,#4650,.T.);
#7921 = ADVANCED_FACE('',(#7922),#4747,.F.);
#7922 = FACE_BOUND('',#7923,.F.);
#7923 = EDGE_LOOP('',(#7924,#7951,#7977,#7978,#7979,#8007,#8075,#8108,
    #8136,#8169,#8237,#8265));
#7924 = ORIENTED_EDGE('',*,*,#7925,.F.);
#7925 = EDGE_CURVE('',#7926,#7928,#7930,.T.);
#7926 = VERTEX_POINT('',#7927);
#7927 = CARTESIAN_POINT('',(31.45,-9.195347586056,4.755550886716));
#7928 = VERTEX_POINT('',#7929);
#7929 = CARTESIAN_POINT('',(31.45,-6.969137891843,13.06387857382));
#7930 = SURFACE_CURVE('',#7931,(#7934,#7940),.PCURVE_S1.);
#7931 = B_SPLINE_CURVE_WITH_KNOTS('',1,(#7932,#7933),.UNSPECIFIED.,.F.,
  .F.,(2,2),(0.,1.),.PIECEWISE_BEZIER_KNOTS.);
#7932 = CARTESIAN_POINT('',(31.45,-9.247111395076,4.562365721458));
#7933 = CARTESIAN_POINT('',(31.45,8.8702217621,72.177173561693));
#7934 = PCURVE('',#4747,#7935);
#7935 = DEFINITIONAL_REPRESENTATION('',(#7936),#7939);
#7936 = B_SPLINE_CURVE_WITH_KNOTS('',1,(#7937,#7938),.UNSPECIFIED.,.F.,
  .F.,(2,2),(0.,1.),.PIECEWISE_BEZIER_KNOTS.);
#7937 = CARTESIAN_POINT('',(-63.6,-70.));
#7938 = CARTESIAN_POINT('',(-63.6,0.));
#7939 = ( GEOMETRIC_REPRESENTATION_CONTEXT(2) 
PARAMETRIC_REPRESENTATION_CONTEXT() REPRESENTATION_CONTEXT('2D SPACE',''
  ) );
#7940 = PCURVE('',#7941,#7946);
#7941 = CYLINDRICAL_SURFACE('',#7942,0.7);
#7942 = AXIS2_PLACEMENT_3D('',#7943,#7944,#7945);
#7943 = CARTESIAN_POINT('',(31.45,-9.923259473479,4.74353905303));
#7944 = DIRECTION('',(0.,0.258819045103,0.965925826289));
#7945 = DIRECTION('',(0.,-0.965925826289,0.258819045103));
#7946 = DEFINITIONAL_REPRESENTATION('',(#7947),#7950);
#7947 = B_SPLINE_CURVE_WITH_KNOTS('',1,(#7948,#7949),.UNSPECIFIED.,.F.,
  .F.,(2,2),(0.,1.),.PIECEWISE_BEZIER_KNOTS.);
#7948 = CARTESIAN_POINT('',(3.14159265359,0.));
#7949 = CARTESIAN_POINT('',(3.14159265359,70.));
#7950 = ( GEOMETRIC_REPRESENTATION_CONTEXT(2) 
PARAMETRIC_REPRESENTATION_CONTEXT() REPRESENTATION_CONTEXT('2D SPACE',''
  ) );
#7951 = ORIENTED_EDGE('',*,*,#7952,.T.);
#7952 = EDGE_CURVE('',#7926,#7873,#7953,.T.);
#7953 = SURFACE_CURVE('',#7954,(#7958,#7965),.PCURVE_S1.);
#7954 = LINE('',#7955,#7956);
#7955 = CARTESIAN_POINT('',(31.45,-9.195347586056,4.755550886716));
#7956 = VECTOR('',#7957,1.);
#7957 = DIRECTION('',(-1.,-0.,0.));
#7958 = PCURVE('',#4747,#7959);
#7959 = DEFINITIONAL_REPRESENTATION('',(#7960),#7964);
#7960 = LINE('',#7961,#7962);
#7961 = CARTESIAN_POINT('',(-63.6,-69.8));
#7962 = VECTOR('',#7963,1.);
#7963 = DIRECTION('',(1.,0.));
#7964 = ( GEOMETRIC_REPRESENTATION_CONTEXT(2) 
PARAMETRIC_REPRESENTATION_CONTEXT() REPRESENTATION_CONTEXT('2D SPACE',''
  ) );
#7965 = PCURVE('',#7966,#7971);
#7966 = CYLINDRICAL_SURFACE('',#7967,0.2);
#7967 = AXIS2_PLACEMENT_3D('',#7968,#7969,#7970);
#7968 = CARTESIAN_POINT('',(31.45,-9.388532751313,4.807314695736));
#7969 = DIRECTION('',(-1.,-0.,0.));
#7970 = DIRECTION('',(0.,0.965925826289,-0.258819045103));
#7971 = DEFINITIONAL_REPRESENTATION('',(#7972),#7976);
#7972 = LINE('',#7973,#7974);
#7973 = CARTESIAN_POINT('',(0.,0.));
#7974 = VECTOR('',#7975,1.);
#7975 = DIRECTION('',(0.,1.));
#7976 = ( GEOMETRIC_REPRESENTATION_CONTEXT(2) 
PARAMETRIC_REPRESENTATION_CONTEXT() REPRESENTATION_CONTEXT('2D SPACE',''
  ) );
#7977 = ORIENTED_EDGE('',*,*,#7872,.T.);
#7978 = ORIENTED_EDGE('',*,*,#4708,.T.);
#7979 = ORIENTED_EDGE('',*,*,#7980,.T.);
#7980 = EDGE_CURVE('',#4709,#7981,#7983,.T.);
#7981 = VERTEX_POINT('',#7982);
#7982 = CARTESIAN_POINT('',(-9.7,-7.435378079359,11.323846505481));
#7983 = SURFACE_CURVE('',#7984,(#7988,#7995),.PCURVE_S1.);
#7984 = LINE('',#7985,#7986);
#7985 = CARTESIAN_POINT('',(-9.7,-6.786201421325,13.746606776349));
#7986 = VECTOR('',#7987,1.);
#7987 = DIRECTION('',(0.,-0.258819045103,-0.965925826289));
#7988 = PCURVE('',#4747,#7989);
#7989 = DEFINITIONAL_REPRESENTATION('',(#7990),#7994);
#7990 = LINE('',#7991,#7992);
#7991 = CARTESIAN_POINT('',(-22.45,-60.49177400072));
#7992 = VECTOR('',#7993,1.);
#7993 = DIRECTION('',(-0.,-1.));
#7994 = ( GEOMETRIC_REPRESENTATION_CONTEXT(2) 
PARAMETRIC_REPRESENTATION_CONTEXT() REPRESENTATION_CONTEXT('2D SPACE',''
  ) );
#7995 = PCURVE('',#7996,#8001);
#7996 = CYLINDRICAL_SURFACE('',#7997,0.2);
#7997 = AXIS2_PLACEMENT_3D('',#7998,#7999,#8000);
#7998 = CARTESIAN_POINT('',(-9.7,-6.593016256067,13.694842967329));
#7999 = DIRECTION('',(0.,-0.258819045103,-0.965925826289));
#8000 = DIRECTION('',(1.,0.,0.));
#8001 = DEFINITIONAL_REPRESENTATION('',(#8002),#8006);
#8002 = LINE('',#8003,#8004);
#8003 = CARTESIAN_POINT('',(1.570796326795,0.));
#8004 = VECTOR('',#8005,1.);
#8005 = DIRECTION('',(0.,1.));
#8006 = ( GEOMETRIC_REPRESENTATION_CONTEXT(2) 
PARAMETRIC_REPRESENTATION_CONTEXT() REPRESENTATION_CONTEXT('2D SPACE',''
  ) );
#8007 = ORIENTED_EDGE('',*,*,#8008,.T.);
#8008 = EDGE_CURVE('',#7981,#8009,#8011,.T.);
#8009 = VERTEX_POINT('',#8010);
#8010 = CARTESIAN_POINT('',(-9.89252818993,-7.702787911726,
    10.325859424643));
#8011 = SURFACE_CURVE('',#8012,(#8023,#8037),.PCURVE_S1.);
#8012 = ( BOUNDED_CURVE() B_SPLINE_CURVE(9,(#8013,#8014,#8015,#8016,
    #8017,#8018,#8019,#8020,#8021,#8022),.UNSPECIFIED.,.F.,.F.) 
B_SPLINE_CURVE_WITH_KNOTS((10,10),(2.508225999273,3.605865671622),
.PIECEWISE_BEZIER_KNOTS.) CURVE() GEOMETRIC_REPRESENTATION_ITEM() 
RATIONAL_B_SPLINE_CURVE((1.,1.,1.,1.,1.,1.,1.,1.,1.,1.)) 
REPRESENTATION_ITEM('') );
#8013 = CARTESIAN_POINT('',(-9.7,-7.435378079359,11.323846505481));
#8014 = CARTESIAN_POINT('',(-9.7,-7.47321254185,11.182646369187));
#8015 = CARTESIAN_POINT('',(-9.699460905606,-7.50423474985,
    11.066869912766));
#8016 = CARTESIAN_POINT('',(-9.719061591217,-7.530816319174,
    10.967666145505));
#8017 = CARTESIAN_POINT('',(-9.735856899222,-7.553465406835,
    10.883138599607));
#8018 = CARTESIAN_POINT('',(-9.759272222881,-7.576963894243,
    10.795441050702));
#8019 = CARTESIAN_POINT('',(-9.788001604685,-7.602560150578,
    10.699914521574));
#8020 = CARTESIAN_POINT('',(-9.822890118952,-7.630879469064,
    10.594225386152));
#8021 = CARTESIAN_POINT('',(-9.860507351723,-7.663797806208,
    10.471372479427));
#8022 = CARTESIAN_POINT('',(-9.89252818993,-7.702787911726,
    10.325859424643));
#8023 = PCURVE('',#4747,#8024);
#8024 = DEFINITIONAL_REPRESENTATION('',(#8025),#8036);
#8025 = ( BOUNDED_CURVE() B_SPLINE_CURVE(9,(#8026,#8027,#8028,#8029,
    #8030,#8031,#8032,#8033,#8034,#8035),.UNSPECIFIED.,.F.,.F.) 
B_SPLINE_CURVE_WITH_KNOTS((10,10),(2.508225999273,3.605865671622),
.PIECEWISE_BEZIER_KNOTS.) CURVE() GEOMETRIC_REPRESENTATION_ITEM() 
RATIONAL_B_SPLINE_CURVE((1.,1.,1.,1.,1.,1.,1.,1.,1.,1.)) 
REPRESENTATION_ITEM('') );
#8026 = CARTESIAN_POINT('',(-22.45,-63.));
#8027 = CARTESIAN_POINT('',(-22.45,-63.14618113777));
#8028 = CARTESIAN_POINT('',(-22.45053909439,-63.26604174536));
#8029 = CARTESIAN_POINT('',(-22.43093840878,-63.36874504261));
#8030 = CARTESIAN_POINT('',(-22.41414310077,-63.45625439747));
#8031 = CARTESIAN_POINT('',(-22.39072777711,-63.54704558093));
#8032 = CARTESIAN_POINT('',(-22.36199839531,-63.64594192113));
#8033 = CARTESIAN_POINT('',(-22.32710988104,-63.75535936556));
#8034 = CARTESIAN_POINT('',(-22.28949264827,-63.88254605359));
#8035 = CARTESIAN_POINT('',(-22.25747181007,-64.03319225314));
#8036 = ( GEOMETRIC_REPRESENTATION_CONTEXT(2) 
PARAMETRIC_REPRESENTATION_CONTEXT() REPRESENTATION_CONTEXT('2D SPACE',''
  ) );
#8037 = PCURVE('',#8038,#8069);
#8038 = ( BOUNDED_SURFACE() B_SPLINE_SURFACE(2,9,(
    (#8039,#8040,#8041,#8042,#8043,#8044,#8045,#8046,#8047,#8048)
    ,(#8049,#8050,#8051,#8052,#8053,#8054,#8055,#8056,#8057,#8058)
    ,(#8059,#8060,#8061,#8062,#8063,#8064,#8065,#8066,#8067,#8068
)),.UNSPECIFIED.,.F.,.F.,.F.) B_SPLINE_SURFACE_WITH_KNOTS((3,3),(10,10),
  (0.,1.097639672349),(2.508225999273,3.605865671622),
.PIECEWISE_BEZIER_KNOTS.) GEOMETRIC_REPRESENTATION_ITEM() 
RATIONAL_B_SPLINE_SURFACE((
    (1.,1.,1.,1.,1.,1.,1.,1.,1.,1.)
    ,(0.707106781187,0.707106781187,0.707106781187,0.707106781187
      ,0.707106781187,0.707106781187,0.707106781187,0.707106781187
      ,0.707106781187,0.707106781187)
,(1.,1.,1.,1.,1.,1.,1.,1.,1.,1.))) REPRESENTATION_ITEM('') SURFACE() );
#8039 = CARTESIAN_POINT('',(-9.5,-7.242192914101,11.272082696461));
#8040 = CARTESIAN_POINT('',(-9.5,-7.282606033634,11.121258881072));
#8041 = CARTESIAN_POINT('',(-9.500034774636,-7.316667085315,
    10.994141305638));
#8042 = CARTESIAN_POINT('',(-9.521026353003,-7.346533187756,
    10.882679493903));
#8043 = CARTESIAN_POINT('',(-9.540423171025,-7.372728002514,
    10.784919114331));
#8044 = CARTESIAN_POINT('',(-9.568146465552,-7.398317500473,
    10.689417807808));
#8045 = CARTESIAN_POINT('',(-9.595989231807,-7.42403305667,
    10.593446045536));
#8046 = CARTESIAN_POINT('',(-9.630126769532,-7.451585332066,
    10.490619553894));
#8047 = CARTESIAN_POINT('',(-9.666268840278,-7.483068700793,
    10.37312202221));
#8048 = CARTESIAN_POINT('',(-9.696898669783,-7.520365047525,
    10.233930161272));
#8049 = CARTESIAN_POINT('',(-9.5,-7.435378079359,11.323846505481));
#8050 = CARTESIAN_POINT('',(-9.5,-7.475791198891,11.173022690093));
#8051 = CARTESIAN_POINT('',(-9.500034774636,-7.509852250573,
    11.045905114659));
#8052 = CARTESIAN_POINT('',(-9.521026353003,-7.539718353014,
    10.934443302924));
#8053 = CARTESIAN_POINT('',(-9.540423171025,-7.565913167772,
    10.836682923352));
#8054 = CARTESIAN_POINT('',(-9.568146465552,-7.591502665731,
    10.741181616829));
#8055 = CARTESIAN_POINT('',(-9.595989231807,-7.617218221928,
    10.645209854556));
#8056 = CARTESIAN_POINT('',(-9.630126769532,-7.644770497324,
    10.542383362915));
#8057 = CARTESIAN_POINT('',(-9.666268840278,-7.676253866051,
    10.424885831231));
#8058 = CARTESIAN_POINT('',(-9.696898669783,-7.713550212783,
    10.285693970293));
#8059 = CARTESIAN_POINT('',(-9.7,-7.435378079359,11.323846505481));
#8060 = CARTESIAN_POINT('',(-9.7,-7.47321254185,11.182646369187));
#8061 = CARTESIAN_POINT('',(-9.699460905606,-7.50423474985,
    11.066869912766));
#8062 = CARTESIAN_POINT('',(-9.719061591217,-7.530816319174,
    10.967666145505));
#8063 = CARTESIAN_POINT('',(-9.735856899222,-7.553465406835,
    10.883138599607));
#8064 = CARTESIAN_POINT('',(-9.759272222881,-7.576963894243,
    10.795441050702));
#8065 = CARTESIAN_POINT('',(-9.788001604685,-7.602560150578,
    10.699914521574));
#8066 = CARTESIAN_POINT('',(-9.822890118952,-7.630879469064,
    10.594225386152));
#8067 = CARTESIAN_POINT('',(-9.860507351723,-7.663797806208,
    10.471372479427));
#8068 = CARTESIAN_POINT('',(-9.89252818993,-7.702787911726,
    10.325859424643));
#8069 = DEFINITIONAL_REPRESENTATION('',(#8070),#8074);
#8070 = LINE('',#8071,#8072);
#8071 = CARTESIAN_POINT('',(1.097639672349,0.));
#8072 = VECTOR('',#8073,1.);
#8073 = DIRECTION('',(0.,1.));
#8074 = ( GEOMETRIC_REPRESENTATION_CONTEXT(2) 
PARAMETRIC_REPRESENTATION_CONTEXT() REPRESENTATION_CONTEXT('2D SPACE',''
  ) );
#8075 = ORIENTED_EDGE('',*,*,#8076,.T.);
#8076 = EDGE_CURVE('',#8009,#8077,#8079,.T.);
#8077 = VERTEX_POINT('',#8078);
#8078 = CARTESIAN_POINT('',(-7.32,-8.52500625924,7.257298776804));
#8079 = SURFACE_CURVE('',#8080,(#8085,#8096),.PCURVE_S1.);
#8080 = CIRCLE('',#8081,2.63);
#8081 = AXIS2_PLACEMENT_3D('',#8082,#8083,#8084);
#8082 = CARTESIAN_POINT('',(-7.32,-7.84431217062,9.797683699945));
#8083 = DIRECTION('',(2.545901445444E-18,-0.965925826289,0.258819045103)
  );
#8084 = DIRECTION('',(-0.978147600734,5.38115052831E-02,0.200827271748)
  );
#8085 = PCURVE('',#4747,#8086);
#8086 = DEFINITIONAL_REPRESENTATION('',(#8087),#8095);
#8087 = ( BOUNDED_CURVE() B_SPLINE_CURVE(2,(#8088,#8089,#8090,#8091,
#8092,#8093,#8094),.UNSPECIFIED.,.T.,.F.) B_SPLINE_CURVE_WITH_KNOTS((1,2
    ,2,2,2,1),(-2.094395102393,0.,2.094395102393,4.188790204786,
6.28318530718,8.377580409573),.UNSPECIFIED.) CURVE() 
GEOMETRIC_REPRESENTATION_ITEM() RATIONAL_B_SPLINE_CURVE((1.,0.5,1.,0.5,
1.,0.5,1.)) REPRESENTATION_ITEM('') );
#8088 = CARTESIAN_POINT('',(-22.25747181007,-64.03319225314));
#8089 = CARTESIAN_POINT('',(-21.31037301055,-68.48894178201));
#8090 = CARTESIAN_POINT('',(-25.6427146952,-67.08127863785));
#8091 = CARTESIAN_POINT('',(-29.97505637986,-65.6736154937));
#8092 = CARTESIAN_POINT('',(-26.58981349472,-62.62552910899));
#8093 = CARTESIAN_POINT('',(-23.20457060958,-59.57744272428));
#8094 = CARTESIAN_POINT('',(-22.25747181007,-64.03319225314));
#8095 = ( GEOMETRIC_REPRESENTATION_CONTEXT(2) 
PARAMETRIC_REPRESENTATION_CONTEXT() REPRESENTATION_CONTEXT('2D SPACE',''
  ) );
#8096 = PCURVE('',#8097,#8102);
#8097 = TOROIDAL_SURFACE('',#8098,2.63,0.2);
#8098 = AXIS2_PLACEMENT_3D('',#8099,#8100,#8101);
#8099 = CARTESIAN_POINT('',(-7.32,-7.651127005363,9.745919890924));
#8100 = DIRECTION('',(0.,0.965925826289,-0.258819045103));
#8101 = DIRECTION('',(-0.978147600734,5.38115052831E-02,0.200827271748)
  );
#8102 = DEFINITIONAL_REPRESENTATION('',(#8103),#8107);
#8103 = LINE('',#8104,#8105);
#8104 = CARTESIAN_POINT('',(-0.,4.712388980385));
#8105 = VECTOR('',#8106,1.);
#8106 = DIRECTION('',(-1.,0.));
#8107 = ( GEOMETRIC_REPRESENTATION_CONTEXT(2) 
PARAMETRIC_REPRESENTATION_CONTEXT() REPRESENTATION_CONTEXT('2D SPACE',''
  ) );
#8108 = ORIENTED_EDGE('',*,*,#8109,.T.);
#8109 = EDGE_CURVE('',#8077,#8110,#8112,.T.);
#8110 = VERTEX_POINT('',#8111);
#8111 = CARTESIAN_POINT('',(7.32,-8.52500625924,7.257298776804));
#8112 = SURFACE_CURVE('',#8113,(#8117,#8124),.PCURVE_S1.);
#8113 = LINE('',#8114,#8115);
#8114 = CARTESIAN_POINT('',(-7.32,-8.52500625924,7.257298776804));
#8115 = VECTOR('',#8116,1.);
#8116 = DIRECTION('',(1.,0.,0.));
#8117 = PCURVE('',#4747,#8118);
#8118 = DEFINITIONAL_REPRESENTATION('',(#8119),#8123);
#8119 = LINE('',#8120,#8121);
#8120 = CARTESIAN_POINT('',(-24.83,-67.21));
#8121 = VECTOR('',#8122,1.);
#8122 = DIRECTION('',(-1.,0.));
#8123 = ( GEOMETRIC_REPRESENTATION_CONTEXT(2) 
PARAMETRIC_REPRESENTATION_CONTEXT() REPRESENTATION_CONTEXT('2D SPACE',''
  ) );
#8124 = PCURVE('',#8125,#8130);
#8125 = CYLINDRICAL_SURFACE('',#8126,0.2);
#8126 = AXIS2_PLACEMENT_3D('',#8127,#8128,#8129);
#8127 = CARTESIAN_POINT('',(-7.32,-8.331821093982,7.205534967784));
#8128 = DIRECTION('',(1.,0.,0.));
#8129 = DIRECTION('',(0.,0.258819045103,0.965925826289));
#8130 = DEFINITIONAL_REPRESENTATION('',(#8131),#8135);
#8131 = LINE('',#8132,#8133);
#8132 = CARTESIAN_POINT('',(1.570796326795,0.));
#8133 = VECTOR('',#8134,1.);
#8134 = DIRECTION('',(0.,1.));
#8135 = ( GEOMETRIC_REPRESENTATION_CONTEXT(2) 
PARAMETRIC_REPRESENTATION_CONTEXT() REPRESENTATION_CONTEXT('2D SPACE',''
  ) );
#8136 = ORIENTED_EDGE('',*,*,#8137,.T.);
#8137 = EDGE_CURVE('',#8110,#8138,#8140,.T.);
#8138 = VERTEX_POINT('',#8139);
#8139 = CARTESIAN_POINT('',(9.89252818993,-7.702787911726,
    10.325859424643));
#8140 = SURFACE_CURVE('',#8141,(#8146,#8157),.PCURVE_S1.);
#8141 = CIRCLE('',#8142,2.63);
#8142 = AXIS2_PLACEMENT_3D('',#8143,#8144,#8145);
#8143 = CARTESIAN_POINT('',(7.32,-7.84431217062,9.797683699945));
#8144 = DIRECTION('',(-8.131483905582E-32,-0.965925826289,0.258819045103
    ));
#8145 = DIRECTION('',(3.289549702593E-15,-0.258819045103,-0.965925826289
    ));
#8146 = PCURVE('',#4747,#8147);
#8147 = DEFINITIONAL_REPRESENTATION('',(#8148),#8156);
#8148 = ( BOUNDED_CURVE() B_SPLINE_CURVE(2,(#8149,#8150,#8151,#8152,
#8153,#8154,#8155),.UNSPECIFIED.,.T.,.F.) B_SPLINE_CURVE_WITH_KNOTS((1,2
    ,2,2,2,1),(-2.094395102393,0.,2.094395102393,4.188790204786,
6.28318530718,8.377580409573),.UNSPECIFIED.) CURVE() 
GEOMETRIC_REPRESENTATION_ITEM() RATIONAL_B_SPLINE_CURVE((1.,0.5,1.,0.5,
1.,0.5,1.)) REPRESENTATION_ITEM('') );
#8149 = CARTESIAN_POINT('',(-39.47,-67.21));
#8150 = CARTESIAN_POINT('',(-44.0252936239,-67.21));
#8151 = CARTESIAN_POINT('',(-41.74764681195,-63.265));
#8152 = CARTESIAN_POINT('',(-39.47,-59.32));
#8153 = CARTESIAN_POINT('',(-37.19235318804,-63.265));
#8154 = CARTESIAN_POINT('',(-34.91470637609,-67.21));
#8155 = CARTESIAN_POINT('',(-39.47,-67.21));
#8156 = ( GEOMETRIC_REPRESENTATION_CONTEXT(2) 
PARAMETRIC_REPRESENTATION_CONTEXT() REPRESENTATION_CONTEXT('2D SPACE',''
  ) );
#8157 = PCURVE('',#8158,#8163);
#8158 = TOROIDAL_SURFACE('',#8159,2.63,0.2);
#8159 = AXIS2_PLACEMENT_3D('',#8160,#8161,#8162);
#8160 = CARTESIAN_POINT('',(7.32,-7.651127005363,9.745919890924));
#8161 = DIRECTION('',(0.,0.965925826289,-0.258819045103));
#8162 = DIRECTION('',(3.289549702593E-15,-0.258819045103,-0.965925826289
    ));
#8163 = DEFINITIONAL_REPRESENTATION('',(#8164),#8168);
#8164 = LINE('',#8165,#8166);
#8165 = CARTESIAN_POINT('',(-0.,4.712388980385));
#8166 = VECTOR('',#8167,1.);
#8167 = DIRECTION('',(-1.,0.));
#8168 = ( GEOMETRIC_REPRESENTATION_CONTEXT(2) 
PARAMETRIC_REPRESENTATION_CONTEXT() REPRESENTATION_CONTEXT('2D SPACE',''
  ) );
#8169 = ORIENTED_EDGE('',*,*,#8170,.T.);
#8170 = EDGE_CURVE('',#8138,#8171,#8173,.T.);
#8171 = VERTEX_POINT('',#8172);
#8172 = CARTESIAN_POINT('',(9.7,-7.435378079359,11.323846505481));
#8173 = SURFACE_CURVE('',#8174,(#8185,#8199),.PCURVE_S1.);
#8174 = ( BOUNDED_CURVE() B_SPLINE_CURVE(9,(#8175,#8176,#8177,#8178,
    #8179,#8180,#8181,#8182,#8183,#8184),.UNSPECIFIED.,.F.,.F.) 
B_SPLINE_CURVE_WITH_KNOTS((10,10),(26.897811839608,27.995451512194),
.PIECEWISE_BEZIER_KNOTS.) CURVE() GEOMETRIC_REPRESENTATION_ITEM() 
RATIONAL_B_SPLINE_CURVE((1.,1.,1.,1.,1.,1.,1.,1.,1.,1.)) 
REPRESENTATION_ITEM('') );
#8175 = CARTESIAN_POINT('',(9.89252818993,-7.702787911726,
    10.325859424643));
#8176 = CARTESIAN_POINT('',(9.860507363223,-7.663797820211,
    10.471372427168));
#8177 = CARTESIAN_POINT('',(9.822890144003,-7.630879489758,
    10.594225308919));
#8178 = CARTESIAN_POINT('',(9.788001631905,-7.60256017264,
    10.699914439238));
#8179 = CARTESIAN_POINT('',(9.759272245004,-7.576963915286,
    10.795440972166));
#8180 = CARTESIAN_POINT('',(9.735856911948,-7.553465422833,
    10.883138539903));
#8181 = CARTESIAN_POINT('',(9.719061588815,-7.530816326189,
    10.967666119323));
#8182 = CARTESIAN_POINT('',(9.699460905241,-7.504234750846,
    11.066869909048));
#8183 = CARTESIAN_POINT('',(9.7,-7.473212539986,11.182646376143));
#8184 = CARTESIAN_POINT('',(9.7,-7.435378079359,11.323846505481));
#8185 = PCURVE('',#4747,#8186);
#8186 = DEFINITIONAL_REPRESENTATION('',(#8187),#8198);
#8187 = ( BOUNDED_CURVE() B_SPLINE_CURVE(9,(#8188,#8189,#8190,#8191,
    #8192,#8193,#8194,#8195,#8196,#8197),.UNSPECIFIED.,.F.,.F.) 
B_SPLINE_CURVE_WITH_KNOTS((10,10),(26.897811839608,27.995451512194),
.PIECEWISE_BEZIER_KNOTS.) CURVE() GEOMETRIC_REPRESENTATION_ITEM() 
RATIONAL_B_SPLINE_CURVE((1.,1.,1.,1.,1.,1.,1.,1.,1.,1.)) 
REPRESENTATION_ITEM('') );
#8188 = CARTESIAN_POINT('',(-42.04252818993,-64.03319225314));
#8189 = CARTESIAN_POINT('',(-42.01050736322,-63.88254610769));
#8190 = CARTESIAN_POINT('',(-41.972890144,-63.75535944552));
#8191 = CARTESIAN_POINT('',(-41.9380016319,-63.64594200637));
#8192 = CARTESIAN_POINT('',(-41.909272245,-63.54704566223));
#8193 = CARTESIAN_POINT('',(-41.88585691194,-63.45625445928));
#8194 = CARTESIAN_POINT('',(-41.86906158881,-63.36874506971));
#8195 = CARTESIAN_POINT('',(-41.84946090524,-63.26604174921));
#8196 = CARTESIAN_POINT('',(-41.85,-63.14618113057));
#8197 = CARTESIAN_POINT('',(-41.85,-63.));
#8198 = ( GEOMETRIC_REPRESENTATION_CONTEXT(2) 
PARAMETRIC_REPRESENTATION_CONTEXT() REPRESENTATION_CONTEXT('2D SPACE',''
  ) );
#8199 = PCURVE('',#8200,#8231);
#8200 = ( BOUNDED_SURFACE() B_SPLINE_SURFACE(2,9,(
    (#8201,#8202,#8203,#8204,#8205,#8206,#8207,#8208,#8209,#8210)
    ,(#8211,#8212,#8213,#8214,#8215,#8216,#8217,#8218,#8219,#8220)
    ,(#8221,#8222,#8223,#8224,#8225,#8226,#8227,#8228,#8229,#8230
)),.UNSPECIFIED.,.F.,.F.,.F.) B_SPLINE_SURFACE_WITH_KNOTS((3,3),(10,10),
  (0.,1.097639672586),(26.897811839608,27.995451512194),
.PIECEWISE_BEZIER_KNOTS.) GEOMETRIC_REPRESENTATION_ITEM() 
RATIONAL_B_SPLINE_SURFACE((
    (1.,1.,1.,1.,1.,1.,1.,1.,1.,1.)
    ,(0.707106781187,0.707106781187,0.707106781187,0.707106781187
      ,0.707106781187,0.707106781186,0.707106781187,0.707106781187
      ,0.707106781187,0.707106781187)
,(1.,1.,1.,1.,1.,1.,1.,1.,1.,1.))) REPRESENTATION_ITEM('') SURFACE() );
#8201 = CARTESIAN_POINT('',(9.696898669783,-7.520365047525,
    10.233930161272));
#8202 = CARTESIAN_POINT('',(9.666268852277,-7.483068715403,
    10.373121967686));
#8203 = CARTESIAN_POINT('',(9.630126795097,-7.451585353333,
    10.490619474527));
#8204 = CARTESIAN_POINT('',(9.59598926009,-7.424033078873,
    10.593445962675));
#8205 = CARTESIAN_POINT('',(9.568146484041,-7.39831751994,
    10.689417735156));
#8206 = CARTESIAN_POINT('',(9.540423184542,-7.372728017426,
    10.784919058679));
#8207 = CARTESIAN_POINT('',(9.521026351773,-7.346533195925,
    10.882679463416));
#8208 = CARTESIAN_POINT('',(9.500034774606,-7.316667087594,
    10.994141297131));
#8209 = CARTESIAN_POINT('',(9.5,-7.282606032712,11.12125888451));
#8210 = CARTESIAN_POINT('',(9.5,-7.242192914101,11.272082696461));
#8211 = CARTESIAN_POINT('',(9.696898669783,-7.713550212783,
    10.285693970293));
#8212 = CARTESIAN_POINT('',(9.666268852277,-7.676253880661,
    10.424885776706));
#8213 = CARTESIAN_POINT('',(9.630126795097,-7.64477051859,
    10.542383283547));
#8214 = CARTESIAN_POINT('',(9.59598926009,-7.61721824413,10.645209771696
    ));
#8215 = CARTESIAN_POINT('',(9.568146484041,-7.591502685198,
    10.741181544177));
#8216 = CARTESIAN_POINT('',(9.540423184542,-7.565913182684,10.8366828677
    ));
#8217 = CARTESIAN_POINT('',(9.521026351773,-7.539718361183,
    10.934443272437));
#8218 = CARTESIAN_POINT('',(9.500034774606,-7.509852252852,
    11.045905106151));
#8219 = CARTESIAN_POINT('',(9.5,-7.47579119797,11.17302269353));
#8220 = CARTESIAN_POINT('',(9.5,-7.435378079359,11.323846505481));
#8221 = CARTESIAN_POINT('',(9.89252818993,-7.702787911726,
    10.325859424643));
#8222 = CARTESIAN_POINT('',(9.860507363223,-7.663797820211,
    10.471372427168));
#8223 = CARTESIAN_POINT('',(9.822890144003,-7.630879489758,
    10.594225308919));
#8224 = CARTESIAN_POINT('',(9.788001631905,-7.60256017264,
    10.699914439238));
#8225 = CARTESIAN_POINT('',(9.759272245004,-7.576963915286,
    10.795440972166));
#8226 = CARTESIAN_POINT('',(9.735856911948,-7.553465422833,
    10.883138539903));
#8227 = CARTESIAN_POINT('',(9.719061588815,-7.530816326189,
    10.967666119323));
#8228 = CARTESIAN_POINT('',(9.699460905241,-7.504234750846,
    11.066869909048));
#8229 = CARTESIAN_POINT('',(9.7,-7.473212539986,11.182646376143));
#8230 = CARTESIAN_POINT('',(9.7,-7.435378079359,11.323846505481));
#8231 = DEFINITIONAL_REPRESENTATION('',(#8232),#8236);
#8232 = LINE('',#8233,#8234);
#8233 = CARTESIAN_POINT('',(1.097639672586,0.));
#8234 = VECTOR('',#8235,1.);
#8235 = DIRECTION('',(0.,1.));
#8236 = ( GEOMETRIC_REPRESENTATION_CONTEXT(2) 
PARAMETRIC_REPRESENTATION_CONTEXT() REPRESENTATION_CONTEXT('2D SPACE',''
  ) );
#8237 = ORIENTED_EDGE('',*,*,#8238,.T.);
#8238 = EDGE_CURVE('',#8171,#8239,#8241,.T.);
#8239 = VERTEX_POINT('',#8240);
#8240 = CARTESIAN_POINT('',(9.7,-6.969407057962,13.062874032189));
#8241 = SURFACE_CURVE('',#8242,(#8246,#8253),.PCURVE_S1.);
#8242 = LINE('',#8243,#8244);
#8243 = CARTESIAN_POINT('',(9.7,-7.435378079359,11.323846505481));
#8244 = VECTOR('',#8245,1.);
#8245 = DIRECTION('',(0.,0.258819045103,0.965925826289));
#8246 = PCURVE('',#4747,#8247);
#8247 = DEFINITIONAL_REPRESENTATION('',(#8248),#8252);
#8248 = LINE('',#8249,#8250);
#8249 = CARTESIAN_POINT('',(-41.85,-63.));
#8250 = VECTOR('',#8251,1.);
#8251 = DIRECTION('',(0.,1.));
#8252 = ( GEOMETRIC_REPRESENTATION_CONTEXT(2) 
PARAMETRIC_REPRESENTATION_CONTEXT() REPRESENTATION_CONTEXT('2D SPACE',''
  ) );
#8253 = PCURVE('',#8254,#8259);
#8254 = CYLINDRICAL_SURFACE('',#8255,0.2);
#8255 = AXIS2_PLACEMENT_3D('',#8256,#8257,#8258);
#8256 = CARTESIAN_POINT('',(9.7,-7.242192914101,11.272082696461));
#8257 = DIRECTION('',(0.,0.258819045103,0.965925826289));
#8258 = DIRECTION('',(-1.,0.,0.));
#8259 = DEFINITIONAL_REPRESENTATION('',(#8260),#8264);
#8260 = LINE('',#8261,#8262);
#8261 = CARTESIAN_POINT('',(1.570796326795,0.));
#8262 = VECTOR('',#8263,1.);
#8263 = DIRECTION('',(0.,1.));
#8264 = ( GEOMETRIC_REPRESENTATION_CONTEXT(2) 
PARAMETRIC_REPRESENTATION_CONTEXT() REPRESENTATION_CONTEXT('2D SPACE',''
  ) );
#8265 = ORIENTED_EDGE('',*,*,#8266,.F.);
#8266 = EDGE_CURVE('',#7928,#8239,#8267,.T.);
#8267 = SURFACE_CURVE('',#8268,(#8295,#8325),.PCURVE_S1.);
#8268 = B_SPLINE_CURVE_WITH_KNOTS('',9,(#8269,#8270,#8271,#8272,#8273,
    #8274,#8275,#8276,#8277,#8278,#8279,#8280,#8281,#8282,#8283,#8284,
    #8285,#8286,#8287,#8288,#8289,#8290,#8291,#8292,#8293,#8294),
  .UNSPECIFIED.,.F.,.F.,(10,8,8,10),(15.417296303636,15.429992210269,
    37.97074683962,38.975799858152),.UNSPECIFIED.);
#8269 = CARTESIAN_POINT('',(31.45,-6.969137891843,13.06387857382));
#8270 = CARTESIAN_POINT('',(31.448681745378,-6.969140570346,
    13.063868577511));
#8271 = CARTESIAN_POINT('',(31.44735702054,-6.969142952536,
    13.063859687054));
#8272 = CARTESIAN_POINT('',(31.446025710781,-6.969145037143,
    13.063851907198));
#8273 = CARTESIAN_POINT('',(31.444687701434,-6.969146822888,
    13.063845242703));
#8274 = CARTESIAN_POINT('',(31.443342877768,-6.969148308504,
    13.063839698314));
#8275 = CARTESIAN_POINT('',(31.44199112513,-6.96914949271,
    13.063835278794));
#8276 = CARTESIAN_POINT('',(31.440632328795,-6.969150374238,
    13.063831988889));
#8277 = CARTESIAN_POINT('',(31.439266374088,-6.969150951811,
    13.063829833356));
#8278 = CARTESIAN_POINT('',(28.999816740818,-6.969634756175,
    13.062024250889));
#8279 = CARTESIAN_POINT('',(26.589026007902,-6.969297800719,
    13.063281785771));
#8280 = CARTESIAN_POINT('',(24.133343851649,-6.969402294786,
    13.062891808602));
#8281 = CARTESIAN_POINT('',(21.700271403212,-6.969397853913,
    13.062908382164));
#8282 = CARTESIAN_POINT('',(19.255778070985,-6.969406848173,
    13.062874815132));
#8283 = CARTESIAN_POINT('',(16.817880427723,-6.969406981293,
    13.062874318319));
#8284 = CARTESIAN_POINT('',(14.377972006376,-6.969406961343,
    13.062874392775));
#8285 = CARTESIAN_POINT('',(11.939005945701,-6.969407053875,
    13.062874047442));
#8286 = CARTESIAN_POINT('',(9.391315252208,-6.96940705881,
    13.062874029024));
#8287 = CARTESIAN_POINT('',(9.281835962087,-6.969407059022,
    13.062874028233));
#8288 = CARTESIAN_POINT('',(9.171625582801,-6.969407059235,
    13.062874027436));
#8289 = CARTESIAN_POINT('',(9.060684114351,-6.96940705945,
    13.062874026634));
#8290 = CARTESIAN_POINT('',(8.949011556736,-6.969407059666,
    13.062874025827));
#8291 = CARTESIAN_POINT('',(8.836607909957,-6.969407059884,
    13.062874025014));
#8292 = CARTESIAN_POINT('',(8.723473174013,-6.969407060103,
    13.062874024196));
#8293 = CARTESIAN_POINT('',(8.609607348905,-6.969407060324,
    13.062874023373));
#8294 = CARTESIAN_POINT('',(8.495010434633,-6.969407060546,
    13.062874022545));
#8295 = PCURVE('',#4747,#8296);
#8296 = DEFINITIONAL_REPRESENTATION('',(#8297),#8324);
#8297 = B_SPLINE_CURVE_WITH_KNOTS('',9,(#8298,#8299,#8300,#8301,#8302,
    #8303,#8304,#8305,#8306,#8307,#8308,#8309,#8310,#8311,#8312,#8313,
    #8314,#8315,#8316,#8317,#8318,#8319,#8320,#8321,#8322,#8323),
  .UNSPECIFIED.,.F.,.F.,(10,8,8,10),(15.417296303636,15.429992210269,
    37.97074683962,38.975799858152),.UNSPECIFIED.);
#8298 = CARTESIAN_POINT('',(-63.6,-61.19858624649));
#8299 = CARTESIAN_POINT('',(-63.59868174537,-61.19859659544));
#8300 = CARTESIAN_POINT('',(-63.59735702054,-61.19860579951));
#8301 = CARTESIAN_POINT('',(-63.59602571078,-61.19861385381));
#8302 = CARTESIAN_POINT('',(-63.59468770143,-61.19862075341));
#8303 = CARTESIAN_POINT('',(-63.59334287776,-61.19862649338));
#8304 = CARTESIAN_POINT('',(-63.59199112513,-61.1986310688));
#8305 = CARTESIAN_POINT('',(-63.59063232879,-61.19863447476));
#8306 = CARTESIAN_POINT('',(-63.58926637408,-61.19863670634));
#8307 = CARTESIAN_POINT('',(-61.14981674081,-61.20050598286));
#8308 = CARTESIAN_POINT('',(-58.7390260079,-61.19920408695));
#8309 = CARTESIAN_POINT('',(-56.28334385164,-61.19960782102));
#8310 = CARTESIAN_POINT('',(-53.85027140321,-61.19959066281));
#8311 = CARTESIAN_POINT('',(-51.40577807098,-61.19962541396));
#8312 = CARTESIAN_POINT('',(-48.96788042772,-61.19962592829));
#8313 = CARTESIAN_POINT('',(-46.52797200637,-61.19962585121));
#8314 = CARTESIAN_POINT('',(-44.0890059457,-61.19962620873));
#8315 = CARTESIAN_POINT('',(-41.5413152522,-61.19962622779));
#8316 = CARTESIAN_POINT('',(-41.43183596208,-61.19962622861));
#8317 = CARTESIAN_POINT('',(-41.3216255828,-61.19962622944));
#8318 = CARTESIAN_POINT('',(-41.21068411435,-61.19962623027));
#8319 = CARTESIAN_POINT('',(-41.09901155673,-61.1996262311));
#8320 = CARTESIAN_POINT('',(-40.98660790995,-61.19962623195));
#8321 = CARTESIAN_POINT('',(-40.87347317401,-61.19962623279));
#8322 = CARTESIAN_POINT('',(-40.7596073489,-61.19962623364));
#8323 = CARTESIAN_POINT('',(-40.64501043463,-61.1996262345));
#8324 = ( GEOMETRIC_REPRESENTATION_CONTEXT(2) 
PARAMETRIC_REPRESENTATION_CONTEXT() REPRESENTATION_CONTEXT('2D SPACE',''
  ) );
#8325 = PCURVE('',#7678,#8326);
#8326 = DEFINITIONAL_REPRESENTATION('',(#8327),#8331);
#8327 = LINE('',#8328,#8329);
#8328 = CARTESIAN_POINT('',(22.553450535984,0.));
#8329 = VECTOR('',#8330,1.);
#8330 = DIRECTION('',(0.,1.));
#8331 = ( GEOMETRIC_REPRESENTATION_CONTEXT(2) 
PARAMETRIC_REPRESENTATION_CONTEXT() REPRESENTATION_CONTEXT('2D SPACE',''
  ) );
#8332 = ADVANCED_FACE('',(#8333),#4863,.T.);
#8333 = FACE_BOUND('',#8334,.T.);
#8334 = EDGE_LOOP('',(#8335,#8336,#8337,#8367));
#8335 = ORIENTED_EDGE('',*,*,#4899,.T.);
#8336 = ORIENTED_EDGE('',*,*,#4782,.T.);
#8337 = ORIENTED_EDGE('',*,*,#8338,.F.);
#8338 = EDGE_CURVE('',#8339,#4709,#8341,.T.);
#8339 = VERTEX_POINT('',#8340);
#8340 = CARTESIAN_POINT('',(-9.5,-6.776221892704,13.011110223168));
#8341 = SURFACE_CURVE('',#8342,(#8346,#8353),.PCURVE_S1.);
#8342 = ( BOUNDED_CURVE() B_SPLINE_CURVE(2,(#8343,#8344,#8345),
.UNSPECIFIED.,.F.,.F.) B_SPLINE_CURVE_WITH_KNOTS((3,3),(0.,
1.556493687937),.PIECEWISE_BEZIER_KNOTS.) CURVE() 
GEOMETRIC_REPRESENTATION_ITEM() RATIONAL_B_SPLINE_CURVE((1.,
0.707106781187,1.)) REPRESENTATION_ITEM('') );
#8343 = CARTESIAN_POINT('',(-9.5,-6.776221892704,13.011110223168));
#8344 = CARTESIAN_POINT('',(-9.5,-6.969407057962,13.062874032189));
#8345 = CARTESIAN_POINT('',(-9.7,-6.969407057962,13.062874032189));
#8346 = PCURVE('',#4863,#8347);
#8347 = DEFINITIONAL_REPRESENTATION('',(#8348),#8352);
#8348 = LINE('',#8349,#8350);
#8349 = CARTESIAN_POINT('',(0.,1.556493686292));
#8350 = VECTOR('',#8351,1.);
#8351 = DIRECTION('',(1.,0.));
#8352 = ( GEOMETRIC_REPRESENTATION_CONTEXT(2) 
PARAMETRIC_REPRESENTATION_CONTEXT() REPRESENTATION_CONTEXT('2D SPACE',''
  ) );
#8353 = PCURVE('',#7996,#8354);
#8354 = DEFINITIONAL_REPRESENTATION('',(#8355),#8366);
#8355 = B_SPLINE_CURVE_WITH_KNOTS('',9,(#8356,#8357,#8358,#8359,#8360,
    #8361,#8362,#8363,#8364,#8365),.UNSPECIFIED.,.F.,.F.,(10,10),(0.,
    1.556493687937),.PIECEWISE_BEZIER_KNOTS.);
#8356 = CARTESIAN_POINT('',(0.,0.707852223795));
#8357 = CARTESIAN_POINT('',(0.157134840264,0.707852223795));
#8358 = CARTESIAN_POINT('',(0.325774716871,0.707852223795));
#8359 = CARTESIAN_POINT('',(0.504566386719,0.707852223795));
#8360 = CARTESIAN_POINT('',(0.690744851727,0.707852223795));
#8361 = CARTESIAN_POINT('',(0.880051475299,0.707852223795));
#8362 = CARTESIAN_POINT('',(1.066229939773,0.707852223795));
#8363 = CARTESIAN_POINT('',(1.245021610025,0.707852223795));
#8364 = CARTESIAN_POINT('',(1.413661486531,0.707852223795));
#8365 = CARTESIAN_POINT('',(1.570796326795,0.707852223795));
#8366 = ( GEOMETRIC_REPRESENTATION_CONTEXT(2) 
PARAMETRIC_REPRESENTATION_CONTEXT() REPRESENTATION_CONTEXT('2D SPACE',''
  ) );
#8367 = ORIENTED_EDGE('',*,*,#8368,.F.);
#8368 = EDGE_CURVE('',#4900,#8339,#8369,.T.);
#8369 = SURFACE_CURVE('',#8370,(#8379,#8386),.PCURVE_S1.);
#8370 = ( BOUNDED_CURVE() B_SPLINE_CURVE(7,(#8371,#8372,#8373,#8374,
    #8375,#8376,#8377,#8378),.UNSPECIFIED.,.F.,.F.) 
B_SPLINE_CURVE_WITH_KNOTS((8,8),(-1.644527292703E-09,1.556493686292),
.PIECEWISE_BEZIER_KNOTS.) CURVE() GEOMETRIC_REPRESENTATION_ITEM() 
RATIONAL_B_SPLINE_CURVE((1.,1.,1.,1.,1.,1.,1.,1.)) REPRESENTATION_ITEM(
  '') );
#8371 = CARTESIAN_POINT('',(-9.5,-6.04249115515,13.435684093859));
#8372 = CARTESIAN_POINT('',(-9.5,-6.171450658475,13.469971921694));
#8373 = CARTESIAN_POINT('',(-9.5,-6.309720853378,13.470906345271));
#8374 = CARTESIAN_POINT('',(-9.5,-6.446981848844,13.435345729237));
#8375 = CARTESIAN_POINT('',(-9.5,-6.571495125158,13.364040271465));
#8376 = CARTESIAN_POINT('',(-9.5,-6.672045609542,13.262852329671));
#8377 = CARTESIAN_POINT('',(-9.5,-6.741264624326,13.141572524848));
#8378 = CARTESIAN_POINT('',(-9.5,-6.776221892704,13.011110223168));
#8379 = PCURVE('',#4863,#8380);
#8380 = DEFINITIONAL_REPRESENTATION('',(#8381),#8385);
#8381 = LINE('',#8382,#8383);
#8382 = CARTESIAN_POINT('',(0.,0.));
#8383 = VECTOR('',#8384,1.);
#8384 = DIRECTION('',(0.,1.));
#8385 = ( GEOMETRIC_REPRESENTATION_CONTEXT(2) 
PARAMETRIC_REPRESENTATION_CONTEXT() REPRESENTATION_CONTEXT('2D SPACE',''
  ) );
#8386 = PCURVE('',#4984,#8387);
#8387 = DEFINITIONAL_REPRESENTATION('',(#8388),#8397);
#8388 = ( BOUNDED_CURVE() B_SPLINE_CURVE(7,(#8389,#8390,#8391,#8392,
    #8393,#8394,#8395,#8396),.UNSPECIFIED.,.F.,.F.) 
B_SPLINE_CURVE_WITH_KNOTS((8,8),(-1.644527292703E-09,1.556493686292),
.PIECEWISE_BEZIER_KNOTS.) CURVE() GEOMETRIC_REPRESENTATION_ITEM() 
RATIONAL_B_SPLINE_CURVE((1.,1.,1.,1.,1.,1.,1.,1.)) REPRESENTATION_ITEM(
  '') );
#8389 = CARTESIAN_POINT('',(60.599615868799,-4.351158334842));
#8390 = CARTESIAN_POINT('',(60.599873545873,-4.484597992508));
#8391 = CARTESIAN_POINT('',(60.634757921818,-4.618398591389));
#8392 = CARTESIAN_POINT('',(60.70463259902,-4.741778767166));
#8393 = CARTESIAN_POINT('',(60.805734789516,-4.843594145983));
#8394 = CARTESIAN_POINT('',(60.929499216156,-4.914529089225));
#8395 = CARTESIAN_POINT('',(61.064561711152,-4.95));
#8396 = CARTESIAN_POINT('',(61.199626224522,-4.95));
#8397 = ( GEOMETRIC_REPRESENTATION_CONTEXT(2) 
PARAMETRIC_REPRESENTATION_CONTEXT() REPRESENTATION_CONTEXT('2D SPACE',''
  ) );
#8398 = ADVANCED_FACE('',(#8399),#4984,.T.);
#8399 = FACE_BOUND('',#8400,.T.);
#8400 = EDGE_LOOP('',(#8401,#8436,#8464,#8486,#8487,#8488));
#8401 = ORIENTED_EDGE('',*,*,#8402,.F.);
#8402 = EDGE_CURVE('',#8403,#8405,#8407,.T.);
#8403 = VERTEX_POINT('',#8404);
#8404 = CARTESIAN_POINT('',(-9.5,-4.972267222321,10.66385794047));
#8405 = VERTEX_POINT('',#8406);
#8406 = CARTESIAN_POINT('',(-9.5,-7.242192914101,11.272082696461));
#8407 = SURFACE_CURVE('',#8408,(#8412,#8419),.PCURVE_S1.);
#8408 = LINE('',#8409,#8410);
#8409 = CARTESIAN_POINT('',(-9.5,-2.46086007397,9.990928423203));
#8410 = VECTOR('',#8411,1.);
#8411 = DIRECTION('',(0.,-0.965925826289,0.258819045103));
#8412 = PCURVE('',#4984,#8413);
#8413 = DEFINITIONAL_REPRESENTATION('',(#8414),#8418);
#8414 = LINE('',#8415,#8416);
#8415 = CARTESIAN_POINT('',(63.,-2.212253599721E-15));
#8416 = VECTOR('',#8417,1.);
#8417 = DIRECTION('',(-1.225300278295E-17,-1.));
#8418 = ( GEOMETRIC_REPRESENTATION_CONTEXT(2) 
PARAMETRIC_REPRESENTATION_CONTEXT() REPRESENTATION_CONTEXT('2D SPACE',''
  ) );
#8419 = PCURVE('',#8420,#8430);
#8420 = SURFACE_OF_LINEAR_EXTRUSION('',#8421,#8428);
#8421 = B_SPLINE_CURVE_WITH_KNOTS('',5,(#8422,#8423,#8424,#8425,#8426,
    #8427),.UNSPECIFIED.,.F.,.F.,(6,6),(0.,1.),
  .PIECEWISE_BEZIER_KNOTS.);
#8422 = CARTESIAN_POINT('',(-9.5,-2.46086007397,9.990928423203));
#8423 = CARTESIAN_POINT('',(-9.5,-2.516494500655,9.783297916166));
#8424 = CARTESIAN_POINT('',(-9.5,-2.572128927339,9.575667409128));
#8425 = CARTESIAN_POINT('',(-9.580121342855,-2.627763354024,
    9.36803690209));
#8426 = CARTESIAN_POINT('',(-9.651208591443,-2.683397780709,
    9.160406395053));
#8427 = CARTESIAN_POINT('',(-9.696898669783,-2.739032207394,
    8.952775888015));
#8428 = VECTOR('',#8429,1.);
#8429 = DIRECTION('',(0.,0.965925826289,-0.258819045103));
#8430 = DEFINITIONAL_REPRESENTATION('',(#8431),#8435);
#8431 = LINE('',#8432,#8433);
#8432 = CARTESIAN_POINT('',(0.,0.));
#8433 = VECTOR('',#8434,1.);
#8434 = DIRECTION('',(0.,-1.));
#8435 = ( GEOMETRIC_REPRESENTATION_CONTEXT(2) 
PARAMETRIC_REPRESENTATION_CONTEXT() REPRESENTATION_CONTEXT('2D SPACE',''
  ) );
#8436 = ORIENTED_EDGE('',*,*,#8437,.F.);
#8437 = EDGE_CURVE('',#8438,#8403,#8440,.T.);
#8438 = VERTEX_POINT('',#8439);
#8439 = CARTESIAN_POINT('',(-9.5,-4.498241165437,12.432947268874));
#8440 = SURFACE_CURVE('',#8441,(#8445,#8452),.PCURVE_S1.);
#8441 = LINE('',#8442,#8443);
#8442 = CARTESIAN_POINT('',(-9.5,-4.275567994295,13.263974857059));
#8443 = VECTOR('',#8444,1.);
#8444 = DIRECTION('',(0.,-0.258819045103,-0.965925826289));
#8445 = PCURVE('',#4984,#8446);
#8446 = DEFINITIONAL_REPRESENTATION('',(#8447),#8451);
#8447 = LINE('',#8448,#8449);
#8448 = CARTESIAN_POINT('',(60.308160889974,-2.6));
#8449 = VECTOR('',#8450,1.);
#8450 = DIRECTION('',(1.,1.225300278295E-17));
#8451 = ( GEOMETRIC_REPRESENTATION_CONTEXT(2) 
PARAMETRIC_REPRESENTATION_CONTEXT() REPRESENTATION_CONTEXT('2D SPACE',''
  ) );
#8452 = PCURVE('',#8453,#8458);
#8453 = CYLINDRICAL_SURFACE('',#8454,0.2);
#8454 = AXIS2_PLACEMENT_3D('',#8455,#8456,#8457);
#8455 = CARTESIAN_POINT('',(-9.7,-4.275567994295,13.263974857059));
#8456 = DIRECTION('',(0.,-0.258819045103,-0.965925826289));
#8457 = DIRECTION('',(0.,0.965925826289,-0.258819045103));
#8458 = DEFINITIONAL_REPRESENTATION('',(#8459),#8463);
#8459 = LINE('',#8460,#8461);
#8460 = CARTESIAN_POINT('',(1.570796326795,0.));
#8461 = VECTOR('',#8462,1.);
#8462 = DIRECTION('',(0.,1.));
#8463 = ( GEOMETRIC_REPRESENTATION_CONTEXT(2) 
PARAMETRIC_REPRESENTATION_CONTEXT() REPRESENTATION_CONTEXT('2D SPACE',''
  ) );
#8464 = ORIENTED_EDGE('',*,*,#8465,.T.);
#8465 = EDGE_CURVE('',#8438,#4958,#8466,.T.);
#8466 = SURFACE_CURVE('',#8467,(#8472,#8479),.PCURVE_S1.);
#8467 = CIRCLE('',#8468,0.6);
#8468 = AXIS2_PLACEMENT_3D('',#8469,#8470,#8471);
#8469 = CARTESIAN_POINT('',(-9.5,-5.07779666121,12.588238695936));
#8470 = DIRECTION('',(1.,-0.,0.));
#8471 = DIRECTION('',(0.,0.965925826289,-0.258819045103));
#8472 = PCURVE('',#4984,#8473);
#8473 = DEFINITIONAL_REPRESENTATION('',(#8474),#8478);
#8474 = CIRCLE('',#8475,0.6);
#8475 = AXIS2_PLACEMENT_2D('',#8476,#8477);
#8476 = CARTESIAN_POINT('',(61.168503957285,-3.2));
#8477 = DIRECTION('',(1.225300278295E-17,1.));
#8478 = ( GEOMETRIC_REPRESENTATION_CONTEXT(2) 
PARAMETRIC_REPRESENTATION_CONTEXT() REPRESENTATION_CONTEXT('2D SPACE',''
  ) );
#8479 = PCURVE('',#5025,#8480);
#8480 = DEFINITIONAL_REPRESENTATION('',(#8481),#8485);
#8481 = LINE('',#8482,#8483);
#8482 = CARTESIAN_POINT('',(-0.,4.712388980385));
#8483 = VECTOR('',#8484,1.);
#8484 = DIRECTION('',(-1.,0.));
#8485 = ( GEOMETRIC_REPRESENTATION_CONTEXT(2) 
PARAMETRIC_REPRESENTATION_CONTEXT() REPRESENTATION_CONTEXT('2D SPACE',''
  ) );
#8486 = ORIENTED_EDGE('',*,*,#4957,.F.);
#8487 = ORIENTED_EDGE('',*,*,#8368,.T.);
#8488 = ORIENTED_EDGE('',*,*,#8489,.T.);
#8489 = EDGE_CURVE('',#8339,#8405,#8490,.T.);
#8490 = SURFACE_CURVE('',#8491,(#8495,#8502),.PCURVE_S1.);
#8491 = LINE('',#8492,#8493);
#8492 = CARTESIAN_POINT('',(-9.5,-6.593016256067,13.694842967329));
#8493 = VECTOR('',#8494,1.);
#8494 = DIRECTION('',(0.,-0.258819045103,-0.965925826289));
#8495 = PCURVE('',#4984,#8496);
#8496 = DEFINITIONAL_REPRESENTATION('',(#8497),#8501);
#8497 = LINE('',#8498,#8499);
#8498 = CARTESIAN_POINT('',(60.491774000727,-4.95));
#8499 = VECTOR('',#8500,1.);
#8500 = DIRECTION('',(1.,1.225300278295E-17));
#8501 = ( GEOMETRIC_REPRESENTATION_CONTEXT(2) 
PARAMETRIC_REPRESENTATION_CONTEXT() REPRESENTATION_CONTEXT('2D SPACE',''
  ) );
#8502 = PCURVE('',#7996,#8503);
#8503 = DEFINITIONAL_REPRESENTATION('',(#8504),#8508);
#8504 = LINE('',#8505,#8506);
#8505 = CARTESIAN_POINT('',(0.,0.));
#8506 = VECTOR('',#8507,1.);
#8507 = DIRECTION('',(0.,1.));
#8508 = ( GEOMETRIC_REPRESENTATION_CONTEXT(2) 
PARAMETRIC_REPRESENTATION_CONTEXT() REPRESENTATION_CONTEXT('2D SPACE',''
  ) );
#8509 = ADVANCED_FACE('',(#8510),#5025,.T.);
#8510 = FACE_BOUND('',#8511,.F.);
#8511 = EDGE_LOOP('',(#8512,#8534,#8535,#8536));
#8512 = ORIENTED_EDGE('',*,*,#8513,.F.);
#8513 = EDGE_CURVE('',#8438,#5177,#8514,.T.);
#8514 = SURFACE_CURVE('',#8515,(#8520,#8527),.PCURVE_S1.);
#8515 = CIRCLE('',#8516,0.2);
#8516 = AXIS2_PLACEMENT_3D('',#8517,#8518,#8519);
#8517 = CARTESIAN_POINT('',(-9.7,-4.498241165437,12.432947268874));
#8518 = DIRECTION('',(0.,0.258819045103,0.965925826289));
#8519 = DIRECTION('',(0.,0.965925826289,-0.258819045103));
#8520 = PCURVE('',#5025,#8521);
#8521 = DEFINITIONAL_REPRESENTATION('',(#8522),#8526);
#8522 = LINE('',#8523,#8524);
#8523 = CARTESIAN_POINT('',(-0.,0.));
#8524 = VECTOR('',#8525,1.);
#8525 = DIRECTION('',(-0.,1.));
#8526 = ( GEOMETRIC_REPRESENTATION_CONTEXT(2) 
PARAMETRIC_REPRESENTATION_CONTEXT() REPRESENTATION_CONTEXT('2D SPACE',''
  ) );
#8527 = PCURVE('',#8453,#8528);
#8528 = DEFINITIONAL_REPRESENTATION('',(#8529),#8533);
#8529 = LINE('',#8530,#8531);
#8530 = CARTESIAN_POINT('',(6.28318530718,0.860343067311));
#8531 = VECTOR('',#8532,1.);
#8532 = DIRECTION('',(-1.,-0.));
#8533 = ( GEOMETRIC_REPRESENTATION_CONTEXT(2) 
PARAMETRIC_REPRESENTATION_CONTEXT() REPRESENTATION_CONTEXT('2D SPACE',''
  ) );
#8534 = ORIENTED_EDGE('',*,*,#8465,.T.);
#8535 = ORIENTED_EDGE('',*,*,#5007,.T.);
#8536 = ORIENTED_EDGE('',*,*,#5206,.F.);
#8537 = ADVANCED_FACE('',(#8538),#5108,.T.);
#8538 = FACE_BOUND('',#8539,.T.);
#8539 = EDGE_LOOP('',(#8540,#8541,#8564,#8588,#8609));
#8540 = ORIENTED_EDGE('',*,*,#5090,.F.);
#8541 = ORIENTED_EDGE('',*,*,#8542,.T.);
#8542 = EDGE_CURVE('',#5042,#8543,#8545,.T.);
#8543 = VERTEX_POINT('',#8544);
#8544 = CARTESIAN_POINT('',(-11.38,-5.553880120489,6.947767732108));
#8545 = SURFACE_CURVE('',#8546,(#8550,#8557),.PCURVE_S1.);
#8546 = LINE('',#8547,#8548);
#8547 = CARTESIAN_POINT('',(-11.38,-3.889197663506,13.160447240039));
#8548 = VECTOR('',#8549,1.);
#8549 = DIRECTION('',(0.,-0.258819045103,-0.965925826289));
#8550 = PCURVE('',#5108,#8551);
#8551 = DEFINITIONAL_REPRESENTATION('',(#8552),#8556);
#8552 = LINE('',#8553,#8554);
#8553 = CARTESIAN_POINT('',(-25.91523310238,3.7));
#8554 = VECTOR('',#8555,1.);
#8555 = DIRECTION('',(-1.,-1.225300278295E-17));
#8556 = ( GEOMETRIC_REPRESENTATION_CONTEXT(2) 
PARAMETRIC_REPRESENTATION_CONTEXT() REPRESENTATION_CONTEXT('2D SPACE',''
  ) );
#8557 = PCURVE('',#5258,#8558);
#8558 = DEFINITIONAL_REPRESENTATION('',(#8559),#8563);
#8559 = LINE('',#8560,#8561);
#8560 = CARTESIAN_POINT('',(1.570796326795,0.));
#8561 = VECTOR('',#8562,1.);
#8562 = DIRECTION('',(0.,1.));
#8563 = ( GEOMETRIC_REPRESENTATION_CONTEXT(2) 
PARAMETRIC_REPRESENTATION_CONTEXT() REPRESENTATION_CONTEXT('2D SPACE',''
  ) );
#8564 = ORIENTED_EDGE('',*,*,#8565,.T.);
#8565 = EDGE_CURVE('',#8543,#8566,#8568,.T.);
#8566 = VERTEX_POINT('',#8567);
#8567 = CARTESIAN_POINT('',(-11.38,1.59397099405,5.032506798349));
#8568 = SURFACE_CURVE('',#8569,(#8574,#8581),.PCURVE_S1.);
#8569 = CIRCLE('',#8570,3.7);
#8570 = AXIS2_PLACEMENT_3D('',#8571,#8572,#8573);
#8571 = CARTESIAN_POINT('',(-11.38,-1.97995456322,5.990137265228));
#8572 = DIRECTION('',(1.,0.,0.));
#8573 = DIRECTION('',(0.,-0.965925826289,0.258819045103));
#8574 = PCURVE('',#5108,#8575);
#8575 = DEFINITIONAL_REPRESENTATION('',(#8576),#8580);
#8576 = CIRCLE('',#8577,3.7);
#8577 = AXIS2_PLACEMENT_2D('',#8578,#8579);
#8578 = CARTESIAN_POINT('',(-32.34707221347,-5.183140380066E-16));
#8579 = DIRECTION('',(5.762051246117E-16,1.));
#8580 = ( GEOMETRIC_REPRESENTATION_CONTEXT(2) 
PARAMETRIC_REPRESENTATION_CONTEXT() REPRESENTATION_CONTEXT('2D SPACE',''
  ) );
#8581 = PCURVE('',#6767,#8582);
#8582 = DEFINITIONAL_REPRESENTATION('',(#8583),#8587);
#8583 = LINE('',#8584,#8585);
#8584 = CARTESIAN_POINT('',(-0.,1.570796326795));
#8585 = VECTOR('',#8586,1.);
#8586 = DIRECTION('',(-1.,0.));
#8587 = ( GEOMETRIC_REPRESENTATION_CONTEXT(2) 
PARAMETRIC_REPRESENTATION_CONTEXT() REPRESENTATION_CONTEXT('2D SPACE',''
  ) );
#8588 = ORIENTED_EDGE('',*,*,#8589,.T.);
#8589 = EDGE_CURVE('',#8566,#5281,#8590,.T.);
#8590 = SURFACE_CURVE('',#8591,(#8595,#8602),.PCURVE_S1.);
#8591 = LINE('',#8592,#8593);
#8592 = CARTESIAN_POINT('',(-11.38,1.59397099405,5.032506798349));
#8593 = VECTOR('',#8594,1.);
#8594 = DIRECTION('',(0.,0.258819045103,0.965925826289));
#8595 = PCURVE('',#5108,#8596);
#8596 = DEFINITIONAL_REPRESENTATION('',(#8597),#8601);
#8597 = LINE('',#8598,#8599);
#8598 = CARTESIAN_POINT('',(-32.34707221347,-3.7));
#8599 = VECTOR('',#8600,1.);
#8600 = DIRECTION('',(1.,1.225300278295E-17));
#8601 = ( GEOMETRIC_REPRESENTATION_CONTEXT(2) 
PARAMETRIC_REPRESENTATION_CONTEXT() REPRESENTATION_CONTEXT('2D SPACE',''
  ) );
#8602 = PCURVE('',#5358,#8603);
#8603 = DEFINITIONAL_REPRESENTATION('',(#8604),#8608);
#8604 = LINE('',#8605,#8606);
#8605 = CARTESIAN_POINT('',(1.570796326795,0.));
#8606 = VECTOR('',#8607,1.);
#8607 = DIRECTION('',(0.,1.));
#8608 = ( GEOMETRIC_REPRESENTATION_CONTEXT(2) 
PARAMETRIC_REPRESENTATION_CONTEXT() REPRESENTATION_CONTEXT('2D SPACE',''
  ) );
#8609 = ORIENTED_EDGE('',*,*,#5280,.F.);
#8610 = ADVANCED_FACE('',(#8611),#5193,.T.);
#8611 = FACE_BOUND('',#8612,.T.);
#8612 = EDGE_LOOP('',(#8613,#8614,#8635,#8636,#8659,#8727));
#8613 = ORIENTED_EDGE('',*,*,#6779,.F.);
#8614 = ORIENTED_EDGE('',*,*,#8615,.F.);
#8615 = EDGE_CURVE('',#5155,#6751,#8616,.T.);
#8616 = SURFACE_CURVE('',#8617,(#8621,#8628),.PCURVE_S1.);
#8617 = LINE('',#8618,#8619);
#8618 = CARTESIAN_POINT('',(-11.18,-4.082382828763,13.212211049059));
#8619 = VECTOR('',#8620,1.);
#8620 = DIRECTION('',(0.,-0.258819045103,-0.965925826289));
#8621 = PCURVE('',#5193,#8622);
#8622 = DEFINITIONAL_REPRESENTATION('',(#8623),#8627);
#8623 = LINE('',#8624,#8625);
#8624 = CARTESIAN_POINT('',(60.308160888917,-0.2));
#8625 = VECTOR('',#8626,1.);
#8626 = DIRECTION('',(1.,-0.));
#8627 = ( GEOMETRIC_REPRESENTATION_CONTEXT(2) 
PARAMETRIC_REPRESENTATION_CONTEXT() REPRESENTATION_CONTEXT('2D SPACE',''
  ) );
#8628 = PCURVE('',#5258,#8629);
#8629 = DEFINITIONAL_REPRESENTATION('',(#8630),#8634);
#8630 = LINE('',#8631,#8632);
#8631 = CARTESIAN_POINT('',(0.,0.));
#8632 = VECTOR('',#8633,1.);
#8633 = DIRECTION('',(0.,1.));
#8634 = ( GEOMETRIC_REPRESENTATION_CONTEXT(2) 
PARAMETRIC_REPRESENTATION_CONTEXT() REPRESENTATION_CONTEXT('2D SPACE',''
  ) );
#8635 = ORIENTED_EDGE('',*,*,#5176,.T.);
#8636 = ORIENTED_EDGE('',*,*,#8637,.T.);
#8637 = EDGE_CURVE('',#5177,#8638,#8640,.T.);
#8638 = VERTEX_POINT('',#8639);
#8639 = CARTESIAN_POINT('',(-9.7,-4.779082057064,10.612094131449));
#8640 = SURFACE_CURVE('',#8641,(#8645,#8652),.PCURVE_S1.);
#8641 = LINE('',#8642,#8643);
#8642 = CARTESIAN_POINT('',(-9.7,-4.082382829037,13.212211048038));
#8643 = VECTOR('',#8644,1.);
#8644 = DIRECTION('',(0.,-0.258819045103,-0.965925826289));
#8645 = PCURVE('',#5193,#8646);
#8646 = DEFINITIONAL_REPRESENTATION('',(#8647),#8651);
#8647 = LINE('',#8648,#8649);
#8648 = CARTESIAN_POINT('',(60.308160889974,-1.68));
#8649 = VECTOR('',#8650,1.);
#8650 = DIRECTION('',(1.,-0.));
#8651 = ( GEOMETRIC_REPRESENTATION_CONTEXT(2) 
PARAMETRIC_REPRESENTATION_CONTEXT() REPRESENTATION_CONTEXT('2D SPACE',''
  ) );
#8652 = PCURVE('',#8453,#8653);
#8653 = DEFINITIONAL_REPRESENTATION('',(#8654),#8658);
#8654 = LINE('',#8655,#8656);
#8655 = CARTESIAN_POINT('',(0.,0.));
#8656 = VECTOR('',#8657,1.);
#8657 = DIRECTION('',(0.,1.));
#8658 = ( GEOMETRIC_REPRESENTATION_CONTEXT(2) 
PARAMETRIC_REPRESENTATION_CONTEXT() REPRESENTATION_CONTEXT('2D SPACE',''
  ) );
#8659 = ORIENTED_EDGE('',*,*,#8660,.T.);
#8660 = EDGE_CURVE('',#8638,#8661,#8663,.T.);
#8661 = VERTEX_POINT('',#8662);
#8662 = CARTESIAN_POINT('',(-9.89252818993,-5.046491889431,
    9.614107050611));
#8663 = SURFACE_CURVE('',#8664,(#8675,#8689),.PCURVE_S1.);
#8664 = ( BOUNDED_CURVE() B_SPLINE_CURVE(9,(#8665,#8666,#8667,#8668,
    #8669,#8670,#8671,#8672,#8673,#8674),.UNSPECIFIED.,.F.,.F.) 
B_SPLINE_CURVE_WITH_KNOTS((10,10),(2.691839110026,3.789478782374),
.PIECEWISE_BEZIER_KNOTS.) CURVE() GEOMETRIC_REPRESENTATION_ITEM() 
RATIONAL_B_SPLINE_CURVE((1.,1.,1.,1.,1.,1.,1.,1.,1.,1.)) 
REPRESENTATION_ITEM('') );
#8665 = CARTESIAN_POINT('',(-9.7,-4.779082057064,10.612094131449));
#8666 = CARTESIAN_POINT('',(-9.7,-4.816916519671,10.47089399472));
#8667 = CARTESIAN_POINT('',(-9.699460905612,-4.847938727708,
    10.355117538163));
#8668 = CARTESIAN_POINT('',(-9.719061591387,-4.874520297006,
    10.255913770998));
#8669 = CARTESIAN_POINT('',(-9.735856899288,-4.897169384573,
    10.171386225452));
#8670 = CARTESIAN_POINT('',(-9.759272222839,-4.9206678719,
    10.083688676851));
#8671 = CARTESIAN_POINT('',(-9.788001604584,-4.946264128199,
    9.988162147855));
#8672 = CARTESIAN_POINT('',(-9.822890118816,-4.974583446661,
    9.882473012521));
#8673 = CARTESIAN_POINT('',(-9.860507351653,-5.007501783828,
    9.759620105714));
#8674 = CARTESIAN_POINT('',(-9.89252818993,-5.046491889431,
    9.614107050611));
#8675 = PCURVE('',#5193,#8676);
#8676 = DEFINITIONAL_REPRESENTATION('',(#8677),#8688);
#8677 = ( BOUNDED_CURVE() B_SPLINE_CURVE(9,(#8678,#8679,#8680,#8681,
    #8682,#8683,#8684,#8685,#8686,#8687),.UNSPECIFIED.,.F.,.F.) 
B_SPLINE_CURVE_WITH_KNOTS((10,10),(2.691839110026,3.789478782374),
.PIECEWISE_BEZIER_KNOTS.) CURVE() GEOMETRIC_REPRESENTATION_ITEM() 
RATIONAL_B_SPLINE_CURVE((1.,1.,1.,1.,1.,1.,1.,1.,1.,1.)) 
REPRESENTATION_ITEM('') );
#8678 = CARTESIAN_POINT('',(63.,-1.68));
#8679 = CARTESIAN_POINT('',(63.146181138227,-1.68));
#8680 = CARTESIAN_POINT('',(63.266041745952,-1.680539094388));
#8681 = CARTESIAN_POINT('',(63.368745043105,-1.660938408613));
#8682 = CARTESIAN_POINT('',(63.456254397597,-1.644143100712));
#8683 = CARTESIAN_POINT('',(63.547045580745,-1.620727777161));
#8684 = CARTESIAN_POINT('',(63.645941920811,-1.591998395416));
#8685 = CARTESIAN_POINT('',(63.755359365151,-1.557109881184));
#8686 = CARTESIAN_POINT('',(63.882546053262,-1.519492648347));
#8687 = CARTESIAN_POINT('',(64.033192253149,-1.48747181007));
#8688 = ( GEOMETRIC_REPRESENTATION_CONTEXT(2) 
PARAMETRIC_REPRESENTATION_CONTEXT() REPRESENTATION_CONTEXT('2D SPACE',''
  ) );
#8689 = PCURVE('',#8690,#8721);
#8690 = ( BOUNDED_SURFACE() B_SPLINE_SURFACE(2,9,(
    (#8691,#8692,#8693,#8694,#8695,#8696,#8697,#8698,#8699,#8700)
    ,(#8701,#8702,#8703,#8704,#8705,#8706,#8707,#8708,#8709,#8710)
    ,(#8711,#8712,#8713,#8714,#8715,#8716,#8717,#8718,#8719,#8720
)),.UNSPECIFIED.,.F.,.F.,.F.) B_SPLINE_SURFACE_WITH_KNOTS((3,3),(10,10),
  (0.,1.097639672349),(2.691839110026,3.789478782374),
.PIECEWISE_BEZIER_KNOTS.) GEOMETRIC_REPRESENTATION_ITEM() 
RATIONAL_B_SPLINE_SURFACE((
    (1.,1.,1.,1.,1.,1.,1.,1.,1.,1.)
    ,(0.707106781187,0.707106781187,0.707106781187,0.707106781187
      ,0.707106781186,0.707106781187,0.707106781187,0.707106781187
      ,0.707106781187,0.707106781187)
,(1.,1.,1.,1.,1.,1.,1.,1.,1.,1.))) REPRESENTATION_ITEM('') SURFACE() );
#8691 = CARTESIAN_POINT('',(-9.7,-4.779082057064,10.612094131449));
#8692 = CARTESIAN_POINT('',(-9.7,-4.816916519671,10.47089399472));
#8693 = CARTESIAN_POINT('',(-9.699460905612,-4.847938727708,
    10.355117538163));
#8694 = CARTESIAN_POINT('',(-9.719061591387,-4.874520297006,
    10.255913770998));
#8695 = CARTESIAN_POINT('',(-9.735856899288,-4.897169384573,
    10.171386225452));
#8696 = CARTESIAN_POINT('',(-9.759272222839,-4.9206678719,
    10.083688676851));
#8697 = CARTESIAN_POINT('',(-9.788001604584,-4.946264128199,
    9.988162147855));
#8698 = CARTESIAN_POINT('',(-9.822890118816,-4.974583446661,
    9.882473012521));
#8699 = CARTESIAN_POINT('',(-9.860507351653,-5.007501783828,
    9.759620105714));
#8700 = CARTESIAN_POINT('',(-9.89252818993,-5.046491889431,
    9.614107050611));
#8701 = CARTESIAN_POINT('',(-9.5,-4.779082057064,10.612094131449));
#8702 = CARTESIAN_POINT('',(-9.5,-4.819495176701,10.461270315669));
#8703 = CARTESIAN_POINT('',(-9.500034774637,-4.853556228414,
    10.334152740117));
#8704 = CARTESIAN_POINT('',(-9.521026353163,-4.883422330832,
    10.222690928469));
#8705 = CARTESIAN_POINT('',(-9.540423171069,-4.909617145523,
    10.124930549147));
#8706 = CARTESIAN_POINT('',(-9.568146465575,-4.935206643424,
    10.029429242843));
#8707 = CARTESIAN_POINT('',(-9.595989231717,-4.960922199568,
    9.933457480769));
#8708 = CARTESIAN_POINT('',(-9.630126769407,-4.988474474932,
    9.830630989244));
#8709 = CARTESIAN_POINT('',(-9.66626884021,-5.019957843674,
    9.713133457508));
#8710 = CARTESIAN_POINT('',(-9.696898669783,-5.057254190488,
    9.573941596261));
#8711 = CARTESIAN_POINT('',(-9.5,-4.972267222321,10.66385794047));
#8712 = CARTESIAN_POINT('',(-9.5,-5.012680341959,10.51303412469));
#8713 = CARTESIAN_POINT('',(-9.500034774637,-5.046741393672,
    10.385916549138));
#8714 = CARTESIAN_POINT('',(-9.521026353163,-5.07660749609,
    10.274454737489));
#8715 = CARTESIAN_POINT('',(-9.540423171069,-5.102802310781,
    10.176694358168));
#8716 = CARTESIAN_POINT('',(-9.568146465575,-5.128391808681,
    10.081193051863));
#8717 = CARTESIAN_POINT('',(-9.595989231717,-5.154107364825,
    9.985221289789));
#8718 = CARTESIAN_POINT('',(-9.630126769407,-5.18165964019,
    9.882394798264));
#8719 = CARTESIAN_POINT('',(-9.66626884021,-5.213143008931,
    9.764897266528));
#8720 = CARTESIAN_POINT('',(-9.696898669783,-5.250439355745,
    9.625705405282));
#8721 = DEFINITIONAL_REPRESENTATION('',(#8722),#8726);
#8722 = LINE('',#8723,#8724);
#8723 = CARTESIAN_POINT('',(0.,0.));
#8724 = VECTOR('',#8725,1.);
#8725 = DIRECTION('',(0.,1.));
#8726 = ( GEOMETRIC_REPRESENTATION_CONTEXT(2) 
PARAMETRIC_REPRESENTATION_CONTEXT() REPRESENTATION_CONTEXT('2D SPACE',''
  ) );
#8727 = ORIENTED_EDGE('',*,*,#8728,.T.);
#8728 = EDGE_CURVE('',#8661,#6780,#8729,.T.);
#8729 = SURFACE_CURVE('',#8730,(#8735,#8746),.PCURVE_S1.);
#8730 = CIRCLE('',#8731,2.63);
#8731 = AXIS2_PLACEMENT_3D('',#8732,#8733,#8734);
#8732 = CARTESIAN_POINT('',(-7.32,-5.188016148326,9.085931325913));
#8733 = DIRECTION('',(1.458580914602E-18,-0.965925826289,0.258819045103)
  );
#8734 = DIRECTION('',(-0.978147600734,5.38115052831E-02,0.200827271748)
  );
#8735 = PCURVE('',#5193,#8736);
#8736 = DEFINITIONAL_REPRESENTATION('',(#8737),#8745);
#8737 = ( BOUNDED_CURVE() B_SPLINE_CURVE(2,(#8738,#8739,#8740,#8741,
#8742,#8743,#8744),.UNSPECIFIED.,.T.,.F.) B_SPLINE_CURVE_WITH_KNOTS((1,2
    ,2,2,2,1),(-2.094395102393,0.,2.094395102393,4.188790204786,
6.28318530718,8.377580409573),.UNSPECIFIED.) CURVE() 
GEOMETRIC_REPRESENTATION_ITEM() RATIONAL_B_SPLINE_CURVE((1.,0.5,1.,0.5,
1.,0.5,1.)) REPRESENTATION_ITEM('') );
#8738 = CARTESIAN_POINT('',(64.033192253149,-1.48747181007));
#8739 = CARTESIAN_POINT('',(68.488941782011,-0.540373010552));
#8740 = CARTESIAN_POINT('',(67.081278637856,-4.872714695206));
#8741 = CARTESIAN_POINT('',(65.673615493701,-9.20505637986));
#8742 = CARTESIAN_POINT('',(62.625529108994,-5.819813494724));
#8743 = CARTESIAN_POINT('',(59.577442724287,-2.434570609588));
#8744 = CARTESIAN_POINT('',(64.033192253149,-1.48747181007));
#8745 = ( GEOMETRIC_REPRESENTATION_CONTEXT(2) 
PARAMETRIC_REPRESENTATION_CONTEXT() REPRESENTATION_CONTEXT('2D SPACE',''
  ) );
#8746 = PCURVE('',#8747,#8752);
#8747 = TOROIDAL_SURFACE('',#8748,2.63,0.2);
#8748 = AXIS2_PLACEMENT_3D('',#8749,#8750,#8751);
#8749 = CARTESIAN_POINT('',(-7.32,-5.381201313583,9.137695134933));
#8750 = DIRECTION('',(0.,0.965925826289,-0.258819045103));
#8751 = DIRECTION('',(-0.978147600734,5.38115052831E-02,0.200827271748)
  );
#8752 = DEFINITIONAL_REPRESENTATION('',(#8753),#8757);
#8753 = LINE('',#8754,#8755);
#8754 = CARTESIAN_POINT('',(-0.,1.570796326795));
#8755 = VECTOR('',#8756,1.);
#8756 = DIRECTION('',(-1.,0.));
#8757 = ( GEOMETRIC_REPRESENTATION_CONTEXT(2) 
PARAMETRIC_REPRESENTATION_CONTEXT() REPRESENTATION_CONTEXT('2D SPACE',''
  ) );
#8758 = ADVANCED_FACE('',(#8759),#5258,.F.);
#8759 = FACE_BOUND('',#8760,.F.);
#8760 = EDGE_LOOP('',(#8761,#8762,#8763,#8764));
#8761 = ORIENTED_EDGE('',*,*,#8615,.F.);
#8762 = ORIENTED_EDGE('',*,*,#5240,.F.);
#8763 = ORIENTED_EDGE('',*,*,#8542,.T.);
#8764 = ORIENTED_EDGE('',*,*,#8765,.F.);
#8765 = EDGE_CURVE('',#6751,#8543,#8766,.T.);
#8766 = SURFACE_CURVE('',#8767,(#8772,#8779),.PCURVE_S1.);
#8767 = CIRCLE('',#8768,0.2);
#8768 = AXIS2_PLACEMENT_3D('',#8769,#8770,#8771);
#8769 = CARTESIAN_POINT('',(-11.18,-5.553880120489,6.947767732108));
#8770 = DIRECTION('',(0.,-0.258819045103,-0.965925826289));
#8771 = DIRECTION('',(0.,-0.965925826289,0.258819045103));
#8772 = PCURVE('',#5258,#8773);
#8773 = DEFINITIONAL_REPRESENTATION('',(#8774),#8778);
#8774 = LINE('',#8775,#8776);
#8775 = CARTESIAN_POINT('',(0.,6.431839111083));
#8776 = VECTOR('',#8777,1.);
#8777 = DIRECTION('',(1.,0.));
#8778 = ( GEOMETRIC_REPRESENTATION_CONTEXT(2) 
PARAMETRIC_REPRESENTATION_CONTEXT() REPRESENTATION_CONTEXT('2D SPACE',''
  ) );
#8779 = PCURVE('',#6767,#8780);
#8780 = DEFINITIONAL_REPRESENTATION('',(#8781),#8785);
#8781 = LINE('',#8782,#8783);
#8782 = CARTESIAN_POINT('',(-0.,0.));
#8783 = VECTOR('',#8784,1.);
#8784 = DIRECTION('',(-0.,1.));
#8785 = ( GEOMETRIC_REPRESENTATION_CONTEXT(2) 
PARAMETRIC_REPRESENTATION_CONTEXT() REPRESENTATION_CONTEXT('2D SPACE',''
  ) );
#8786 = ADVANCED_FACE('',(#8787),#5358,.F.);
#8787 = FACE_BOUND('',#8788,.F.);
#8788 = EDGE_LOOP('',(#8789,#8811,#8812,#8813));
#8789 = ORIENTED_EDGE('',*,*,#8790,.T.);
#8790 = EDGE_CURVE('',#6701,#8566,#8791,.T.);
#8791 = SURFACE_CURVE('',#8792,(#8797,#8804),.PCURVE_S1.);
#8792 = CIRCLE('',#8793,0.2);
#8793 = AXIS2_PLACEMENT_3D('',#8794,#8795,#8796);
#8794 = CARTESIAN_POINT('',(-11.18,1.59397099405,5.032506798349));
#8795 = DIRECTION('',(0.,0.258819045103,0.965925826289));
#8796 = DIRECTION('',(0.,0.965925826289,-0.258819045103));
#8797 = PCURVE('',#5358,#8798);
#8798 = DEFINITIONAL_REPRESENTATION('',(#8799),#8803);
#8799 = LINE('',#8800,#8801);
#8800 = CARTESIAN_POINT('',(0.,0.));
#8801 = VECTOR('',#8802,1.);
#8802 = DIRECTION('',(1.,0.));
#8803 = ( GEOMETRIC_REPRESENTATION_CONTEXT(2) 
PARAMETRIC_REPRESENTATION_CONTEXT() REPRESENTATION_CONTEXT('2D SPACE',''
  ) );
#8804 = PCURVE('',#6767,#8805);
#8805 = DEFINITIONAL_REPRESENTATION('',(#8806),#8810);
#8806 = LINE('',#8807,#8808);
#8807 = CARTESIAN_POINT('',(-3.14159265359,0.));
#8808 = VECTOR('',#8809,1.);
#8809 = DIRECTION('',(-0.,1.));
#8810 = ( GEOMETRIC_REPRESENTATION_CONTEXT(2) 
PARAMETRIC_REPRESENTATION_CONTEXT() REPRESENTATION_CONTEXT('2D SPACE',''
  ) );
#8811 = ORIENTED_EDGE('',*,*,#8589,.T.);
#8812 = ORIENTED_EDGE('',*,*,#5336,.T.);
#8813 = ORIENTED_EDGE('',*,*,#6725,.F.);
#8814 = ADVANCED_FACE('',(#8815),#5497,.T.);
#8815 = FACE_BOUND('',#8816,.F.);
#8816 = EDGE_LOOP('',(#8817,#8818,#8819,#8848));
#8817 = ORIENTED_EDGE('',*,*,#6416,.T.);
#8818 = ORIENTED_EDGE('',*,*,#6669,.T.);
#8819 = ORIENTED_EDGE('',*,*,#8820,.F.);
#8820 = EDGE_CURVE('',#5461,#6625,#8821,.T.);
#8821 = SURFACE_CURVE('',#8822,(#8827,#8834),.PCURVE_S1.);
#8822 = CIRCLE('',#8823,0.8);
#8823 = AXIS2_PLACEMENT_3D('',#8824,#8825,#8826);
#8824 = CARTESIAN_POINT('',(-23.55,-14.81707254389,9.315952281448));
#8825 = DIRECTION('',(-0.,0.224951054344,0.974370064785));
#8826 = DIRECTION('',(1.,0.,0.));
#8827 = PCURVE('',#5497,#8828);
#8828 = DEFINITIONAL_REPRESENTATION('',(#8829),#8833);
#8829 = LINE('',#8830,#8831);
#8830 = CARTESIAN_POINT('',(-0.,3.594121637541));
#8831 = VECTOR('',#8832,1.);
#8832 = DIRECTION('',(-1.,0.));
#8833 = ( GEOMETRIC_REPRESENTATION_CONTEXT(2) 
PARAMETRIC_REPRESENTATION_CONTEXT() REPRESENTATION_CONTEXT('2D SPACE',''
  ) );
#8834 = PCURVE('',#5584,#8835);
#8835 = DEFINITIONAL_REPRESENTATION('',(#8836),#8847);
#8836 = B_SPLINE_CURVE_WITH_KNOTS('',9,(#8837,#8838,#8839,#8840,#8841,
    #8842,#8843,#8844,#8845,#8846),.UNSPECIFIED.,.F.,.F.,(10,10),(0.,
    1.570796326795),.PIECEWISE_BEZIER_KNOTS.);
#8837 = CARTESIAN_POINT('',(0.,3.594121637542));
#8838 = CARTESIAN_POINT('',(0.391280604527,3.594121637542));
#8839 = CARTESIAN_POINT('',(0.750738413183,3.594121637542));
#8840 = CARTESIAN_POINT('',(1.091427769898,3.594121637541));
#8841 = CARTESIAN_POINT('',(1.421716465004,3.594121637542));
#8842 = CARTESIAN_POINT('',(1.748770347063,3.594121637541));
#8843 = CARTESIAN_POINT('',(2.079059042169,3.594121637542));
#8844 = CARTESIAN_POINT('',(2.419748398884,3.594121637542));
#8845 = CARTESIAN_POINT('',(2.779206207539,3.594121637542));
#8846 = CARTESIAN_POINT('',(3.170486812066,3.594121637542));
#8847 = ( GEOMETRIC_REPRESENTATION_CONTEXT(2) 
PARAMETRIC_REPRESENTATION_CONTEXT() REPRESENTATION_CONTEXT('2D SPACE',''
  ) );
#8848 = ORIENTED_EDGE('',*,*,#5483,.F.);
#8849 = ADVANCED_FACE('',(#8850),#5584,.F.);
#8850 = FACE_BOUND('',#8851,.F.);
#8851 = EDGE_LOOP('',(#8852,#8853,#8854,#8882));
#8852 = ORIENTED_EDGE('',*,*,#8820,.T.);
#8853 = ORIENTED_EDGE('',*,*,#6624,.T.);
#8854 = ORIENTED_EDGE('',*,*,#8855,.F.);
#8855 = EDGE_CURVE('',#5517,#6602,#8856,.T.);
#8856 = SURFACE_CURVE('',#8857,(#8861,#8868),.PCURVE_S1.);
#8857 = ( BOUNDED_CURVE() B_SPLINE_CURVE(2,(#8858,#8859,#8860),
.UNSPECIFIED.,.F.,.F.) B_SPLINE_CURVE_WITH_KNOTS((3,3),(0.,
3.170486812066),.PIECEWISE_BEZIER_KNOTS.) CURVE() 
GEOMETRIC_REPRESENTATION_ITEM() RATIONAL_B_SPLINE_CURVE((1.,
0.719339800339,1.)) REPRESENTATION_ITEM('') );
#8858 = CARTESIAN_POINT('',(-20.75,-15.24026418934,7.35879378027));
#8859 = CARTESIAN_POINT('',(-20.75,-14.49403720715,7.158842863021));
#8860 = CARTESIAN_POINT('',(-20.75,-14.6678233736,6.406092275764));
#8861 = PCURVE('',#5584,#8862);
#8862 = DEFINITIONAL_REPRESENTATION('',(#8863),#8867);
#8863 = LINE('',#8864,#8865);
#8864 = CARTESIAN_POINT('',(0.,6.764608449608));
#8865 = VECTOR('',#8866,1.);
#8866 = DIRECTION('',(1.,0.));
#8867 = ( GEOMETRIC_REPRESENTATION_CONTEXT(2) 
PARAMETRIC_REPRESENTATION_CONTEXT() REPRESENTATION_CONTEXT('2D SPACE',''
  ) );
#8868 = PCURVE('',#5950,#8869);
#8869 = DEFINITIONAL_REPRESENTATION('',(#8870),#8881);
#8870 = B_SPLINE_CURVE_WITH_KNOTS('',9,(#8871,#8872,#8873,#8874,#8875,
    #8876,#8877,#8878,#8879,#8880),.UNSPECIFIED.,.F.,.F.,(10,10),(0.,
    3.170486812066),.PIECEWISE_BEZIER_KNOTS.);
#8871 = CARTESIAN_POINT('',(-1.110223024625E-16,0.));
#8872 = CARTESIAN_POINT('',(-0.154368526769,0.));
#8873 = CARTESIAN_POINT('',(-0.31956761815,0.));
#8874 = CARTESIAN_POINT('',(-0.494246378975,0.));
#8875 = CARTESIAN_POINT('',(-0.675764958751,0.));
#8876 = CARTESIAN_POINT('',(-0.860124783003,0.));
#8877 = CARTESIAN_POINT('',(-1.04164336278,0.));
#8878 = CARTESIAN_POINT('',(-1.216322123604,0.));
#8879 = CARTESIAN_POINT('',(-1.381521214986,0.));
#8880 = CARTESIAN_POINT('',(-1.535889741755,0.));
#8881 = ( GEOMETRIC_REPRESENTATION_CONTEXT(2) 
PARAMETRIC_REPRESENTATION_CONTEXT() REPRESENTATION_CONTEXT('2D SPACE',''
  ) );
#8882 = ORIENTED_EDGE('',*,*,#5539,.F.);
#8883 = ADVANCED_FACE('',(#8884),#5653,.T.);
#8884 = FACE_BOUND('',#8885,.T.);
#8885 = EDGE_LOOP('',(#8886,#8913,#8914,#8915));
#8886 = ORIENTED_EDGE('',*,*,#8887,.F.);
#8887 = EDGE_CURVE('',#5991,#5696,#8888,.T.);
#8888 = SURFACE_CURVE('',#8889,(#8894,#8901),.PCURVE_S1.);
#8889 = CIRCLE('',#8890,0.8);
#8890 = AXIS2_PLACEMENT_3D('',#8891,#8892,#8893);
#8891 = CARTESIAN_POINT('',(23.55,-14.28300058696,11.629272078035));
#8892 = DIRECTION('',(-0.,0.983289238916,0.182050192619));
#8893 = DIRECTION('',(0.,-0.182050192619,0.983289238916));
#8894 = PCURVE('',#5653,#8895);
#8895 = DEFINITIONAL_REPRESENTATION('',(#8896),#8900);
#8896 = LINE('',#8897,#8898);
#8897 = CARTESIAN_POINT('',(6.28318530718,1.219952027664));
#8898 = VECTOR('',#8899,1.);
#8899 = DIRECTION('',(-1.,-0.));
#8900 = ( GEOMETRIC_REPRESENTATION_CONTEXT(2) 
PARAMETRIC_REPRESENTATION_CONTEXT() REPRESENTATION_CONTEXT('2D SPACE',''
  ) );
#8901 = PCURVE('',#8902,#8907);
#8902 = SPHERICAL_SURFACE('',#8903,0.8);
#8903 = AXIS2_PLACEMENT_3D('',#8904,#8905,#8906);
#8904 = CARTESIAN_POINT('',(23.55,-14.28300058696,11.629272078035));
#8905 = DIRECTION('',(1.,0.,0.));
#8906 = DIRECTION('',(0.,-0.182050192619,0.983289238916));
#8907 = DEFINITIONAL_REPRESENTATION('',(#8908),#8912);
#8908 = LINE('',#8909,#8910);
#8909 = CARTESIAN_POINT('',(-0.,-6.28318530718));
#8910 = VECTOR('',#8911,1.);
#8911 = DIRECTION('',(-0.,1.));
#8912 = ( GEOMETRIC_REPRESENTATION_CONTEXT(2) 
PARAMETRIC_REPRESENTATION_CONTEXT() REPRESENTATION_CONTEXT('2D SPACE',''
  ) );
#8913 = ORIENTED_EDGE('',*,*,#6018,.T.);
#8914 = ORIENTED_EDGE('',*,*,#5638,.T.);
#8915 = ORIENTED_EDGE('',*,*,#5695,.F.);
#8916 = ADVANCED_FACE('',(#8917),#5854,.F.);
#8917 = FACE_BOUND('',#8918,.F.);
#8918 = EDGE_LOOP('',(#8919,#8941,#8995,#9015));
#8919 = ORIENTED_EDGE('',*,*,#8920,.T.);
#8920 = EDGE_CURVE('',#5747,#8921,#8923,.T.);
#8921 = VERTEX_POINT('',#8922);
#8922 = CARTESIAN_POINT('',(32.15,-12.67526103412,11.926935556583));
#8923 = SURFACE_CURVE('',#8924,(#8928,#8934),.PCURVE_S1.);
#8924 = ( BOUNDED_CURVE() B_SPLINE_CURVE(2,(#8925,#8926,#8927),
.UNSPECIFIED.,.F.,.F.) B_SPLINE_CURVE_WITH_KNOTS((3,3),(0.,
0.777710302206),.PIECEWISE_BEZIER_KNOTS.) CURVE() 
GEOMETRIC_REPRESENTATION_ITEM() RATIONAL_B_SPLINE_CURVE((1.,
0.707106781186,1.)) REPRESENTATION_ITEM('') );
#8925 = CARTESIAN_POINT('',(32.886763784358,-13.12742751494,
    12.656815409497));
#8926 = CARTESIAN_POINT('',(32.149999999999,-12.82090118822,
    12.713566947716));
#8927 = CARTESIAN_POINT('',(32.15,-12.67526103412,11.926935556583));
#8928 = PCURVE('',#5854,#8929);
#8929 = DEFINITIONAL_REPRESENTATION('',(#8930),#8933);
#8930 = B_SPLINE_CURVE_WITH_KNOTS('',1,(#8931,#8932),.UNSPECIFIED.,.F.,
  .F.,(2,2),(0.,0.777710302206),.PIECEWISE_BEZIER_KNOTS.);
#8931 = CARTESIAN_POINT('',(0.,9.477710302207));
#8932 = CARTESIAN_POINT('',(4.213703087681,9.477710302207));
#8933 = ( GEOMETRIC_REPRESENTATION_CONTEXT(2) 
PARAMETRIC_REPRESENTATION_CONTEXT() REPRESENTATION_CONTEXT('2D SPACE',''
  ) );
#8934 = PCURVE('',#5776,#8935);
#8935 = DEFINITIONAL_REPRESENTATION('',(#8936),#8940);
#8936 = LINE('',#8937,#8938);
#8937 = CARTESIAN_POINT('',(0.,9.477710302206));
#8938 = VECTOR('',#8939,1.);
#8939 = DIRECTION('',(1.,0.));
#8940 = ( GEOMETRIC_REPRESENTATION_CONTEXT(2) 
PARAMETRIC_REPRESENTATION_CONTEXT() REPRESENTATION_CONTEXT('2D SPACE',''
  ) );
#8941 = ORIENTED_EDGE('',*,*,#8942,.T.);
#8942 = EDGE_CURVE('',#8921,#8943,#8945,.T.);
#8943 = VERTEX_POINT('',#8944);
#8944 = CARTESIAN_POINT('',(32.15,-8.087385438943,12.776353749919));
#8945 = SURFACE_CURVE('',#8946,(#8963,#8970),.PCURVE_S1.);
#8946 = ( BOUNDED_CURVE() B_SPLINE_CURVE(8,(#8947,#8948,#8949,#8950,
    #8951,#8952,#8953,#8954,#8955,#8956,#8957,#8958,#8959,#8960,#8961,
#8962),.UNSPECIFIED.,.F.,.F.) B_SPLINE_CURVE_WITH_KNOTS((9,7,9),(
9.477710302207,9.779365536936,13.691413389888),.UNSPECIFIED.) CURVE() 
GEOMETRIC_REPRESENTATION_ITEM() RATIONAL_B_SPLINE_CURVE((1.,1.,1.,1.,1.,
1.,1.,1.,1.,1.,1.,1.,1.,1.,1.,1.)) REPRESENTATION_ITEM('') );
#8947 = CARTESIAN_POINT('',(32.15,-12.67526103412,11.926935556583));
#8948 = CARTESIAN_POINT('',(32.15,-12.62772225739,11.935737080202));
#8949 = CARTESIAN_POINT('',(32.15,-12.58249339815,11.944110936248));
#8950 = CARTESIAN_POINT('',(32.15,-12.53890745535,11.952180616019));
#8951 = CARTESIAN_POINT('',(32.15,-12.49668164233,11.959998475801));
#8952 = CARTESIAN_POINT('',(32.15,-12.45547750755,11.967627177892));
#8953 = CARTESIAN_POINT('',(32.15,-12.4147741465,11.975163164687));
#8954 = CARTESIAN_POINT('',(32.15,-12.37407343207,11.982698661475));
#8955 = CARTESIAN_POINT('',(32.15,-11.80670720011,12.087743166922));
#8956 = CARTESIAN_POINT('',(32.15,-11.28151042175,12.184980371864));
#8957 = CARTESIAN_POINT('',(32.15,-10.75022623174,12.283343515919));
#8958 = CARTESIAN_POINT('',(32.15,-10.22232173278,12.381085003066));
#8959 = CARTESIAN_POINT('',(32.15,-9.689736377425,12.479686848361));
#8960 = CARTESIAN_POINT('',(32.15,-9.157401118282,12.578246878409));
#8961 = CARTESIAN_POINT('',(32.15,-8.622989574046,12.677189466869));
#8962 = CARTESIAN_POINT('',(32.15,-8.087385438943,12.776353749919));
#8963 = PCURVE('',#5854,#8964);
#8964 = DEFINITIONAL_REPRESENTATION('',(#8965),#8969);
#8965 = LINE('',#8966,#8967);
#8966 = CARTESIAN_POINT('',(4.213703087681,0.));
#8967 = VECTOR('',#8968,1.);
#8968 = DIRECTION('',(0.,1.));
#8969 = ( GEOMETRIC_REPRESENTATION_CONTEXT(2) 
PARAMETRIC_REPRESENTATION_CONTEXT() REPRESENTATION_CONTEXT('2D SPACE',''
  ) );
#8970 = PCURVE('',#8971,#8976);
#8971 = B_SPLINE_SURFACE_WITH_KNOTS('',1,1,(
    (#8972,#8973)
    ,(#8974,#8975
    )),.UNSPECIFIED.,.F.,.F.,.F.,(2,2),(2,2),(0.7,7.444453864422),(0.,1.
    ),.PIECEWISE_BEZIER_KNOTS.);
#8972 = CARTESIAN_POINT('',(32.15,-14.07674052652,5.85646094697));
#8973 = CARTESIAN_POINT('',(32.15,1.679431511837,74.103940002192));
#8974 = CARTESIAN_POINT('',(32.15,-9.923259473479,4.74353905303));
#8975 = CARTESIAN_POINT('',(32.15,8.194073683698,72.358346893264));
#8976 = DEFINITIONAL_REPRESENTATION('',(#8977),#8994);
#8977 = B_SPLINE_CURVE_WITH_KNOTS('',8,(#8978,#8979,#8980,#8981,#8982,
    #8983,#8984,#8985,#8986,#8987,#8988,#8989,#8990,#8991,#8992,#8993),
  .UNSPECIFIED.,.F.,.F.,(9,7,9),(9.477710302207,9.779365536936,
    13.691413389888),.UNSPECIFIED.);
#8978 = CARTESIAN_POINT('',(0.7,8.894796838871E-02));
#8979 = CARTESIAN_POINT('',(0.76623997503,8.924519067118E-02));
#8980 = CARTESIAN_POINT('',(0.829236997068,8.95279708709E-02));
#8981 = CARTESIAN_POINT('',(0.889924562671,8.980047921655E-02));
#8982 = CARTESIAN_POINT('',(0.948698778455,9.006448374905E-02));
#8983 = CARTESIAN_POINT('',(1.00603295261,9.032210053746E-02));
#8984 = CARTESIAN_POINT('',(1.062653148555,9.057658638476E-02));
#8985 = CARTESIAN_POINT('',(1.119251833685,9.083105568485E-02));
#8986 = CARTESIAN_POINT('',(1.907988081347,9.437834692911E-02));
#8987 = CARTESIAN_POINT('',(2.635125761548,9.766198773191E-02));
#8988 = CARTESIAN_POINT('',(3.367772930543,0.100983672988));
#8989 = CARTESIAN_POINT('',(4.092697477606,0.104284283918));
#8990 = CARTESIAN_POINT('',(4.821186148045,0.107614073946));
#8991 = CARTESIAN_POINT('',(5.546307992738,0.110942362259));
#8992 = CARTESIAN_POINT('',(6.271321066016,0.11428360636));
#8993 = CARTESIAN_POINT('',(6.995597030574,0.117635155414));
#8994 = ( GEOMETRIC_REPRESENTATION_CONTEXT(2) 
PARAMETRIC_REPRESENTATION_CONTEXT() REPRESENTATION_CONTEXT('2D SPACE',''
  ) );
#8995 = ORIENTED_EDGE('',*,*,#8996,.F.);
#8996 = EDGE_CURVE('',#5670,#8943,#8997,.T.);
#8997 = SURFACE_CURVE('',#8998,(#9002,#9009),.PCURVE_S1.);
#8998 = ( BOUNDED_CURVE() B_SPLINE_CURVE(2,(#8999,#9000,#9001),
.UNSPECIFIED.,.F.,.F.) B_SPLINE_CURVE_WITH_KNOTS((3,3),(0.,
4.213703087681),.PIECEWISE_BEZIER_KNOTS.) CURVE() 
GEOMETRIC_REPRESENTATION_ITEM() RATIONAL_B_SPLINE_CURVE((1.,
0.707106781187,1.)) REPRESENTATION_ITEM('') );
#8999 = CARTESIAN_POINT('',(32.95,-8.23302556882,13.562985010243));
#9000 = CARTESIAN_POINT('',(32.15,-8.23302556882,13.562985010243));
#9001 = CARTESIAN_POINT('',(32.15,-8.087385438943,12.776353749919));
#9002 = PCURVE('',#5854,#9003);
#9003 = DEFINITIONAL_REPRESENTATION('',(#9004),#9008);
#9004 = LINE('',#9005,#9006);
#9005 = CARTESIAN_POINT('',(0.,13.691413389888));
#9006 = VECTOR('',#9007,1.);
#9007 = DIRECTION('',(1.,0.));
#9008 = ( GEOMETRIC_REPRESENTATION_CONTEXT(2) 
PARAMETRIC_REPRESENTATION_CONTEXT() REPRESENTATION_CONTEXT('2D SPACE',''
  ) );
#9009 = PCURVE('',#7313,#9010);
#9010 = DEFINITIONAL_REPRESENTATION('',(#9011),#9014);
#9011 = B_SPLINE_CURVE_WITH_KNOTS('',1,(#9012,#9013),.UNSPECIFIED.,.F.,
  .F.,(2,2),(0.,4.213703087681),.PIECEWISE_BEZIER_KNOTS.);
#9012 = CARTESIAN_POINT('',(0.,13.691413389888));
#9013 = CARTESIAN_POINT('',(0.308751205278,13.691413389888));
#9014 = ( GEOMETRIC_REPRESENTATION_CONTEXT(2) 
PARAMETRIC_REPRESENTATION_CONTEXT() REPRESENTATION_CONTEXT('2D SPACE',''
  ) );
#9015 = ORIENTED_EDGE('',*,*,#5814,.F.);
#9016 = ADVANCED_FACE('',(#9017),#5776,.F.);
#9017 = FACE_BOUND('',#9018,.F.);
#9018 = EDGE_LOOP('',(#9019,#9068,#9104,#9105));
#9019 = ORIENTED_EDGE('',*,*,#9020,.T.);
#9020 = EDGE_CURVE('',#5719,#6473,#9021,.T.);
#9021 = SURFACE_CURVE('',#9022,(#9027,#9061),.PCURVE_S1.);
#9022 = CIRCLE('',#9023,0.8);
#9023 = AXIS2_PLACEMENT_3D('',#9024,#9025,#9026);
#9024 = CARTESIAN_POINT('',(31.45,-14.28300058696,11.629272078035));
#9025 = DIRECTION('',(-1.,0.,0.));
#9026 = DIRECTION('',(0.,-0.182050192619,0.983289238916));
#9027 = PCURVE('',#5776,#9028);
#9028 = DEFINITIONAL_REPRESENTATION('',(#9029),#9060);
#9029 = B_SPLINE_CURVE_WITH_KNOTS('',8,(#9030,#9031,#9032,#9033,#9034,
    #9035,#9036,#9037,#9038,#9039,#9040,#9041,#9042,#9043,#9044,#9045,
    #9046,#9047,#9048,#9049,#9050,#9051,#9052,#9053,#9054,#9055,#9056,
    #9057,#9058,#9059),.UNSPECIFIED.,.F.,.F.,(9,7,7,7,9),(0.,
    0.495190053791,0.990380107582,1.485570161373,1.980760215163),
  .UNSPECIFIED.);
#9030 = CARTESIAN_POINT('',(6.938893903907E-17,8.7));
#9031 = CARTESIAN_POINT('',(2.878337475022E-02,8.7));
#9032 = CARTESIAN_POINT('',(5.646710493954E-02,8.7));
#9033 = CARTESIAN_POINT('',(8.320852160881E-02,8.7));
#9034 = CARTESIAN_POINT('',(0.109139861553,8.7));
#9035 = CARTESIAN_POINT('',(0.134374096899,8.7));
#9036 = CARTESIAN_POINT('',(0.159012143621,8.7));
#9037 = CARTESIAN_POINT('',(0.183143641005,8.7));
#9038 = CARTESIAN_POINT('',(0.230558802427,8.7));
#9039 = CARTESIAN_POINT('',(0.253842443665,8.7));
#9040 = CARTESIAN_POINT('',(0.276784792664,8.699999999999));
#9041 = CARTESIAN_POINT('',(0.299459955557,8.700000000001));
#9042 = CARTESIAN_POINT('',(0.321939190898,8.699999999999));
#9043 = CARTESIAN_POINT('',(0.344287741023,8.7));
#9044 = CARTESIAN_POINT('',(0.366571464654,8.7));
#9045 = CARTESIAN_POINT('',(0.411138837552,8.7));
#9046 = CARTESIAN_POINT('',(0.433422561183,8.7));
#9047 = CARTESIAN_POINT('',(0.455771111307,8.7));
#9048 = CARTESIAN_POINT('',(0.478250346649,8.7));
#9049 = CARTESIAN_POINT('',(0.500925509542,8.7));
#9050 = CARTESIAN_POINT('',(0.523867858541,8.7));
#9051 = CARTESIAN_POINT('',(0.547151499779,8.7));
#9052 = CARTESIAN_POINT('',(0.594566661201,8.7));
#9053 = CARTESIAN_POINT('',(0.618698158585,8.7));
#9054 = CARTESIAN_POINT('',(0.643336205306,8.7));
#9055 = CARTESIAN_POINT('',(0.668570440653,8.7));
#9056 = CARTESIAN_POINT('',(0.694501780597,8.7));
#9057 = CARTESIAN_POINT('',(0.721243197266,8.7));
#9058 = CARTESIAN_POINT('',(0.748926927456,8.7));
#9059 = CARTESIAN_POINT('',(0.777710302206,8.7));
#9060 = ( GEOMETRIC_REPRESENTATION_CONTEXT(2) 
PARAMETRIC_REPRESENTATION_CONTEXT() REPRESENTATION_CONTEXT('2D SPACE',''
  ) );
#9061 = PCURVE('',#5734,#9062);
#9062 = DEFINITIONAL_REPRESENTATION('',(#9063),#9067);
#9063 = LINE('',#9064,#9065);
#9064 = CARTESIAN_POINT('',(-0.,8.7));
#9065 = VECTOR('',#9066,1.);
#9066 = DIRECTION('',(-1.,0.));
#9067 = ( GEOMETRIC_REPRESENTATION_CONTEXT(2) 
PARAMETRIC_REPRESENTATION_CONTEXT() REPRESENTATION_CONTEXT('2D SPACE',''
  ) );
#9068 = ORIENTED_EDGE('',*,*,#9069,.T.);
#9069 = EDGE_CURVE('',#6473,#8921,#9070,.T.);
#9070 = SURFACE_CURVE('',#9071,(#9082,#9089),.PCURVE_S1.);
#9071 = ( BOUNDED_CURVE() B_SPLINE_CURVE(9,(#9072,#9073,#9074,#9075,
    #9076,#9077,#9078,#9079,#9080,#9081),.UNSPECIFIED.,.F.,.F.) 
B_SPLINE_CURVE_WITH_KNOTS((10,10),(8.7,9.477710302206),
.PIECEWISE_BEZIER_KNOTS.) CURVE() GEOMETRIC_REPRESENTATION_ITEM() 
RATIONAL_B_SPLINE_CURVE((1.,1.,1.,1.,1.,1.,1.,1.,1.,1.)) 
REPRESENTATION_ITEM('') );
#9072 = CARTESIAN_POINT('',(31.45,-13.50350453513,11.44931123456));
#9073 = CARTESIAN_POINT('',(31.607020326962,-13.50350453513,
    11.44931123456));
#9074 = CARTESIAN_POINT('',(31.763960375427,-13.45738288245,
    11.472809139918));
#9075 = CARTESIAN_POINT('',(31.903237490738,-13.36573162478,
    11.51948869066));
#9076 = CARTESIAN_POINT('',(32.004097967456,-13.24027334222,
    11.585537161196));
#9077 = CARTESIAN_POINT('',(32.068199359573,-13.11885838186,
    11.658473047388));
#9078 = CARTESIAN_POINT('',(32.113156982415,-12.99816107158,
    11.730314104914));
#9079 = CARTESIAN_POINT('',(32.13832508633,-12.88437355894,
    11.799716757334));
#9080 = CARTESIAN_POINT('',(32.15,-12.77655387252,11.865440968467));
#9081 = CARTESIAN_POINT('',(32.15,-12.67526103412,11.926935556583));
#9082 = PCURVE('',#5776,#9083);
#9083 = DEFINITIONAL_REPRESENTATION('',(#9084),#9088);
#9084 = LINE('',#9085,#9086);
#9085 = CARTESIAN_POINT('',(0.777710302206,0.));
#9086 = VECTOR('',#9087,1.);
#9087 = DIRECTION('',(0.,1.));
#9088 = ( GEOMETRIC_REPRESENTATION_CONTEXT(2) 
PARAMETRIC_REPRESENTATION_CONTEXT() REPRESENTATION_CONTEXT('2D SPACE',''
  ) );
#9089 = PCURVE('',#6486,#9090);
#9090 = DEFINITIONAL_REPRESENTATION('',(#9091),#9103);
#9091 = B_SPLINE_CURVE_WITH_KNOTS('',10,(#9092,#9093,#9094,#9095,#9096,
    #9097,#9098,#9099,#9100,#9101,#9102),.UNSPECIFIED.,.F.,.F.,(11,11),(
    8.7,9.477710302206),.PIECEWISE_BEZIER_KNOTS.);
#9092 = CARTESIAN_POINT('',(-5.662137425588E-15,7.929489896087E-02));
#9093 = CARTESIAN_POINT('',(0.201883277523,7.929489896088E-02));
#9094 = CARTESIAN_POINT('',(0.403717883142,7.969054395552E-02));
#9095 = CARTESIAN_POINT('',(0.599017128425,8.04786009826E-02));
#9096 = CARTESIAN_POINT('',(0.780003378454,8.159610841346E-02));
#9097 = CARTESIAN_POINT('',(0.943988551383,8.287768270205E-02));
#9098 = CARTESIAN_POINT('',(1.089081671637,8.417689646277E-02));
#9099 = CARTESIAN_POINT('',(1.223431638447,8.545500473106E-02));
#9100 = CARTESIAN_POINT('',(1.34623365908,8.668031976367E-02));
#9101 = CARTESIAN_POINT('',(1.461619685943,8.784719476164E-02));
#9102 = CARTESIAN_POINT('',(1.570796326794,8.89479683887E-02));
#9103 = ( GEOMETRIC_REPRESENTATION_CONTEXT(2) 
PARAMETRIC_REPRESENTATION_CONTEXT() REPRESENTATION_CONTEXT('2D SPACE',''
  ) );
#9104 = ORIENTED_EDGE('',*,*,#8920,.F.);
#9105 = ORIENTED_EDGE('',*,*,#5746,.F.);
#9106 = ADVANCED_FACE('',(#9107),#5734,.T.);
#9107 = FACE_BOUND('',#9108,.F.);
#9108 = EDGE_LOOP('',(#9109,#9110,#9132,#9133));
#9109 = ORIENTED_EDGE('',*,*,#5718,.F.);
#9110 = ORIENTED_EDGE('',*,*,#9111,.T.);
#9111 = EDGE_CURVE('',#5696,#6511,#9112,.T.);
#9112 = SURFACE_CURVE('',#9113,(#9118,#9125),.PCURVE_S1.);
#9113 = CIRCLE('',#9114,0.8);
#9114 = AXIS2_PLACEMENT_3D('',#9115,#9116,#9117);
#9115 = CARTESIAN_POINT('',(23.55,-14.28300058696,11.629272078035));
#9116 = DIRECTION('',(-1.,0.,0.));
#9117 = DIRECTION('',(0.,-0.182050192619,0.983289238916));
#9118 = PCURVE('',#5734,#9119);
#9119 = DEFINITIONAL_REPRESENTATION('',(#9120),#9124);
#9120 = LINE('',#9121,#9122);
#9121 = CARTESIAN_POINT('',(-0.,0.8));
#9122 = VECTOR('',#9123,1.);
#9123 = DIRECTION('',(-1.,0.));
#9124 = ( GEOMETRIC_REPRESENTATION_CONTEXT(2) 
PARAMETRIC_REPRESENTATION_CONTEXT() REPRESENTATION_CONTEXT('2D SPACE',''
  ) );
#9125 = PCURVE('',#8902,#9126);
#9126 = DEFINITIONAL_REPRESENTATION('',(#9127),#9131);
#9127 = LINE('',#9128,#9129);
#9128 = CARTESIAN_POINT('',(-0.,0.));
#9129 = VECTOR('',#9130,1.);
#9130 = DIRECTION('',(-1.,0.));
#9131 = ( GEOMETRIC_REPRESENTATION_CONTEXT(2) 
PARAMETRIC_REPRESENTATION_CONTEXT() REPRESENTATION_CONTEXT('2D SPACE',''
  ) );
#9132 = ORIENTED_EDGE('',*,*,#6510,.T.);
#9133 = ORIENTED_EDGE('',*,*,#9020,.F.);
#9134 = ADVANCED_FACE('',(#9135),#5950,.T.);
#9135 = FACE_BOUND('',#9136,.F.);
#9136 = EDGE_LOOP('',(#9137,#9138,#9139,#9168));
#9137 = ORIENTED_EDGE('',*,*,#8855,.T.);
#9138 = ORIENTED_EDGE('',*,*,#6601,.T.);
#9139 = ORIENTED_EDGE('',*,*,#9140,.F.);
#9140 = EDGE_CURVE('',#5914,#6557,#9141,.T.);
#9141 = SURFACE_CURVE('',#9142,(#9147,#9154),.PCURVE_S1.);
#9142 = CIRCLE('',#9143,0.8);
#9143 = AXIS2_PLACEMENT_3D('',#9144,#9145,#9146);
#9144 = CARTESIAN_POINT('',(20.75,-15.44731942542,6.586053119239));
#9145 = DIRECTION('',(-1.,0.,0.));
#9146 = DIRECTION('',(0.,0.258819045103,0.965925826289));
#9147 = PCURVE('',#5950,#9148);
#9148 = DEFINITIONAL_REPRESENTATION('',(#9149),#9153);
#9149 = LINE('',#9150,#9151);
#9150 = CARTESIAN_POINT('',(-0.,41.5));
#9151 = VECTOR('',#9152,1.);
#9152 = DIRECTION('',(-1.,0.));
#9153 = ( GEOMETRIC_REPRESENTATION_CONTEXT(2) 
PARAMETRIC_REPRESENTATION_CONTEXT() REPRESENTATION_CONTEXT('2D SPACE',''
  ) );
#9154 = PCURVE('',#6091,#9155);
#9155 = DEFINITIONAL_REPRESENTATION('',(#9156),#9167);
#9156 = B_SPLINE_CURVE_WITH_KNOTS('',9,(#9157,#9158,#9159,#9160,#9161,
    #9162,#9163,#9164,#9165,#9166),.UNSPECIFIED.,.F.,.F.,(10,10),(0.,
    1.535889741755),.PIECEWISE_BEZIER_KNOTS.);
#9157 = CARTESIAN_POINT('',(0.,48.264608449601));
#9158 = CARTESIAN_POINT('',(0.389441484884,48.264608449601));
#9159 = CARTESIAN_POINT('',(0.748675234598,48.2646084496));
#9160 = CARTESIAN_POINT('',(1.089918415786,48.264608449602));
#9161 = CARTESIAN_POINT('',(1.421175982365,48.2646084496));
#9162 = CARTESIAN_POINT('',(1.749310829695,48.264608449601));
#9163 = CARTESIAN_POINT('',(2.080568396273,48.2646084496));
#9164 = CARTESIAN_POINT('',(2.421811577462,48.264608449601));
#9165 = CARTESIAN_POINT('',(2.781045327176,48.264608449601));
#9166 = CARTESIAN_POINT('',(3.170486812059,48.264608449601));
#9167 = ( GEOMETRIC_REPRESENTATION_CONTEXT(2) 
PARAMETRIC_REPRESENTATION_CONTEXT() REPRESENTATION_CONTEXT('2D SPACE',''
  ) );
#9168 = ORIENTED_EDGE('',*,*,#5936,.F.);
#9169 = ADVANCED_FACE('',(#9170),#6006,.T.);
#9170 = FACE_BOUND('',#9171,.F.);
#9171 = EDGE_LOOP('',(#9172,#9200,#9201,#9223));
#9172 = ORIENTED_EDGE('',*,*,#9173,.T.);
#9173 = EDGE_CURVE('',#5968,#6534,#9174,.T.);
#9174 = SURFACE_CURVE('',#9175,(#9179,#9193),.PCURVE_S1.);
#9175 = ( BOUNDED_CURVE() B_SPLINE_CURVE(2,(#9176,#9177,#9178),
.UNSPECIFIED.,.F.,.F.) B_SPLINE_CURVE_WITH_KNOTS((3,3),(0.,
3.170486812059),.PIECEWISE_BEZIER_KNOTS.) CURVE() 
GEOMETRIC_REPRESENTATION_ITEM() RATIONAL_B_SPLINE_CURVE((1.,
0.707106781187,1.)) REPRESENTATION_ITEM('') );
#9176 = CARTESIAN_POINT('',(22.75,-14.81707254389,9.315952281448));
#9177 = CARTESIAN_POINT('',(22.75,-14.03757649206,9.135991437973));
#9178 = CARTESIAN_POINT('',(23.55,-14.03757649206,9.135991437973));
#9179 = PCURVE('',#6006,#9180);
#9180 = DEFINITIONAL_REPRESENTATION('',(#9181),#9192);
#9181 = B_SPLINE_CURVE_WITH_KNOTS('',9,(#9182,#9183,#9184,#9185,#9186,
    #9187,#9188,#9189,#9190,#9191),.UNSPECIFIED.,.F.,.F.,(10,10),(0.,
    3.170486812059),.PIECEWISE_BEZIER_KNOTS.);
#9182 = CARTESIAN_POINT('',(-1.110223024625E-16,2.793661559341E-02));
#9183 = CARTESIAN_POINT('',(-0.157134840264,2.793661559341E-02));
#9184 = CARTESIAN_POINT('',(-0.325774716821,2.793661559341E-02));
#9185 = CARTESIAN_POINT('',(-0.50456638687,2.793661559341E-02));
#9186 = CARTESIAN_POINT('',(-0.690744851612,2.793661559342E-02));
#9187 = CARTESIAN_POINT('',(-0.880051475183,2.793661559341E-02));
#9188 = CARTESIAN_POINT('',(-1.066229939925,2.793661559341E-02));
#9189 = CARTESIAN_POINT('',(-1.245021609974,2.793661559341E-02));
#9190 = CARTESIAN_POINT('',(-1.413661486531,2.793661559341E-02));
#9191 = CARTESIAN_POINT('',(-1.570796326795,2.793661559341E-02));
#9192 = ( GEOMETRIC_REPRESENTATION_CONTEXT(2) 
PARAMETRIC_REPRESENTATION_CONTEXT() REPRESENTATION_CONTEXT('2D SPACE',''
  ) );
#9193 = PCURVE('',#6091,#9194);
#9194 = DEFINITIONAL_REPRESENTATION('',(#9195),#9199);
#9195 = LINE('',#9196,#9197);
#9196 = CARTESIAN_POINT('',(0.,51.43509526166));
#9197 = VECTOR('',#9198,1.);
#9198 = DIRECTION('',(1.,0.));
#9199 = ( GEOMETRIC_REPRESENTATION_CONTEXT(2) 
PARAMETRIC_REPRESENTATION_CONTEXT() REPRESENTATION_CONTEXT('2D SPACE',''
  ) );
#9200 = ORIENTED_EDGE('',*,*,#6533,.T.);
#9201 = ORIENTED_EDGE('',*,*,#9202,.F.);
#9202 = EDGE_CURVE('',#5991,#6511,#9203,.T.);
#9203 = SURFACE_CURVE('',#9204,(#9209,#9216),.PCURVE_S1.);
#9204 = CIRCLE('',#9205,0.8);
#9205 = AXIS2_PLACEMENT_3D('',#9206,#9207,#9208);
#9206 = CARTESIAN_POINT('',(23.55,-14.28300058696,11.629272078035));
#9207 = DIRECTION('',(0.,-0.224951054344,-0.974370064785));
#9208 = DIRECTION('',(0.,0.974370064785,-0.224951054344));
#9209 = PCURVE('',#6006,#9210);
#9210 = DEFINITIONAL_REPRESENTATION('',(#9211),#9215);
#9211 = LINE('',#9212,#9213);
#9212 = CARTESIAN_POINT('',(4.712388980385,2.402106225471));
#9213 = VECTOR('',#9214,1.);
#9214 = DIRECTION('',(-1.,0.));
#9215 = ( GEOMETRIC_REPRESENTATION_CONTEXT(2) 
PARAMETRIC_REPRESENTATION_CONTEXT() REPRESENTATION_CONTEXT('2D SPACE',''
  ) );
#9216 = PCURVE('',#8902,#9217);
#9217 = DEFINITIONAL_REPRESENTATION('',(#9218),#9222);
#9218 = LINE('',#9219,#9220);
#9219 = CARTESIAN_POINT('',(-1.980760215163,-6.28318530718));
#9220 = VECTOR('',#9221,1.);
#9221 = DIRECTION('',(-0.,1.));
#9222 = ( GEOMETRIC_REPRESENTATION_CONTEXT(2) 
PARAMETRIC_REPRESENTATION_CONTEXT() REPRESENTATION_CONTEXT('2D SPACE',''
  ) );
#9223 = ORIENTED_EDGE('',*,*,#5990,.F.);
#9224 = ADVANCED_FACE('',(#9225),#6091,.F.);
#9225 = FACE_BOUND('',#9226,.F.);
#9226 = EDGE_LOOP('',(#9227,#9228,#9229,#9230));
#9227 = ORIENTED_EDGE('',*,*,#9140,.T.);
#9228 = ORIENTED_EDGE('',*,*,#6556,.T.);
#9229 = ORIENTED_EDGE('',*,*,#9173,.F.);
#9230 = ORIENTED_EDGE('',*,*,#6046,.F.);
#9231 = ADVANCED_FACE('',(#9232),#6219,.F.);
#9232 = FACE_BOUND('',#9233,.F.);
#9233 = EDGE_LOOP('',(#9234,#9265,#9331,#9351));
#9234 = ORIENTED_EDGE('',*,*,#9235,.T.);
#9235 = EDGE_CURVE('',#6145,#9236,#9238,.T.);
#9236 = VERTEX_POINT('',#9237);
#9237 = CARTESIAN_POINT('',(-31.95,-9.923259473479,4.74353905303));
#9238 = SURFACE_CURVE('',#9239,(#9244,#9258),.PCURVE_S1.);
#9239 = CIRCLE('',#9240,0.2);
#9240 = AXIS2_PLACEMENT_3D('',#9241,#9242,#9243);
#9241 = CARTESIAN_POINT('',(-31.95,-9.871495664458,4.936724218287));
#9242 = DIRECTION('',(4.126113093317E-15,-0.965925826289,0.258819045103)
  );
#9243 = DIRECTION('',(-1.,-3.985717219251E-15,1.067177629248E-15));
#9244 = PCURVE('',#6219,#9245);
#9245 = DEFINITIONAL_REPRESENTATION('',(#9246),#9257);
#9246 = B_SPLINE_CURVE_WITH_KNOTS('',9,(#9247,#9248,#9249,#9250,#9251,
    #9252,#9253,#9254,#9255,#9256),.UNSPECIFIED.,.F.,.F.,(10,10),(0.,
    1.570796326795),.PIECEWISE_BEZIER_KNOTS.);
#9247 = CARTESIAN_POINT('',(0.,133.39867228626));
#9248 = CARTESIAN_POINT('',(0.531534661864,133.39867228626));
#9249 = CARTESIAN_POINT('',(1.019839685336,133.39867228627));
#9250 = CARTESIAN_POINT('',(1.482648728071,133.39867228625));
#9251 = CARTESIAN_POINT('',(1.93132900468,133.39867228629));
#9252 = CARTESIAN_POINT('',(2.375614953434,133.39867228624));
#9253 = CARTESIAN_POINT('',(2.824295230042,133.39867228628));
#9254 = CARTESIAN_POINT('',(3.287104272777,133.39867228626));
#9255 = CARTESIAN_POINT('',(3.77540929625,133.39867228627));
#9256 = CARTESIAN_POINT('',(4.306943958114,133.39867228626));
#9257 = ( GEOMETRIC_REPRESENTATION_CONTEXT(2) 
PARAMETRIC_REPRESENTATION_CONTEXT() REPRESENTATION_CONTEXT('2D SPACE',''
  ) );
#9258 = PCURVE('',#7907,#9259);
#9259 = DEFINITIONAL_REPRESENTATION('',(#9260),#9264);
#9260 = LINE('',#9261,#9262);
#9261 = CARTESIAN_POINT('',(-1.570796326795,0.));
#9262 = VECTOR('',#9263,1.);
#9263 = DIRECTION('',(-0.,1.));
#9264 = ( GEOMETRIC_REPRESENTATION_CONTEXT(2) 
PARAMETRIC_REPRESENTATION_CONTEXT() REPRESENTATION_CONTEXT('2D SPACE',''
  ) );
#9265 = ORIENTED_EDGE('',*,*,#9266,.T.);
#9266 = EDGE_CURVE('',#9236,#9267,#9269,.T.);
#9267 = VERTEX_POINT('',#9268);
#9268 = CARTESIAN_POINT('',(-31.9506442854,-14.06799272519,
    5.854116980669));
#9269 = SURFACE_CURVE('',#9270,(#9293,#9300),.PCURVE_S1.);
#9270 = ( BOUNDED_CURVE() B_SPLINE_CURVE(11,(#9271,#9272,#9273,#9274,
    #9275,#9276,#9277,#9278,#9279,#9280,#9281,#9282,#9283,#9284,#9285,
    #9286,#9287,#9288,#9289,#9290,#9291,#9292),.UNSPECIFIED.,.F.,.F.) 
B_SPLINE_CURVE_WITH_KNOTS((12,10,12),(133.39867228626,137.69867629486,
137.70561624438),.UNSPECIFIED.) CURVE() GEOMETRIC_REPRESENTATION_ITEM() 
RATIONAL_B_SPLINE_CURVE((1.,1.,1.,0.999999999999,1.000000000001,
    0.999999999999,1.000000000001,0.999999999999,1.000000000001,1.,1.,1.
,1.,1.,1.,1.,1.,1.,1.,1.,1.,1.)) REPRESENTATION_ITEM('') );
#9271 = CARTESIAN_POINT('',(-31.95,-9.923259473479,4.74353905303));
#9272 = CARTESIAN_POINT('',(-31.95,-10.30084866011,4.844713770661));
#9273 = CARTESIAN_POINT('',(-31.94998098949,-10.67827809352,
    4.945845682542));
#9274 = CARTESIAN_POINT('',(-31.95012207082,-11.05702455883,
    5.047330492057));
#9275 = CARTESIAN_POINT('',(-31.94959818399,-11.4304540493,
    5.147390622458));
#9276 = CARTESIAN_POINT('',(-31.95087310091,-11.81772459248,
    5.251159451755));
#9277 = CARTESIAN_POINT('',(-31.94860803499,-12.17916388474,
    5.348006818229));
#9278 = CARTESIAN_POINT('',(-31.95174872155,-12.57754231632,
    5.454751997254));
#9279 = CARTESIAN_POINT('',(-31.94815586637,-12.93657476088,
    5.550954450831));
#9280 = CARTESIAN_POINT('',(-31.95168733565,-13.33409130437,
    5.657468687637));
#9281 = CARTESIAN_POINT('',(-31.94884648466,-13.70355268368,
    5.756465565857));
#9282 = CARTESIAN_POINT('',(-31.95061129736,-14.06226088539,
    5.852581138824));
#9283 = CARTESIAN_POINT('',(-31.95061422298,-14.06283799308,
    5.852735774364));
#9284 = CARTESIAN_POINT('',(-31.95061723079,-14.06341421348,
    5.852890172155));
#9285 = CARTESIAN_POINT('',(-31.95062032106,-14.06398955235,
    5.853044333739));
#9286 = CARTESIAN_POINT('',(-31.95062349408,-14.06456401544,
    5.85319826066));
#9287 = CARTESIAN_POINT('',(-31.95062675012,-14.06513760851,
    5.853351954461));
#9288 = CARTESIAN_POINT('',(-31.95063008946,-14.06571033733,
    5.853505416684));
#9289 = CARTESIAN_POINT('',(-31.95063351238,-14.06628220764,
    5.853658648874));
#9290 = CARTESIAN_POINT('',(-31.95063701916,-14.06685322522,
    5.853811652573));
#9291 = CARTESIAN_POINT('',(-31.95064061007,-14.06742339582,
    5.853964429323));
#9292 = CARTESIAN_POINT('',(-31.9506442854,-14.06799272519,
    5.854116980669));
#9293 = PCURVE('',#6219,#9294);
#9294 = DEFINITIONAL_REPRESENTATION('',(#9295),#9299);
#9295 = LINE('',#9296,#9297);
#9296 = CARTESIAN_POINT('',(4.306943958114,0.));
#9297 = VECTOR('',#9298,1.);
#9298 = DIRECTION('',(0.,1.));
#9299 = ( GEOMETRIC_REPRESENTATION_CONTEXT(2) 
PARAMETRIC_REPRESENTATION_CONTEXT() REPRESENTATION_CONTEXT('2D SPACE',''
  ) );
#9300 = PCURVE('',#9301,#9306);
#9301 = PLANE('',#9302);
#9302 = AXIS2_PLACEMENT_3D('',#9303,#9304,#9305);
#9303 = CARTESIAN_POINT('',(-32.15,-14.07674052652,5.85646094697));
#9304 = DIRECTION('',(0.,0.258819045103,0.965925826289));
#9305 = DIRECTION('',(0.997771404347,6.445139382928E-02,
    -1.726969892762E-02));
#9306 = DEFINITIONAL_REPRESENTATION('',(#9307),#9330);
#9307 = ( BOUNDED_CURVE() B_SPLINE_CURVE(11,(#9308,#9309,#9310,#9311,
    #9312,#9313,#9314,#9315,#9316,#9317,#9318,#9319,#9320,#9321,#9322,
    #9323,#9324,#9325,#9326,#9327,#9328,#9329),.UNSPECIFIED.,.F.,.F.) 
B_SPLINE_CURVE_WITH_KNOTS((12,10,12),(133.39867228626,137.69867629486,
137.70561624438),.UNSPECIFIED.) CURVE() GEOMETRIC_REPRESENTATION_ITEM() 
RATIONAL_B_SPLINE_CURVE((1.,1.,1.,0.999999999999,1.000000000001,
    0.999999999999,1.000000000001,0.999999999999,1.000000000001,1.,1.,1.
,1.,1.,1.,1.,1.,1.,1.,1.,1.,1.)) REPRESENTATION_ITEM('') );
#9308 = CARTESIAN_POINT('',(0.48647175002,4.277072040127));
#9309 = CARTESIAN_POINT('',(0.460388343733,3.887034127518));
#9310 = CARTESIAN_POINT('',(0.434334941147,3.497159966566));
#9311 = CARTESIAN_POINT('',(0.408030824525,3.105936034658));
#9312 = CARTESIAN_POINT('',(0.382757484344,2.720160002768));
#9313 = CARTESIAN_POINT('',(0.354733225957,2.320206618105));
#9314 = CARTESIAN_POINT('',(0.332025452929,1.946699908727));
#9315 = CARTESIAN_POINT('',(0.301372263403,1.535396913506));
#9316 = CARTESIAN_POINT('',(0.280155582666,1.16428780638));
#9317 = CARTESIAN_POINT('',(0.2491720195,0.753901189786));
#9318 = CARTESIAN_POINT('',(0.226484592245,0.372069494173));
#9319 = CARTESIAN_POINT('',(0.199944582009,1.652810204742E-03));
#9320 = CARTESIAN_POINT('',(0.199901797005,1.056871079115E-03));
#9321 = CARTESIAN_POINT('',(0.199858991289,4.618539832428E-04));
#9322 = CARTESIAN_POINT('',(0.199816164188,-1.322470118552E-04));
#9323 = CARTESIAN_POINT('',(0.199773315025,-7.25437838577E-04));
#9324 = CARTESIAN_POINT('',(0.199730443124,-1.317724423565E-03));
#9325 = CARTESIAN_POINT('',(0.199687547809,-1.909112700904E-03));
#9326 = CARTESIAN_POINT('',(0.199644628404,-2.499608597237E-03));
#9327 = CARTESIAN_POINT('',(0.199601684234,-3.089218044918E-03));
#9328 = CARTESIAN_POINT('',(0.199558714622,-3.677946973013E-03));
#9329 = CARTESIAN_POINT('',(0.199515718894,-4.265801311954E-03));
#9330 = ( GEOMETRIC_REPRESENTATION_CONTEXT(2) 
PARAMETRIC_REPRESENTATION_CONTEXT() REPRESENTATION_CONTEXT('2D SPACE',''
  ) );
#9331 = ORIENTED_EDGE('',*,*,#9332,.F.);
#9332 = EDGE_CURVE('',#6166,#9267,#9333,.T.);
#9333 = SURFACE_CURVE('',#9334,(#9338,#9345),.PCURVE_S1.);
#9334 = ( BOUNDED_CURVE() B_SPLINE_CURVE(2,(#9335,#9336,#9337),
.UNSPECIFIED.,.F.,.F.) B_SPLINE_CURVE_WITH_KNOTS((3,3),(0.,
4.306943958114),.PIECEWISE_BEZIER_KNOTS.) CURVE() 
GEOMETRIC_REPRESENTATION_ITEM() RATIONAL_B_SPLINE_CURVE((1.,
0.707106781187,1.)) REPRESENTATION_ITEM('') );
#9335 = CARTESIAN_POINT('',(-32.15,-14.03172289212,6.051453744271));
#9336 = CARTESIAN_POINT('',(-32.15,-14.08348670114,5.858268579013));
#9337 = CARTESIAN_POINT('',(-31.9506442854,-14.06799272519,
    5.854116980669));
#9338 = PCURVE('',#6219,#9339);
#9339 = DEFINITIONAL_REPRESENTATION('',(#9340),#9344);
#9340 = LINE('',#9341,#9342);
#9341 = CARTESIAN_POINT('',(0.,137.70561624438));
#9342 = VECTOR('',#9343,1.);
#9343 = DIRECTION('',(1.,0.));
#9344 = ( GEOMETRIC_REPRESENTATION_CONTEXT(2) 
PARAMETRIC_REPRESENTATION_CONTEXT() REPRESENTATION_CONTEXT('2D SPACE',''
  ) );
#9345 = PCURVE('',#6352,#9346);
#9346 = DEFINITIONAL_REPRESENTATION('',(#9347),#9350);
#9347 = B_SPLINE_CURVE_WITH_KNOTS('',1,(#9348,#9349),.UNSPECIFIED.,.F.,
  .F.,(2,2),(0.,4.306943958114),.PIECEWISE_BEZIER_KNOTS.);
#9348 = CARTESIAN_POINT('',(0.,137.70561624438));
#9349 = CARTESIAN_POINT('',(1.092613470643,137.70561624438));
#9350 = ( GEOMETRIC_REPRESENTATION_CONTEXT(2) 
PARAMETRIC_REPRESENTATION_CONTEXT() REPRESENTATION_CONTEXT('2D SPACE',''
  ) );
#9351 = ORIENTED_EDGE('',*,*,#6165,.F.);
#9352 = ADVANCED_FACE('',(#9353),#6352,.F.);
#9353 = FACE_BOUND('',#9354,.F.);
#9354 = EDGE_LOOP('',(#9355,#9356,#9395,#9424));
#9355 = ORIENTED_EDGE('',*,*,#9332,.T.);
#9356 = ORIENTED_EDGE('',*,*,#9357,.T.);
#9357 = EDGE_CURVE('',#9267,#9358,#9360,.T.);
#9358 = VERTEX_POINT('',#9359);
#9359 = CARTESIAN_POINT('',(-31.45,-14.56633185937,5.98764654923));
#9360 = SURFACE_CURVE('',#9361,(#9373,#9380),.PCURVE_S1.);
#9361 = ( BOUNDED_CURVE() B_SPLINE_CURVE(10,(#9362,#9363,#9364,#9365,
    #9366,#9367,#9368,#9369,#9370,#9371,#9372),.UNSPECIFIED.,.F.,.F.) 
B_SPLINE_CURVE_WITH_KNOTS((11,11),(137.70561624438,138.79822971502),
.PIECEWISE_BEZIER_KNOTS.) CURVE() GEOMETRIC_REPRESENTATION_ITEM() 
RATIONAL_B_SPLINE_CURVE((1.,1.,1.,1.000000000001,0.999999999999,
    1.000000000001,0.999999999999,1.000000000001,1.,1.,1.)) 
REPRESENTATION_ITEM('') );
#9362 = CARTESIAN_POINT('',(-31.9506442854,-14.06799272519,
    5.854116980669));
#9363 = CARTESIAN_POINT('',(-31.95128078705,-14.16659036405,
    5.880536138377));
#9364 = CARTESIAN_POINT('',(-31.93527483036,-14.23855452522,
    5.899818877248));
#9365 = CARTESIAN_POINT('',(-31.90454300688,-14.30817614217,
    5.918473933286));
#9366 = CARTESIAN_POINT('',(-31.87454048356,-14.36923398702,
    5.934834333502));
#9367 = CARTESIAN_POINT('',(-31.81516063574,-14.4397579557,
    5.953731173959));
#9368 = CARTESIAN_POINT('',(-31.75660726565,-14.48368200125,
    5.965500586493));
#9369 = CARTESIAN_POINT('',(-31.68415682434,-14.52701994839,
    5.97711295443));
#9370 = CARTESIAN_POINT('',(-31.60829624496,-14.55272249517,
    5.983999931082));
#9371 = CARTESIAN_POINT('',(-31.5291148572,-14.56633185937,5.98764654923
    ));
#9372 = CARTESIAN_POINT('',(-31.45,-14.56633185937,5.98764654923));
#9373 = PCURVE('',#6352,#9374);
#9374 = DEFINITIONAL_REPRESENTATION('',(#9375),#9379);
#9375 = LINE('',#9376,#9377);
#9376 = CARTESIAN_POINT('',(1.092613470643,0.));
#9377 = VECTOR('',#9378,1.);
#9378 = DIRECTION('',(0.,1.));
#9379 = ( GEOMETRIC_REPRESENTATION_CONTEXT(2) 
PARAMETRIC_REPRESENTATION_CONTEXT() REPRESENTATION_CONTEXT('2D SPACE',''
  ) );
#9380 = PCURVE('',#9301,#9381);
#9381 = DEFINITIONAL_REPRESENTATION('',(#9382),#9394);
#9382 = ( BOUNDED_CURVE() B_SPLINE_CURVE(10,(#9383,#9384,#9385,#9386,
    #9387,#9388,#9389,#9390,#9391,#9392,#9393),.UNSPECIFIED.,.F.,.F.) 
B_SPLINE_CURVE_WITH_KNOTS((11,11),(137.70561624438,138.79822971502),
.PIECEWISE_BEZIER_KNOTS.) CURVE() GEOMETRIC_REPRESENTATION_ITEM() 
RATIONAL_B_SPLINE_CURVE((1.,1.,1.,1.000000000001,0.999999999999,
    1.000000000001,0.999999999999,1.000000000001,1.,1.,1.)) 
REPRESENTATION_ITEM('') );
#9383 = CARTESIAN_POINT('',(0.199515718894,-4.265801311952E-03));
#9384 = CARTESIAN_POINT('',(0.192069629604,-0.106071632043));
#9385 = CARTESIAN_POINT('',(0.2030687179,-0.181476374723));
#9386 = CARTESIAN_POINT('',(0.228922675111,-0.255443925265));
#9387 = CARTESIAN_POINT('',(0.254640532554,-0.320516702418));
#9388 = CARTESIAN_POINT('',(0.309016335874,-0.397327893522));
#9389 = CARTESIAN_POINT('',(0.364404994004,-0.446607042739));
#9390 = CARTESIAN_POINT('',(0.433700239381,-0.496208052464));
#9391 = CARTESIAN_POINT('',(0.50761625523,-0.527819782308));
#9392 = CARTESIAN_POINT('',(0.585681061204,-0.547161210741));
#9393 = CARTESIAN_POINT('',(0.664619603379,-0.552440149021));
#9394 = ( GEOMETRIC_REPRESENTATION_CONTEXT(2) 
PARAMETRIC_REPRESENTATION_CONTEXT() REPRESENTATION_CONTEXT('2D SPACE',''
  ) );
#9395 = ORIENTED_EDGE('',*,*,#9396,.F.);
#9396 = EDGE_CURVE('',#6320,#9358,#9397,.T.);
#9397 = SURFACE_CURVE('',#9398,(#9403,#9417),.PCURVE_S1.);
#9398 = CIRCLE('',#9399,0.2);
#9399 = AXIS2_PLACEMENT_3D('',#9400,#9401,#9402);
#9400 = CARTESIAN_POINT('',(-31.45,-14.51456805035,6.180831714488));
#9401 = DIRECTION('',(1.,0.,0.));
#9402 = DIRECTION('',(0.,-0.974370064785,0.224951054344));
#9403 = PCURVE('',#6352,#9404);
#9404 = DEFINITIONAL_REPRESENTATION('',(#9405),#9416);
#9405 = B_SPLINE_CURVE_WITH_KNOTS('',9,(#9406,#9407,#9408,#9409,#9410,
    #9411,#9412,#9413,#9414,#9415),.UNSPECIFIED.,.F.,.F.,(10,10),(0.,
    1.535889741755),.PIECEWISE_BEZIER_KNOTS.);
#9406 = CARTESIAN_POINT('',(3.330669073875E-16,138.79822971502));
#9407 = CARTESIAN_POINT('',(0.134209362043,138.79822971502));
#9408 = CARTESIAN_POINT('',(0.258008531481,138.79822971502));
#9409 = CARTESIAN_POINT('',(0.375607789459,138.79822971503));
#9410 = CARTESIAN_POINT('',(0.489765803972,138.79822971501));
#9411 = CARTESIAN_POINT('',(0.602847666671,138.79822971503));
#9412 = CARTESIAN_POINT('',(0.717005681183,138.79822971502));
#9413 = CARTESIAN_POINT('',(0.834604939162,138.79822971502));
#9414 = CARTESIAN_POINT('',(0.9584041086,138.79822971502));
#9415 = CARTESIAN_POINT('',(1.092613470643,138.79822971502));
#9416 = ( GEOMETRIC_REPRESENTATION_CONTEXT(2) 
PARAMETRIC_REPRESENTATION_CONTEXT() REPRESENTATION_CONTEXT('2D SPACE',''
  ) );
#9417 = PCURVE('',#6460,#9418);
#9418 = DEFINITIONAL_REPRESENTATION('',(#9419),#9423);
#9419 = LINE('',#9420,#9421);
#9420 = CARTESIAN_POINT('',(0.,0.));
#9421 = VECTOR('',#9422,1.);
#9422 = DIRECTION('',(1.,0.));
#9423 = ( GEOMETRIC_REPRESENTATION_CONTEXT(2) 
PARAMETRIC_REPRESENTATION_CONTEXT() REPRESENTATION_CONTEXT('2D SPACE',''
  ) );
#9424 = ORIENTED_EDGE('',*,*,#6319,.F.);
#9425 = ADVANCED_FACE('',(#9426),#6460,.F.);
#9426 = FACE_BOUND('',#9427,.F.);
#9427 = EDGE_LOOP('',(#9428,#9429,#9452,#9515));
#9428 = ORIENTED_EDGE('',*,*,#9396,.T.);
#9429 = ORIENTED_EDGE('',*,*,#9430,.T.);
#9430 = EDGE_CURVE('',#9358,#9431,#9433,.T.);
#9431 = VERTEX_POINT('',#9432);
#9432 = CARTESIAN_POINT('',(31.45,-14.56633185937,5.98764654923));
#9433 = SURFACE_CURVE('',#9434,(#9438,#9445),.PCURVE_S1.);
#9434 = LINE('',#9435,#9436);
#9435 = CARTESIAN_POINT('',(-31.45,-14.56633185937,5.98764654923));
#9436 = VECTOR('',#9437,1.);
#9437 = DIRECTION('',(1.,0.,0.));
#9438 = PCURVE('',#6460,#9439);
#9439 = DEFINITIONAL_REPRESENTATION('',(#9440),#9444);
#9440 = LINE('',#9441,#9442);
#9441 = CARTESIAN_POINT('',(1.535889741755,0.));
#9442 = VECTOR('',#9443,1.);
#9443 = DIRECTION('',(0.,1.));
#9444 = ( GEOMETRIC_REPRESENTATION_CONTEXT(2) 
PARAMETRIC_REPRESENTATION_CONTEXT() REPRESENTATION_CONTEXT('2D SPACE',''
  ) );
#9445 = PCURVE('',#9301,#9446);
#9446 = DEFINITIONAL_REPRESENTATION('',(#9447),#9451);
#9447 = LINE('',#9448,#9449);
#9448 = CARTESIAN_POINT('',(0.664619603379,-0.552440149021));
#9449 = VECTOR('',#9450,1.);
#9450 = DIRECTION('',(0.997771404347,-6.672499282569E-02));
#9451 = ( GEOMETRIC_REPRESENTATION_CONTEXT(2) 
PARAMETRIC_REPRESENTATION_CONTEXT() REPRESENTATION_CONTEXT('2D SPACE',''
  ) );
#9452 = ORIENTED_EDGE('',*,*,#9453,.F.);
#9453 = EDGE_CURVE('',#6445,#9431,#9454,.T.);
#9454 = SURFACE_CURVE('',#9455,(#9460,#9467),.PCURVE_S1.);
#9455 = CIRCLE('',#9456,0.2);
#9456 = AXIS2_PLACEMENT_3D('',#9457,#9458,#9459);
#9457 = CARTESIAN_POINT('',(31.45,-14.51456805035,6.180831714488));
#9458 = DIRECTION('',(1.,0.,0.));
#9459 = DIRECTION('',(0.,-0.974370064785,0.224951054344));
#9460 = PCURVE('',#6460,#9461);
#9461 = DEFINITIONAL_REPRESENTATION('',(#9462),#9466);
#9462 = LINE('',#9463,#9464);
#9463 = CARTESIAN_POINT('',(0.,62.9));
#9464 = VECTOR('',#9465,1.);
#9465 = DIRECTION('',(1.,0.));
#9466 = ( GEOMETRIC_REPRESENTATION_CONTEXT(2) 
PARAMETRIC_REPRESENTATION_CONTEXT() REPRESENTATION_CONTEXT('2D SPACE',''
  ) );
#9467 = PCURVE('',#9468,#9502);
#9468 = ( BOUNDED_SURFACE() B_SPLINE_SURFACE(2,10,(
    (#9469,#9470,#9471,#9472,#9473,#9474,#9475,#9476,#9477,#9478,#9479)
    ,(#9480,#9481,#9482,#9483,#9484,#9485,#9486,#9487,#9488,#9489,#9490)
    ,(#9491,#9492,#9493,#9494,#9495,#9496,#9497,#9498,#9499,#9500,#9501
)),.UNSPECIFIED.,.F.,.F.,.F.) B_SPLINE_SURFACE_WITH_KNOTS((3,3),(11,11),
  (0.,1.092613470643),(62.9,63.992613470643),.PIECEWISE_BEZIER_KNOTS.) 
GEOMETRIC_REPRESENTATION_ITEM() RATIONAL_B_SPLINE_SURFACE((
    (1.,1.,1.,1.,1.,1.,1.,1.,1.,1.,1.)
    ,(0.719339800339,0.719339800339,0.719001425024,0.718359741929
      ,0.7172865955,0.716175911312,0.714417581878,0.71290728068
      ,0.710955026887,0.709053673821,0.707106781187)
,(1.,1.,1.,1.,1.,1.,1.,1.,1.,1.,1.
  ))) REPRESENTATION_ITEM('') SURFACE() );
#9469 = CARTESIAN_POINT('',(31.45,-14.70944206331,6.225821925356));
#9470 = CARTESIAN_POINT('',(31.560313338976,-14.70944206331,
    6.225821925356));
#9471 = CARTESIAN_POINT('',(31.67060978436,-14.69063729127,
    6.220984751154));
#9472 = CARTESIAN_POINT('',(31.777189684881,-14.6539176039,
    6.211528327893));
#9473 = CARTESIAN_POINT('',(31.875740978073,-14.59647102091,
    6.196773571759));
#9474 = CARTESIAN_POINT('',(31.963538422086,-14.52959335818,
    6.179515401907));
#9475 = CARTESIAN_POINT('',(32.036979144368,-14.438234425,6.156076939128
    ));
#9476 = CARTESIAN_POINT('',(32.091812918681,-14.34865111805,
    6.132966933094));
#9477 = CARTESIAN_POINT('',(32.130890217248,-14.24450570432,
    6.106211590323));
#9478 = CARTESIAN_POINT('',(32.15,-14.13824662329,6.078856512552));
#9479 = CARTESIAN_POINT('',(32.15,-14.03172289212,6.051453744271));
#9480 = CARTESIAN_POINT('',(31.45,-14.75288860492,6.037634278542));
#9481 = CARTESIAN_POINT('',(31.559261245208,-14.75288860492,
    6.037634278542));
#9482 = CARTESIAN_POINT('',(31.668604571058,-14.73447965758,
    6.032701615969));
#9483 = CARTESIAN_POINT('',(31.77444647511,-14.69845965294,
    6.023050084813));
#9484 = CARTESIAN_POINT('',(31.872483566545,-14.64208821324,
    6.007945403069));
#9485 = CARTESIAN_POINT('',(31.960135206246,-14.57625034633,
    5.990304199802));
#9486 = CARTESIAN_POINT('',(32.033733971386,-14.4862367083,
    5.966185118183));
#9487 = CARTESIAN_POINT('',(32.088894577991,-14.39787128746,
    5.94250767503));
#9488 = CARTESIAN_POINT('',(32.128852248407,-14.29493732883,
    5.914926603941));
#9489 = CARTESIAN_POINT('',(32.148905233308,-14.18934859576,
    5.886634188185));
#9490 = CARTESIAN_POINT('',(32.15,-14.08348670114,5.858268579013));
#9491 = CARTESIAN_POINT('',(31.45,-14.56633185937,5.98764654923));
#9492 = CARTESIAN_POINT('',(31.529114857202,-14.56633185937,
    5.98764654923));
#9493 = CARTESIAN_POINT('',(31.608296244961,-14.55272249517,
    5.983999931082));
#9494 = CARTESIAN_POINT('',(31.684156824346,-14.52701994839,
    5.97711295443));
#9495 = CARTESIAN_POINT('',(31.756607265658,-14.48368200125,
    5.965500586493));
#9496 = CARTESIAN_POINT('',(31.815160635745,-14.4397579557,
    5.953731173959));
#9497 = CARTESIAN_POINT('',(31.874540483559,-14.36923398702,
    5.934834333503));
#9498 = CARTESIAN_POINT('',(31.904543006888,-14.30817614217,
    5.918473933286));
#9499 = CARTESIAN_POINT('',(31.935274830361,-14.23855452522,
    5.899818877248));
#9500 = CARTESIAN_POINT('',(31.95128078705,-14.16659036405,
    5.880536138377));
#9501 = CARTESIAN_POINT('',(31.950644285408,-14.06799272519,
    5.854116980669));
#9502 = DEFINITIONAL_REPRESENTATION('',(#9503),#9514);
#9503 = B_SPLINE_CURVE_WITH_KNOTS('',9,(#9504,#9505,#9506,#9507,#9508,
    #9509,#9510,#9511,#9512,#9513),.UNSPECIFIED.,.F.,.F.,(10,10),(0.,
    1.535889741755),.PIECEWISE_BEZIER_KNOTS.);
#9504 = CARTESIAN_POINT('',(0.,62.9));
#9505 = CARTESIAN_POINT('',(0.134209362043,62.9));
#9506 = CARTESIAN_POINT('',(0.258008531481,62.899999999999));
#9507 = CARTESIAN_POINT('',(0.375607789459,62.900000000001));
#9508 = CARTESIAN_POINT('',(0.489765803972,62.899999999999));
#9509 = CARTESIAN_POINT('',(0.602847666671,62.900000000002));
#9510 = CARTESIAN_POINT('',(0.717005681183,62.899999999999));
#9511 = CARTESIAN_POINT('',(0.834604939162,62.900000000001));
#9512 = CARTESIAN_POINT('',(0.9584041086,62.9));
#9513 = CARTESIAN_POINT('',(1.092613470643,62.9));
#9514 = ( GEOMETRIC_REPRESENTATION_CONTEXT(2) 
PARAMETRIC_REPRESENTATION_CONTEXT() REPRESENTATION_CONTEXT('2D SPACE',''
  ) );
#9515 = ORIENTED_EDGE('',*,*,#6444,.F.);
#9516 = ADVANCED_FACE('',(#9517),#6486,.F.);
#9517 = FACE_BOUND('',#9518,.F.);
#9518 = EDGE_LOOP('',(#9519,#9520,#9560,#9580));
#9519 = ORIENTED_EDGE('',*,*,#6472,.F.);
#9520 = ORIENTED_EDGE('',*,*,#9521,.T.);
#9521 = EDGE_CURVE('',#6445,#9522,#9524,.T.);
#9522 = VERTEX_POINT('',#9523);
#9523 = CARTESIAN_POINT('',(32.15,-14.03172289212,6.051453744271));
#9524 = SURFACE_CURVE('',#9525,(#9537,#9553),.PCURVE_S1.);
#9525 = ( BOUNDED_CURVE() B_SPLINE_CURVE(10,(#9526,#9527,#9528,#9529,
    #9530,#9531,#9532,#9533,#9534,#9535,#9536),.UNSPECIFIED.,.F.,.F.) 
B_SPLINE_CURVE_WITH_KNOTS((11,11),(62.9,63.992613470643),
.PIECEWISE_BEZIER_KNOTS.) CURVE() GEOMETRIC_REPRESENTATION_ITEM() 
RATIONAL_B_SPLINE_CURVE((1.,1.,1.,1.,1.,1.,1.,1.,1.,1.,1.)) 
REPRESENTATION_ITEM('') );
#9526 = CARTESIAN_POINT('',(31.45,-14.70944206331,6.225821925356));
#9527 = CARTESIAN_POINT('',(31.560313338976,-14.70944206331,
    6.225821925356));
#9528 = CARTESIAN_POINT('',(31.67060978436,-14.69063729127,
    6.220984751154));
#9529 = CARTESIAN_POINT('',(31.777189684881,-14.6539176039,
    6.211528327893));
#9530 = CARTESIAN_POINT('',(31.875740978073,-14.59647102091,
    6.196773571759));
#9531 = CARTESIAN_POINT('',(31.963538422086,-14.52959335818,
    6.179515401907));
#9532 = CARTESIAN_POINT('',(32.036979144368,-14.438234425,6.156076939128
    ));
#9533 = CARTESIAN_POINT('',(32.091812918681,-14.34865111805,
    6.132966933094));
#9534 = CARTESIAN_POINT('',(32.130890217248,-14.24450570432,
    6.106211590323));
#9535 = CARTESIAN_POINT('',(32.15,-14.13824662329,6.078856512552));
#9536 = CARTESIAN_POINT('',(32.15,-14.03172289212,6.051453744271));
#9537 = PCURVE('',#6486,#9538);
#9538 = DEFINITIONAL_REPRESENTATION('',(#9539),#9552);
#9539 = B_SPLINE_CURVE_WITH_KNOTS('',11,(#9540,#9541,#9542,#9543,#9544,
    #9545,#9546,#9547,#9548,#9549,#9550,#9551),.UNSPECIFIED.,.F.,.F.,(12
    ,12),(62.9,63.992613470643),.PIECEWISE_BEZIER_KNOTS.);
#9540 = CARTESIAN_POINT('',(-5.329070518201E-15,2.757430009421E-03));
#9541 = CARTESIAN_POINT('',(0.143264076593,2.757430009421E-03));
#9542 = CARTESIAN_POINT('',(0.286540467171,2.759703197885E-03));
#9543 = CARTESIAN_POINT('',(0.429704332463,2.76406270058E-03));
#9544 = CARTESIAN_POINT('',(0.572998815934,2.771064063094E-03));
#9545 = CARTESIAN_POINT('',(0.716217571881,2.779314443346E-03));
#9546 = CARTESIAN_POINT('',(0.857884839979,2.789920128358E-03));
#9547 = CARTESIAN_POINT('',(1.003823121037,2.802292521495E-03));
#9548 = CARTESIAN_POINT('',(1.14094353287,2.814447668131E-03));
#9549 = CARTESIAN_POINT('',(1.285371006933,2.828799561049E-03));
#9550 = CARTESIAN_POINT('',(1.427906923396,2.842839885876E-03));
#9551 = CARTESIAN_POINT('',(1.570796326795,2.857142857143E-03));
#9552 = ( GEOMETRIC_REPRESENTATION_CONTEXT(2) 
PARAMETRIC_REPRESENTATION_CONTEXT() REPRESENTATION_CONTEXT('2D SPACE',''
  ) );
#9553 = PCURVE('',#9468,#9554);
#9554 = DEFINITIONAL_REPRESENTATION('',(#9555),#9559);
#9555 = LINE('',#9556,#9557);
#9556 = CARTESIAN_POINT('',(0.,0.));
#9557 = VECTOR('',#9558,1.);
#9558 = DIRECTION('',(0.,1.));
#9559 = ( GEOMETRIC_REPRESENTATION_CONTEXT(2) 
PARAMETRIC_REPRESENTATION_CONTEXT() REPRESENTATION_CONTEXT('2D SPACE',''
  ) );
#9560 = ORIENTED_EDGE('',*,*,#9561,.T.);
#9561 = EDGE_CURVE('',#9522,#8921,#9562,.T.);
#9562 = SURFACE_CURVE('',#9563,(#9566,#9573),.PCURVE_S1.);
#9563 = B_SPLINE_CURVE_WITH_KNOTS('',1,(#9564,#9565),.UNSPECIFIED.,.F.,
  .F.,(2,2),(0.,1.),.PIECEWISE_BEZIER_KNOTS.);
#9564 = CARTESIAN_POINT('',(32.15,-14.07674052652,5.85646094697));
#9565 = CARTESIAN_POINT('',(32.15,1.679431511837,74.103940002192));
#9566 = PCURVE('',#6486,#9567);
#9567 = DEFINITIONAL_REPRESENTATION('',(#9568),#9572);
#9568 = LINE('',#9569,#9570);
#9569 = CARTESIAN_POINT('',(1.570796326795,0.));
#9570 = VECTOR('',#9571,1.);
#9571 = DIRECTION('',(0.,1.));
#9572 = ( GEOMETRIC_REPRESENTATION_CONTEXT(2) 
PARAMETRIC_REPRESENTATION_CONTEXT() REPRESENTATION_CONTEXT('2D SPACE',''
  ) );
#9573 = PCURVE('',#8971,#9574);
#9574 = DEFINITIONAL_REPRESENTATION('',(#9575),#9579);
#9575 = LINE('',#9576,#9577);
#9576 = CARTESIAN_POINT('',(0.7,0.));
#9577 = VECTOR('',#9578,1.);
#9578 = DIRECTION('',(0.,1.));
#9579 = ( GEOMETRIC_REPRESENTATION_CONTEXT(2) 
PARAMETRIC_REPRESENTATION_CONTEXT() REPRESENTATION_CONTEXT('2D SPACE',''
  ) );
#9580 = ORIENTED_EDGE('',*,*,#9069,.F.);
#9581 = ADVANCED_FACE('',(#9582),#6767,.F.);
#9582 = FACE_BOUND('',#9583,.T.);
#9583 = EDGE_LOOP('',(#9584,#9585,#9586,#9587));
#9584 = ORIENTED_EDGE('',*,*,#8765,.F.);
#9585 = ORIENTED_EDGE('',*,*,#6750,.T.);
#9586 = ORIENTED_EDGE('',*,*,#8790,.T.);
#9587 = ORIENTED_EDGE('',*,*,#8565,.F.);
#9588 = ADVANCED_FACE('',(#9589),#6871,.T.);
#9589 = FACE_BOUND('',#9590,.T.);
#9590 = EDGE_LOOP('',(#9591,#9622,#9693,#9719));
#9591 = ORIENTED_EDGE('',*,*,#9592,.T.);
#9592 = EDGE_CURVE('',#6780,#9593,#9595,.T.);
#9593 = VERTEX_POINT('',#9594);
#9594 = CARTESIAN_POINT('',(-8.706331881348,-5.897737208615,
    7.209956930741));
#9595 = SURFACE_CURVE('',#9596,(#9601,#9615),.PCURVE_S1.);
#9596 = CIRCLE('',#9597,0.2);
#9597 = AXIS2_PLACEMENT_3D('',#9598,#9599,#9600);
#9598 = CARTESIAN_POINT('',(-8.820433270759,-5.940250451005,
    7.051295350149));
#9599 = DIRECTION('',(0.821292775665,-0.147658063262,-0.551067394239));
#9600 = DIRECTION('',(-0.570506947057,-0.212566211947,-0.79330790296));
#9601 = PCURVE('',#6871,#9602);
#9602 = DEFINITIONAL_REPRESENTATION('',(#9603),#9614);
#9603 = B_SPLINE_CURVE_WITH_KNOTS('',9,(#9604,#9605,#9606,#9607,#9608,
    #9609,#9610,#9611,#9612,#9613),.UNSPECIFIED.,.F.,.F.,(10,10),(
    1.570796326795,3.14159265359),.PIECEWISE_BEZIER_KNOTS.);
#9604 = CARTESIAN_POINT('',(-1.110223024625E-16,6.640143029928));
#9605 = CARTESIAN_POINT('',(0.182078597423,6.640143029928));
#9606 = CARTESIAN_POINT('',(0.349348768434,6.640143029928));
#9607 = CARTESIAN_POINT('',(0.507885224138,6.640143029928));
#9608 = CARTESIAN_POINT('',(0.661581833818,6.640143029928));
#9609 = CARTESIAN_POINT('',(0.813773154926,6.640143029928));
#9610 = CARTESIAN_POINT('',(0.967469764606,6.640143029928));
#9611 = CARTESIAN_POINT('',(1.12600622031,6.640143029928));
#9612 = CARTESIAN_POINT('',(1.293276391321,6.640143029928));
#9613 = CARTESIAN_POINT('',(1.475354988744,6.640143029928));
#9614 = ( GEOMETRIC_REPRESENTATION_CONTEXT(2) 
PARAMETRIC_REPRESENTATION_CONTEXT() REPRESENTATION_CONTEXT('2D SPACE',''
  ) );
#9615 = PCURVE('',#8747,#9616);
#9616 = DEFINITIONAL_REPRESENTATION('',(#9617),#9621);
#9617 = LINE('',#9618,#9619);
#9618 = CARTESIAN_POINT('',(-1.173112859075,0.));
#9619 = VECTOR('',#9620,1.);
#9620 = DIRECTION('',(-0.,1.));
#9621 = ( GEOMETRIC_REPRESENTATION_CONTEXT(2) 
PARAMETRIC_REPRESENTATION_CONTEXT() REPRESENTATION_CONTEXT('2D SPACE',''
  ) );
#9622 = ORIENTED_EDGE('',*,*,#9623,.T.);
#9623 = EDGE_CURVE('',#9593,#9624,#9626,.T.);
#9624 = VERTEX_POINT('',#9625);
#9625 = CARTESIAN_POINT('',(-7.32,-5.984024441714,6.783499986898));
#9626 = SURFACE_CURVE('',#9627,(#9640,#9647),.PCURVE_S1.);
#9627 = ( BOUNDED_CURVE() B_SPLINE_CURVE(6,(#9628,#9629,#9630,#9631,
    #9632,#9633,#9634,#9635,#9636,#9637,#9638,#9639),.UNSPECIFIED.,.F.,
.F.) B_SPLINE_CURVE_WITH_KNOTS((7,5,7),(6.640143029928,6.951266632298,
8.115498018672),.UNSPECIFIED.) CURVE() GEOMETRIC_REPRESENTATION_ITEM() 
RATIONAL_B_SPLINE_CURVE((1.,1.,1.,1.,1.,1.,1.,1.,1.,1.,1.,1.)) 
REPRESENTATION_ITEM('') );
#9628 = CARTESIAN_POINT('',(-8.706331881348,-5.897737208615,
    7.209956930741));
#9629 = CARTESIAN_POINT('',(-8.662678121226,-5.905585603079,
    7.180666323844));
#9630 = CARTESIAN_POINT('',(-8.61827654778,-5.912822113825,
    7.152420495842));
#9631 = CARTESIAN_POINT('',(-8.572959794768,-5.919510686903,
    7.125166403762));
#9632 = CARTESIAN_POINT('',(-8.527049056808,-5.925652557574,
    7.099068072185));
#9633 = CARTESIAN_POINT('',(-8.480673687133,-5.931272804693,
    7.07419548146));
#9634 = CARTESIAN_POINT('',(-8.255034564137,-5.956093024353,
    6.960472187116));
#9635 = CARTESIAN_POINT('',(-8.07099116343,-5.968785212777,
    6.888817537375));
#9636 = CARTESIAN_POINT('',(-7.885424237123,-5.976684957339,
    6.836310405263));
#9637 = CARTESIAN_POINT('',(-7.697367462065,-5.981605015283,
    6.801012835176));
#9638 = CARTESIAN_POINT('',(-7.508733047865,-5.984024441714,
    6.783499986898));
#9639 = CARTESIAN_POINT('',(-7.32,-5.984024441714,6.783499986898));
#9640 = PCURVE('',#6871,#9641);
#9641 = DEFINITIONAL_REPRESENTATION('',(#9642),#9646);
#9642 = LINE('',#9643,#9644);
#9643 = CARTESIAN_POINT('',(1.475354988744,0.));
#9644 = VECTOR('',#9645,1.);
#9645 = DIRECTION('',(0.,1.));
#9646 = ( GEOMETRIC_REPRESENTATION_CONTEXT(2) 
PARAMETRIC_REPRESENTATION_CONTEXT() REPRESENTATION_CONTEXT('2D SPACE',''
  ) );
#9647 = PCURVE('',#9648,#9653);
#9648 = CYLINDRICAL_SURFACE('',#9649,2.43);
#9649 = AXIS2_PLACEMENT_3D('',#9650,#9651,#9652);
#9650 = CARTESIAN_POINT('',(-7.32,-2.869794165232,8.464765617667));
#9651 = DIRECTION('',(0.,0.965925826289,-0.258819045103));
#9652 = DIRECTION('',(-0.978147600734,5.38115052831E-02,0.200827271748)
  );
#9653 = DEFINITIONAL_REPRESENTATION('',(#9654),#9692);
#9654 = B_SPLINE_CURVE_WITH_KNOTS('',8,(#9655,#9656,#9657,#9658,#9659,
    #9660,#9661,#9662,#9663,#9664,#9665,#9666,#9667,#9668,#9669,#9670,
    #9671,#9672,#9673,#9674,#9675,#9676,#9677,#9678,#9679,#9680,#9681,
    #9682,#9683,#9684,#9685,#9686,#9687,#9688,#9689,#9690,#9691),
  .UNSPECIFIED.,.F.,.F.,(9,7,7,7,7,9),(6.640143029928,6.824562403521,
    6.916772090317,7.008981777114,7.3778205243,8.115498018672),
  .UNSPECIFIED.);
#9655 = CARTESIAN_POINT('',(-1.173112859075,-2.6));
#9656 = CARTESIAN_POINT('',(-1.182837022044,-2.6));
#9657 = CARTESIAN_POINT('',(-1.192559545368,-2.59993967366));
#9658 = CARTESIAN_POINT('',(-1.202282446948,-2.599822546195));
#9659 = CARTESIAN_POINT('',(-1.212006758039,-2.599652074782));
#9660 = CARTESIAN_POINT('',(-1.221732523247,-2.599431648564));
#9661 = CARTESIAN_POINT('',(-1.231458800537,-2.59916458865));
#9662 = CARTESIAN_POINT('',(-1.241183661222,-2.598854148111));
#9663 = CARTESIAN_POINT('',(-1.255764454349,-2.598328193919));
#9664 = CARTESIAN_POINT('',(-1.260624313549,-2.598142833837));
#9665 = CARTESIAN_POINT('',(-1.265483853928,-2.597947834537));
#9666 = CARTESIAN_POINT('',(-1.270343555462,-2.597743599089));
#9667 = CARTESIAN_POINT('',(-1.275204291752,-2.597530530839));
#9668 = CARTESIAN_POINT('',(-1.280067330019,-2.597309033398));
#9669 = CARTESIAN_POINT('',(-1.284934331109,-2.597079510655));
#9670 = CARTESIAN_POINT('',(-1.294680367872,-2.596605222877));
#9671 = CARTESIAN_POINT('',(-1.299563668419,-2.596360446007));
#9672 = CARTESIAN_POINT('',(-1.304422489564,-2.596108558189));
#9673 = CARTESIAN_POINT('',(-1.309401160204,-2.595849500972));
#9674 = CARTESIAN_POINT('',(-1.314223560792,-2.59558464894));
#9675 = CARTESIAN_POINT('',(-1.319137031752,-2.595313514527));
#9676 = CARTESIAN_POINT('',(-1.32401122083,-2.595036960717));
#9677 = CARTESIAN_POINT('',(-1.348383416884,-2.59362827767));
#9678 = CARTESIAN_POINT('',(-1.367796972102,-2.592418847563));
#9679 = CARTESIAN_POINT('',(-1.387123739178,-2.591151116943));
#9680 = CARTESIAN_POINT('',(-1.406363178736,-2.58984732655));
#9681 = CARTESIAN_POINT('',(-1.425516798547,-2.588527774718));
#9682 = CARTESIAN_POINT('',(-1.444588153521,-2.58721081736));
#9683 = CARTESIAN_POINT('',(-1.463582845714,-2.585912867985));
#9684 = CARTESIAN_POINT('',(-1.520359881543,-2.582119457084));
#9685 = CARTESIAN_POINT('',(-1.557928953078,-2.579725075402));
#9686 = CARTESIAN_POINT('',(-1.595273144979,-2.577582210917));
#9687 = CARTESIAN_POINT('',(-1.632441364487,-2.575781268681));
#9688 = CARTESIAN_POINT('',(-1.669477602751,-2.574387822442));
#9689 = CARTESIAN_POINT('',(-1.706424517531,-2.573444336564));
#9690 = CARTESIAN_POINT('',(-1.743327015916,-2.572971887946));
#9691 = CARTESIAN_POINT('',(-1.780235837034,-2.572971887946));
#9692 = ( GEOMETRIC_REPRESENTATION_CONTEXT(2) 
PARAMETRIC_REPRESENTATION_CONTEXT() REPRESENTATION_CONTEXT('2D SPACE',''
  ) );
#9693 = ORIENTED_EDGE('',*,*,#9694,.F.);
#9694 = EDGE_CURVE('',#6803,#9624,#9695,.T.);
#9695 = SURFACE_CURVE('',#9696,(#9700,#9707),.PCURVE_S1.);
#9696 = ( BOUNDED_CURVE() B_SPLINE_CURVE(2,(#9697,#9698,#9699),
.UNSPECIFIED.,.F.,.F.) B_SPLINE_CURVE_WITH_KNOTS((3,3),(0.,
1.475354988744),.PIECEWISE_BEZIER_KNOTS.) CURVE() 
GEOMETRIC_REPRESENTATION_ITEM() RATIONAL_B_SPLINE_CURVE((1.,
0.746536719238,1.)) REPRESENTATION_ITEM('') );
#9697 = CARTESIAN_POINT('',(-7.32,-5.837942705002,6.561037867669));
#9698 = CARTESIAN_POINT('',(-7.32,-5.811849879949,6.737365952116));
#9699 = CARTESIAN_POINT('',(-7.32,-5.984024441714,6.783499986898));
#9700 = PCURVE('',#6871,#9701);
#9701 = DEFINITIONAL_REPRESENTATION('',(#9702),#9706);
#9702 = LINE('',#9703,#9704);
#9703 = CARTESIAN_POINT('',(0.,8.115498018672));
#9704 = VECTOR('',#9705,1.);
#9705 = DIRECTION('',(1.,0.));
#9706 = ( GEOMETRIC_REPRESENTATION_CONTEXT(2) 
PARAMETRIC_REPRESENTATION_CONTEXT() REPRESENTATION_CONTEXT('2D SPACE',''
  ) );
#9707 = PCURVE('',#6931,#9708);
#9708 = DEFINITIONAL_REPRESENTATION('',(#9709),#9718);
#9709 = B_SPLINE_CURVE_WITH_KNOTS('',7,(#9710,#9711,#9712,#9713,#9714,
    #9715,#9716,#9717),.UNSPECIFIED.,.F.,.F.,(8,8),(0.,1.475354988744),
  .PIECEWISE_BEZIER_KNOTS.);
#9710 = CARTESIAN_POINT('',(0.,0.));
#9711 = CARTESIAN_POINT('',(0.190098347657,0.));
#9712 = CARTESIAN_POINT('',(0.396266714593,0.));
#9713 = CARTESIAN_POINT('',(0.615253018373,0.));
#9714 = CARTESIAN_POINT('',(0.840656598082,0.));
#9715 = CARTESIAN_POINT('',(1.059642901789,0.));
#9716 = CARTESIAN_POINT('',(1.265811268756,0.));
#9717 = CARTESIAN_POINT('',(1.455909616413,0.));
#9718 = ( GEOMETRIC_REPRESENTATION_CONTEXT(2) 
PARAMETRIC_REPRESENTATION_CONTEXT() REPRESENTATION_CONTEXT('2D SPACE',''
  ) );
#9719 = ORIENTED_EDGE('',*,*,#6802,.F.);
#9720 = ADVANCED_FACE('',(#9721),#7012,.T.);
#9721 = FACE_BOUND('',#9722,.T.);
#9722 = EDGE_LOOP('',(#9723,#9754,#9825,#9853));
#9723 = ORIENTED_EDGE('',*,*,#9724,.T.);
#9724 = EDGE_CURVE('',#6916,#9725,#9727,.T.);
#9725 = VERTEX_POINT('',#9726);
#9726 = CARTESIAN_POINT('',(7.32,-5.984024441714,6.783499986898));
#9727 = SURFACE_CURVE('',#9728,(#9733,#9747),.PCURVE_S1.);
#9728 = CIRCLE('',#9729,0.2);
#9729 = AXIS2_PLACEMENT_3D('',#9730,#9731,#9732);
#9730 = CARTESIAN_POINT('',(7.32,-6.035788250734,6.59031482164));
#9731 = DIRECTION('',(1.,-0.,0.));
#9732 = DIRECTION('',(0.,0.989227728662,-0.146384769857));
#9733 = PCURVE('',#7012,#9734);
#9734 = DEFINITIONAL_REPRESENTATION('',(#9735),#9746);
#9735 = B_SPLINE_CURVE_WITH_KNOTS('',9,(#9736,#9737,#9738,#9739,#9740,
    #9741,#9742,#9743,#9744,#9745),.UNSPECIFIED.,.F.,.F.,(10,10),(0.,
    1.455909616413),.PIECEWISE_BEZIER_KNOTS.);
#9736 = CARTESIAN_POINT('',(1.110223024625E-16,22.755498018669));
#9737 = CARTESIAN_POINT('',(0.179354407129,22.755498018669));
#9738 = CARTESIAN_POINT('',(0.346274481605,22.755498018669));
#9739 = CARTESIAN_POINT('',(0.505631820274,22.755498018667));
#9740 = CARTESIAN_POINT('',(0.660773099999,22.755498018671));
#9741 = CARTESIAN_POINT('',(0.814581888743,22.755498018667));
#9742 = CARTESIAN_POINT('',(0.969723168467,22.75549801867));
#9743 = CARTESIAN_POINT('',(1.129080507136,22.755498018668));
#9744 = CARTESIAN_POINT('',(1.296000581613,22.755498018669));
#9745 = CARTESIAN_POINT('',(1.475354988742,22.755498018669));
#9746 = ( GEOMETRIC_REPRESENTATION_CONTEXT(2) 
PARAMETRIC_REPRESENTATION_CONTEXT() REPRESENTATION_CONTEXT('2D SPACE',''
  ) );
#9747 = PCURVE('',#6931,#9748);
#9748 = DEFINITIONAL_REPRESENTATION('',(#9749),#9753);
#9749 = LINE('',#9750,#9751);
#9750 = CARTESIAN_POINT('',(0.,14.64));
#9751 = VECTOR('',#9752,1.);
#9752 = DIRECTION('',(1.,0.));
#9753 = ( GEOMETRIC_REPRESENTATION_CONTEXT(2) 
PARAMETRIC_REPRESENTATION_CONTEXT() REPRESENTATION_CONTEXT('2D SPACE',''
  ) );
#9754 = ORIENTED_EDGE('',*,*,#9755,.T.);
#9755 = EDGE_CURVE('',#9725,#9756,#9758,.T.);
#9756 = VERTEX_POINT('',#9757);
#9757 = CARTESIAN_POINT('',(8.706331881347,-5.897737208615,
    7.209956930741));
#9758 = SURFACE_CURVE('',#9759,(#9772,#9779),.PCURVE_S1.);
#9759 = ( BOUNDED_CURVE() B_SPLINE_CURVE(6,(#9760,#9761,#9762,#9763,
    #9764,#9765,#9766,#9767,#9768,#9769,#9770,#9771),.UNSPECIFIED.,.F.,
.F.) B_SPLINE_CURVE_WITH_KNOTS((7,5,7),(22.755498018669,23.919729405352,
24.23085300741),.UNSPECIFIED.) CURVE() GEOMETRIC_REPRESENTATION_ITEM() 
RATIONAL_B_SPLINE_CURVE((1.,1.,1.,1.,1.,1.,1.,1.,1.,1.,1.,1.)) 
REPRESENTATION_ITEM('') );
#9760 = CARTESIAN_POINT('',(7.32,-5.984024441714,6.783499986898));
#9761 = CARTESIAN_POINT('',(7.508733047732,-5.984024441714,
    6.783499986898));
#9762 = CARTESIAN_POINT('',(7.697367462404,-5.981605015285,
    6.801012835147));
#9763 = CARTESIAN_POINT('',(7.885424237719,-5.976684957325,
    6.836310405414));
#9764 = CARTESIAN_POINT('',(8.070991163639,-5.96878521274,6.888817537527
    ));
#9765 = CARTESIAN_POINT('',(8.255034563958,-5.956093024373,
    6.960472187025));
#9766 = CARTESIAN_POINT('',(8.480673687121,-5.931272804694,
    7.074195481454));
#9767 = CARTESIAN_POINT('',(8.527049056814,-5.925652557573,
    7.099068072188));
#9768 = CARTESIAN_POINT('',(8.572959794771,-5.919510686903,
    7.125166403764));
#9769 = CARTESIAN_POINT('',(8.618276547775,-5.912822113825,
    7.152420495839));
#9770 = CARTESIAN_POINT('',(8.662678121229,-5.905585603079,
    7.180666323846));
#9771 = CARTESIAN_POINT('',(8.706331881347,-5.897737208615,
    7.209956930741));
#9772 = PCURVE('',#7012,#9773);
#9773 = DEFINITIONAL_REPRESENTATION('',(#9774),#9778);
#9774 = LINE('',#9775,#9776);
#9775 = CARTESIAN_POINT('',(1.475354988742,0.));
#9776 = VECTOR('',#9777,1.);
#9777 = DIRECTION('',(0.,1.));
#9778 = ( GEOMETRIC_REPRESENTATION_CONTEXT(2) 
PARAMETRIC_REPRESENTATION_CONTEXT() REPRESENTATION_CONTEXT('2D SPACE',''
  ) );
#9779 = PCURVE('',#9780,#9785);
#9780 = CYLINDRICAL_SURFACE('',#9781,2.43);
#9781 = AXIS2_PLACEMENT_3D('',#9782,#9783,#9784);
#9782 = CARTESIAN_POINT('',(7.32,-2.869794165232,8.464765617667));
#9783 = DIRECTION('',(0.,0.965925826289,-0.258819045103));
#9784 = DIRECTION('',(2.924044180083E-15,-0.258819045103,-0.965925826289
    ));
#9785 = DEFINITIONAL_REPRESENTATION('',(#9786),#9824);
#9786 = B_SPLINE_CURVE_WITH_KNOTS('',8,(#9787,#9788,#9789,#9790,#9791,
    #9792,#9793,#9794,#9795,#9796,#9797,#9798,#9799,#9800,#9801,#9802,
    #9803,#9804,#9805,#9806,#9807,#9808,#9809,#9810,#9811,#9812,#9813,
    #9814,#9815,#9816,#9817,#9818,#9819,#9820,#9821,#9822,#9823),
  .UNSPECIFIED.,.F.,.F.,(9,7,7,7,7,9),(22.755498018669,23.49317551304,
    23.862014260225,23.954223947021,24.046433633818,24.23085300741),
  .UNSPECIFIED.);
#9787 = CARTESIAN_POINT('',(-6.938893903907E-16,-2.572971887946));
#9788 = CARTESIAN_POINT('',(-3.690882108223E-02,-2.572971887946));
#9789 = CARTESIAN_POINT('',(-7.381131948559E-02,-2.573444336563));
#9790 = CARTESIAN_POINT('',(-0.110758234306,-2.574387822442));
#9791 = CARTESIAN_POINT('',(-0.147794472608,-2.575781268683));
#9792 = CARTESIAN_POINT('',(-0.184962692137,-2.577582210921));
#9793 = CARTESIAN_POINT('',(-0.222306884034,-2.579725075407));
#9794 = CARTESIAN_POINT('',(-0.259875955542,-2.582119457087));
#9795 = CARTESIAN_POINT('',(-0.31665299131,-2.585912867985));
#9796 = CARTESIAN_POINT('',(-0.335647683479,-2.587210817358));
#9797 = CARTESIAN_POINT('',(-0.354719038428,-2.588527774713));
#9798 = CARTESIAN_POINT('',(-0.373872658212,-2.589847326545));
#9799 = CARTESIAN_POINT('',(-0.393112097747,-2.591151116935));
#9800 = CARTESIAN_POINT('',(-0.412438864804,-2.592418847555));
#9801 = CARTESIAN_POINT('',(-0.43185242001,-2.593628277661));
#9802 = CARTESIAN_POINT('',(-0.456224616064,-2.595036960709));
#9803 = CARTESIAN_POINT('',(-0.461098805142,-2.595313514519));
#9804 = CARTESIAN_POINT('',(-0.466012276105,-2.595584648933));
#9805 = CARTESIAN_POINT('',(-0.470834676694,-2.595849500965));
#9806 = CARTESIAN_POINT('',(-0.475813347337,-2.596108558182));
#9807 = CARTESIAN_POINT('',(-0.480672168487,-2.596360446001));
#9808 = CARTESIAN_POINT('',(-0.485555469039,-2.596605222871));
#9809 = CARTESIAN_POINT('',(-0.495301505812,-2.59707951065));
#9810 = CARTESIAN_POINT('',(-0.500168506907,-2.597309033393));
#9811 = CARTESIAN_POINT('',(-0.505031545179,-2.597530530834));
#9812 = CARTESIAN_POINT('',(-0.509892281474,-2.597743599085));
#9813 = CARTESIAN_POINT('',(-0.514751983014,-2.597947834533));
#9814 = CARTESIAN_POINT('',(-0.519611523397,-2.598142833834));
#9815 = CARTESIAN_POINT('',(-0.524471382603,-2.598328193916));
#9816 = CARTESIAN_POINT('',(-0.539052175744,-2.598854148109));
#9817 = CARTESIAN_POINT('',(-0.548777036439,-2.599164588649));
#9818 = CARTESIAN_POINT('',(-0.558503313738,-2.599431648563));
#9819 = CARTESIAN_POINT('',(-0.568229078956,-2.599652074781));
#9820 = CARTESIAN_POINT('',(-0.577953390057,-2.599822546194));
#9821 = CARTESIAN_POINT('',(-0.587676291647,-2.59993967366));
#9822 = CARTESIAN_POINT('',(-0.597398814981,-2.6));
#9823 = CARTESIAN_POINT('',(-0.607122977959,-2.6));
#9824 = ( GEOMETRIC_REPRESENTATION_CONTEXT(2) 
PARAMETRIC_REPRESENTATION_CONTEXT() REPRESENTATION_CONTEXT('2D SPACE',''
  ) );
#9825 = ORIENTED_EDGE('',*,*,#9826,.F.);
#9826 = EDGE_CURVE('',#6944,#9756,#9827,.T.);
#9827 = SURFACE_CURVE('',#9828,(#9832,#9839),.PCURVE_S1.);
#9828 = ( BOUNDED_CURVE() B_SPLINE_CURVE(2,(#9829,#9830,#9831),
.UNSPECIFIED.,.F.,.F.) B_SPLINE_CURVE_WITH_KNOTS((3,3),(0.,
1.475354988742),.PIECEWISE_BEZIER_KNOTS.) CURVE() 
GEOMETRIC_REPRESENTATION_ITEM() RATIONAL_B_SPLINE_CURVE((1.,
0.707106781187,1.)) REPRESENTATION_ITEM('') );
#9829 = CARTESIAN_POINT('',(8.820433270759,-5.747065285747,
    6.999531541128));
#9830 = CARTESIAN_POINT('',(8.706331881347,-5.704552043358,7.15819312172
    ));
#9831 = CARTESIAN_POINT('',(8.706331881347,-5.897737208615,
    7.209956930741));
#9832 = PCURVE('',#7012,#9833);
#9833 = DEFINITIONAL_REPRESENTATION('',(#9834),#9838);
#9834 = LINE('',#9835,#9836);
#9835 = CARTESIAN_POINT('',(0.,24.23085300741));
#9836 = VECTOR('',#9837,1.);
#9837 = DIRECTION('',(1.,0.));
#9838 = ( GEOMETRIC_REPRESENTATION_CONTEXT(2) 
PARAMETRIC_REPRESENTATION_CONTEXT() REPRESENTATION_CONTEXT('2D SPACE',''
  ) );
#9839 = PCURVE('',#7155,#9840);
#9840 = DEFINITIONAL_REPRESENTATION('',(#9841),#9852);
#9841 = B_SPLINE_CURVE_WITH_KNOTS('',9,(#9842,#9843,#9844,#9845,#9846,
    #9847,#9848,#9849,#9850,#9851),.UNSPECIFIED.,.F.,.F.,(10,10),(0.,
    1.475354988742),.PIECEWISE_BEZIER_KNOTS.);
#9842 = CARTESIAN_POINT('',(-0.131240728298,1.570796326795));
#9843 = CARTESIAN_POINT('',(-0.131240728298,1.727931167059));
#9844 = CARTESIAN_POINT('',(-0.131240728298,1.896571043666));
#9845 = CARTESIAN_POINT('',(-0.131240728298,2.075362713514));
#9846 = CARTESIAN_POINT('',(-0.131240728298,2.261541178522));
#9847 = CARTESIAN_POINT('',(-0.131240728298,2.450847802094));
#9848 = CARTESIAN_POINT('',(-0.131240728298,2.637026266568));
#9849 = CARTESIAN_POINT('',(-0.131240728298,2.81581793682));
#9850 = CARTESIAN_POINT('',(-0.131240728298,2.984457813326));
#9851 = CARTESIAN_POINT('',(-0.131240728298,3.14159265359));
#9852 = ( GEOMETRIC_REPRESENTATION_CONTEXT(2) 
PARAMETRIC_REPRESENTATION_CONTEXT() REPRESENTATION_CONTEXT('2D SPACE',''
  ) );
#9853 = ORIENTED_EDGE('',*,*,#6943,.F.);
#9854 = ADVANCED_FACE('',(#9855),#6931,.T.);
#9855 = FACE_BOUND('',#9856,.T.);
#9856 = EDGE_LOOP('',(#9857,#9858,#9884,#9885));
#9857 = ORIENTED_EDGE('',*,*,#9694,.T.);
#9858 = ORIENTED_EDGE('',*,*,#9859,.T.);
#9859 = EDGE_CURVE('',#9624,#9725,#9860,.T.);
#9860 = SURFACE_CURVE('',#9861,(#9865,#9872),.PCURVE_S1.);
#9861 = LINE('',#9862,#9863);
#9862 = CARTESIAN_POINT('',(-7.32,-5.984024441714,6.783499986898));
#9863 = VECTOR('',#9864,1.);
#9864 = DIRECTION('',(1.,0.,0.));
#9865 = PCURVE('',#6931,#9866);
#9866 = DEFINITIONAL_REPRESENTATION('',(#9867),#9871);
#9867 = LINE('',#9868,#9869);
#9868 = CARTESIAN_POINT('',(1.455909616413,0.));
#9869 = VECTOR('',#9870,1.);
#9870 = DIRECTION('',(0.,1.));
#9871 = ( GEOMETRIC_REPRESENTATION_CONTEXT(2) 
PARAMETRIC_REPRESENTATION_CONTEXT() REPRESENTATION_CONTEXT('2D SPACE',''
  ) );
#9872 = PCURVE('',#9873,#9878);
#9873 = PLANE('',#9874);
#9874 = AXIS2_PLACEMENT_3D('',#9875,#9876,#9877);
#9875 = CARTESIAN_POINT('',(-7.32,-3.498724444831,6.117565859784));
#9876 = DIRECTION('',(0.,0.258819045103,0.965925826289));
#9877 = DIRECTION('',(1.,0.,0.));
#9878 = DEFINITIONAL_REPRESENTATION('',(#9879),#9883);
#9879 = LINE('',#9880,#9881);
#9880 = CARTESIAN_POINT('',(0.,-2.572971887946));
#9881 = VECTOR('',#9882,1.);
#9882 = DIRECTION('',(1.,0.));
#9883 = ( GEOMETRIC_REPRESENTATION_CONTEXT(2) 
PARAMETRIC_REPRESENTATION_CONTEXT() REPRESENTATION_CONTEXT('2D SPACE',''
  ) );
#9884 = ORIENTED_EDGE('',*,*,#9724,.F.);
#9885 = ORIENTED_EDGE('',*,*,#6915,.F.);
#9886 = ADVANCED_FACE('',(#9887),#7102,.F.);
#9887 = FACE_BOUND('',#9888,.F.);
#9888 = EDGE_LOOP('',(#9889,#9890,#9891,#9892));
#9889 = ORIENTED_EDGE('',*,*,#7263,.F.);
#9890 = ORIENTED_EDGE('',*,*,#7083,.T.);
#9891 = ORIENTED_EDGE('',*,*,#7846,.T.);
#9892 = ORIENTED_EDGE('',*,*,#9893,.T.);
#9893 = EDGE_CURVE('',#7765,#7236,#9894,.T.);
#9894 = SURFACE_CURVE('',#9895,(#9900,#9910),.PCURVE_S1.);
#9895 = CIRCLE('',#9896,0.8);
#9896 = AXIS2_PLACEMENT_3D('',#9897,#9898,#9899);
#9897 = CARTESIAN_POINT('',(9.7,-5.078910081096,12.588477348026));
#9898 = DIRECTION('',(-1.,0.,0.));
#9899 = DIRECTION('',(0.,0.210277076447,0.977641831716));
#9900 = PCURVE('',#7102,#9901);
#9901 = DEFINITIONAL_REPRESENTATION('',(#9902),#9909);
#9902 = B_SPLINE_CURVE_WITH_KNOTS('',5,(#9903,#9904,#9905,#9906,#9907,
    #9908),.UNSPECIFIED.,.F.,.F.,(6,6),(0.,1.620665385162),
  .PIECEWISE_BEZIER_KNOTS.);
#9903 = CARTESIAN_POINT('',(24.649999999991,24.450000600014));
#9904 = CARTESIAN_POINT('',(19.139978337333,24.450000600014));
#9905 = CARTESIAN_POINT('',(14.575188592959,24.450000600015));
#9906 = CARTESIAN_POINT('',(10.090746340585,24.450000600014));
#9907 = CARTESIAN_POINT('',(5.510021662659,24.450000600015));
#9908 = CARTESIAN_POINT('',(0.,24.450000600015));
#9909 = ( GEOMETRIC_REPRESENTATION_CONTEXT(2) 
PARAMETRIC_REPRESENTATION_CONTEXT() REPRESENTATION_CONTEXT('2D SPACE',''
  ) );
#9910 = PCURVE('',#9911,#9916);
#9911 = TOROIDAL_SURFACE('',#9912,0.6,0.2);
#9912 = AXIS2_PLACEMENT_3D('',#9913,#9914,#9915);
#9913 = CARTESIAN_POINT('',(9.7,-5.078910081096,12.588477348026));
#9914 = DIRECTION('',(1.,0.,0.));
#9915 = DIRECTION('',(0.,0.210277076447,0.977641831716));
#9916 = DEFINITIONAL_REPRESENTATION('',(#9917),#9921);
#9917 = LINE('',#9918,#9919);
#9918 = CARTESIAN_POINT('',(-0.,6.28318530718));
#9919 = VECTOR('',#9920,1.);
#9920 = DIRECTION('',(-1.,0.));
#9921 = ( GEOMETRIC_REPRESENTATION_CONTEXT(2) 
PARAMETRIC_REPRESENTATION_CONTEXT() REPRESENTATION_CONTEXT('2D SPACE',''
  ) );
#9922 = ADVANCED_FACE('',(#9923),#7155,.T.);
#9923 = FACE_BOUND('',#9924,.F.);
#9924 = EDGE_LOOP('',(#9925,#9926,#9927,#9958));
#9925 = ORIENTED_EDGE('',*,*,#9826,.F.);
#9926 = ORIENTED_EDGE('',*,*,#7134,.T.);
#9927 = ORIENTED_EDGE('',*,*,#9928,.T.);
#9928 = EDGE_CURVE('',#7135,#9929,#9931,.T.);
#9929 = VERTEX_POINT('',#9930);
#9930 = CARTESIAN_POINT('',(9.696898669783,-5.250439355745,
    9.625705405282));
#9931 = SURFACE_CURVE('',#9932,(#9937,#9944),.PCURVE_S1.);
#9932 = CIRCLE('',#9933,0.2);
#9933 = AXIS2_PLACEMENT_3D('',#9934,#9935,#9936);
#9934 = CARTESIAN_POINT('',(9.89252818993,-5.239677054689,9.665870859631
    ));
#9935 = DIRECTION('',(-0.207911690818,0.253163227991,0.944818029471));
#9936 = DIRECTION('',(0.978147600734,5.38115052831E-02,0.200827271748));
#9937 = PCURVE('',#7155,#9938);
#9938 = DEFINITIONAL_REPRESENTATION('',(#9939),#9943);
#9939 = LINE('',#9940,#9941);
#9940 = CARTESIAN_POINT('',(-1.304353587374,0.));
#9941 = VECTOR('',#9942,1.);
#9942 = DIRECTION('',(-0.,1.));
#9943 = ( GEOMETRIC_REPRESENTATION_CONTEXT(2) 
PARAMETRIC_REPRESENTATION_CONTEXT() REPRESENTATION_CONTEXT('2D SPACE',''
  ) );
#9944 = PCURVE('',#7197,#9945);
#9945 = DEFINITIONAL_REPRESENTATION('',(#9946),#9957);
#9946 = B_SPLINE_CURVE_WITH_KNOTS('',9,(#9947,#9948,#9949,#9950,#9951,
    #9952,#9953,#9954,#9955,#9956),.UNSPECIFIED.,.F.,.F.,(10,10),(
    1.570796326795,3.14159265359),.PIECEWISE_BEZIER_KNOTS.);
#9947 = CARTESIAN_POINT('',(-3.330669073875E-16,27.081517254963));
#9948 = CARTESIAN_POINT('',(0.135463460377,27.081517254963));
#9949 = CARTESIAN_POINT('',(0.259909696804,27.081517254964));
#9950 = CARTESIAN_POINT('',(0.377858193714,27.081517254963));
#9951 = CARTESIAN_POINT('',(0.492205925355,27.081517254963));
#9952 = CARTESIAN_POINT('',(0.605433747231,27.081517254964));
#9953 = CARTESIAN_POINT('',(0.719781478872,27.081517254963));
#9954 = CARTESIAN_POINT('',(0.837729975782,27.081517254964));
#9955 = CARTESIAN_POINT('',(0.962176212209,27.081517254963));
#9956 = CARTESIAN_POINT('',(1.097639672586,27.081517254963));
#9957 = ( GEOMETRIC_REPRESENTATION_CONTEXT(2) 
PARAMETRIC_REPRESENTATION_CONTEXT() REPRESENTATION_CONTEXT('2D SPACE',''
  ) );
#9958 = ORIENTED_EDGE('',*,*,#9959,.F.);
#9959 = EDGE_CURVE('',#9756,#9929,#9960,.T.);
#9960 = SURFACE_CURVE('',#9961,(#9966,#9973),.PCURVE_S1.);
#9961 = CIRCLE('',#9962,2.43);
#9962 = AXIS2_PLACEMENT_3D('',#9963,#9964,#9965);
#9963 = CARTESIAN_POINT('',(7.32,-5.381201313583,9.137695134933));
#9964 = DIRECTION('',(-1.675103632722E-18,-0.965925826289,0.258819045103
    ));
#9965 = DIRECTION('',(0.458122847291,-0.230061373424,-0.858600734479));
#9966 = PCURVE('',#7155,#9967);
#9967 = DEFINITIONAL_REPRESENTATION('',(#9968),#9972);
#9968 = LINE('',#9969,#9970);
#9969 = CARTESIAN_POINT('',(-0.,3.14159265359));
#9970 = VECTOR('',#9971,1.);
#9971 = DIRECTION('',(-1.,0.));
#9972 = ( GEOMETRIC_REPRESENTATION_CONTEXT(2) 
PARAMETRIC_REPRESENTATION_CONTEXT() REPRESENTATION_CONTEXT('2D SPACE',''
  ) );
#9973 = PCURVE('',#9780,#9974);
#9974 = DEFINITIONAL_REPRESENTATION('',(#9975),#9979);
#9975 = LINE('',#9976,#9977);
#9976 = CARTESIAN_POINT('',(-0.47588224966,-2.6));
#9977 = VECTOR('',#9978,1.);
#9978 = DIRECTION('',(-1.,0.));
#9979 = ( GEOMETRIC_REPRESENTATION_CONTEXT(2) 
PARAMETRIC_REPRESENTATION_CONTEXT() REPRESENTATION_CONTEXT('2D SPACE',''
  ) );
#9980 = ADVANCED_FACE('',(#9981),#7197,.T.);
#9981 = FACE_BOUND('',#9982,.T.);
#9982 = EDGE_LOOP('',(#9983,#9984,#10031,#10059));
#9983 = ORIENTED_EDGE('',*,*,#9928,.T.);
#9984 = ORIENTED_EDGE('',*,*,#9985,.T.);
#9985 = EDGE_CURVE('',#9929,#9986,#9988,.T.);
#9986 = VERTEX_POINT('',#9987);
#9987 = CARTESIAN_POINT('',(9.5,-4.972267222321,10.66385794047));
#9988 = SURFACE_CURVE('',#9989,(#10000,#10007),.PCURVE_S1.);
#9989 = ( BOUNDED_CURVE() B_SPLINE_CURVE(9,(#9990,#9991,#9992,#9993,
    #9994,#9995,#9996,#9997,#9998,#9999),.UNSPECIFIED.,.F.,.F.) 
B_SPLINE_CURVE_WITH_KNOTS((10,10),(27.081517254963,28.179156927549),
.PIECEWISE_BEZIER_KNOTS.) CURVE() GEOMETRIC_REPRESENTATION_ITEM() 
RATIONAL_B_SPLINE_CURVE((1.,1.,1.,1.,1.,1.,1.,1.,1.,1.)) 
REPRESENTATION_ITEM('') );
#9990 = CARTESIAN_POINT('',(9.696898669783,-5.250439355745,
    9.625705405282));
#9991 = CARTESIAN_POINT('',(9.66626885231,-5.213143023664,9.764897211545
    ));
#9992 = CARTESIAN_POINT('',(9.630126795158,-5.1816596616,9.882394718361)
  );
#9993 = CARTESIAN_POINT('',(9.595989260133,-5.154107387125,
    9.985221206566));
#9994 = CARTESIAN_POINT('',(9.56814648403,-5.128391828167,
    10.081192979143));
#9995 = CARTESIAN_POINT('',(9.540423184521,-5.102802325624,
    10.176694302772));
#9996 = CARTESIAN_POINT('',(9.521026351696,-5.076607504091,
    10.27445470763));
#9997 = CARTESIAN_POINT('',(9.500034774606,-5.046741395749,
    10.385916541387));
#9998 = CARTESIAN_POINT('',(9.5,-5.012680340882,10.513034128708));
#9999 = CARTESIAN_POINT('',(9.5,-4.972267222321,10.66385794047));
#10000 = PCURVE('',#7197,#10001);
#10001 = DEFINITIONAL_REPRESENTATION('',(#10002),#10006);
#10002 = LINE('',#10003,#10004);
#10003 = CARTESIAN_POINT('',(1.097639672586,0.));
#10004 = VECTOR('',#10005,1.);
#10005 = DIRECTION('',(0.,1.));
#10006 = ( GEOMETRIC_REPRESENTATION_CONTEXT(2) 
PARAMETRIC_REPRESENTATION_CONTEXT() REPRESENTATION_CONTEXT('2D SPACE',''
  ) );
#10007 = PCURVE('',#10008,#10018);
#10008 = SURFACE_OF_LINEAR_EXTRUSION('',#10009,#10016);
#10009 = B_SPLINE_CURVE_WITH_KNOTS('',5,(#10010,#10011,#10012,#10013,
    #10014,#10015),.UNSPECIFIED.,.F.,.F.,(6,6),(0.,1.),
  .PIECEWISE_BEZIER_KNOTS.);
#10010 = CARTESIAN_POINT('',(9.696898669783,-2.739032207394,
    8.952775888015));
#10011 = CARTESIAN_POINT('',(9.651208591443,-2.683397780709,
    9.160406395053));
#10012 = CARTESIAN_POINT('',(9.580121342855,-2.627763354024,
    9.36803690209));
#10013 = CARTESIAN_POINT('',(9.5,-2.572128927339,9.575667409128));
#10014 = CARTESIAN_POINT('',(9.5,-2.516494500655,9.783297916166));
#10015 = CARTESIAN_POINT('',(9.5,-2.46086007397,9.990928423203));
#10016 = VECTOR('',#10017,1.);
#10017 = DIRECTION('',(0.,0.965925826289,-0.258819045103));
#10018 = DEFINITIONAL_REPRESENTATION('',(#10019),#10030);
#10019 = B_SPLINE_CURVE_WITH_KNOTS('',9,(#10020,#10021,#10022,#10023,
    #10024,#10025,#10026,#10027,#10028,#10029),.UNSPECIFIED.,.F.,.F.,(10
    ,10),(27.081517254963,28.179156927549),.PIECEWISE_BEZIER_KNOTS.);
#10020 = CARTESIAN_POINT('',(-5.551115123126E-17,-2.6));
#10021 = CARTESIAN_POINT('',(0.134076449795,-2.6));
#10022 = CARTESIAN_POINT('',(0.247255508791,-2.6));
#10023 = CARTESIAN_POINT('',(0.3463047919,-2.6));
#10024 = CARTESIAN_POINT('',(0.438745836904,-2.6));
#10025 = CARTESIAN_POINT('',(0.530742249385,-2.6));
#10026 = CARTESIAN_POINT('',(0.62490611361,-2.6));
#10027 = CARTESIAN_POINT('',(0.732273422285,-2.6));
#10028 = CARTESIAN_POINT('',(0.854719025722,-2.6));
#10029 = CARTESIAN_POINT('',(1.,-2.6));
#10030 = ( GEOMETRIC_REPRESENTATION_CONTEXT(2) 
PARAMETRIC_REPRESENTATION_CONTEXT() REPRESENTATION_CONTEXT('2D SPACE',''
  ) );
#10031 = ORIENTED_EDGE('',*,*,#10032,.F.);
#10032 = EDGE_CURVE('',#7168,#9986,#10033,.T.);
#10033 = SURFACE_CURVE('',#10034,(#10038,#10045),.PCURVE_S1.);
#10034 = ( BOUNDED_CURVE() B_SPLINE_CURVE(2,(#10035,#10036,#10037),
.UNSPECIFIED.,.F.,.F.) B_SPLINE_CURVE_WITH_KNOTS((3,3),(0.,
1.097639672586),.PIECEWISE_BEZIER_KNOTS.) CURVE() 
GEOMETRIC_REPRESENTATION_ITEM() RATIONAL_B_SPLINE_CURVE((1.,
0.707106781187,1.)) REPRESENTATION_ITEM('') );
#10035 = CARTESIAN_POINT('',(9.7,-4.779082057064,10.612094131449));
#10036 = CARTESIAN_POINT('',(9.5,-4.779082057064,10.612094131449));
#10037 = CARTESIAN_POINT('',(9.5,-4.972267222321,10.66385794047));
#10038 = PCURVE('',#7197,#10039);
#10039 = DEFINITIONAL_REPRESENTATION('',(#10040),#10044);
#10040 = LINE('',#10041,#10042);
#10041 = CARTESIAN_POINT('',(0.,28.179156927549));
#10042 = VECTOR('',#10043,1.);
#10043 = DIRECTION('',(1.,0.));
#10044 = ( GEOMETRIC_REPRESENTATION_CONTEXT(2) 
PARAMETRIC_REPRESENTATION_CONTEXT() REPRESENTATION_CONTEXT('2D SPACE',''
  ) );
#10045 = PCURVE('',#7251,#10046);
#10046 = DEFINITIONAL_REPRESENTATION('',(#10047),#10058);
#10047 = B_SPLINE_CURVE_WITH_KNOTS('',9,(#10048,#10049,#10050,#10051,
    #10052,#10053,#10054,#10055,#10056,#10057),.UNSPECIFIED.,.F.,.F.,(10
    ,10),(0.,1.097639672586),.PIECEWISE_BEZIER_KNOTS.);
#10048 = CARTESIAN_POINT('',(1.110223024625E-16,-8.244628052288E-16));
#10049 = CARTESIAN_POINT('',(0.157134840264,-8.244628052288E-16));
#10050 = CARTESIAN_POINT('',(0.325774716871,-8.244628052288E-16));
#10051 = CARTESIAN_POINT('',(0.504566386719,-8.244628052287E-16));
#10052 = CARTESIAN_POINT('',(0.690744851727,-8.244628052289E-16));
#10053 = CARTESIAN_POINT('',(0.880051475299,-8.244628052287E-16));
#10054 = CARTESIAN_POINT('',(1.066229939773,-8.244628052288E-16));
#10055 = CARTESIAN_POINT('',(1.245021610024,-8.244628052288E-16));
#10056 = CARTESIAN_POINT('',(1.413661486531,-8.244628052288E-16));
#10057 = CARTESIAN_POINT('',(1.570796326795,-8.244628052288E-16));
#10058 = ( GEOMETRIC_REPRESENTATION_CONTEXT(2) 
PARAMETRIC_REPRESENTATION_CONTEXT() REPRESENTATION_CONTEXT('2D SPACE',''
  ) );
#10059 = ORIENTED_EDGE('',*,*,#7167,.F.);
#10060 = ADVANCED_FACE('',(#10061),#7251,.T.);
#10061 = FACE_BOUND('',#10062,.T.);
#10062 = EDGE_LOOP('',(#10063,#10064,#10092,#10122));
#10063 = ORIENTED_EDGE('',*,*,#10032,.T.);
#10064 = ORIENTED_EDGE('',*,*,#10065,.T.);
#10065 = EDGE_CURVE('',#9986,#10066,#10068,.T.);
#10066 = VERTEX_POINT('',#10067);
#10067 = CARTESIAN_POINT('',(9.5,-4.498241165437,12.432947268874));
#10068 = SURFACE_CURVE('',#10069,(#10073,#10080),.PCURVE_S1.);
#10069 = LINE('',#10070,#10071);
#10070 = CARTESIAN_POINT('',(9.5,-4.972267222321,10.66385794047));
#10071 = VECTOR('',#10072,1.);
#10072 = DIRECTION('',(0.,0.258819045103,0.965925826289));
#10073 = PCURVE('',#7251,#10074);
#10074 = DEFINITIONAL_REPRESENTATION('',(#10075),#10079);
#10075 = LINE('',#10076,#10077);
#10076 = CARTESIAN_POINT('',(1.570796326795,0.));
#10077 = VECTOR('',#10078,1.);
#10078 = DIRECTION('',(0.,1.));
#10079 = ( GEOMETRIC_REPRESENTATION_CONTEXT(2) 
PARAMETRIC_REPRESENTATION_CONTEXT() REPRESENTATION_CONTEXT('2D SPACE',''
  ) );
#10080 = PCURVE('',#10081,#10086);
#10081 = PLANE('',#10082);
#10082 = AXIS2_PLACEMENT_3D('',#10083,#10084,#10085);
#10083 = CARTESIAN_POINT('',(9.5,-2.46086007397,9.990928423203));
#10084 = DIRECTION('',(-1.,0.,0.));
#10085 = DIRECTION('',(0.,0.258819045103,0.965925826289));
#10086 = DEFINITIONAL_REPRESENTATION('',(#10087),#10091);
#10087 = LINE('',#10088,#10089);
#10088 = CARTESIAN_POINT('',(6.84381021621E-16,-2.6));
#10089 = VECTOR('',#10090,1.);
#10090 = DIRECTION('',(1.,-1.225300278295E-17));
#10091 = ( GEOMETRIC_REPRESENTATION_CONTEXT(2) 
PARAMETRIC_REPRESENTATION_CONTEXT() REPRESENTATION_CONTEXT('2D SPACE',''
  ) );
#10092 = ORIENTED_EDGE('',*,*,#10093,.T.);
#10093 = EDGE_CURVE('',#10066,#7236,#10094,.T.);
#10094 = SURFACE_CURVE('',#10095,(#10100,#10115),.PCURVE_S1.);
#10095 = CIRCLE('',#10096,0.2);
#10096 = AXIS2_PLACEMENT_3D('',#10097,#10098,#10099);
#10097 = CARTESIAN_POINT('',(9.7,-4.499343411234,12.433227629231));
#10098 = DIRECTION('',(0.,-0.258749531325,-0.965944449769));
#10099 = DIRECTION('',(0.,0.965944449769,-0.258749531325));
#10100 = PCURVE('',#7251,#10101);
#10101 = DEFINITIONAL_REPRESENTATION('',(#10102),#10114);
#10102 = B_SPLINE_CURVE_WITH_KNOTS('',10,(#10103,#10104,#10105,#10106,
    #10107,#10108,#10109,#10110,#10111,#10112,#10113),.UNSPECIFIED.,.F.,
  .F.,(11,11),(4.712388980385,6.28318530718),.PIECEWISE_BEZIER_KNOTS.);
#10103 = CARTESIAN_POINT('',(1.570796326795,1.831496042715));
#10104 = CARTESIAN_POINT('',(1.413716694115,1.831496042715));
#10105 = CARTESIAN_POINT('',(1.325445161124,1.831496042714));
#10106 = CARTESIAN_POINT('',(0.932342546969,1.831496042716));
#10107 = CARTESIAN_POINT('',(1.21691310797,1.831496042713));
#10108 = CARTESIAN_POINT('',(0.516684644426,1.831496042717));
#10109 = CARTESIAN_POINT('',(0.813329344639,1.831496042713));
#10110 = CARTESIAN_POINT('',(0.398151378572,1.831496042716));
#10111 = CARTESIAN_POINT('',(0.332741479214,1.831496042714));
#10112 = CARTESIAN_POINT('',(0.157079632679,1.831496042715));
#10113 = CARTESIAN_POINT('',(1.110223024625E-16,1.831496042715));
#10114 = ( GEOMETRIC_REPRESENTATION_CONTEXT(2) 
PARAMETRIC_REPRESENTATION_CONTEXT() REPRESENTATION_CONTEXT('2D SPACE',''
  ) );
#10115 = PCURVE('',#9911,#10116);
#10116 = DEFINITIONAL_REPRESENTATION('',(#10117),#10121);
#10117 = LINE('',#10118,#10119);
#10118 = CARTESIAN_POINT('',(-1.620665385162,0.));
#10119 = VECTOR('',#10120,1.);
#10120 = DIRECTION('',(-0.,1.));
#10121 = ( GEOMETRIC_REPRESENTATION_CONTEXT(2) 
PARAMETRIC_REPRESENTATION_CONTEXT() REPRESENTATION_CONTEXT('2D SPACE',''
  ) );
#10122 = ORIENTED_EDGE('',*,*,#7235,.F.);
#10123 = ADVANCED_FACE('',(#10124),#7313,.F.);
#10124 = FACE_BOUND('',#10125,.F.);
#10125 = EDGE_LOOP('',(#10126,#10127,#10239,#10259));
#10126 = ORIENTED_EDGE('',*,*,#8996,.T.);
#10127 = ORIENTED_EDGE('',*,*,#10128,.T.);
#10128 = EDGE_CURVE('',#8943,#10129,#10131,.T.);
#10129 = VERTEX_POINT('',#10130);
#10130 = CARTESIAN_POINT('',(32.15,-7.754521319246,12.837380032938));
#10131 = SURFACE_CURVE('',#10132,(#10138,#10145),.PCURVE_S1.);
#10132 = ( BOUNDED_CURVE() B_SPLINE_CURVE(4,(#10133,#10134,#10135,#10136
,#10137),.UNSPECIFIED.,.F.,.F.) B_SPLINE_CURVE_WITH_KNOTS((5,5),(
13.691413389888,14.000164595166),.PIECEWISE_BEZIER_KNOTS.) CURVE() 
GEOMETRIC_REPRESENTATION_ITEM() RATIONAL_B_SPLINE_CURVE((1.,1.,1.,1.,1.)
) REPRESENTATION_ITEM('') );
#10133 = CARTESIAN_POINT('',(32.15,-8.087385438943,12.776353749919));
#10134 = CARTESIAN_POINT('',(32.15,-8.002317035738,12.792103716138));
#10135 = CARTESIAN_POINT('',(32.15,-7.918469817673,12.80771522606));
#10136 = CARTESIAN_POINT('',(32.15,-7.835871036642,12.822894176724));
#10137 = CARTESIAN_POINT('',(32.15,-7.754521319246,12.837380032938));
#10138 = PCURVE('',#7313,#10139);
#10139 = DEFINITIONAL_REPRESENTATION('',(#10140),#10144);
#10140 = LINE('',#10141,#10142);
#10141 = CARTESIAN_POINT('',(0.308751205278,0.));
#10142 = VECTOR('',#10143,1.);
#10143 = DIRECTION('',(0.,1.));
#10144 = ( GEOMETRIC_REPRESENTATION_CONTEXT(2) 
PARAMETRIC_REPRESENTATION_CONTEXT() REPRESENTATION_CONTEXT('2D SPACE',''
  ) );
#10145 = PCURVE('',#8971,#10146);
#10146 = DEFINITIONAL_REPRESENTATION('',(#10147),#10238);
#10147 = B_SPLINE_CURVE_WITH_KNOTS('',9,(#10148,#10149,#10150,#10151,
    #10152,#10153,#10154,#10155,#10156,#10157,#10158,#10159,#10160,
    #10161,#10162,#10163,#10164,#10165,#10166,#10167,#10168,#10169,
    #10170,#10171,#10172,#10173,#10174,#10175,#10176,#10177,#10178,
    #10179,#10180,#10181,#10182,#10183,#10184,#10185,#10186,#10187,
    #10188,#10189,#10190,#10191,#10192,#10193,#10194,#10195,#10196,
    #10197,#10198,#10199,#10200,#10201,#10202,#10203,#10204,#10205,
    #10206,#10207,#10208,#10209,#10210,#10211,#10212,#10213,#10214,
    #10215,#10216,#10217,#10218,#10219,#10220,#10221,#10222,#10223,
    #10224,#10225,#10226,#10227,#10228,#10229,#10230,#10231,#10232,
    #10233,#10234,#10235,#10236,#10237),.UNSPECIFIED.,.F.,.F.,(10,8,8,8,
    8,8,8,8,8,8,8,10),(13.691413389888,13.692016419586,13.692317934434,
    13.692619449283,13.693825508679,13.69623762747,13.701061865053,
    13.710710340218,13.730007290547,13.768601191207,13.845788992527,
    14.000164595166),.UNSPECIFIED.);
#10148 = CARTESIAN_POINT('',(6.995597030574,0.117635155414));
#10149 = CARTESIAN_POINT('',(6.99569680248,0.117635617103));
#10150 = CARTESIAN_POINT('',(6.995756429812,0.117635893026));
#10151 = CARTESIAN_POINT('',(6.995785980176,0.117636029768));
#10152 = CARTESIAN_POINT('',(6.995795521183,0.117636073919));
#10153 = CARTESIAN_POINT('',(6.995795120434,0.117636072065));
#10154 = CARTESIAN_POINT('',(6.995794845543,0.117636070793));
#10155 = CARTESIAN_POINT('',(6.995804764113,0.117636116691));
#10156 = CARTESIAN_POINT('',(6.995834943753,0.117636256347));
#10157 = CARTESIAN_POINT('',(6.995925706228,0.117636676349));
#10158 = CARTESIAN_POINT('',(6.99596333637,0.117636850482));
#10159 = CARTESIAN_POINT('',(6.996012172075,0.117637076468));
#10160 = CARTESIAN_POINT('',(6.996063016401,0.11763731175));
#10161 = CARTESIAN_POINT('',(6.996118116584,0.117637566725));
#10162 = CARTESIAN_POINT('',(6.996176777377,0.117637838178));
#10163 = CARTESIAN_POINT('',(6.996231916305,0.117638093335));
#10164 = CARTESIAN_POINT('',(6.996283921129,0.117638333988));
#10165 = CARTESIAN_POINT('',(6.99638554034,0.117638804233));
#10166 = CARTESIAN_POINT('',(6.996434993803,0.11763903308));
#10167 = CARTESIAN_POINT('',(6.996483119173,0.117639255782));
#10168 = CARTESIAN_POINT('',(6.996530937229,0.117639477062));
#10169 = CARTESIAN_POINT('',(6.996579395793,0.117639701306));
#10170 = CARTESIAN_POINT('',(6.996628812201,0.117639929983));
#10171 = CARTESIAN_POINT('',(6.996678823902,0.117640161415));
#10172 = CARTESIAN_POINT('',(6.996728847205,0.1176403929));
#10173 = CARTESIAN_POINT('',(6.996979831975,0.117641554349));
#10174 = CARTESIAN_POINT('',(6.997183083052,0.117642494912));
#10175 = CARTESIAN_POINT('',(6.997368032078,0.117643350784));
#10176 = CARTESIAN_POINT('',(6.997589623674,0.117644376228));
#10177 = CARTESIAN_POINT('',(6.997769451713,0.117645208411));
#10178 = CARTESIAN_POINT('',(6.997979927089,0.117646182422));
#10179 = CARTESIAN_POINT('',(6.998175720187,0.117647088494));
#10180 = CARTESIAN_POINT('',(6.998375784452,0.117648014336));
#10181 = CARTESIAN_POINT('',(6.998974200635,0.117650783653));
#10182 = CARTESIAN_POINT('',(6.999373127482,0.117652629801));
#10183 = CARTESIAN_POINT('',(6.999772036895,0.117654475887));
#10184 = CARTESIAN_POINT('',(7.000170928726,0.117656321908));
#10185 = CARTESIAN_POINT('',(7.000569802808,0.117658167864));
#10186 = CARTESIAN_POINT('',(7.000968658998,0.117660013755));
#10187 = CARTESIAN_POINT('',(7.00136749713,0.117661859579));
#10188 = CARTESIAN_POINT('',(7.001766317055,0.117663705335));
#10189 = CARTESIAN_POINT('',(7.002962721732,0.1176692424));
#10190 = CARTESIAN_POINT('',(7.003760252892,0.117672933511));
#10191 = CARTESIAN_POINT('',(7.004557712113,0.117676624355));
#10192 = CARTESIAN_POINT('',(7.005355099402,0.117680314932));
#10193 = CARTESIAN_POINT('',(7.006152414785,0.11768400524));
#10194 = CARTESIAN_POINT('',(7.006949658264,0.11768769528));
#10195 = CARTESIAN_POINT('',(7.007746829865,0.117691385049));
#10196 = CARTESIAN_POINT('',(7.008543929597,0.117695074548));
#10197 = CARTESIAN_POINT('',(7.010935013236,0.117706142231));
#10198 = CARTESIAN_POINT('',(7.012528781583,0.117713519601));
#10199 = CARTESIAN_POINT('',(7.014122262642,0.11772089588));
#10200 = CARTESIAN_POINT('',(7.015715456526,0.117728271061));
#10201 = CARTESIAN_POINT('',(7.017308363363,0.117735645138));
#10202 = CARTESIAN_POINT('',(7.018900983262,0.117743018106));
#10203 = CARTESIAN_POINT('',(7.020493316353,0.117750389958));
#10204 = CARTESIAN_POINT('',(7.02208536275,0.117757760687));
#10205 = CARTESIAN_POINT('',(7.02686064222,0.117779869493));
#10206 = CARTESIAN_POINT('',(7.030043015571,0.117794604184));
#10207 = CARTESIAN_POINT('',(7.033224243587,0.117809334314));
#10208 = CARTESIAN_POINT('',(7.036404327234,0.117824059835));
#10209 = CARTESIAN_POINT('',(7.039583267472,0.117838780698));
#10210 = CARTESIAN_POINT('',(7.042761065269,0.117853496856));
#10211 = CARTESIAN_POINT('',(7.045937721584,0.117868208259));
#10212 = CARTESIAN_POINT('',(7.049113237384,0.117882914859));
#10213 = CARTESIAN_POINT('',(7.058636366119,0.117927020108));
#10214 = CARTESIAN_POINT('',(7.064980560305,0.117956404198));
#10215 = CARTESIAN_POINT('',(7.071320204023,0.117985768501));
#10216 = CARTESIAN_POINT('',(7.077655305114,0.118015112637));
#10217 = CARTESIAN_POINT('',(7.083985871414,0.118044436226));
#10218 = CARTESIAN_POINT('',(7.090311910766,0.118073738888));
#10219 = CARTESIAN_POINT('',(7.096633431005,0.118103020245));
#10220 = CARTESIAN_POINT('',(7.102950439971,0.118132279916));
#10221 = CARTESIAN_POINT('',(7.121887956568,0.118219992733));
#10222 = CARTESIAN_POINT('',(7.134494951826,0.118278379634));
#10223 = CARTESIAN_POINT('',(7.147083996958,0.118336675285));
#10224 = CARTESIAN_POINT('',(7.159655157633,0.118394876749));
#10225 = CARTESIAN_POINT('',(7.172208499539,0.118452981088));
#10226 = CARTESIAN_POINT('',(7.184744088339,0.118510985363));
#10227 = CARTESIAN_POINT('',(7.19726198972,0.118568886636));
#10228 = CARTESIAN_POINT('',(7.209762269353,0.11862668197));
#10229 = CARTESIAN_POINT('',(7.247210440045,0.118799741334));
#10230 = CARTESIAN_POINT('',(7.272105673828,0.118914678999));
#10231 = CARTESIAN_POINT('',(7.296931238375,0.119029158382));
#10232 = CARTESIAN_POINT('',(7.32168769226,0.119143156707));
#10233 = CARTESIAN_POINT('',(7.346375608522,0.119256651467));
#10234 = CARTESIAN_POINT('',(7.370995574665,0.119369620416));
#10235 = CARTESIAN_POINT('',(7.395548192662,0.119482041575));
#10236 = CARTESIAN_POINT('',(7.420034078947,0.119593893227));
#10237 = CARTESIAN_POINT('',(7.444453864422,0.119705153922));
#10238 = ( GEOMETRIC_REPRESENTATION_CONTEXT(2) 
PARAMETRIC_REPRESENTATION_CONTEXT() REPRESENTATION_CONTEXT('2D SPACE',''
  ) );
#10239 = ORIENTED_EDGE('',*,*,#10240,.F.);
#10240 = EDGE_CURVE('',#7294,#10129,#10241,.T.);
#10241 = SURFACE_CURVE('',#10242,(#10246,#10253),.PCURVE_S1.);
#10242 = ( BOUNDED_CURVE() B_SPLINE_CURVE(2,(#10243,#10244,#10245),
.UNSPECIFIED.,.F.,.F.) B_SPLINE_CURVE_WITH_KNOTS((3,3),(0.,
0.308751205278),.PIECEWISE_BEZIER_KNOTS.) CURVE() 
GEOMETRIC_REPRESENTATION_ITEM() RATIONAL_B_SPLINE_CURVE((1.,
0.707106682872,1.)) REPRESENTATION_ITEM('') );
#10243 = CARTESIAN_POINT('',(32.949998551194,-7.896335570921,
    13.624711851199));
#10244 = CARTESIAN_POINT('',(32.15,-7.894725673987,13.624998655654));
#10245 = CARTESIAN_POINT('',(32.15,-7.754521319246,12.837380032938));
#10246 = PCURVE('',#7313,#10247);
#10247 = DEFINITIONAL_REPRESENTATION('',(#10248),#10252);
#10248 = LINE('',#10249,#10250);
#10249 = CARTESIAN_POINT('',(0.,14.000164595166));
#10250 = VECTOR('',#10251,1.);
#10251 = DIRECTION('',(1.,0.));
#10252 = ( GEOMETRIC_REPRESENTATION_CONTEXT(2) 
PARAMETRIC_REPRESENTATION_CONTEXT() REPRESENTATION_CONTEXT('2D SPACE',''
  ) );
#10253 = PCURVE('',#7454,#10254);
#10254 = DEFINITIONAL_REPRESENTATION('',(#10255),#10258);
#10255 = B_SPLINE_CURVE_WITH_KNOTS('',1,(#10256,#10257),.UNSPECIFIED.,
  .F.,.F.,(2,2),(0.,0.308751205278),.PIECEWISE_BEZIER_KNOTS.);
#10256 = CARTESIAN_POINT('',(0.,14.000164595166));
#10257 = CARTESIAN_POINT('',(1.117042963153,14.000164595166));
#10258 = ( GEOMETRIC_REPRESENTATION_CONTEXT(2) 
PARAMETRIC_REPRESENTATION_CONTEXT() REPRESENTATION_CONTEXT('2D SPACE',''
  ) );
#10259 = ORIENTED_EDGE('',*,*,#7293,.F.);
#10260 = ADVANCED_FACE('',(#10261),#7454,.F.);
#10261 = FACE_BOUND('',#10262,.F.);
#10262 = EDGE_LOOP('',(#10263,#10264,#10365,#10385));
#10263 = ORIENTED_EDGE('',*,*,#10240,.T.);
#10264 = ORIENTED_EDGE('',*,*,#10265,.T.);
#10265 = EDGE_CURVE('',#10129,#10266,#10268,.T.);
#10266 = VERTEX_POINT('',#10267);
#10267 = CARTESIAN_POINT('',(31.670909428915,-6.999766708776,
    13.087782120025));
#10268 = SURFACE_CURVE('',#10269,(#10296,#10303),.PCURVE_S1.);
#10269 = ( BOUNDED_CURVE() B_SPLINE_CURVE(9,(#10270,#10271,#10272,#10273
    ,#10274,#10275,#10276,#10277,#10278,#10279,#10280,#10281,#10282,
    #10283,#10284,#10285,#10286,#10287,#10288,#10289,#10290,#10291,
    #10292,#10293,#10294,#10295),.UNSPECIFIED.,.F.,.F.) 
B_SPLINE_CURVE_WITH_KNOTS((10,8,8,10),(14.000164595166,14.334468098056,
14.505790808166,15.117207558319),.UNSPECIFIED.) CURVE() 
GEOMETRIC_REPRESENTATION_ITEM() RATIONAL_B_SPLINE_CURVE((1.,1.,1.,1.,1.,
    1.,1.,1.,1.,1.,1.,1.,1.,1.,1.,1.,1.,1.,1.,1.,1.,1.,1.,1.,1.,1.)) 
REPRESENTATION_ITEM('') );
#10270 = CARTESIAN_POINT('',(32.15,-7.754521319246,12.837380032938));
#10271 = CARTESIAN_POINT('',(32.15,-7.717910894089,12.858604298897));
#10272 = CARTESIAN_POINT('',(32.148561597024,-7.681442832329,
    12.87954719728));
#10273 = CARTESIAN_POINT('',(32.145707459229,-7.645124778149,
    12.900223160236));
#10274 = CARTESIAN_POINT('',(32.141430831198,-7.608938184116,
    12.920684712841));
#10275 = CARTESIAN_POINT('',(32.135705244777,-7.572862874009,
    12.940988108717));
#10276 = CARTESIAN_POINT('',(32.128494229894,-7.536901605639,
    12.961158965643));
#10277 = CARTESIAN_POINT('',(32.1197610254,-7.501104633669,
    12.981157901179));
#10278 = CARTESIAN_POINT('',(32.10947828989,-7.465594272444,
    13.00084616828));
#10279 = CARTESIAN_POINT('',(32.091569845403,-7.412650312226,
    13.029742218487));
#10280 = CARTESIAN_POINT('',(32.085239495272,-7.395475029028,
    13.038416337272));
#10281 = CARTESIAN_POINT('',(32.078678982422,-7.379000214713,
    13.046144069939));
#10282 = CARTESIAN_POINT('',(32.071859205898,-7.363028478903,
    13.053239598788));
#10283 = CARTESIAN_POINT('',(32.064739390271,-7.347381918646,
    13.059961338051));
#10284 = CARTESIAN_POINT('',(32.057297030845,-7.33198356082,
    13.06641178661));
#10285 = CARTESIAN_POINT('',(32.049538137313,-7.316866763634,
    13.072536761148));
#10286 = CARTESIAN_POINT('',(32.041487775867,-7.30211257722,
    13.078224009707));
#10287 = CARTESIAN_POINT('',(32.003443977213,-7.236333193692,
    13.102334470729));
#10288 = CARTESIAN_POINT('',(31.970212056248,-7.189548822311,
    13.115816006195));
#10289 = CARTESIAN_POINT('',(31.933540978554,-7.147376116822,
    13.124227400574));
#10290 = CARTESIAN_POINT('',(31.894766764366,-7.11080038496,
    13.126668950283));
#10291 = CARTESIAN_POINT('',(31.852337497015,-7.078318814667,
    13.125916128159));
#10292 = CARTESIAN_POINT('',(31.809495483277,-7.052148776239,
    13.119179886403));
#10293 = CARTESIAN_POINT('',(31.763912451316,-7.029826538773,
    13.110802868331));
#10294 = CARTESIAN_POINT('',(31.717443549639,-7.012615749082,
    13.099624866636));
#10295 = CARTESIAN_POINT('',(31.670909428915,-6.999766708776,
    13.087782120025));
#10296 = PCURVE('',#7454,#10297);
#10297 = DEFINITIONAL_REPRESENTATION('',(#10298),#10302);
#10298 = LINE('',#10299,#10300);
#10299 = CARTESIAN_POINT('',(1.117042963153,0.));
#10300 = VECTOR('',#10301,1.);
#10301 = DIRECTION('',(0.,1.));
#10302 = ( GEOMETRIC_REPRESENTATION_CONTEXT(2) 
PARAMETRIC_REPRESENTATION_CONTEXT() REPRESENTATION_CONTEXT('2D SPACE',''
  ) );
#10303 = PCURVE('',#7941,#10304);
#10304 = DEFINITIONAL_REPRESENTATION('',(#10305),#10364);
#10305 = B_SPLINE_CURVE_WITH_KNOTS('',9,(#10306,#10307,#10308,#10309,
    #10310,#10311,#10312,#10313,#10314,#10315,#10316,#10317,#10318,
    #10319,#10320,#10321,#10322,#10323,#10324,#10325,#10326,#10327,
    #10328,#10329,#10330,#10331,#10332,#10333,#10334,#10335,#10336,
    #10337,#10338,#10339,#10340,#10341,#10342,#10343,#10344,#10345,
    #10346,#10347,#10348,#10349,#10350,#10351,#10352,#10353,#10354,
    #10355,#10356,#10357,#10358,#10359,#10360,#10361,#10362,#10363),
  .UNSPECIFIED.,.F.,.F.,(10,8,8,8,8,8,8,10),(14.000164595166,
    14.279425335954,14.314332928553,14.331786724852,14.349240521151,
    14.419055706348,14.558686076742,15.117207558319),.UNSPECIFIED.);
#10306 = CARTESIAN_POINT('',(1.570796326795,8.379360774526));
#10307 = CARTESIAN_POINT('',(1.606441599203,8.40440170658));
#10308 = CARTESIAN_POINT('',(1.642023540724,8.429227065939));
#10309 = CARTESIAN_POINT('',(1.677595965053,8.453844195055));
#10310 = CARTESIAN_POINT('',(1.713224961245,8.478281336717));
#10311 = CARTESIAN_POINT('',(1.748980953127,8.502571676572));
#10312 = CARTESIAN_POINT('',(1.78493075871,8.526737385613));
#10313 = CARTESIAN_POINT('',(1.821129649607,8.550773662701));
#10314 = CARTESIAN_POINT('',(1.857613410436,8.574632777057));
#10315 = CARTESIAN_POINT('',(1.898987521721,8.601155027495));
#10316 = CARTESIAN_POINT('',(1.903589248207,8.604097561228));
#10317 = CARTESIAN_POINT('',(1.90819557085,8.607035457085));
#10318 = CARTESIAN_POINT('',(1.912806482799,8.609968460163));
#10319 = CARTESIAN_POINT('',(1.917421977201,8.612896315573));
#10320 = CARTESIAN_POINT('',(1.922042047204,8.61581876841));
#10321 = CARTESIAN_POINT('',(1.926666685955,8.618735563783));
#10322 = CARTESIAN_POINT('',(1.931295886602,8.62164644679));
#10323 = CARTESIAN_POINT('',(1.938246520138,8.626003520412));
#10324 = CARTESIAN_POINT('',(1.940564531879,8.627454326297));
#10325 = CARTESIAN_POINT('',(1.942883672208,8.628903539016));
#10326 = CARTESIAN_POINT('',(1.945203935822,8.630351117388));
#10327 = CARTESIAN_POINT('',(1.947525317414,8.631797020236));
#10328 = CARTESIAN_POINT('',(1.949847811681,8.633241206378));
#10329 = CARTESIAN_POINT('',(1.952171413315,8.63468363464));
#10330 = CARTESIAN_POINT('',(1.954496117014,8.636124263839));
#10331 = CARTESIAN_POINT('',(1.959147717928,8.639001841756));
#10332 = CARTESIAN_POINT('',(1.961477362412,8.640444198988));
#10333 = CARTESIAN_POINT('',(1.963802287282,8.641873169855));
#10334 = CARTESIAN_POINT('',(1.966120966203,8.643285890426));
#10335 = CARTESIAN_POINT('',(1.968434555193,8.644684833419));
#10336 = CARTESIAN_POINT('',(1.970744152209,8.646072308995));
#10337 = CARTESIAN_POINT('',(1.973049671311,8.647448220514));
#10338 = CARTESIAN_POINT('',(1.975350331373,8.648811075138));
#10339 = CARTESIAN_POINT('',(1.986832471324,8.65556694636));
#10340 = CARTESIAN_POINT('',(1.995948787523,8.660781211324));
#10341 = CARTESIAN_POINT('',(2.005001897761,8.665822476773));
#10342 = CARTESIAN_POINT('',(2.013999855518,8.670709303935));
#10343 = CARTESIAN_POINT('',(2.022951745915,8.675460264496));
#10344 = CARTESIAN_POINT('',(2.031866853692,8.68009282233));
#10345 = CARTESIAN_POINT('',(2.040753831172,8.684622215231));
#10346 = CARTESIAN_POINT('',(2.04961986624,8.689060336637));
#10347 = CARTESIAN_POINT('',(2.076169818438,8.702123178813));
#10348 = CARTESIAN_POINT('',(2.09380082769,8.710491755496));
#10349 = CARTESIAN_POINT('',(2.111426178606,8.718610675305));
#10350 = CARTESIAN_POINT('',(2.129040647242,8.726459006366));
#10351 = CARTESIAN_POINT('',(2.146618986405,8.733987852557));
#10352 = CARTESIAN_POINT('',(2.164145244792,8.741169251368));
#10353 = CARTESIAN_POINT('',(2.181622904001,8.748010674061));
#10354 = CARTESIAN_POINT('',(2.199065833444,8.754535128154));
#10355 = CARTESIAN_POINT('',(2.286086981866,8.785493798512));
#10356 = CARTESIAN_POINT('',(2.355084344993,8.804989107182));
#10357 = CARTESIAN_POINT('',(2.423488921903,8.819213185598));
#10358 = CARTESIAN_POINT('',(2.491068741021,8.828194274957));
#10359 = CARTESIAN_POINT('',(2.558747867901,8.833053660311));
#10360 = CARTESIAN_POINT('',(2.624595941137,8.832655657938));
#10361 = CARTESIAN_POINT('',(2.691081041976,8.829921214389));
#10362 = CARTESIAN_POINT('',(2.756523081124,8.823987191264));
#10363 = CARTESIAN_POINT('',(2.820519664644,8.816575484969));
#10364 = ( GEOMETRIC_REPRESENTATION_CONTEXT(2) 
PARAMETRIC_REPRESENTATION_CONTEXT() REPRESENTATION_CONTEXT('2D SPACE',''
  ) );
#10365 = ORIENTED_EDGE('',*,*,#10366,.F.);
#10366 = EDGE_CURVE('',#7337,#10266,#10367,.T.);
#10367 = SURFACE_CURVE('',#10368,(#10372,#10379),.PCURVE_S1.);
#10368 = ( BOUNDED_CURVE() B_SPLINE_CURVE(2,(#10369,#10370,#10371),
.UNSPECIFIED.,.F.,.F.) B_SPLINE_CURVE_WITH_KNOTS((3,3),(0.,
1.117042963153),.PIECEWISE_BEZIER_KNOTS.) CURVE() 
GEOMETRIC_REPRESENTATION_ITEM() RATIONAL_B_SPLINE_CURVE((1.,
0.711916249835,1.)) REPRESENTATION_ITEM('') );
#10369 = CARTESIAN_POINT('',(32.093392133707,-6.134596775004,
    13.667021274516));
#10370 = CARTESIAN_POINT('',(31.760979439538,-6.825936356435,
    13.852265157056));
#10371 = CARTESIAN_POINT('',(31.670909428915,-6.999766708776,
    13.087782120025));
#10372 = PCURVE('',#7454,#10373);
#10373 = DEFINITIONAL_REPRESENTATION('',(#10374),#10378);
#10374 = LINE('',#10375,#10376);
#10375 = CARTESIAN_POINT('',(0.,15.117207558319));
#10376 = VECTOR('',#10377,1.);
#10377 = DIRECTION('',(1.,0.));
#10378 = ( GEOMETRIC_REPRESENTATION_CONTEXT(2) 
PARAMETRIC_REPRESENTATION_CONTEXT() REPRESENTATION_CONTEXT('2D SPACE',''
  ) );
#10379 = PCURVE('',#7592,#10380);
#10380 = DEFINITIONAL_REPRESENTATION('',(#10381),#10384);
#10381 = B_SPLINE_CURVE_WITH_KNOTS('',1,(#10382,#10383),.UNSPECIFIED.,
  .F.,.F.,(2,2),(0.,1.117042963153),.PIECEWISE_BEZIER_KNOTS.);
#10382 = CARTESIAN_POINT('',(0.,15.117207558319));
#10383 = CARTESIAN_POINT('',(0.300088745317,15.117207558319));
#10384 = ( GEOMETRIC_REPRESENTATION_CONTEXT(2) 
PARAMETRIC_REPRESENTATION_CONTEXT() REPRESENTATION_CONTEXT('2D SPACE',''
  ) );
#10385 = ORIENTED_EDGE('',*,*,#7336,.F.);
#10386 = ADVANCED_FACE('',(#10387),#7592,.F.);
#10387 = FACE_BOUND('',#10388,.F.);
#10388 = EDGE_LOOP('',(#10389,#10390,#10421,#10441));
#10389 = ORIENTED_EDGE('',*,*,#10366,.T.);
#10390 = ORIENTED_EDGE('',*,*,#10391,.T.);
#10391 = EDGE_CURVE('',#10266,#7928,#10392,.T.);
#10392 = SURFACE_CURVE('',#10393,(#10402,#10409),.PCURVE_S1.);
#10393 = ( BOUNDED_CURVE() B_SPLINE_CURVE(7,(#10394,#10395,#10396,#10397
    ,#10398,#10399,#10400,#10401),.UNSPECIFIED.,.F.,.F.) 
B_SPLINE_CURVE_WITH_KNOTS((8,8),(15.117207558319,15.417296303636),
.PIECEWISE_BEZIER_KNOTS.) CURVE() GEOMETRIC_REPRESENTATION_ITEM() 
RATIONAL_B_SPLINE_CURVE((1.,1.,1.,1.,1.,1.,1.,1.)) REPRESENTATION_ITEM(
  '') );
#10394 = CARTESIAN_POINT('',(31.670909428915,-6.999766708776,
    13.087782120025));
#10395 = CARTESIAN_POINT('',(31.641544540355,-6.991658451204,
    13.080308873963));
#10396 = CARTESIAN_POINT('',(31.612334680062,-6.985014061622,
    13.074038676062));
#10397 = CARTESIAN_POINT('',(31.583184141445,-6.979675061577,
    13.069147999062));
#10398 = CARTESIAN_POINT('',(31.554298878333,-6.975475644716,
    13.065442586937));
#10399 = CARTESIAN_POINT('',(31.523730619983,-6.97172789681,
    13.064511390575));
#10400 = CARTESIAN_POINT('',(31.490047580399,-6.969265012107,
    13.063404154537));
#10401 = CARTESIAN_POINT('',(31.45,-6.969137891843,13.06387857382));
#10402 = PCURVE('',#7592,#10403);
#10403 = DEFINITIONAL_REPRESENTATION('',(#10404),#10408);
#10404 = LINE('',#10405,#10406);
#10405 = CARTESIAN_POINT('',(0.300088745317,0.));
#10406 = VECTOR('',#10407,1.);
#10407 = DIRECTION('',(0.,1.));
#10408 = ( GEOMETRIC_REPRESENTATION_CONTEXT(2) 
PARAMETRIC_REPRESENTATION_CONTEXT() REPRESENTATION_CONTEXT('2D SPACE',''
  ) );
#10409 = PCURVE('',#7941,#10410);
#10410 = DEFINITIONAL_REPRESENTATION('',(#10411),#10420);
#10411 = B_SPLINE_CURVE_WITH_KNOTS('',7,(#10412,#10413,#10414,#10415,
    #10416,#10417,#10418,#10419),.UNSPECIFIED.,.F.,.F.,(8,8),(
    15.117207558319,15.417296303636),.PIECEWISE_BEZIER_KNOTS.);
#10412 = CARTESIAN_POINT('',(2.820519664644,8.816575484969));
#10413 = CARTESIAN_POINT('',(2.864728704757,8.811455455073));
#10414 = CARTESIAN_POINT('',(2.907947322205,8.80711854153));
#10415 = CARTESIAN_POINT('',(2.95051169103,8.803776549561));
#10416 = CARTESIAN_POINT('',(2.992296811352,8.801284013136));
#10417 = CARTESIAN_POINT('',(3.036261595859,8.801354711579));
#10418 = CARTESIAN_POINT('',(3.084381824449,8.800922598517));
#10419 = CARTESIAN_POINT('',(3.14159265359,8.801413753501));
#10420 = ( GEOMETRIC_REPRESENTATION_CONTEXT(2) 
PARAMETRIC_REPRESENTATION_CONTEXT() REPRESENTATION_CONTEXT('2D SPACE',''
  ) );
#10421 = ORIENTED_EDGE('',*,*,#10422,.F.);
#10422 = EDGE_CURVE('',#7567,#7928,#10423,.T.);
#10423 = SURFACE_CURVE('',#10424,(#10428,#10435),.PCURVE_S1.);
#10424 = ( BOUNDED_CURVE() B_SPLINE_CURVE(2,(#10425,#10426,#10427),
.UNSPECIFIED.,.F.,.F.) B_SPLINE_CURVE_WITH_KNOTS((3,3),(0.,
0.300088745317),.PIECEWISE_BEZIER_KNOTS.) CURVE() 
GEOMETRIC_REPRESENTATION_ITEM() RATIONAL_B_SPLINE_CURVE((1.,
0.709254922773,1.)) REPRESENTATION_ITEM('') );
#10425 = CARTESIAN_POINT('',(31.516685598055,-5.996004275358,
    13.630248664004));
#10426 = CARTESIAN_POINT('',(31.463968298823,-6.763370552477,
    13.831812738871));
#10427 = CARTESIAN_POINT('',(31.45,-6.969137891843,13.06387857382));
#10428 = PCURVE('',#7592,#10429);
#10429 = DEFINITIONAL_REPRESENTATION('',(#10430),#10434);
#10430 = LINE('',#10431,#10432);
#10431 = CARTESIAN_POINT('',(0.,15.417296303636));
#10432 = VECTOR('',#10433,1.);
#10433 = DIRECTION('',(1.,0.));
#10434 = ( GEOMETRIC_REPRESENTATION_CONTEXT(2) 
PARAMETRIC_REPRESENTATION_CONTEXT() REPRESENTATION_CONTEXT('2D SPACE',''
  ) );
#10435 = PCURVE('',#7678,#10436);
#10436 = DEFINITIONAL_REPRESENTATION('',(#10437),#10440);
#10437 = B_SPLINE_CURVE_WITH_KNOTS('',1,(#10438,#10439),.UNSPECIFIED.,
  .F.,.F.,(2,2),(0.,0.300088745317),.PIECEWISE_BEZIER_KNOTS.);
#10438 = CARTESIAN_POINT('',(0.,15.417296303636));
#10439 = CARTESIAN_POINT('',(22.553450535984,15.417296303636));
#10440 = ( GEOMETRIC_REPRESENTATION_CONTEXT(2) 
PARAMETRIC_REPRESENTATION_CONTEXT() REPRESENTATION_CONTEXT('2D SPACE',''
  ) );
#10441 = ORIENTED_EDGE('',*,*,#7566,.F.);
#10442 = ADVANCED_FACE('',(#10443),#7678,.F.);
#10443 = FACE_BOUND('',#10444,.F.);
#10444 = EDGE_LOOP('',(#10445,#10446,#10447,#10560));
#10445 = ORIENTED_EDGE('',*,*,#10422,.T.);
#10446 = ORIENTED_EDGE('',*,*,#8266,.T.);
#10447 = ORIENTED_EDGE('',*,*,#10448,.T.);
#10448 = EDGE_CURVE('',#8239,#7625,#10449,.T.);
#10449 = SURFACE_CURVE('',#10450,(#10459,#10528),.PCURVE_S1.);
#10450 = ( BOUNDED_CURVE() B_SPLINE_CURVE(7,(#10451,#10452,#10453,#10454
    ,#10455,#10456,#10457,#10458),.UNSPECIFIED.,.F.,.F.) 
B_SPLINE_CURVE_WITH_KNOTS((8,8),(1.760023872129E-14,1.556493687937),
.PIECEWISE_BEZIER_KNOTS.) CURVE() GEOMETRIC_REPRESENTATION_ITEM() 
RATIONAL_B_SPLINE_CURVE((1.,1.,1.,1.,1.,1.,1.,1.)) REPRESENTATION_ITEM(
  '') );
#10451 = CARTESIAN_POINT('',(9.7,-6.969407057962,13.062874032189));
#10452 = CARTESIAN_POINT('',(9.699999999241,-6.922939783583,
    13.236292261058));
#10453 = CARTESIAN_POINT('',(9.699999997759,-6.831067152162,
    13.397541864184));
#10454 = CARTESIAN_POINT('',(9.699999995787,-6.697650257097,
    13.53224639734));
#10455 = CARTESIAN_POINT('',(9.699999994222,-6.532332028744,
    13.627501303934));
#10456 = CARTESIAN_POINT('',(9.699999994424,-6.349783662553,
    13.675415741255));
#10457 = CARTESIAN_POINT('',(9.699999996595,-6.165571258818,
    13.674772128184));
#10458 = CARTESIAN_POINT('',(9.700000000274,-5.993495604031,
    13.62958983377));
#10459 = PCURVE('',#7678,#10460);
#10460 = DEFINITIONAL_REPRESENTATION('',(#10461),#10527);
#10461 = B_SPLINE_CURVE_WITH_KNOTS('',10,(#10462,#10463,#10464,#10465,
    #10466,#10467,#10468,#10469,#10470,#10471,#10472,#10473,#10474,
    #10475,#10476,#10477,#10478,#10479,#10480,#10481,#10482,#10483,
    #10484,#10485,#10486,#10487,#10488,#10489,#10490,#10491,#10492,
    #10493,#10494,#10495,#10496,#10497,#10498,#10499,#10500,#10501,
    #10502,#10503,#10504,#10505,#10506,#10507,#10508,#10509,#10510,
    #10511,#10512,#10513,#10514,#10515,#10516,#10517,#10518,#10519,
    #10520,#10521,#10522,#10523,#10524,#10525,#10526),.UNSPECIFIED.,.F.,
  .F.,(11,9,9,9,9,9,9,11),(1.760023872129E-14,0.389123421984,
    0.583685132976,0.778246843968,0.972808554961,1.167370265953,
    1.361931976945,1.556493687937),.UNSPECIFIED.);
#10462 = CARTESIAN_POINT('',(22.553450535984,37.765433911801));
#10463 = CARTESIAN_POINT('',(21.925550362533,37.765432601647));
#10464 = CARTESIAN_POINT('',(21.308960483298,37.76543107665));
#10465 = CARTESIAN_POINT('',(20.702675371193,37.765429339584));
#10466 = CARTESIAN_POINT('',(20.105767309142,37.765427393943));
#10467 = CARTESIAN_POINT('',(19.517374443563,37.765425243717));
#10468 = CARTESIAN_POINT('',(18.936690502494,37.765422893595));
#10469 = CARTESIAN_POINT('',(18.362956058935,37.76542034871));
#10470 = CARTESIAN_POINT('',(17.795451220413,37.765417614846));
#10471 = CARTESIAN_POINT('',(17.233489625371,37.76541469827));
#10472 = CARTESIAN_POINT('',(16.397875628216,37.765410059433));
#10473 = CARTESIAN_POINT('',(16.120557160656,37.765408469164));
#10474 = CARTESIAN_POINT('',(15.84439171894,37.765406835796));
#10475 = CARTESIAN_POINT('',(15.569235330577,37.76540515992));
#10476 = CARTESIAN_POINT('',(15.295152552703,37.765403443154));
#10477 = CARTESIAN_POINT('',(15.02187556344,37.765401685475));
#10478 = CARTESIAN_POINT('',(14.749473931612,37.765399888531));
#10479 = CARTESIAN_POINT('',(14.477812052148,37.765398053094));
#10480 = CARTESIAN_POINT('',(14.206828022199,37.765396180176));
#10481 = CARTESIAN_POINT('',(13.666065392924,37.765392361485));
#10482 = CARTESIAN_POINT('',(13.396289186535,37.765390415726));
#10483 = CARTESIAN_POINT('',(13.127026172506,37.765388434449));
#10484 = CARTESIAN_POINT('',(12.858253427573,37.765386419113));
#10485 = CARTESIAN_POINT('',(12.589845008312,37.765384370341));
#10486 = CARTESIAN_POINT('',(12.321741497041,37.765382289441));
#10487 = CARTESIAN_POINT('',(12.05390300897,37.765380177641));
#10488 = CARTESIAN_POINT('',(11.786224121798,37.765378035959));
#10489 = CARTESIAN_POINT('',(11.518648893542,37.765375865592));
#10490 = CARTESIAN_POINT('',(10.983565083817,37.765371469947));
#10491 = CARTESIAN_POINT('',(10.716055665579,37.765369244649));
#10492 = CARTESIAN_POINT('',(10.448511436672,37.76536699311));
#10493 = CARTESIAN_POINT('',(10.180849522475,37.765364716397));
#10494 = CARTESIAN_POINT('',(9.913010185668,37.765362415875));
#10495 = CARTESIAN_POINT('',(9.644930157206,37.765360092795));
#10496 = CARTESIAN_POINT('',(9.376527718344,37.765357748368));
#10497 = CARTESIAN_POINT('',(9.107722884561,37.765355383755));
#10498 = CARTESIAN_POINT('',(8.838462259269,37.765353000412));
#10499 = CARTESIAN_POINT('',(8.298866423528,37.765348198698));
#10500 = CARTESIAN_POINT('',(8.028533593673,37.765345780327));
#10501 = CARTESIAN_POINT('',(7.757577686576,37.765343345669));
#10502 = CARTESIAN_POINT('',(7.485960812753,37.765340896192));
#10503 = CARTESIAN_POINT('',(7.213578103008,37.765338433138));
#10504 = CARTESIAN_POINT('',(6.940353989349,37.765335957638));
#10505 = CARTESIAN_POINT('',(6.66623003609,37.765333471291));
#10506 = CARTESIAN_POINT('',(6.391117129062,37.765330975292));
#10507 = CARTESIAN_POINT('',(6.114939630501,37.765328471006));
#10508 = CARTESIAN_POINT('',(5.560288186326,37.765323448507));
#10509 = CARTESIAN_POINT('',(5.281814197553,37.765320930282));
#10510 = CARTESIAN_POINT('',(5.002112052252,37.765318406461));
#10511 = CARTESIAN_POINT('',(4.721113888569,37.765315878455));
#10512 = CARTESIAN_POINT('',(4.438698836921,37.765313347362));
#10513 = CARTESIAN_POINT('',(4.154805720142,37.765310814677));
#10514 = CARTESIAN_POINT('',(3.869364646809,37.765308281954));
#10515 = CARTESIAN_POINT('',(3.582242427812,37.765305750145));
#10516 = CARTESIAN_POINT('',(3.293374153461,37.765303220833));
#10517 = CARTESIAN_POINT('',(2.711934466482,37.765298169735));
#10518 = CARTESIAN_POINT('',(2.419364556087,37.765295647935));
#10519 = CARTESIAN_POINT('',(2.124847951471,37.765293131297));
#10520 = CARTESIAN_POINT('',(1.828298738457,37.765290621094));
#10521 = CARTESIAN_POINT('',(1.529553042642,37.765288118351));
#10522 = CARTESIAN_POINT('',(1.228646797195,37.765285625381));
#10523 = CARTESIAN_POINT('',(0.925283166159,37.765283142001));
#10524 = CARTESIAN_POINT('',(0.619496793623,37.765280670769));
#10525 = CARTESIAN_POINT('',(0.311104715492,37.765278212356));
#10526 = CARTESIAN_POINT('',(-4.440892098501E-16,37.765275768207));
#10527 = ( GEOMETRIC_REPRESENTATION_CONTEXT(2) 
PARAMETRIC_REPRESENTATION_CONTEXT() REPRESENTATION_CONTEXT('2D SPACE',''
  ) );
#10528 = PCURVE('',#10529,#10554);
#10529 = ( BOUNDED_SURFACE() B_SPLINE_SURFACE(2,7,(
    (#10530,#10531,#10532,#10533,#10534,#10535,#10536,#10537)
    ,(#10538,#10539,#10540,#10541,#10542,#10543,#10544,#10545)
    ,(#10546,#10547,#10548,#10549,#10550,#10551,#10552,#10553
)),.UNSPECIFIED.,.F.,.F.,.F.) B_SPLINE_SURFACE_WITH_KNOTS((3,3),(8,8),(
    0.,1.556493687937),(1.760023872129E-14,1.556493687937),
.PIECEWISE_BEZIER_KNOTS.) GEOMETRIC_REPRESENTATION_ITEM() 
RATIONAL_B_SPLINE_SURFACE((
    (1.,1.,1.,1.,1.,1.,1.,1.)
    ,(0.707106781187,0.707106782529,0.707106785148,0.707106788634
      ,0.7071067914,0.707106791043,0.707106787206,0.707106780702)
,(1.,1.,1.,1.,1.,1.,1.,1.))) REPRESENTATION_ITEM('') SURFACE() );
#10530 = CARTESIAN_POINT('',(9.5,-6.776221892704,13.011110223168));
#10531 = CARTESIAN_POINT('',(9.5,-6.741264624326,13.141572524848));
#10532 = CARTESIAN_POINT('',(9.5,-6.672045609542,13.262852329671));
#10533 = CARTESIAN_POINT('',(9.5,-6.571495125158,13.364040271465));
#10534 = CARTESIAN_POINT('',(9.5,-6.446981848844,13.435345729237));
#10535 = CARTESIAN_POINT('',(9.5,-6.309720853378,13.470906345271));
#10536 = CARTESIAN_POINT('',(9.5,-6.171450658475,13.469971921694));
#10537 = CARTESIAN_POINT('',(9.5,-6.04249115515,13.435684093859));
#10538 = CARTESIAN_POINT('',(9.5,-6.969407057962,13.062874032189));
#10539 = CARTESIAN_POINT('',(9.5,-6.922939782938,13.236292260532));
#10540 = CARTESIAN_POINT('',(9.5,-6.831067150641,13.397541862127));
#10541 = CARTESIAN_POINT('',(9.5,-6.697650255334,13.532246393027));
#10542 = CARTESIAN_POINT('',(9.5,-6.532332026741,13.627501298661));
#10543 = CARTESIAN_POINT('',(9.5,-6.349783660642,13.675415735694));
#10544 = CARTESIAN_POINT('',(9.5,-6.165571258128,13.674772124482));
#10545 = CARTESIAN_POINT('',(9.5,-5.993495603964,13.629589834036));
#10546 = CARTESIAN_POINT('',(9.7,-6.969407057962,13.062874032189));
#10547 = CARTESIAN_POINT('',(9.699999999241,-6.922939783583,
    13.236292261058));
#10548 = CARTESIAN_POINT('',(9.699999997759,-6.831067152162,
    13.397541864184));
#10549 = CARTESIAN_POINT('',(9.699999995787,-6.697650257097,
    13.53224639734));
#10550 = CARTESIAN_POINT('',(9.699999994222,-6.532332028744,
    13.627501303934));
#10551 = CARTESIAN_POINT('',(9.699999994424,-6.349783662553,
    13.675415741255));
#10552 = CARTESIAN_POINT('',(9.699999996595,-6.165571258818,
    13.674772128184));
#10553 = CARTESIAN_POINT('',(9.700000000274,-5.993495604031,
    13.62958983377));
#10554 = DEFINITIONAL_REPRESENTATION('',(#10555),#10559);
#10555 = LINE('',#10556,#10557);
#10556 = CARTESIAN_POINT('',(1.556493687937,0.));
#10557 = VECTOR('',#10558,1.);
#10558 = DIRECTION('',(0.,1.));
#10559 = ( GEOMETRIC_REPRESENTATION_CONTEXT(2) 
PARAMETRIC_REPRESENTATION_CONTEXT() REPRESENTATION_CONTEXT('2D SPACE',''
  ) );
#10560 = ORIENTED_EDGE('',*,*,#7624,.F.);
#10561 = ADVANCED_FACE('',(#10562),#7796,.F.);
#10562 = FACE_BOUND('',#10563,.F.);
#10563 = EDGE_LOOP('',(#10564,#10622,#10667,#10712));
#10564 = ORIENTED_EDGE('',*,*,#10565,.F.);
#10565 = EDGE_CURVE('',#10566,#7625,#10568,.T.);
#10566 = VERTEX_POINT('',#10567);
#10567 = CARTESIAN_POINT('',(9.5,-6.04249115515,13.435684093859));
#10568 = SURFACE_CURVE('',#10569,(#10573,#10615),.PCURVE_S1.);
#10569 = ( BOUNDED_CURVE() B_SPLINE_CURVE(2,(#10570,#10571,#10572),
.UNSPECIFIED.,.F.,.F.) B_SPLINE_CURVE_WITH_KNOTS((3,3),(0.,
1.556493687937),.PIECEWISE_BEZIER_KNOTS.) CURVE() 
GEOMETRIC_REPRESENTATION_ITEM() RATIONAL_B_SPLINE_CURVE((1.,
0.707106780702,1.)) REPRESENTATION_ITEM('') );
#10570 = CARTESIAN_POINT('',(9.5,-6.04249115515,13.435684093859));
#10571 = CARTESIAN_POINT('',(9.5,-5.993495603964,13.629589834036));
#10572 = CARTESIAN_POINT('',(9.700000000274,-5.993495604031,
    13.62958983377));
#10573 = PCURVE('',#7796,#10574);
#10574 = DEFINITIONAL_REPRESENTATION('',(#10575),#10614);
#10575 = B_SPLINE_CURVE_WITH_KNOTS('',10,(#10576,#10577,#10578,#10579,
    #10580,#10581,#10582,#10583,#10584,#10585,#10586,#10587,#10588,
    #10589,#10590,#10591,#10592,#10593,#10594,#10595,#10596,#10597,
    #10598,#10599,#10600,#10601,#10602,#10603,#10604,#10605,#10606,
    #10607,#10608,#10609,#10610,#10611,#10612,#10613),.UNSPECIFIED.,.F.,
  .F.,(11,9,9,9,11),(0.,0.194561710992,0.389123421984,0.778246843968,
    1.556493687937),.UNSPECIFIED.);
#10576 = CARTESIAN_POINT('',(2.104027529166,0.803121404959));
#10577 = CARTESIAN_POINT('',(2.077727276366,0.803121404959));
#10578 = CARTESIAN_POINT('',(2.051421513115,0.803121404959));
#10579 = CARTESIAN_POINT('',(2.025089608874,0.803121404959));
#10580 = CARTESIAN_POINT('',(1.998875350584,0.803121404959));
#10581 = CARTESIAN_POINT('',(1.972473563492,0.803121404959));
#10582 = CARTESIAN_POINT('',(1.946244646676,0.803121404959));
#10583 = CARTESIAN_POINT('',(1.919912730887,0.803121404959));
#10584 = CARTESIAN_POINT('',(1.893621158032,0.803121404959));
#10585 = CARTESIAN_POINT('',(1.867319762646,0.803121404959));
#10586 = CARTESIAN_POINT('',(1.814719357235,0.803121404959));
#10587 = CARTESIAN_POINT('',(1.78841914937,0.803121404959));
#10588 = CARTESIAN_POINT('',(1.762118936986,0.803121404959));
#10589 = CARTESIAN_POINT('',(1.735818720733,0.803121404959));
#10590 = CARTESIAN_POINT('',(1.709518501249,0.803121404958));
#10591 = CARTESIAN_POINT('',(1.683218279186,0.803121404959));
#10592 = CARTESIAN_POINT('',(1.656918055182,0.803121404959));
#10593 = CARTESIAN_POINT('',(1.630617829885,0.803121404959));
#10594 = CARTESIAN_POINT('',(1.604317603938,0.803121404959));
#10595 = CARTESIAN_POINT('',(1.525416926084,0.803121404959));
#10596 = CARTESIAN_POINT('',(1.472816466026,0.803121404959));
#10597 = CARTESIAN_POINT('',(1.420215997357,0.803121404959));
#10598 = CARTESIAN_POINT('',(1.367615519625,0.803121404959));
#10599 = CARTESIAN_POINT('',(1.31501503237,0.803121404958));
#10600 = CARTESIAN_POINT('',(1.262414535144,0.803121404959));
#10601 = CARTESIAN_POINT('',(1.209814027485,0.803121404959));
#10602 = CARTESIAN_POINT('',(1.157213508944,0.803121404959));
#10603 = CARTESIAN_POINT('',(1.104612979064,0.803121404959));
#10604 = CARTESIAN_POINT('',(0.946811354041,0.803121404959));
#10605 = CARTESIAN_POINT('',(0.841610228917,0.803121404959));
#10606 = CARTESIAN_POINT('',(0.736409064317,0.803121404958));
#10607 = CARTESIAN_POINT('',(0.631207862542,0.80312140496));
#10608 = CARTESIAN_POINT('',(0.526006625891,0.803121404958));
#10609 = CARTESIAN_POINT('',(0.420805356665,0.803121404959));
#10610 = CARTESIAN_POINT('',(0.315604057163,0.803121404959));
#10611 = CARTESIAN_POINT('',(0.210402729685,0.803121404959));
#10612 = CARTESIAN_POINT('',(0.10520137653,0.803121404959));
#10613 = CARTESIAN_POINT('',(0.,0.803121404959));
#10614 = ( GEOMETRIC_REPRESENTATION_CONTEXT(2) 
PARAMETRIC_REPRESENTATION_CONTEXT() REPRESENTATION_CONTEXT('2D SPACE',''
  ) );
#10615 = PCURVE('',#10529,#10616);
#10616 = DEFINITIONAL_REPRESENTATION('',(#10617),#10621);
#10617 = LINE('',#10618,#10619);
#10618 = CARTESIAN_POINT('',(0.,1.556493687937));
#10619 = VECTOR('',#10620,1.);
#10620 = DIRECTION('',(1.,0.));
#10621 = ( GEOMETRIC_REPRESENTATION_CONTEXT(2) 
PARAMETRIC_REPRESENTATION_CONTEXT() REPRESENTATION_CONTEXT('2D SPACE',''
  ) );
#10622 = ORIENTED_EDGE('',*,*,#10623,.T.);
#10623 = EDGE_CURVE('',#10566,#10624,#10626,.T.);
#10624 = VERTEX_POINT('',#10625);
#10625 = CARTESIAN_POINT('',(9.5,-4.952743822246,13.17506250741));
#10626 = SURFACE_CURVE('',#10627,(#10642,#10649),.PCURVE_S1.);
#10627 = B_SPLINE_CURVE_WITH_KNOTS('',7,(#10628,#10629,#10630,#10631,
    #10632,#10633,#10634,#10635,#10636,#10637,#10638,#10639,#10640,
    #10641),.UNSPECIFIED.,.F.,.F.,(8,6,8),(0.657079408867,2.761106938033
    ,2.861332997218),.UNSPECIFIED.);
#10628 = CARTESIAN_POINT('',(9.5,-6.182252756053,13.472781969868));
#10629 = CARTESIAN_POINT('',(9.5,-5.895901449781,13.395965664674));
#10630 = CARTESIAN_POINT('',(9.5,-5.602912191254,13.32124654991));
#10631 = CARTESIAN_POINT('',(9.5,-5.306824066477,13.249604234333));
#10632 = CARTESIAN_POINT('',(9.5,-5.010882283103,13.183171243017));
#10633 = CARTESIAN_POINT('',(9.5,-4.713545321774,13.121397990178));
#10634 = CARTESIAN_POINT('',(9.5,-4.415145598993,13.065218630998));
#10635 = CARTESIAN_POINT('',(9.5,-4.101182478075,13.012571107041));
#10636 = CARTESIAN_POINT('',(9.5,-4.086906767465,13.010177256406));
#10637 = CARTESIAN_POINT('',(9.5,-4.072631056854,13.007783405771));
#10638 = CARTESIAN_POINT('',(9.5,-4.058355346244,13.005389555136));
#10639 = CARTESIAN_POINT('',(9.5,-4.044079635633,13.002995704501));
#10640 = CARTESIAN_POINT('',(9.5,-4.029803925023,13.000601853866));
#10641 = CARTESIAN_POINT('',(9.5,-4.015528214413,12.998208003231));
#10642 = PCURVE('',#7796,#10643);
#10643 = DEFINITIONAL_REPRESENTATION('',(#10644),#10648);
#10644 = LINE('',#10645,#10646);
#10645 = CARTESIAN_POINT('',(2.104027529166,0.));
#10646 = VECTOR('',#10647,1.);
#10647 = DIRECTION('',(0.,1.));
#10648 = ( GEOMETRIC_REPRESENTATION_CONTEXT(2) 
PARAMETRIC_REPRESENTATION_CONTEXT() REPRESENTATION_CONTEXT('2D SPACE',''
  ) );
#10649 = PCURVE('',#10081,#10650);
#10650 = DEFINITIONAL_REPRESENTATION('',(#10651),#10666);
#10651 = B_SPLINE_CURVE_WITH_KNOTS('',7,(#10652,#10653,#10654,#10655,
    #10656,#10657,#10658,#10659,#10660,#10661,#10662,#10663,#10664,
    #10665),.UNSPECIFIED.,.F.,.F.,(8,6,8),(0.657079408867,2.761106938033
    ,2.861332997218),.UNSPECIFIED.);
#10652 = CARTESIAN_POINT('',(2.400044963651,-4.495759311522));
#10653 = CARTESIAN_POINT('',(2.399959282238,-4.199283666644));
#10654 = CARTESIAN_POINT('',(2.403617359687,-3.896939045073));
#10655 = CARTESIAN_POINT('',(2.411049442537,-3.592397482787));
#10656 = CARTESIAN_POINT('',(2.423475470286,-3.289345547772));
#10657 = CARTESIAN_POINT('',(2.4407635584,-2.986152003402));
#10658 = CARTESIAN_POINT('',(2.463729995772,-2.683379716513));
#10659 = CARTESIAN_POINT('',(2.494136027845,-2.366488447638));
#10660 = CARTESIAN_POINT('',(2.495518571481,-2.352079595935));
#10661 = CARTESIAN_POINT('',(2.496901115117,-2.337670744232));
#10662 = CARTESIAN_POINT('',(2.498283658753,-2.32326189253));
#10663 = CARTESIAN_POINT('',(2.499666202388,-2.308853040827));
#10664 = CARTESIAN_POINT('',(2.501048746024,-2.294444189124));
#10665 = CARTESIAN_POINT('',(2.50243128966,-2.280035337422));
#10666 = ( GEOMETRIC_REPRESENTATION_CONTEXT(2) 
PARAMETRIC_REPRESENTATION_CONTEXT() REPRESENTATION_CONTEXT('2D SPACE',''
  ) );
#10667 = ORIENTED_EDGE('',*,*,#10668,.T.);
#10668 = EDGE_CURVE('',#10624,#7765,#10669,.T.);
#10669 = SURFACE_CURVE('',#10670,(#10675,#10705),.PCURVE_S1.);
#10670 = CIRCLE('',#10671,0.2);
#10671 = AXIS2_PLACEMENT_3D('',#10672,#10673,#10674);
#10672 = CARTESIAN_POINT('',(9.7,-4.952743835228,13.175062447056));
#10673 = DIRECTION('',(0.,0.977641831716,-0.210277076447));
#10674 = DIRECTION('',(0.,0.210277076447,0.977641831716));
#10675 = PCURVE('',#7796,#10676);
#10676 = DEFINITIONAL_REPRESENTATION('',(#10677),#10704);
#10677 = B_SPLINE_CURVE_WITH_KNOTS('',9,(#10678,#10679,#10680,#10681,
    #10682,#10683,#10684,#10685,#10686,#10687,#10688,#10689,#10690,
    #10691,#10692,#10693,#10694,#10695,#10696,#10697,#10698,#10699,
    #10700,#10701,#10702,#10703),.UNSPECIFIED.,.F.,.F.,(10,8,8,10),(
    4.712388980385,5.105088062083,5.497787143782,6.28318530718),
  .UNSPECIFIED.);
#10678 = CARTESIAN_POINT('',(2.104027529166,1.917280926667));
#10679 = CARTESIAN_POINT('',(2.039111213118,1.917280926667));
#10680 = CARTESIAN_POINT('',(1.975515604434,1.917280926667));
#10681 = CARTESIAN_POINT('',(1.913104969111,1.917280926667));
#10682 = CARTESIAN_POINT('',(1.851749523796,1.917280926667));
#10683 = CARTESIAN_POINT('',(1.79135327951,1.917280926667));
#10684 = CARTESIAN_POINT('',(1.731789174497,1.917280926667));
#10685 = CARTESIAN_POINT('',(1.672975396081,1.917280926667));
#10686 = CARTESIAN_POINT('',(1.614810783796,1.917280926667));
#10687 = CARTESIAN_POINT('',(1.499607002756,1.917280926667));
#10688 = CARTESIAN_POINT('',(1.44256752302,1.917280926667));
#10689 = CARTESIAN_POINT('',(1.386001803978,1.917280926667));
#10690 = CARTESIAN_POINT('',(1.32982542028,1.917280926667));
#10691 = CARTESIAN_POINT('',(1.273957295246,1.917280926667));
#10692 = CARTESIAN_POINT('',(1.218318824796,1.917280926667));
#10693 = CARTESIAN_POINT('',(1.162833001377,1.917280926667));
#10694 = CARTESIAN_POINT('',(1.107423537891,1.917280926667));
#10695 = CARTESIAN_POINT('',(0.941194899102,1.917280926667));
#10696 = CARTESIAN_POINT('',(0.830375677372,1.917280926667));
#10697 = CARTESIAN_POINT('',(0.718946235208,1.917280926667));
#10698 = CARTESIAN_POINT('',(0.606296365797,1.917280926667));
#10699 = CARTESIAN_POINT('',(0.491790039276,1.917280926667));
#10700 = CARTESIAN_POINT('',(0.374741629057,1.917280926667));
#10701 = CARTESIAN_POINT('',(0.254385778092,1.917280926667));
#10702 = CARTESIAN_POINT('',(0.12983261126,1.917280926667));
#10703 = CARTESIAN_POINT('',(0.,1.917280926667));
#10704 = ( GEOMETRIC_REPRESENTATION_CONTEXT(2) 
PARAMETRIC_REPRESENTATION_CONTEXT() REPRESENTATION_CONTEXT('2D SPACE',''
  ) );
#10705 = PCURVE('',#9911,#10706);
#10706 = DEFINITIONAL_REPRESENTATION('',(#10707),#10711);
#10707 = LINE('',#10708,#10709);
#10708 = CARTESIAN_POINT('',(-0.,0.));
#10709 = VECTOR('',#10710,1.);
#10710 = DIRECTION('',(-0.,1.));
#10711 = ( GEOMETRIC_REPRESENTATION_CONTEXT(2) 
PARAMETRIC_REPRESENTATION_CONTEXT() REPRESENTATION_CONTEXT('2D SPACE',''
  ) );
#10712 = ORIENTED_EDGE('',*,*,#7764,.F.);
#10713 = ADVANCED_FACE('',(#10714),#7907,.F.);
#10714 = FACE_BOUND('',#10715,.T.);
#10715 = EDGE_LOOP('',(#10716,#10740,#10741,#10742));
#10716 = ORIENTED_EDGE('',*,*,#10717,.F.);
#10717 = EDGE_CURVE('',#7873,#10718,#10720,.T.);
#10718 = VERTEX_POINT('',#10719);
#10719 = CARTESIAN_POINT('',(-31.45,-9.440296560334,4.614129530478));
#10720 = SURFACE_CURVE('',#10721,(#10726,#10733),.PCURVE_S1.);
#10721 = CIRCLE('',#10722,0.2);
#10722 = AXIS2_PLACEMENT_3D('',#10723,#10724,#10725);
#10723 = CARTESIAN_POINT('',(-31.45,-9.388532751313,4.807314695736));
#10724 = DIRECTION('',(-1.,0.,-0.));
#10725 = DIRECTION('',(0.,0.965925826289,-0.258819045103));
#10726 = PCURVE('',#7907,#10727);
#10727 = DEFINITIONAL_REPRESENTATION('',(#10728),#10732);
#10728 = LINE('',#10729,#10730);
#10729 = CARTESIAN_POINT('',(-0.,0.));
#10730 = VECTOR('',#10731,1.);
#10731 = DIRECTION('',(-0.,1.));
#10732 = ( GEOMETRIC_REPRESENTATION_CONTEXT(2) 
PARAMETRIC_REPRESENTATION_CONTEXT() REPRESENTATION_CONTEXT('2D SPACE',''
  ) );
#10733 = PCURVE('',#7966,#10734);
#10734 = DEFINITIONAL_REPRESENTATION('',(#10735),#10739);
#10735 = LINE('',#10736,#10737);
#10736 = CARTESIAN_POINT('',(0.,62.9));
#10737 = VECTOR('',#10738,1.);
#10738 = DIRECTION('',(1.,0.));
#10739 = ( GEOMETRIC_REPRESENTATION_CONTEXT(2) 
PARAMETRIC_REPRESENTATION_CONTEXT() REPRESENTATION_CONTEXT('2D SPACE',''
  ) );
#10740 = ORIENTED_EDGE('',*,*,#7892,.T.);
#10741 = ORIENTED_EDGE('',*,*,#9235,.T.);
#10742 = ORIENTED_EDGE('',*,*,#10743,.F.);
#10743 = EDGE_CURVE('',#10718,#9236,#10744,.T.);
#10744 = SURFACE_CURVE('',#10745,(#10750,#10757),.PCURVE_S1.);
#10745 = CIRCLE('',#10746,0.5);
#10746 = AXIS2_PLACEMENT_3D('',#10747,#10748,#10749);
#10747 = CARTESIAN_POINT('',(-31.45,-9.923259473479,4.74353905303));
#10748 = DIRECTION('',(-7.650914066162E-19,0.258819045103,0.965925826289
    ));
#10749 = DIRECTION('',(-5.075523852974E-15,0.965925826289,
    -0.258819045103));
#10750 = PCURVE('',#7907,#10751);
#10751 = DEFINITIONAL_REPRESENTATION('',(#10752),#10756);
#10752 = LINE('',#10753,#10754);
#10753 = CARTESIAN_POINT('',(-0.,1.570796326795));
#10754 = VECTOR('',#10755,1.);
#10755 = DIRECTION('',(-1.,0.));
#10756 = ( GEOMETRIC_REPRESENTATION_CONTEXT(2) 
PARAMETRIC_REPRESENTATION_CONTEXT() REPRESENTATION_CONTEXT('2D SPACE',''
  ) );
#10757 = PCURVE('',#9301,#10758);
#10758 = DEFINITIONAL_REPRESENTATION('',(#10759),#10763);
#10759 = CIRCLE('',#10760,0.5);
#10760 = AXIS2_PLACEMENT_2D('',#10761,#10762);
#10761 = CARTESIAN_POINT('',(0.985357452193,4.243709543714));
#10762 = DIRECTION('',(6.672499282568E-02,0.997771404347));
#10763 = ( GEOMETRIC_REPRESENTATION_CONTEXT(2) 
PARAMETRIC_REPRESENTATION_CONTEXT() REPRESENTATION_CONTEXT('2D SPACE',''
  ) );
#10764 = ADVANCED_FACE('',(#10765),#7941,.F.);
#10765 = FACE_BOUND('',#10766,.F.);
#10766 = EDGE_LOOP('',(#10767,#10788,#10815,#10816,#10817));
#10767 = ORIENTED_EDGE('',*,*,#10768,.F.);
#10768 = EDGE_CURVE('',#10769,#10129,#10771,.T.);
#10769 = VERTEX_POINT('',#10770);
#10770 = CARTESIAN_POINT('',(32.15,-9.871495664458,4.936724218287));
#10771 = SURFACE_CURVE('',#10772,(#10775,#10781),.PCURVE_S1.);
#10772 = B_SPLINE_CURVE_WITH_KNOTS('',1,(#10773,#10774),.UNSPECIFIED.,
  .F.,.F.,(2,2),(0.,1.),.PIECEWISE_BEZIER_KNOTS.);
#10773 = CARTESIAN_POINT('',(32.15,-9.923259473479,4.74353905303));
#10774 = CARTESIAN_POINT('',(32.15,8.194073683698,72.358346893264));
#10775 = PCURVE('',#7941,#10776);
#10776 = DEFINITIONAL_REPRESENTATION('',(#10777),#10780);
#10777 = B_SPLINE_CURVE_WITH_KNOTS('',1,(#10778,#10779),.UNSPECIFIED.,
  .F.,.F.,(2,2),(0.,1.),.PIECEWISE_BEZIER_KNOTS.);
#10778 = CARTESIAN_POINT('',(1.570796326795,0.));
#10779 = CARTESIAN_POINT('',(1.570796326795,70.));
#10780 = ( GEOMETRIC_REPRESENTATION_CONTEXT(2) 
PARAMETRIC_REPRESENTATION_CONTEXT() REPRESENTATION_CONTEXT('2D SPACE',''
  ) );
#10781 = PCURVE('',#8971,#10782);
#10782 = DEFINITIONAL_REPRESENTATION('',(#10783),#10787);
#10783 = LINE('',#10784,#10785);
#10784 = CARTESIAN_POINT('',(7.444453864422,0.));
#10785 = VECTOR('',#10786,1.);
#10786 = DIRECTION('',(0.,1.));
#10787 = ( GEOMETRIC_REPRESENTATION_CONTEXT(2) 
PARAMETRIC_REPRESENTATION_CONTEXT() REPRESENTATION_CONTEXT('2D SPACE',''
  ) );
#10788 = ORIENTED_EDGE('',*,*,#10789,.T.);
#10789 = EDGE_CURVE('',#10769,#7926,#10790,.T.);
#10790 = SURFACE_CURVE('',#10791,(#10796,#10803),.PCURVE_S1.);
#10791 = CIRCLE('',#10792,0.7);
#10792 = AXIS2_PLACEMENT_3D('',#10793,#10794,#10795);
#10793 = CARTESIAN_POINT('',(31.45,-9.871495664458,4.936724218287));
#10794 = DIRECTION('',(-7.650914066163E-19,0.258819045103,0.965925826289
    ));
#10795 = DIRECTION('',(1.,-3.061688356517E-15,8.211690035136E-16));
#10796 = PCURVE('',#7941,#10797);
#10797 = DEFINITIONAL_REPRESENTATION('',(#10798),#10802);
#10798 = LINE('',#10799,#10800);
#10799 = CARTESIAN_POINT('',(1.570796326795,0.2));
#10800 = VECTOR('',#10801,1.);
#10801 = DIRECTION('',(1.,0.));
#10802 = ( GEOMETRIC_REPRESENTATION_CONTEXT(2) 
PARAMETRIC_REPRESENTATION_CONTEXT() REPRESENTATION_CONTEXT('2D SPACE',''
  ) );
#10803 = PCURVE('',#10804,#10809);
#10804 = TOROIDAL_SURFACE('',#10805,0.5,0.2);
#10805 = AXIS2_PLACEMENT_3D('',#10806,#10807,#10808);
#10806 = CARTESIAN_POINT('',(31.45,-9.871495664458,4.936724218287));
#10807 = DIRECTION('',(7.650914066162E-19,-0.258819045103,
    -0.965925826289));
#10808 = DIRECTION('',(1.,-3.061688356517E-15,8.211690035136E-16));
#10809 = DEFINITIONAL_REPRESENTATION('',(#10810),#10814);
#10810 = LINE('',#10811,#10812);
#10811 = CARTESIAN_POINT('',(-0.,0.));
#10812 = VECTOR('',#10813,1.);
#10813 = DIRECTION('',(-1.,0.));
#10814 = ( GEOMETRIC_REPRESENTATION_CONTEXT(2) 
PARAMETRIC_REPRESENTATION_CONTEXT() REPRESENTATION_CONTEXT('2D SPACE',''
  ) );
#10815 = ORIENTED_EDGE('',*,*,#7925,.T.);
#10816 = ORIENTED_EDGE('',*,*,#10391,.F.);
#10817 = ORIENTED_EDGE('',*,*,#10265,.F.);
#10818 = ADVANCED_FACE('',(#10819),#7966,.F.);
#10819 = FACE_BOUND('',#10820,.F.);
#10820 = EDGE_LOOP('',(#10821,#10845,#10866,#10867));
#10821 = ORIENTED_EDGE('',*,*,#10822,.T.);
#10822 = EDGE_CURVE('',#7926,#10823,#10825,.T.);
#10823 = VERTEX_POINT('',#10824);
#10824 = CARTESIAN_POINT('',(31.45,-9.440296560334,4.614129530478));
#10825 = SURFACE_CURVE('',#10826,(#10831,#10838),.PCURVE_S1.);
#10826 = CIRCLE('',#10827,0.2);
#10827 = AXIS2_PLACEMENT_3D('',#10828,#10829,#10830);
#10828 = CARTESIAN_POINT('',(31.45,-9.388532751313,4.807314695736));
#10829 = DIRECTION('',(-1.,-9.542594961337E-16,2.549009804497E-16));
#10830 = DIRECTION('',(-9.877171206528E-16,0.965925826289,
    -0.258819045103));
#10831 = PCURVE('',#7966,#10832);
#10832 = DEFINITIONAL_REPRESENTATION('',(#10833),#10837);
#10833 = LINE('',#10834,#10835);
#10834 = CARTESIAN_POINT('',(0.,0.));
#10835 = VECTOR('',#10836,1.);
#10836 = DIRECTION('',(1.,0.));
#10837 = ( GEOMETRIC_REPRESENTATION_CONTEXT(2) 
PARAMETRIC_REPRESENTATION_CONTEXT() REPRESENTATION_CONTEXT('2D SPACE',''
  ) );
#10838 = PCURVE('',#10804,#10839);
#10839 = DEFINITIONAL_REPRESENTATION('',(#10840),#10844);
#10840 = LINE('',#10841,#10842);
#10841 = CARTESIAN_POINT('',(-1.570796326795,0.));
#10842 = VECTOR('',#10843,1.);
#10843 = DIRECTION('',(-0.,1.));
#10844 = ( GEOMETRIC_REPRESENTATION_CONTEXT(2) 
PARAMETRIC_REPRESENTATION_CONTEXT() REPRESENTATION_CONTEXT('2D SPACE',''
  ) );
#10845 = ORIENTED_EDGE('',*,*,#10846,.T.);
#10846 = EDGE_CURVE('',#10823,#10718,#10847,.T.);
#10847 = SURFACE_CURVE('',#10848,(#10852,#10859),.PCURVE_S1.);
#10848 = LINE('',#10849,#10850);
#10849 = CARTESIAN_POINT('',(31.45,-9.440296560334,4.614129530478));
#10850 = VECTOR('',#10851,1.);
#10851 = DIRECTION('',(-1.,-0.,0.));
#10852 = PCURVE('',#7966,#10853);
#10853 = DEFINITIONAL_REPRESENTATION('',(#10854),#10858);
#10854 = LINE('',#10855,#10856);
#10855 = CARTESIAN_POINT('',(1.570796326795,0.));
#10856 = VECTOR('',#10857,1.);
#10857 = DIRECTION('',(0.,1.));
#10858 = ( GEOMETRIC_REPRESENTATION_CONTEXT(2) 
PARAMETRIC_REPRESENTATION_CONTEXT() REPRESENTATION_CONTEXT('2D SPACE',''
  ) );
#10859 = PCURVE('',#9301,#10860);
#10860 = DEFINITIONAL_REPRESENTATION('',(#10861),#10865);
#10861 = LINE('',#10862,#10863);
#10862 = CARTESIAN_POINT('',(63.778541282027,0.545593197151));
#10863 = VECTOR('',#10864,1.);
#10864 = DIRECTION('',(-0.997771404347,6.672499282569E-02));
#10865 = ( GEOMETRIC_REPRESENTATION_CONTEXT(2) 
PARAMETRIC_REPRESENTATION_CONTEXT() REPRESENTATION_CONTEXT('2D SPACE',''
  ) );
#10866 = ORIENTED_EDGE('',*,*,#10717,.F.);
#10867 = ORIENTED_EDGE('',*,*,#7952,.F.);
#10868 = ADVANCED_FACE('',(#10869),#8254,.T.);
#10869 = FACE_BOUND('',#10870,.T.);
#10870 = EDGE_LOOP('',(#10871,#10901,#10902,#10932));
#10871 = ORIENTED_EDGE('',*,*,#10872,.T.);
#10872 = EDGE_CURVE('',#10873,#8171,#10875,.T.);
#10873 = VERTEX_POINT('',#10874);
#10874 = CARTESIAN_POINT('',(9.5,-7.242192914101,11.272082696461));
#10875 = SURFACE_CURVE('',#10876,(#10880,#10894),.PCURVE_S1.);
#10876 = ( BOUNDED_CURVE() B_SPLINE_CURVE(2,(#10877,#10878,#10879),
.UNSPECIFIED.,.F.,.F.) B_SPLINE_CURVE_WITH_KNOTS((3,3),(0.,
1.097639672586),.PIECEWISE_BEZIER_KNOTS.) CURVE() 
GEOMETRIC_REPRESENTATION_ITEM() RATIONAL_B_SPLINE_CURVE((1.,
0.707106781187,1.)) REPRESENTATION_ITEM('') );
#10877 = CARTESIAN_POINT('',(9.5,-7.242192914101,11.272082696461));
#10878 = CARTESIAN_POINT('',(9.5,-7.435378079359,11.323846505481));
#10879 = CARTESIAN_POINT('',(9.7,-7.435378079359,11.323846505481));
#10880 = PCURVE('',#8254,#10881);
#10881 = DEFINITIONAL_REPRESENTATION('',(#10882),#10893);
#10882 = B_SPLINE_CURVE_WITH_KNOTS('',9,(#10883,#10884,#10885,#10886,
    #10887,#10888,#10889,#10890,#10891,#10892),.UNSPECIFIED.,.F.,.F.,(10
    ,10),(0.,1.097639672586),.PIECEWISE_BEZIER_KNOTS.);
#10883 = CARTESIAN_POINT('',(0.,-4.319587370949E-15));
#10884 = CARTESIAN_POINT('',(0.157134840264,-4.319587370949E-15));
#10885 = CARTESIAN_POINT('',(0.325774716871,-4.31958737095E-15));
#10886 = CARTESIAN_POINT('',(0.504566386719,-4.319587370949E-15));
#10887 = CARTESIAN_POINT('',(0.690744851727,-4.31958737095E-15));
#10888 = CARTESIAN_POINT('',(0.880051475299,-4.319587370949E-15));
#10889 = CARTESIAN_POINT('',(1.066229939773,-4.31958737095E-15));
#10890 = CARTESIAN_POINT('',(1.245021610025,-4.319587370949E-15));
#10891 = CARTESIAN_POINT('',(1.413661486531,-4.319587370949E-15));
#10892 = CARTESIAN_POINT('',(1.570796326795,-4.319587370949E-15));
#10893 = ( GEOMETRIC_REPRESENTATION_CONTEXT(2) 
PARAMETRIC_REPRESENTATION_CONTEXT() REPRESENTATION_CONTEXT('2D SPACE',''
  ) );
#10894 = PCURVE('',#8200,#10895);
#10895 = DEFINITIONAL_REPRESENTATION('',(#10896),#10900);
#10896 = LINE('',#10897,#10898);
#10897 = CARTESIAN_POINT('',(0.,27.995451512194));
#10898 = VECTOR('',#10899,1.);
#10899 = DIRECTION('',(1.,0.));
#10900 = ( GEOMETRIC_REPRESENTATION_CONTEXT(2) 
PARAMETRIC_REPRESENTATION_CONTEXT() REPRESENTATION_CONTEXT('2D SPACE',''
  ) );
#10901 = ORIENTED_EDGE('',*,*,#8238,.T.);
#10902 = ORIENTED_EDGE('',*,*,#10903,.F.);
#10903 = EDGE_CURVE('',#10904,#8239,#10906,.T.);
#10904 = VERTEX_POINT('',#10905);
#10905 = CARTESIAN_POINT('',(9.5,-6.776221892704,13.011110223168));
#10906 = SURFACE_CURVE('',#10907,(#10911,#10925),.PCURVE_S1.);
#10907 = ( BOUNDED_CURVE() B_SPLINE_CURVE(2,(#10908,#10909,#10910),
.UNSPECIFIED.,.F.,.F.) B_SPLINE_CURVE_WITH_KNOTS((3,3),(0.,
1.556493687937),.PIECEWISE_BEZIER_KNOTS.) CURVE() 
GEOMETRIC_REPRESENTATION_ITEM() RATIONAL_B_SPLINE_CURVE((1.,
0.707106781187,1.)) REPRESENTATION_ITEM('') );
#10908 = CARTESIAN_POINT('',(9.5,-6.776221892704,13.011110223168));
#10909 = CARTESIAN_POINT('',(9.5,-6.969407057962,13.062874032189));
#10910 = CARTESIAN_POINT('',(9.7,-6.969407057962,13.062874032189));
#10911 = PCURVE('',#8254,#10912);
#10912 = DEFINITIONAL_REPRESENTATION('',(#10913),#10924);
#10913 = B_SPLINE_CURVE_WITH_KNOTS('',9,(#10914,#10915,#10916,#10917,
    #10918,#10919,#10920,#10921,#10922,#10923),.UNSPECIFIED.,.F.,.F.,(10
    ,10),(0.,1.556493687937),.PIECEWISE_BEZIER_KNOTS.);
#10914 = CARTESIAN_POINT('',(0.,1.800373775478));
#10915 = CARTESIAN_POINT('',(0.157134840264,1.800373775478));
#10916 = CARTESIAN_POINT('',(0.325774716871,1.800373775478));
#10917 = CARTESIAN_POINT('',(0.504566386719,1.800373775477));
#10918 = CARTESIAN_POINT('',(0.690744851727,1.800373775478));
#10919 = CARTESIAN_POINT('',(0.880051475299,1.800373775477));
#10920 = CARTESIAN_POINT('',(1.066229939773,1.800373775478));
#10921 = CARTESIAN_POINT('',(1.245021610025,1.800373775478));
#10922 = CARTESIAN_POINT('',(1.413661486531,1.800373775478));
#10923 = CARTESIAN_POINT('',(1.570796326795,1.800373775478));
#10924 = ( GEOMETRIC_REPRESENTATION_CONTEXT(2) 
PARAMETRIC_REPRESENTATION_CONTEXT() REPRESENTATION_CONTEXT('2D SPACE',''
  ) );
#10925 = PCURVE('',#10529,#10926);
#10926 = DEFINITIONAL_REPRESENTATION('',(#10927),#10931);
#10927 = LINE('',#10928,#10929);
#10928 = CARTESIAN_POINT('',(0.,1.760023872129E-14));
#10929 = VECTOR('',#10930,1.);
#10930 = DIRECTION('',(1.,0.));
#10931 = ( GEOMETRIC_REPRESENTATION_CONTEXT(2) 
PARAMETRIC_REPRESENTATION_CONTEXT() REPRESENTATION_CONTEXT('2D SPACE',''
  ) );
#10932 = ORIENTED_EDGE('',*,*,#10933,.F.);
#10933 = EDGE_CURVE('',#10873,#10904,#10934,.T.);
#10934 = SURFACE_CURVE('',#10935,(#10939,#10946),.PCURVE_S1.);
#10935 = LINE('',#10936,#10937);
#10936 = CARTESIAN_POINT('',(9.5,-7.242192914101,11.272082696461));
#10937 = VECTOR('',#10938,1.);
#10938 = DIRECTION('',(0.,0.258819045103,0.965925826289));
#10939 = PCURVE('',#8254,#10940);
#10940 = DEFINITIONAL_REPRESENTATION('',(#10941),#10945);
#10941 = LINE('',#10942,#10943);
#10942 = CARTESIAN_POINT('',(0.,0.));
#10943 = VECTOR('',#10944,1.);
#10944 = DIRECTION('',(0.,1.));
#10945 = ( GEOMETRIC_REPRESENTATION_CONTEXT(2) 
PARAMETRIC_REPRESENTATION_CONTEXT() REPRESENTATION_CONTEXT('2D SPACE',''
  ) );
#10946 = PCURVE('',#10081,#10947);
#10947 = DEFINITIONAL_REPRESENTATION('',(#10948),#10952);
#10948 = LINE('',#10949,#10950);
#10949 = CARTESIAN_POINT('',(3.080900647892E-15,-4.95));
#10950 = VECTOR('',#10951,1.);
#10951 = DIRECTION('',(1.,-1.225300278295E-17));
#10952 = ( GEOMETRIC_REPRESENTATION_CONTEXT(2) 
PARAMETRIC_REPRESENTATION_CONTEXT() REPRESENTATION_CONTEXT('2D SPACE',''
  ) );
#10953 = ADVANCED_FACE('',(#10954),#8200,.T.);
#10954 = FACE_BOUND('',#10955,.T.);
#10955 = EDGE_LOOP('',(#10956,#10987,#10988,#10989));
#10956 = ORIENTED_EDGE('',*,*,#10957,.T.);
#10957 = EDGE_CURVE('',#10958,#8138,#10960,.T.);
#10958 = VERTEX_POINT('',#10959);
#10959 = CARTESIAN_POINT('',(9.696898669783,-7.520365047525,
    10.233930161272));
#10960 = SURFACE_CURVE('',#10961,(#10966,#10980),.PCURVE_S1.);
#10961 = CIRCLE('',#10962,0.2);
#10962 = AXIS2_PLACEMENT_3D('',#10963,#10964,#10965);
#10963 = CARTESIAN_POINT('',(9.89252818993,-7.509602746468,
    10.274095615622));
#10964 = DIRECTION('',(-0.207911690818,0.253163227991,0.944818029471));
#10965 = DIRECTION('',(0.978147600734,5.38115052831E-02,0.200827271748)
  );
#10966 = PCURVE('',#8200,#10967);
#10967 = DEFINITIONAL_REPRESENTATION('',(#10968),#10979);
#10968 = B_SPLINE_CURVE_WITH_KNOTS('',9,(#10969,#10970,#10971,#10972,
    #10973,#10974,#10975,#10976,#10977,#10978),.UNSPECIFIED.,.F.,.F.,(10
    ,10),(3.14159265359,4.712388980385),.PIECEWISE_BEZIER_KNOTS.);
#10969 = CARTESIAN_POINT('',(-3.330669073875E-16,26.897811839608));
#10970 = CARTESIAN_POINT('',(0.135463460377,26.897811839608));
#10971 = CARTESIAN_POINT('',(0.259909696803,26.897811839609));
#10972 = CARTESIAN_POINT('',(0.377858193714,26.897811839606));
#10973 = CARTESIAN_POINT('',(0.492205925354,26.897811839611));
#10974 = CARTESIAN_POINT('',(0.605433747231,26.897811839606));
#10975 = CARTESIAN_POINT('',(0.719781478872,26.89781183961));
#10976 = CARTESIAN_POINT('',(0.837729975782,26.897811839607));
#10977 = CARTESIAN_POINT('',(0.962176212209,26.897811839608));
#10978 = CARTESIAN_POINT('',(1.097639672586,26.897811839608));
#10979 = ( GEOMETRIC_REPRESENTATION_CONTEXT(2) 
PARAMETRIC_REPRESENTATION_CONTEXT() REPRESENTATION_CONTEXT('2D SPACE',''
  ) );
#10980 = PCURVE('',#8158,#10981);
#10981 = DEFINITIONAL_REPRESENTATION('',(#10982),#10986);
#10982 = LINE('',#10983,#10984);
#10983 = CARTESIAN_POINT('',(-1.780235837034,0.));
#10984 = VECTOR('',#10985,1.);
#10985 = DIRECTION('',(-0.,1.));
#10986 = ( GEOMETRIC_REPRESENTATION_CONTEXT(2) 
PARAMETRIC_REPRESENTATION_CONTEXT() REPRESENTATION_CONTEXT('2D SPACE',''
  ) );
#10987 = ORIENTED_EDGE('',*,*,#8170,.T.);
#10988 = ORIENTED_EDGE('',*,*,#10872,.F.);
#10989 = ORIENTED_EDGE('',*,*,#10990,.F.);
#10990 = EDGE_CURVE('',#10958,#10873,#10991,.T.);
#10991 = SURFACE_CURVE('',#10992,(#11003,#11010),.PCURVE_S1.);
#10992 = ( BOUNDED_CURVE() B_SPLINE_CURVE(9,(#10993,#10994,#10995,#10996
    ,#10997,#10998,#10999,#11000,#11001,#11002),.UNSPECIFIED.,.F.,.F.) 
B_SPLINE_CURVE_WITH_KNOTS((10,10),(26.897811839608,27.995451512194),
.PIECEWISE_BEZIER_KNOTS.) CURVE() GEOMETRIC_REPRESENTATION_ITEM() 
RATIONAL_B_SPLINE_CURVE((1.,1.,1.,1.,1.,1.,1.,1.,1.,1.)) 
REPRESENTATION_ITEM('') );
#10993 = CARTESIAN_POINT('',(9.696898669783,-7.520365047525,
    10.233930161272));
#10994 = CARTESIAN_POINT('',(9.666268852277,-7.483068715403,
    10.373121967686));
#10995 = CARTESIAN_POINT('',(9.630126795097,-7.451585353333,
    10.490619474527));
#10996 = CARTESIAN_POINT('',(9.59598926009,-7.424033078873,
    10.593445962675));
#10997 = CARTESIAN_POINT('',(9.568146484041,-7.39831751994,
    10.689417735156));
#10998 = CARTESIAN_POINT('',(9.540423184542,-7.372728017426,
    10.784919058679));
#10999 = CARTESIAN_POINT('',(9.521026351773,-7.346533195925,
    10.882679463416));
#11000 = CARTESIAN_POINT('',(9.500034774606,-7.316667087594,
    10.994141297131));
#11001 = CARTESIAN_POINT('',(9.5,-7.282606032712,11.12125888451));
#11002 = CARTESIAN_POINT('',(9.5,-7.242192914101,11.272082696461));
#11003 = PCURVE('',#8200,#11004);
#11004 = DEFINITIONAL_REPRESENTATION('',(#11005),#11009);
#11005 = LINE('',#11006,#11007);
#11006 = CARTESIAN_POINT('',(0.,0.));
#11007 = VECTOR('',#11008,1.);
#11008 = DIRECTION('',(0.,1.));
#11009 = ( GEOMETRIC_REPRESENTATION_CONTEXT(2) 
PARAMETRIC_REPRESENTATION_CONTEXT() REPRESENTATION_CONTEXT('2D SPACE',''
  ) );
#11010 = PCURVE('',#10008,#11011);
#11011 = DEFINITIONAL_REPRESENTATION('',(#11012),#11023);
#11012 = B_SPLINE_CURVE_WITH_KNOTS('',9,(#11013,#11014,#11015,#11016,
    #11017,#11018,#11019,#11020,#11021,#11022),.UNSPECIFIED.,.F.,.F.,(10
    ,10),(26.897811839608,27.995451512194),.PIECEWISE_BEZIER_KNOTS.);
#11013 = CARTESIAN_POINT('',(-1.097746581307E-16,-4.95));
#11014 = CARTESIAN_POINT('',(0.134076449939,-4.95));
#11015 = CARTESIAN_POINT('',(0.247255508959,-4.95));
#11016 = CARTESIAN_POINT('',(0.346304792014,-4.949999999999));
#11017 = CARTESIAN_POINT('',(0.438745836926,-4.950000000001));
#11018 = CARTESIAN_POINT('',(0.530742249304,-4.949999999999));
#11019 = CARTESIAN_POINT('',(0.624906113413,-4.950000000001));
#11020 = CARTESIAN_POINT('',(0.732273422047,-4.95));
#11021 = CARTESIAN_POINT('',(0.854719025539,-4.95));
#11022 = CARTESIAN_POINT('',(1.,-4.95));
#11023 = ( GEOMETRIC_REPRESENTATION_CONTEXT(2) 
PARAMETRIC_REPRESENTATION_CONTEXT() REPRESENTATION_CONTEXT('2D SPACE',''
  ) );
#11024 = ADVANCED_FACE('',(#11025),#7996,.T.);
#11025 = FACE_BOUND('',#11026,.T.);
#11026 = EDGE_LOOP('',(#11027,#11028,#11029,#11058));
#11027 = ORIENTED_EDGE('',*,*,#8338,.T.);
#11028 = ORIENTED_EDGE('',*,*,#7980,.T.);
#11029 = ORIENTED_EDGE('',*,*,#11030,.F.);
#11030 = EDGE_CURVE('',#8405,#7981,#11031,.T.);
#11031 = SURFACE_CURVE('',#11032,(#11037,#11044),.PCURVE_S1.);
#11032 = CIRCLE('',#11033,0.2);
#11033 = AXIS2_PLACEMENT_3D('',#11034,#11035,#11036);
#11034 = CARTESIAN_POINT('',(-9.7,-7.242192914101,11.272082696461));
#11035 = DIRECTION('',(0.,-0.258819045103,-0.965925826289));
#11036 = DIRECTION('',(1.,0.,0.));
#11037 = PCURVE('',#7996,#11038);
#11038 = DEFINITIONAL_REPRESENTATION('',(#11039),#11043);
#11039 = LINE('',#11040,#11041);
#11040 = CARTESIAN_POINT('',(0.,2.508225999273));
#11041 = VECTOR('',#11042,1.);
#11042 = DIRECTION('',(1.,0.));
#11043 = ( GEOMETRIC_REPRESENTATION_CONTEXT(2) 
PARAMETRIC_REPRESENTATION_CONTEXT() REPRESENTATION_CONTEXT('2D SPACE',''
  ) );
#11044 = PCURVE('',#8038,#11045);
#11045 = DEFINITIONAL_REPRESENTATION('',(#11046),#11057);
#11046 = B_SPLINE_CURVE_WITH_KNOTS('',9,(#11047,#11048,#11049,#11050,
    #11051,#11052,#11053,#11054,#11055,#11056),.UNSPECIFIED.,.F.,.F.,(10
    ,10),(0.,1.570796326795),.PIECEWISE_BEZIER_KNOTS.);
#11047 = CARTESIAN_POINT('',(2.22044604925E-16,2.508225999273));
#11048 = CARTESIAN_POINT('',(0.135463460348,2.508225999273));
#11049 = CARTESIAN_POINT('',(0.259909696747,2.508225999273));
#11050 = CARTESIAN_POINT('',(0.377858193632,2.508225999273));
#11051 = CARTESIAN_POINT('',(0.492205925248,2.508225999274));
#11052 = CARTESIAN_POINT('',(0.605433747101,2.508225999273));
#11053 = CARTESIAN_POINT('',(0.719781478716,2.508225999273));
#11054 = CARTESIAN_POINT('',(0.837729975601,2.508225999273));
#11055 = CARTESIAN_POINT('',(0.962176212001,2.508225999273));
#11056 = CARTESIAN_POINT('',(1.097639672349,2.508225999273));
#11057 = ( GEOMETRIC_REPRESENTATION_CONTEXT(2) 
PARAMETRIC_REPRESENTATION_CONTEXT() REPRESENTATION_CONTEXT('2D SPACE',''
  ) );
#11058 = ORIENTED_EDGE('',*,*,#8489,.F.);
#11059 = ADVANCED_FACE('',(#11060),#8158,.T.);
#11060 = FACE_BOUND('',#11061,.F.);
#11061 = EDGE_LOOP('',(#11062,#11086,#11108,#11109));
#11062 = ORIENTED_EDGE('',*,*,#11063,.F.);
#11063 = EDGE_CURVE('',#11064,#8110,#11066,.T.);
#11064 = VERTEX_POINT('',#11065);
#11065 = CARTESIAN_POINT('',(7.32,-8.280057284962,7.398720133042));
#11066 = SURFACE_CURVE('',#11067,(#11072,#11079),.PCURVE_S1.);
#11067 = CIRCLE('',#11068,0.2);
#11068 = AXIS2_PLACEMENT_3D('',#11069,#11070,#11071);
#11069 = CARTESIAN_POINT('',(7.32,-8.331821093982,7.205534967784));
#11070 = DIRECTION('',(1.,0.,-0.));
#11071 = DIRECTION('',(0.,0.258819045103,0.965925826289));
#11072 = PCURVE('',#8158,#11073);
#11073 = DEFINITIONAL_REPRESENTATION('',(#11074),#11078);
#11074 = LINE('',#11075,#11076);
#11075 = CARTESIAN_POINT('',(3.655055225103E-16,3.14159265359));
#11076 = VECTOR('',#11077,1.);
#11077 = DIRECTION('',(-0.,1.));
#11078 = ( GEOMETRIC_REPRESENTATION_CONTEXT(2) 
PARAMETRIC_REPRESENTATION_CONTEXT() REPRESENTATION_CONTEXT('2D SPACE',''
  ) );
#11079 = PCURVE('',#8125,#11080);
#11080 = DEFINITIONAL_REPRESENTATION('',(#11081),#11085);
#11081 = LINE('',#11082,#11083);
#11082 = CARTESIAN_POINT('',(0.,14.64));
#11083 = VECTOR('',#11084,1.);
#11084 = DIRECTION('',(1.,0.));
#11085 = ( GEOMETRIC_REPRESENTATION_CONTEXT(2) 
PARAMETRIC_REPRESENTATION_CONTEXT() REPRESENTATION_CONTEXT('2D SPACE',''
  ) );
#11086 = ORIENTED_EDGE('',*,*,#11087,.T.);
#11087 = EDGE_CURVE('',#11064,#10958,#11088,.T.);
#11088 = SURFACE_CURVE('',#11089,(#11094,#11101),.PCURVE_S1.);
#11089 = CIRCLE('',#11090,2.43);
#11090 = AXIS2_PLACEMENT_3D('',#11091,#11092,#11093);
#11091 = CARTESIAN_POINT('',(7.32,-7.651127005363,9.745919890924));
#11092 = DIRECTION('',(-8.131483905582E-32,-0.965925826289,
    0.258819045103));
#11093 = DIRECTION('',(3.289549702593E-15,-0.258819045103,
    -0.965925826289));
#11094 = PCURVE('',#8158,#11095);
#11095 = DEFINITIONAL_REPRESENTATION('',(#11096),#11100);
#11096 = LINE('',#11097,#11098);
#11097 = CARTESIAN_POINT('',(-0.,3.14159265359));
#11098 = VECTOR('',#11099,1.);
#11099 = DIRECTION('',(-1.,0.));
#11100 = ( GEOMETRIC_REPRESENTATION_CONTEXT(2) 
PARAMETRIC_REPRESENTATION_CONTEXT() REPRESENTATION_CONTEXT('2D SPACE',''
  ) );
#11101 = PCURVE('',#9780,#11102);
#11102 = DEFINITIONAL_REPRESENTATION('',(#11103),#11107);
#11103 = LINE('',#11104,#11105);
#11104 = CARTESIAN_POINT('',(-3.655055225103E-16,-4.95));
#11105 = VECTOR('',#11106,1.);
#11106 = DIRECTION('',(-1.,0.));
#11107 = ( GEOMETRIC_REPRESENTATION_CONTEXT(2) 
PARAMETRIC_REPRESENTATION_CONTEXT() REPRESENTATION_CONTEXT('2D SPACE',''
  ) );
#11108 = ORIENTED_EDGE('',*,*,#10957,.T.);
#11109 = ORIENTED_EDGE('',*,*,#8137,.F.);
#11110 = ADVANCED_FACE('',(#11111),#8038,.T.);
#11111 = FACE_BOUND('',#11112,.T.);
#11112 = EDGE_LOOP('',(#11113,#11114,#11115,#11145));
#11113 = ORIENTED_EDGE('',*,*,#11030,.T.);
#11114 = ORIENTED_EDGE('',*,*,#8008,.T.);
#11115 = ORIENTED_EDGE('',*,*,#11116,.F.);
#11116 = EDGE_CURVE('',#11117,#8009,#11119,.T.);
#11117 = VERTEX_POINT('',#11118);
#11118 = CARTESIAN_POINT('',(-9.696898669783,-7.520365047525,
    10.233930161272));
#11119 = SURFACE_CURVE('',#11120,(#11124,#11131),.PCURVE_S1.);
#11120 = ( BOUNDED_CURVE() B_SPLINE_CURVE(2,(#11121,#11122,#11123),
.UNSPECIFIED.,.F.,.F.) B_SPLINE_CURVE_WITH_KNOTS((3,3),(0.,
1.097639672349),.PIECEWISE_BEZIER_KNOTS.) CURVE() 
GEOMETRIC_REPRESENTATION_ITEM() RATIONAL_B_SPLINE_CURVE((1.,
0.707106781187,1.)) REPRESENTATION_ITEM('') );
#11121 = CARTESIAN_POINT('',(-9.696898669783,-7.520365047525,
    10.233930161272));
#11122 = CARTESIAN_POINT('',(-9.696898669783,-7.713550212783,
    10.285693970293));
#11123 = CARTESIAN_POINT('',(-9.89252818993,-7.702787911726,
    10.325859424643));
#11124 = PCURVE('',#8038,#11125);
#11125 = DEFINITIONAL_REPRESENTATION('',(#11126),#11130);
#11126 = LINE('',#11127,#11128);
#11127 = CARTESIAN_POINT('',(0.,3.605865671622));
#11128 = VECTOR('',#11129,1.);
#11129 = DIRECTION('',(1.,0.));
#11130 = ( GEOMETRIC_REPRESENTATION_CONTEXT(2) 
PARAMETRIC_REPRESENTATION_CONTEXT() REPRESENTATION_CONTEXT('2D SPACE',''
  ) );
#11131 = PCURVE('',#8097,#11132);
#11132 = DEFINITIONAL_REPRESENTATION('',(#11133),#11144);
#11133 = B_SPLINE_CURVE_WITH_KNOTS('',9,(#11134,#11135,#11136,#11137,
    #11138,#11139,#11140,#11141,#11142,#11143),.UNSPECIFIED.,.F.,.F.,(10
    ,10),(0.,1.097639672349),.PIECEWISE_BEZIER_KNOTS.);
#11134 = CARTESIAN_POINT('',(0.,3.14159265359));
#11135 = CARTESIAN_POINT('',(0.,3.298727493853));
#11136 = CARTESIAN_POINT('',(0.,3.467367370461));
#11137 = CARTESIAN_POINT('',(0.,3.646159040308));
#11138 = CARTESIAN_POINT('',(0.,3.832337505317));
#11139 = CARTESIAN_POINT('',(0.,4.021644128888));
#11140 = CARTESIAN_POINT('',(0.,4.207822593363));
#11141 = CARTESIAN_POINT('',(0.,4.386614263614));
#11142 = CARTESIAN_POINT('',(0.,4.555254140121));
#11143 = CARTESIAN_POINT('',(0.,4.712388980385));
#11144 = ( GEOMETRIC_REPRESENTATION_CONTEXT(2) 
PARAMETRIC_REPRESENTATION_CONTEXT() REPRESENTATION_CONTEXT('2D SPACE',''
  ) );
#11145 = ORIENTED_EDGE('',*,*,#11146,.F.);
#11146 = EDGE_CURVE('',#8405,#11117,#11147,.T.);
#11147 = SURFACE_CURVE('',#11148,(#11159,#11166),.PCURVE_S1.);
#11148 = ( BOUNDED_CURVE() B_SPLINE_CURVE(9,(#11149,#11150,#11151,#11152
    ,#11153,#11154,#11155,#11156,#11157,#11158),.UNSPECIFIED.,.F.,.F.) 
B_SPLINE_CURVE_WITH_KNOTS((10,10),(2.508225999273,3.605865671622),
.PIECEWISE_BEZIER_KNOTS.) CURVE() GEOMETRIC_REPRESENTATION_ITEM() 
RATIONAL_B_SPLINE_CURVE((1.,1.,1.,1.,1.,1.,1.,1.,1.,1.)) 
REPRESENTATION_ITEM('') );
#11149 = CARTESIAN_POINT('',(-9.5,-7.242192914101,11.272082696461));
#11150 = CARTESIAN_POINT('',(-9.5,-7.282606033634,11.121258881072));
#11151 = CARTESIAN_POINT('',(-9.500034774636,-7.316667085315,
    10.994141305638));
#11152 = CARTESIAN_POINT('',(-9.521026353003,-7.346533187756,
    10.882679493903));
#11153 = CARTESIAN_POINT('',(-9.540423171025,-7.372728002514,
    10.784919114331));
#11154 = CARTESIAN_POINT('',(-9.568146465552,-7.398317500473,
    10.689417807808));
#11155 = CARTESIAN_POINT('',(-9.595989231807,-7.42403305667,
    10.593446045536));
#11156 = CARTESIAN_POINT('',(-9.630126769532,-7.451585332066,
    10.490619553894));
#11157 = CARTESIAN_POINT('',(-9.666268840278,-7.483068700793,
    10.37312202221));
#11158 = CARTESIAN_POINT('',(-9.696898669783,-7.520365047525,
    10.233930161272));
#11159 = PCURVE('',#8038,#11160);
#11160 = DEFINITIONAL_REPRESENTATION('',(#11161),#11165);
#11161 = LINE('',#11162,#11163);
#11162 = CARTESIAN_POINT('',(0.,0.));
#11163 = VECTOR('',#11164,1.);
#11164 = DIRECTION('',(0.,1.));
#11165 = ( GEOMETRIC_REPRESENTATION_CONTEXT(2) 
PARAMETRIC_REPRESENTATION_CONTEXT() REPRESENTATION_CONTEXT('2D SPACE',''
  ) );
#11166 = PCURVE('',#8420,#11167);
#11167 = DEFINITIONAL_REPRESENTATION('',(#11168),#11179);
#11168 = B_SPLINE_CURVE_WITH_KNOTS('',9,(#11169,#11170,#11171,#11172,
    #11173,#11174,#11175,#11176,#11177,#11178),.UNSPECIFIED.,.F.,.F.,(10
    ,10),(2.508225999273,3.605865671622),.PIECEWISE_BEZIER_KNOTS.);
#11169 = CARTESIAN_POINT('',(0.,-4.95));
#11170 = CARTESIAN_POINT('',(0.145280977772,-4.95));
#11171 = CARTESIAN_POINT('',(0.267726569758,-4.95));
#11172 = CARTESIAN_POINT('',(0.375093857222,-4.95));
#11173 = CARTESIAN_POINT('',(0.469257697085,-4.950000000001));
#11174 = CARTESIAN_POINT('',(0.561254093097,-4.95));
#11175 = CARTESIAN_POINT('',(0.653695128168,-4.95));
#11176 = CARTESIAN_POINT('',(0.752744414591,-4.95));
#11177 = CARTESIAN_POINT('',(0.86592349754,-4.95));
#11178 = CARTESIAN_POINT('',(1.,-4.95));
#11179 = ( GEOMETRIC_REPRESENTATION_CONTEXT(2) 
PARAMETRIC_REPRESENTATION_CONTEXT() REPRESENTATION_CONTEXT('2D SPACE',''
  ) );
#11180 = ADVANCED_FACE('',(#11181),#8125,.T.);
#11181 = FACE_BOUND('',#11182,.T.);
#11182 = EDGE_LOOP('',(#11183,#11207,#11208,#11209));
#11183 = ORIENTED_EDGE('',*,*,#11184,.T.);
#11184 = EDGE_CURVE('',#11185,#8077,#11187,.T.);
#11185 = VERTEX_POINT('',#11186);
#11186 = CARTESIAN_POINT('',(-7.32,-8.280057284962,7.398720133042));
#11187 = SURFACE_CURVE('',#11188,(#11193,#11200),.PCURVE_S1.);
#11188 = CIRCLE('',#11189,0.2);
#11189 = AXIS2_PLACEMENT_3D('',#11190,#11191,#11192);
#11190 = CARTESIAN_POINT('',(-7.32,-8.331821093982,7.205534967784));
#11191 = DIRECTION('',(1.,-1.221224168108E-15,-4.557670642811E-15));
#11192 = DIRECTION('',(-4.718447854657E-15,-0.258819045103,
    -0.965925826289));
#11193 = PCURVE('',#8125,#11194);
#11194 = DEFINITIONAL_REPRESENTATION('',(#11195),#11199);
#11195 = LINE('',#11196,#11197);
#11196 = CARTESIAN_POINT('',(-3.14159265359,0.));
#11197 = VECTOR('',#11198,1.);
#11198 = DIRECTION('',(1.,0.));
#11199 = ( GEOMETRIC_REPRESENTATION_CONTEXT(2) 
PARAMETRIC_REPRESENTATION_CONTEXT() REPRESENTATION_CONTEXT('2D SPACE',''
  ) );
#11200 = PCURVE('',#8097,#11201);
#11201 = DEFINITIONAL_REPRESENTATION('',(#11202),#11206);
#11202 = LINE('',#11203,#11204);
#11203 = CARTESIAN_POINT('',(-1.780235837034,0.));
#11204 = VECTOR('',#11205,1.);
#11205 = DIRECTION('',(-0.,1.));
#11206 = ( GEOMETRIC_REPRESENTATION_CONTEXT(2) 
PARAMETRIC_REPRESENTATION_CONTEXT() REPRESENTATION_CONTEXT('2D SPACE',''
  ) );
#11207 = ORIENTED_EDGE('',*,*,#8109,.T.);
#11208 = ORIENTED_EDGE('',*,*,#11063,.F.);
#11209 = ORIENTED_EDGE('',*,*,#11210,.F.);
#11210 = EDGE_CURVE('',#11185,#11064,#11211,.T.);
#11211 = SURFACE_CURVE('',#11212,(#11216,#11223),.PCURVE_S1.);
#11212 = LINE('',#11213,#11214);
#11213 = CARTESIAN_POINT('',(-7.32,-8.280057284962,7.398720133042));
#11214 = VECTOR('',#11215,1.);
#11215 = DIRECTION('',(1.,0.,0.));
#11216 = PCURVE('',#8125,#11217);
#11217 = DEFINITIONAL_REPRESENTATION('',(#11218),#11222);
#11218 = LINE('',#11219,#11220);
#11219 = CARTESIAN_POINT('',(0.,0.));
#11220 = VECTOR('',#11221,1.);
#11221 = DIRECTION('',(0.,1.));
#11222 = ( GEOMETRIC_REPRESENTATION_CONTEXT(2) 
PARAMETRIC_REPRESENTATION_CONTEXT() REPRESENTATION_CONTEXT('2D SPACE',''
  ) );
#11223 = PCURVE('',#9873,#11224);
#11224 = DEFINITIONAL_REPRESENTATION('',(#11225),#11229);
#11225 = LINE('',#11226,#11227);
#11226 = CARTESIAN_POINT('',(0.,-4.95));
#11227 = VECTOR('',#11228,1.);
#11228 = DIRECTION('',(1.,0.));
#11229 = ( GEOMETRIC_REPRESENTATION_CONTEXT(2) 
PARAMETRIC_REPRESENTATION_CONTEXT() REPRESENTATION_CONTEXT('2D SPACE',''
  ) );
#11230 = ADVANCED_FACE('',(#11231),#8097,.T.);
#11231 = FACE_BOUND('',#11232,.F.);
#11232 = EDGE_LOOP('',(#11233,#11234,#11256,#11257));
#11233 = ORIENTED_EDGE('',*,*,#11116,.F.);
#11234 = ORIENTED_EDGE('',*,*,#11235,.T.);
#11235 = EDGE_CURVE('',#11117,#11185,#11236,.T.);
#11236 = SURFACE_CURVE('',#11237,(#11242,#11249),.PCURVE_S1.);
#11237 = CIRCLE('',#11238,2.43);
#11238 = AXIS2_PLACEMENT_3D('',#11239,#11240,#11241);
#11239 = CARTESIAN_POINT('',(-7.32,-7.651127005363,9.745919890924));
#11240 = DIRECTION('',(2.545901445444E-18,-0.965925826289,0.258819045103
    ));
#11241 = DIRECTION('',(-0.978147600734,5.38115052831E-02,0.200827271748)
  );
#11242 = PCURVE('',#8097,#11243);
#11243 = DEFINITIONAL_REPRESENTATION('',(#11244),#11248);
#11244 = LINE('',#11245,#11246);
#11245 = CARTESIAN_POINT('',(-0.,3.14159265359));
#11246 = VECTOR('',#11247,1.);
#11247 = DIRECTION('',(-1.,0.));
#11248 = ( GEOMETRIC_REPRESENTATION_CONTEXT(2) 
PARAMETRIC_REPRESENTATION_CONTEXT() REPRESENTATION_CONTEXT('2D SPACE',''
  ) );
#11249 = PCURVE('',#9648,#11250);
#11250 = DEFINITIONAL_REPRESENTATION('',(#11251),#11255);
#11251 = LINE('',#11252,#11253);
#11252 = CARTESIAN_POINT('',(-0.,-4.95));
#11253 = VECTOR('',#11254,1.);
#11254 = DIRECTION('',(-1.,0.));
#11255 = ( GEOMETRIC_REPRESENTATION_CONTEXT(2) 
PARAMETRIC_REPRESENTATION_CONTEXT() REPRESENTATION_CONTEXT('2D SPACE',''
  ) );
#11256 = ORIENTED_EDGE('',*,*,#11184,.T.);
#11257 = ORIENTED_EDGE('',*,*,#8076,.F.);
#11258 = ADVANCED_FACE('',(#11259),#8420,.T.);
#11259 = FACE_BOUND('',#11260,.T.);
#11260 = EDGE_LOOP('',(#11261,#11284,#11319,#11320));
#11261 = ORIENTED_EDGE('',*,*,#11262,.F.);
#11262 = EDGE_CURVE('',#11263,#11117,#11265,.T.);
#11263 = VERTEX_POINT('',#11264);
#11264 = CARTESIAN_POINT('',(-9.696898669783,-5.250439355745,
    9.625705405282));
#11265 = SURFACE_CURVE('',#11266,(#11270,#11277),.PCURVE_S1.);
#11266 = LINE('',#11267,#11268);
#11267 = CARTESIAN_POINT('',(-9.696898669783,-2.739032207394,
    8.952775888015));
#11268 = VECTOR('',#11269,1.);
#11269 = DIRECTION('',(0.,-0.965925826289,0.258819045103));
#11270 = PCURVE('',#8420,#11271);
#11271 = DEFINITIONAL_REPRESENTATION('',(#11272),#11276);
#11272 = LINE('',#11273,#11274);
#11273 = CARTESIAN_POINT('',(1.,0.));
#11274 = VECTOR('',#11275,1.);
#11275 = DIRECTION('',(0.,-1.));
#11276 = ( GEOMETRIC_REPRESENTATION_CONTEXT(2) 
PARAMETRIC_REPRESENTATION_CONTEXT() REPRESENTATION_CONTEXT('2D SPACE',''
  ) );
#11277 = PCURVE('',#9648,#11278);
#11278 = DEFINITIONAL_REPRESENTATION('',(#11279),#11283);
#11279 = LINE('',#11280,#11281);
#11280 = CARTESIAN_POINT('',(-0.,0.));
#11281 = VECTOR('',#11282,1.);
#11282 = DIRECTION('',(-0.,-1.));
#11283 = ( GEOMETRIC_REPRESENTATION_CONTEXT(2) 
PARAMETRIC_REPRESENTATION_CONTEXT() REPRESENTATION_CONTEXT('2D SPACE',''
  ) );
#11284 = ORIENTED_EDGE('',*,*,#11285,.F.);
#11285 = EDGE_CURVE('',#8403,#11263,#11286,.T.);
#11286 = SURFACE_CURVE('',#11287,(#11298,#11312),.PCURVE_S1.);
#11287 = ( BOUNDED_CURVE() B_SPLINE_CURVE(9,(#11288,#11289,#11290,#11291
    ,#11292,#11293,#11294,#11295,#11296,#11297),.UNSPECIFIED.,.F.,.F.) 
B_SPLINE_CURVE_WITH_KNOTS((10,10),(2.691839110026,3.789478782374),
.PIECEWISE_BEZIER_KNOTS.) CURVE() GEOMETRIC_REPRESENTATION_ITEM() 
RATIONAL_B_SPLINE_CURVE((1.,1.,1.,1.,1.,1.,1.,1.,1.,1.)) 
REPRESENTATION_ITEM('') );
#11288 = CARTESIAN_POINT('',(-9.5,-4.972267222321,10.66385794047));
#11289 = CARTESIAN_POINT('',(-9.5,-5.012680341959,10.51303412469));
#11290 = CARTESIAN_POINT('',(-9.500034774637,-5.046741393672,
    10.385916549138));
#11291 = CARTESIAN_POINT('',(-9.521026353163,-5.07660749609,
    10.274454737489));
#11292 = CARTESIAN_POINT('',(-9.540423171069,-5.102802310781,
    10.176694358168));
#11293 = CARTESIAN_POINT('',(-9.568146465575,-5.128391808681,
    10.081193051863));
#11294 = CARTESIAN_POINT('',(-9.595989231717,-5.154107364825,
    9.985221289789));
#11295 = CARTESIAN_POINT('',(-9.630126769407,-5.18165964019,
    9.882394798264));
#11296 = CARTESIAN_POINT('',(-9.66626884021,-5.213143008931,
    9.764897266528));
#11297 = CARTESIAN_POINT('',(-9.696898669783,-5.250439355745,
    9.625705405282));
#11298 = PCURVE('',#8420,#11299);
#11299 = DEFINITIONAL_REPRESENTATION('',(#11300),#11311);
#11300 = B_SPLINE_CURVE_WITH_KNOTS('',9,(#11301,#11302,#11303,#11304,
    #11305,#11306,#11307,#11308,#11309,#11310),.UNSPECIFIED.,.F.,.F.,(10
    ,10),(2.691839110026,3.789478782374),.PIECEWISE_BEZIER_KNOTS.);
#11301 = CARTESIAN_POINT('',(1.110223024625E-16,-2.6));
#11302 = CARTESIAN_POINT('',(0.145280978149,-2.6));
#11303 = CARTESIAN_POINT('',(0.267726570249,-2.6));
#11304 = CARTESIAN_POINT('',(0.37509385763,-2.600000000001));
#11305 = CARTESIAN_POINT('',(0.469257697251,-2.599999999999));
#11306 = CARTESIAN_POINT('',(0.561254093052,-2.600000000001));
#11307 = CARTESIAN_POINT('',(0.653695127932,-2.6));
#11308 = CARTESIAN_POINT('',(0.752744414243,-2.6));
#11309 = CARTESIAN_POINT('',(0.865923497243,-2.6));
#11310 = CARTESIAN_POINT('',(1.,-2.6));
#11311 = ( GEOMETRIC_REPRESENTATION_CONTEXT(2) 
PARAMETRIC_REPRESENTATION_CONTEXT() REPRESENTATION_CONTEXT('2D SPACE',''
  ) );
#11312 = PCURVE('',#8690,#11313);
#11313 = DEFINITIONAL_REPRESENTATION('',(#11314),#11318);
#11314 = LINE('',#11315,#11316);
#11315 = CARTESIAN_POINT('',(1.097639672349,0.));
#11316 = VECTOR('',#11317,1.);
#11317 = DIRECTION('',(0.,1.));
#11318 = ( GEOMETRIC_REPRESENTATION_CONTEXT(2) 
PARAMETRIC_REPRESENTATION_CONTEXT() REPRESENTATION_CONTEXT('2D SPACE',''
  ) );
#11319 = ORIENTED_EDGE('',*,*,#8402,.T.);
#11320 = ORIENTED_EDGE('',*,*,#11146,.T.);
#11321 = ADVANCED_FACE('',(#11322),#8453,.T.);
#11322 = FACE_BOUND('',#11323,.T.);
#11323 = EDGE_LOOP('',(#11324,#11325,#11326,#11355));
#11324 = ORIENTED_EDGE('',*,*,#8513,.F.);
#11325 = ORIENTED_EDGE('',*,*,#8437,.T.);
#11326 = ORIENTED_EDGE('',*,*,#11327,.F.);
#11327 = EDGE_CURVE('',#8638,#8403,#11328,.T.);
#11328 = SURFACE_CURVE('',#11329,(#11334,#11341),.PCURVE_S1.);
#11329 = CIRCLE('',#11330,0.2);
#11330 = AXIS2_PLACEMENT_3D('',#11331,#11332,#11333);
#11331 = CARTESIAN_POINT('',(-9.7,-4.972267222321,10.66385794047));
#11332 = DIRECTION('',(0.,-0.258819045103,-0.965925826289));
#11333 = DIRECTION('',(0.,0.965925826289,-0.258819045103));
#11334 = PCURVE('',#8453,#11335);
#11335 = DEFINITIONAL_REPRESENTATION('',(#11336),#11340);
#11336 = LINE('',#11337,#11338);
#11337 = CARTESIAN_POINT('',(0.,2.691839110026));
#11338 = VECTOR('',#11339,1.);
#11339 = DIRECTION('',(1.,0.));
#11340 = ( GEOMETRIC_REPRESENTATION_CONTEXT(2) 
PARAMETRIC_REPRESENTATION_CONTEXT() REPRESENTATION_CONTEXT('2D SPACE',''
  ) );
#11341 = PCURVE('',#8690,#11342);
#11342 = DEFINITIONAL_REPRESENTATION('',(#11343),#11354);
#11343 = B_SPLINE_CURVE_WITH_KNOTS('',9,(#11344,#11345,#11346,#11347,
    #11348,#11349,#11350,#11351,#11352,#11353),.UNSPECIFIED.,.F.,.F.,(10
    ,10),(0.,1.570796326795),.PIECEWISE_BEZIER_KNOTS.);
#11344 = CARTESIAN_POINT('',(-2.22044604925E-16,2.691839110026));
#11345 = CARTESIAN_POINT('',(0.135463460348,2.691839110026));
#11346 = CARTESIAN_POINT('',(0.259909696747,2.691839110026));
#11347 = CARTESIAN_POINT('',(0.377858193632,2.691839110025));
#11348 = CARTESIAN_POINT('',(0.492205925248,2.691839110026));
#11349 = CARTESIAN_POINT('',(0.605433747101,2.691839110025));
#11350 = CARTESIAN_POINT('',(0.719781478716,2.691839110026));
#11351 = CARTESIAN_POINT('',(0.837729975601,2.691839110025));
#11352 = CARTESIAN_POINT('',(0.962176212001,2.691839110026));
#11353 = CARTESIAN_POINT('',(1.097639672349,2.691839110026));
#11354 = ( GEOMETRIC_REPRESENTATION_CONTEXT(2) 
PARAMETRIC_REPRESENTATION_CONTEXT() REPRESENTATION_CONTEXT('2D SPACE',''
  ) );
#11355 = ORIENTED_EDGE('',*,*,#8637,.F.);
#11356 = ADVANCED_FACE('',(#11357),#8747,.T.);
#11357 = FACE_BOUND('',#11358,.F.);
#11358 = EDGE_LOOP('',(#11359,#11387,#11388,#11389));
#11359 = ORIENTED_EDGE('',*,*,#11360,.F.);
#11360 = EDGE_CURVE('',#8661,#11263,#11361,.T.);
#11361 = SURFACE_CURVE('',#11362,(#11366,#11380),.PCURVE_S1.);
#11362 = ( BOUNDED_CURVE() B_SPLINE_CURVE(2,(#11363,#11364,#11365),
.UNSPECIFIED.,.F.,.F.) B_SPLINE_CURVE_WITH_KNOTS((3,3),(0.,
1.097639672349),.PIECEWISE_BEZIER_KNOTS.) CURVE() 
GEOMETRIC_REPRESENTATION_ITEM() RATIONAL_B_SPLINE_CURVE((1.,
0.707106781187,1.)) REPRESENTATION_ITEM('') );
#11363 = CARTESIAN_POINT('',(-9.89252818993,-5.046491889431,
    9.614107050611));
#11364 = CARTESIAN_POINT('',(-9.696898669783,-5.057254190488,
    9.573941596261));
#11365 = CARTESIAN_POINT('',(-9.696898669783,-5.250439355745,
    9.625705405282));
#11366 = PCURVE('',#8747,#11367);
#11367 = DEFINITIONAL_REPRESENTATION('',(#11368),#11379);
#11368 = B_SPLINE_CURVE_WITH_KNOTS('',9,(#11369,#11370,#11371,#11372,
    #11373,#11374,#11375,#11376,#11377,#11378),.UNSPECIFIED.,.F.,.F.,(10
    ,10),(0.,1.097639672349),.PIECEWISE_BEZIER_KNOTS.);
#11369 = CARTESIAN_POINT('',(7.310110450207E-16,1.570796326795));
#11370 = CARTESIAN_POINT('',(7.310110450207E-16,1.727931167059));
#11371 = CARTESIAN_POINT('',(7.310110450207E-16,1.896571043666));
#11372 = CARTESIAN_POINT('',(7.310110450206E-16,2.075362713514));
#11373 = CARTESIAN_POINT('',(7.310110450207E-16,2.261541178522));
#11374 = CARTESIAN_POINT('',(7.310110450206E-16,2.450847802093));
#11375 = CARTESIAN_POINT('',(7.310110450207E-16,2.637026266568));
#11376 = CARTESIAN_POINT('',(7.310110450207E-16,2.815817936819));
#11377 = CARTESIAN_POINT('',(7.310110450207E-16,2.984457813326));
#11378 = CARTESIAN_POINT('',(7.310110450207E-16,3.14159265359));
#11379 = ( GEOMETRIC_REPRESENTATION_CONTEXT(2) 
PARAMETRIC_REPRESENTATION_CONTEXT() REPRESENTATION_CONTEXT('2D SPACE',''
  ) );
#11380 = PCURVE('',#8690,#11381);
#11381 = DEFINITIONAL_REPRESENTATION('',(#11382),#11386);
#11382 = LINE('',#11383,#11384);
#11383 = CARTESIAN_POINT('',(0.,3.789478782374));
#11384 = VECTOR('',#11385,1.);
#11385 = DIRECTION('',(1.,0.));
#11386 = ( GEOMETRIC_REPRESENTATION_CONTEXT(2) 
PARAMETRIC_REPRESENTATION_CONTEXT() REPRESENTATION_CONTEXT('2D SPACE',''
  ) );
#11387 = ORIENTED_EDGE('',*,*,#8728,.T.);
#11388 = ORIENTED_EDGE('',*,*,#9592,.T.);
#11389 = ORIENTED_EDGE('',*,*,#11390,.F.);
#11390 = EDGE_CURVE('',#11263,#9593,#11391,.T.);
#11391 = SURFACE_CURVE('',#11392,(#11397,#11404),.PCURVE_S1.);
#11392 = CIRCLE('',#11393,2.43);
#11393 = AXIS2_PLACEMENT_3D('',#11394,#11395,#11396);
#11394 = CARTESIAN_POINT('',(-7.32,-5.381201313583,9.137695134933));
#11395 = DIRECTION('',(1.458580914602E-18,-0.965925826289,0.258819045103
    ));
#11396 = DIRECTION('',(-0.978147600734,5.38115052831E-02,0.200827271748)
  );
#11397 = PCURVE('',#8747,#11398);
#11398 = DEFINITIONAL_REPRESENTATION('',(#11399),#11403);
#11399 = LINE('',#11400,#11401);
#11400 = CARTESIAN_POINT('',(-0.,3.14159265359));
#11401 = VECTOR('',#11402,1.);
#11402 = DIRECTION('',(-1.,0.));
#11403 = ( GEOMETRIC_REPRESENTATION_CONTEXT(2) 
PARAMETRIC_REPRESENTATION_CONTEXT() REPRESENTATION_CONTEXT('2D SPACE',''
  ) );
#11404 = PCURVE('',#9648,#11405);
#11405 = DEFINITIONAL_REPRESENTATION('',(#11406),#11410);
#11406 = LINE('',#11407,#11408);
#11407 = CARTESIAN_POINT('',(-7.310110450207E-16,-2.6));
#11408 = VECTOR('',#11409,1.);
#11409 = DIRECTION('',(-1.,0.));
#11410 = ( GEOMETRIC_REPRESENTATION_CONTEXT(2) 
PARAMETRIC_REPRESENTATION_CONTEXT() REPRESENTATION_CONTEXT('2D SPACE',''
  ) );
#11411 = ADVANCED_FACE('',(#11412),#8690,.T.);
#11412 = FACE_BOUND('',#11413,.T.);
#11413 = EDGE_LOOP('',(#11414,#11415,#11416,#11417));
#11414 = ORIENTED_EDGE('',*,*,#11327,.T.);
#11415 = ORIENTED_EDGE('',*,*,#11285,.T.);
#11416 = ORIENTED_EDGE('',*,*,#11360,.F.);
#11417 = ORIENTED_EDGE('',*,*,#8660,.F.);
#11418 = ADVANCED_FACE('',(#11419),#8902,.T.);
#11419 = FACE_BOUND('',#11420,.F.);
#11420 = EDGE_LOOP('',(#11421,#11422,#11423));
#11421 = ORIENTED_EDGE('',*,*,#8887,.F.);
#11422 = ORIENTED_EDGE('',*,*,#9202,.T.);
#11423 = ORIENTED_EDGE('',*,*,#9111,.F.);
#11424 = ADVANCED_FACE('',(#11425),#8971,.F.);
#11425 = FACE_BOUND('',#11426,.F.);
#11426 = EDGE_LOOP('',(#11427,#11428,#11554,#11555,#11556));
#11427 = ORIENTED_EDGE('',*,*,#9561,.F.);
#11428 = ORIENTED_EDGE('',*,*,#11429,.T.);
#11429 = EDGE_CURVE('',#9522,#10769,#11430,.T.);
#11430 = SURFACE_CURVE('',#11431,(#11454,#11480),.PCURVE_S1.);
#11431 = ( BOUNDED_CURVE() B_SPLINE_CURVE(11,(#11432,#11433,#11434,
    #11435,#11436,#11437,#11438,#11439,#11440,#11441,#11442,#11443,
    #11444,#11445,#11446,#11447,#11448,#11449,#11450,#11451,#11452,
#11453),.UNSPECIFIED.,.F.,.F.) B_SPLINE_CURVE_WITH_KNOTS((12,10,12),(
    63.992613470643,63.999553420166,68.299557428756),.UNSPECIFIED.) 
CURVE() GEOMETRIC_REPRESENTATION_ITEM() RATIONAL_B_SPLINE_CURVE((1.,1.,
    1.,1.000000000001,0.999999999999,1.000000000001,0.999999999999,
    1.000000000001,1.,1.,1.,1.,1.000000000001,0.999999999999,
    1.000000000002,0.999999999997,1.000000000003,0.999999999998,
1.000000000001,1.,1.,1.)) REPRESENTATION_ITEM('') );
#11432 = CARTESIAN_POINT('',(32.15,-14.03172289212,6.051453744271));
#11433 = CARTESIAN_POINT('',(32.15,-14.03110944128,6.051289370613));
#11434 = CARTESIAN_POINT('',(32.15,-14.03049602449,6.051125006079));
#11435 = CARTESIAN_POINT('',(32.15,-14.02988264121,6.050960650526));
#11436 = CARTESIAN_POINT('',(32.15,-14.02926929092,6.05079630381));
#11437 = CARTESIAN_POINT('',(32.15,-14.02865597307,6.050631965789));
#11438 = CARTESIAN_POINT('',(32.15,-14.02804268714,6.050467636319));
#11439 = CARTESIAN_POINT('',(32.15,-14.02742943259,6.050303315257));
#11440 = CARTESIAN_POINT('',(32.15,-14.02681620889,6.05013900246));
#11441 = CARTESIAN_POINT('',(32.15,-14.02620301549,6.049974697786));
#11442 = CARTESIAN_POINT('',(32.15,-14.02558985187,6.049810401089));
#11443 = CARTESIAN_POINT('',(32.15,-13.64507766111,5.947852466865));
#11444 = CARTESIAN_POINT('',(32.15,-13.27615399503,5.848999668469));
#11445 = CARTESIAN_POINT('',(32.15,-12.88350171612,5.743788807428));
#11446 = CARTESIAN_POINT('',(32.15,-12.52428054775,5.647535785461));
#11447 = CARTESIAN_POINT('',(32.15,-12.12857182524,5.541505952826));
#11448 = CARTESIAN_POINT('',(32.15,-11.76508804234,5.444110766736));
#11449 = CARTESIAN_POINT('',(32.15,-11.37914138659,5.340696672005));
#11450 = CARTESIAN_POINT('',(32.15,-11.00511200018,5.240475799973));
#11451 = CARTESIAN_POINT('',(32.15,-10.62653888073,5.139037438339));
#11452 = CARTESIAN_POINT('',(32.15,-10.24908485109,5.037898935918));
#11453 = CARTESIAN_POINT('',(32.15,-9.871495664458,4.936724218287));
#11454 = PCURVE('',#8971,#11455);
#11455 = DEFINITIONAL_REPRESENTATION('',(#11456),#11479);
#11456 = B_SPLINE_CURVE_WITH_KNOTS('',11,(#11457,#11458,#11459,#11460,
    #11461,#11462,#11463,#11464,#11465,#11466,#11467,#11468,#11469,
    #11470,#11471,#11472,#11473,#11474,#11475,#11476,#11477,#11478),
  .UNSPECIFIED.,.F.,.F.,(12,10,12),(63.992613470643,63.999553420166,
    68.299557428756),.UNSPECIFIED.);
#11457 = CARTESIAN_POINT('',(0.7,2.857142857143E-03));
#11458 = CARTESIAN_POINT('',(0.7009945108,2.857142857143E-03));
#11459 = CARTESIAN_POINT('',(0.701988966398,2.857142857142E-03));
#11460 = CARTESIAN_POINT('',(0.702983367659,2.857142857145E-03));
#11461 = CARTESIAN_POINT('',(0.703977715449,2.857142857139E-03));
#11462 = CARTESIAN_POINT('',(0.704972010637,2.857142857148E-03));
#11463 = CARTESIAN_POINT('',(0.705966254084,2.857142857139E-03));
#11464 = CARTESIAN_POINT('',(0.706960446662,2.857142857146E-03));
#11465 = CARTESIAN_POINT('',(0.707954589232,2.857142857141E-03));
#11466 = CARTESIAN_POINT('',(0.708948682665,2.857142857143E-03));
#11467 = CARTESIAN_POINT('',(0.709942727823,2.857142857143E-03));
#11468 = CARTESIAN_POINT('',(1.326819348976,2.857142857142E-03));
#11469 = CARTESIAN_POINT('',(1.924908950636,2.857142857145E-03));
#11470 = CARTESIAN_POINT('',(2.561466771863,2.857142857139E-03));
#11471 = CARTESIAN_POINT('',(3.143826932645,2.857142857149E-03));
#11472 = CARTESIAN_POINT('',(3.785339781974,2.857142857136E-03));
#11473 = CARTESIAN_POINT('',(4.374610384307,2.85714285715E-03));
#11474 = CARTESIAN_POINT('',(5.00029722095,2.857142857137E-03));
#11475 = CARTESIAN_POINT('',(5.606664085677,2.857142857146E-03));
#11476 = CARTESIAN_POINT('',(6.220397134066,2.857142857141E-03));
#11477 = CARTESIAN_POINT('',(6.832315942709,2.857142857143E-03));
#11478 = CARTESIAN_POINT('',(7.444453864422,2.857142857143E-03));
#11479 = ( GEOMETRIC_REPRESENTATION_CONTEXT(2) 
PARAMETRIC_REPRESENTATION_CONTEXT() REPRESENTATION_CONTEXT('2D SPACE',''
  ) );
#11480 = PCURVE('',#11481,#11548);
#11481 = ( BOUNDED_SURFACE() B_SPLINE_SURFACE(2,11,(
    (#11482,#11483,#11484,#11485,#11486,#11487,#11488,#11489,#11490
      ,#11491,#11492,#11493,#11494,#11495,#11496,#11497,#11498,#11499
      ,#11500,#11501,#11502,#11503)
    ,(#11504,#11505,#11506,#11507,#11508,#11509,#11510,#11511,#11512
      ,#11513,#11514,#11515,#11516,#11517,#11518,#11519,#11520,#11521
      ,#11522,#11523,#11524,#11525)
    ,(#11526,#11527,#11528,#11529,#11530,#11531,#11532,#11533,#11534
      ,#11535,#11536,#11537,#11538,#11539,#11540,#11541,#11542,#11543
      ,#11544,#11545,#11546,#11547
)),.UNSPECIFIED.,.F.,.F.,.F.) B_SPLINE_SURFACE_WITH_KNOTS((3,3),(12,10,
    12),(0.,4.306943958113),(63.992613470643,63.999553420166,
68.299557428756),.UNSPECIFIED.) GEOMETRIC_REPRESENTATION_ITEM() 
RATIONAL_B_SPLINE_SURFACE((
    (1.,1.,1.,1.000000000001,0.999999999999,1.000000000001
      ,0.999999999999,1.000000000001,1.,1.,1.,1.,1.000000000001
      ,0.999999999999,1.000000000002,0.999999999997,1.000000000003
      ,0.999999999998,1.000000000001,1.,1.,1.)
    ,(0.707106781187,0.707106781187,0.707106781186,0.707106781187
      ,0.707106781186,0.707106781187,0.707106781186,0.707106781187
      ,0.707106781186,0.707106781187,0.707106781187,0.707106781186
      ,0.707106781187,0.707106781186,0.707106781188,0.707106781185
      ,0.707106781188,0.707106781185,0.707106781187,0.707106781186
      ,0.707106781187,0.707106781187)
    ,(1.,1.,1.,1.000000000001,0.999999999999,1.000000000001
      ,0.999999999999,1.000000000001,1.,1.,1.,1.,1.000000000001
      ,0.999999999999,1.000000000002,0.999999999997,1.000000000003
,0.999999999998,1.000000000001,1.,1.,1.
))) REPRESENTATION_ITEM('') SURFACE() );
#11482 = CARTESIAN_POINT('',(32.15,-14.03172289212,6.051453744271));
#11483 = CARTESIAN_POINT('',(32.15,-14.03110944128,6.051289370613));
#11484 = CARTESIAN_POINT('',(32.15,-14.03049602449,6.051125006079));
#11485 = CARTESIAN_POINT('',(32.15,-14.02988264121,6.050960650526));
#11486 = CARTESIAN_POINT('',(32.15,-14.02926929092,6.05079630381));
#11487 = CARTESIAN_POINT('',(32.15,-14.02865597307,6.050631965789));
#11488 = CARTESIAN_POINT('',(32.15,-14.02804268714,6.050467636319));
#11489 = CARTESIAN_POINT('',(32.15,-14.02742943259,6.050303315257));
#11490 = CARTESIAN_POINT('',(32.15,-14.02681620889,6.05013900246));
#11491 = CARTESIAN_POINT('',(32.15,-14.02620301549,6.049974697786));
#11492 = CARTESIAN_POINT('',(32.15,-14.02558985187,6.049810401089));
#11493 = CARTESIAN_POINT('',(32.15,-13.64507766111,5.947852466865));
#11494 = CARTESIAN_POINT('',(32.15,-13.27615399503,5.848999668469));
#11495 = CARTESIAN_POINT('',(32.15,-12.88350171612,5.743788807428));
#11496 = CARTESIAN_POINT('',(32.15,-12.52428054775,5.647535785461));
#11497 = CARTESIAN_POINT('',(32.15,-12.12857182524,5.541505952826));
#11498 = CARTESIAN_POINT('',(32.15,-11.76508804234,5.444110766736));
#11499 = CARTESIAN_POINT('',(32.15,-11.37914138659,5.340696672005));
#11500 = CARTESIAN_POINT('',(32.15,-11.00511200018,5.240475799973));
#11501 = CARTESIAN_POINT('',(32.15,-10.62653888073,5.139037438339));
#11502 = CARTESIAN_POINT('',(32.15,-10.24908485109,5.037898935918));
#11503 = CARTESIAN_POINT('',(32.15,-9.871495664458,4.936724218287));
#11504 = CARTESIAN_POINT('',(32.15,-14.08348670114,5.858268579013));
#11505 = CARTESIAN_POINT('',(32.15,-14.0828732503,5.858104205355));
#11506 = CARTESIAN_POINT('',(32.15,-14.08225983351,5.857939840821));
#11507 = CARTESIAN_POINT('',(32.15,-14.08164645023,5.857775485268));
#11508 = CARTESIAN_POINT('',(32.15,-14.08103309994,5.857611138552));
#11509 = CARTESIAN_POINT('',(32.15,-14.08041978209,5.857446800531));
#11510 = CARTESIAN_POINT('',(32.15,-14.07980649616,5.857282471061));
#11511 = CARTESIAN_POINT('',(32.15,-14.07919324161,5.85711815));
#11512 = CARTESIAN_POINT('',(32.15,-14.07858001791,5.856953837203));
#11513 = CARTESIAN_POINT('',(32.15,-14.07796682451,5.856789532528));
#11514 = CARTESIAN_POINT('',(32.15,-14.07735366089,5.856625235831));
#11515 = CARTESIAN_POINT('',(32.15,-13.69684147013,5.754667301607));
#11516 = CARTESIAN_POINT('',(32.15,-13.32791780405,5.655814503211));
#11517 = CARTESIAN_POINT('',(32.15,-12.93526552514,5.55060364217));
#11518 = CARTESIAN_POINT('',(32.149999999999,-12.57604435677,
    5.454350620203));
#11519 = CARTESIAN_POINT('',(32.150000000001,-12.18033563426,
    5.348320787567));
#11520 = CARTESIAN_POINT('',(32.15,-11.81685185136,5.250925601479));
#11521 = CARTESIAN_POINT('',(32.15,-11.43090519561,5.147511506747));
#11522 = CARTESIAN_POINT('',(32.15,-11.0568758092,5.047290634715));
#11523 = CARTESIAN_POINT('',(32.15,-10.67830268975,4.945852273082));
#11524 = CARTESIAN_POINT('',(32.15,-10.30084866011,4.844713770661));
#11525 = CARTESIAN_POINT('',(32.15,-9.923259473479,4.74353905303));
#11526 = CARTESIAN_POINT('',(31.950644285408,-14.06799272519,
    5.854116980669));
#11527 = CARTESIAN_POINT('',(31.950640610076,-14.06742339582,
    5.853964429323));
#11528 = CARTESIAN_POINT('',(31.95063701916,-14.06685322522,
    5.853811652573));
#11529 = CARTESIAN_POINT('',(31.950633512381,-14.06628220764,
    5.853658648874));
#11530 = CARTESIAN_POINT('',(31.950630089461,-14.06571033733,
    5.853505416685));
#11531 = CARTESIAN_POINT('',(31.950626750121,-14.06513760851,
    5.853351954461));
#11532 = CARTESIAN_POINT('',(31.950623494082,-14.06456401544,
    5.85319826066));
#11533 = CARTESIAN_POINT('',(31.950620321066,-14.06398955235,
    5.853044333739));
#11534 = CARTESIAN_POINT('',(31.950617230794,-14.06341421348,
    5.852890172155));
#11535 = CARTESIAN_POINT('',(31.950614222986,-14.06283799308,
    5.852735774364));
#11536 = CARTESIAN_POINT('',(31.950611297366,-14.06226088539,
    5.852581138824));
#11537 = CARTESIAN_POINT('',(31.948846484662,-13.70355268368,
    5.756465565857));
#11538 = CARTESIAN_POINT('',(31.951687335659,-13.33409130437,
    5.657468687637));
#11539 = CARTESIAN_POINT('',(31.948155866375,-12.93657476089,
    5.550954450832));
#11540 = CARTESIAN_POINT('',(31.951748721551,-12.57754231632,
    5.454751997253));
#11541 = CARTESIAN_POINT('',(31.948608034997,-12.17916388474,
    5.34800681823));
#11542 = CARTESIAN_POINT('',(31.950873100915,-11.81772459248,
    5.251159451755));
#11543 = CARTESIAN_POINT('',(31.949598183992,-11.4304540493,
    5.147390622458));
#11544 = CARTESIAN_POINT('',(31.950122070826,-11.05702455883,
    5.047330492057));
#11545 = CARTESIAN_POINT('',(31.949980989494,-10.67827809352,
    4.945845682542));
#11546 = CARTESIAN_POINT('',(31.95,-10.30084866011,4.844713770661));
#11547 = CARTESIAN_POINT('',(31.95,-9.923259473479,4.74353905303));
#11548 = DEFINITIONAL_REPRESENTATION('',(#11549),#11553);
#11549 = LINE('',#11550,#11551);
#11550 = CARTESIAN_POINT('',(0.,0.));
#11551 = VECTOR('',#11552,1.);
#11552 = DIRECTION('',(0.,1.));
#11553 = ( GEOMETRIC_REPRESENTATION_CONTEXT(2) 
PARAMETRIC_REPRESENTATION_CONTEXT() REPRESENTATION_CONTEXT('2D SPACE',''
  ) );
#11554 = ORIENTED_EDGE('',*,*,#10768,.T.);
#11555 = ORIENTED_EDGE('',*,*,#10128,.F.);
#11556 = ORIENTED_EDGE('',*,*,#8942,.F.);
#11557 = ADVANCED_FACE('',(#11558),#9301,.T.);
#11558 = FACE_BOUND('',#11559,.T.);
#11559 = EDGE_LOOP('',(#11560,#11561,#11600,#11661,#11683,#11684,#11685,
    #11686));
#11560 = ORIENTED_EDGE('',*,*,#9430,.T.);
#11561 = ORIENTED_EDGE('',*,*,#11562,.T.);
#11562 = EDGE_CURVE('',#9431,#11563,#11565,.T.);
#11563 = VERTEX_POINT('',#11564);
#11564 = CARTESIAN_POINT('',(31.950644285408,-14.06799272519,
    5.854116980669));
#11565 = SURFACE_CURVE('',#11566,(#11578,#11593),.PCURVE_S1.);
#11566 = ( BOUNDED_CURVE() B_SPLINE_CURVE(10,(#11567,#11568,#11569,
    #11570,#11571,#11572,#11573,#11574,#11575,#11576,#11577),
.UNSPECIFIED.,.F.,.F.) B_SPLINE_CURVE_WITH_KNOTS((11,11),(62.9,
63.992613470643),.PIECEWISE_BEZIER_KNOTS.) CURVE() 
GEOMETRIC_REPRESENTATION_ITEM() RATIONAL_B_SPLINE_CURVE((1.,1.,1.,1.,1.,
1.,1.,1.,1.,1.,1.)) REPRESENTATION_ITEM('') );
#11567 = CARTESIAN_POINT('',(31.45,-14.56633185937,5.98764654923));
#11568 = CARTESIAN_POINT('',(31.529114857202,-14.56633185937,
    5.98764654923));
#11569 = CARTESIAN_POINT('',(31.608296244961,-14.55272249517,
    5.983999931082));
#11570 = CARTESIAN_POINT('',(31.684156824346,-14.52701994839,
    5.97711295443));
#11571 = CARTESIAN_POINT('',(31.756607265658,-14.48368200125,
    5.965500586493));
#11572 = CARTESIAN_POINT('',(31.815160635745,-14.4397579557,
    5.953731173959));
#11573 = CARTESIAN_POINT('',(31.874540483559,-14.36923398702,
    5.934834333503));
#11574 = CARTESIAN_POINT('',(31.904543006888,-14.30817614217,
    5.918473933286));
#11575 = CARTESIAN_POINT('',(31.935274830361,-14.23855452522,
    5.899818877248));
#11576 = CARTESIAN_POINT('',(31.95128078705,-14.16659036405,
    5.880536138377));
#11577 = CARTESIAN_POINT('',(31.950644285408,-14.06799272519,
    5.854116980669));
#11578 = PCURVE('',#9301,#11579);
#11579 = DEFINITIONAL_REPRESENTATION('',(#11580),#11592);
#11580 = ( BOUNDED_CURVE() B_SPLINE_CURVE(10,(#11581,#11582,#11583,
    #11584,#11585,#11586,#11587,#11588,#11589,#11590,#11591),
.UNSPECIFIED.,.F.,.F.) B_SPLINE_CURVE_WITH_KNOTS((11,11),(62.9,
63.992613470643),.PIECEWISE_BEZIER_KNOTS.) CURVE() 
GEOMETRIC_REPRESENTATION_ITEM() RATIONAL_B_SPLINE_CURVE((1.,1.,1.,1.,1.,
1.,1.,1.,1.,1.,1.)) REPRESENTATION_ITEM('') );
#11581 = CARTESIAN_POINT('',(63.4244409368,-4.749442197756));
#11582 = CARTESIAN_POINT('',(63.503379478975,-4.754721136036));
#11583 = CARTESIAN_POINT('',(63.583324521928,-4.745946462663));
#11584 = CARTESIAN_POINT('',(63.660791539733,-4.724458326048));
#11585 = CARTESIAN_POINT('',(63.736074251503,-4.684525826679));
#11586 = CARTESIAN_POINT('',(63.797531349973,-4.643060623857));
#11587 = CARTESIAN_POINT('',(63.861650574942,-4.574173672594));
#11588 = CARTESIAN_POINT('',(63.895804037168,-4.513104731748));
#11589 = CARTESIAN_POINT('',(63.931276749287,-4.443238342607));
#11590 = CARTESIAN_POINT('',(63.95221823276,-4.369969594619));
#11591 = CARTESIAN_POINT('',(63.958394155775,-4.268078822752));
#11592 = ( GEOMETRIC_REPRESENTATION_CONTEXT(2) 
PARAMETRIC_REPRESENTATION_CONTEXT() REPRESENTATION_CONTEXT('2D SPACE',''
  ) );
#11593 = PCURVE('',#9468,#11594);
#11594 = DEFINITIONAL_REPRESENTATION('',(#11595),#11599);
#11595 = LINE('',#11596,#11597);
#11596 = CARTESIAN_POINT('',(1.092613470643,0.));
#11597 = VECTOR('',#11598,1.);
#11598 = DIRECTION('',(0.,1.));
#11599 = ( GEOMETRIC_REPRESENTATION_CONTEXT(2) 
PARAMETRIC_REPRESENTATION_CONTEXT() REPRESENTATION_CONTEXT('2D SPACE',''
  ) );
#11600 = ORIENTED_EDGE('',*,*,#11601,.T.);
#11601 = EDGE_CURVE('',#11563,#11602,#11604,.T.);
#11602 = VERTEX_POINT('',#11603);
#11603 = CARTESIAN_POINT('',(31.95,-9.923259473479,4.74353905303));
#11604 = SURFACE_CURVE('',#11605,(#11628,#11654),.PCURVE_S1.);
#11605 = ( BOUNDED_CURVE() B_SPLINE_CURVE(11,(#11606,#11607,#11608,
    #11609,#11610,#11611,#11612,#11613,#11614,#11615,#11616,#11617,
    #11618,#11619,#11620,#11621,#11622,#11623,#11624,#11625,#11626,
#11627),.UNSPECIFIED.,.F.,.F.) B_SPLINE_CURVE_WITH_KNOTS((12,10,12),(
    63.992613470643,63.999553420166,68.299557428756),.UNSPECIFIED.) 
CURVE() GEOMETRIC_REPRESENTATION_ITEM() RATIONAL_B_SPLINE_CURVE((1.,1.,
    1.,1.000000000001,0.999999999999,1.000000000001,0.999999999999,
    1.000000000001,1.,1.,1.,1.,1.000000000001,0.999999999999,
    1.000000000002,0.999999999997,1.000000000003,0.999999999998,
1.000000000001,1.,1.,1.)) REPRESENTATION_ITEM('') );
#11606 = CARTESIAN_POINT('',(31.950644285408,-14.06799272519,
    5.854116980669));
#11607 = CARTESIAN_POINT('',(31.950640610076,-14.06742339582,
    5.853964429323));
#11608 = CARTESIAN_POINT('',(31.95063701916,-14.06685322522,
    5.853811652573));
#11609 = CARTESIAN_POINT('',(31.950633512381,-14.06628220764,
    5.853658648874));
#11610 = CARTESIAN_POINT('',(31.950630089461,-14.06571033733,
    5.853505416685));
#11611 = CARTESIAN_POINT('',(31.950626750121,-14.06513760851,
    5.853351954461));
#11612 = CARTESIAN_POINT('',(31.950623494082,-14.06456401544,
    5.85319826066));
#11613 = CARTESIAN_POINT('',(31.950620321066,-14.06398955235,
    5.853044333739));
#11614 = CARTESIAN_POINT('',(31.950617230794,-14.06341421348,
    5.852890172155));
#11615 = CARTESIAN_POINT('',(31.950614222986,-14.06283799308,
    5.852735774364));
#11616 = CARTESIAN_POINT('',(31.950611297366,-14.06226088539,
    5.852581138824));
#11617 = CARTESIAN_POINT('',(31.948846484662,-13.70355268368,
    5.756465565857));
#11618 = CARTESIAN_POINT('',(31.951687335659,-13.33409130437,
    5.657468687637));
#11619 = CARTESIAN_POINT('',(31.948155866375,-12.93657476089,
    5.550954450832));
#11620 = CARTESIAN_POINT('',(31.951748721551,-12.57754231632,
    5.454751997253));
#11621 = CARTESIAN_POINT('',(31.948608034997,-12.17916388474,
    5.34800681823));
#11622 = CARTESIAN_POINT('',(31.950873100915,-11.81772459248,
    5.251159451755));
#11623 = CARTESIAN_POINT('',(31.949598183992,-11.4304540493,
    5.147390622458));
#11624 = CARTESIAN_POINT('',(31.950122070826,-11.05702455883,
    5.047330492057));
#11625 = CARTESIAN_POINT('',(31.949980989494,-10.67827809352,
    4.945845682542));
#11626 = CARTESIAN_POINT('',(31.95,-10.30084866011,4.844713770661));
#11627 = CARTESIAN_POINT('',(31.95,-9.923259473479,4.74353905303));
#11628 = PCURVE('',#9301,#11629);
#11629 = DEFINITIONAL_REPRESENTATION('',(#11630),#11653);
#11630 = ( BOUNDED_CURVE() B_SPLINE_CURVE(11,(#11631,#11632,#11633,
    #11634,#11635,#11636,#11637,#11638,#11639,#11640,#11641,#11642,
    #11643,#11644,#11645,#11646,#11647,#11648,#11649,#11650,#11651,
#11652),.UNSPECIFIED.,.F.,.F.) B_SPLINE_CURVE_WITH_KNOTS((12,10,12),(
    63.992613470643,63.999553420166,68.299557428756),.UNSPECIFIED.) 
CURVE() GEOMETRIC_REPRESENTATION_ITEM() RATIONAL_B_SPLINE_CURVE((1.,1.,
    1.,1.000000000001,0.999999999999,1.000000000001,0.999999999999,
    1.000000000001,1.,1.,1.,1.,1.000000000001,0.999999999999,
    1.000000000002,0.999999999997,1.000000000003,0.999999999998,
1.000000000001,1.,1.,1.)) REPRESENTATION_ITEM('') );
#11631 = CARTESIAN_POINT('',(63.958394155775,-4.268078822752));
#11632 = CARTESIAN_POINT('',(63.958429817221,-4.26749047794));
#11633 = CARTESIAN_POINT('',(63.958465621005,-4.266901269805));
#11634 = CARTESIAN_POINT('',(63.958501567248,-4.266311192377));
#11635 = CARTESIAN_POINT('',(63.958537656069,-4.265720239693));
#11636 = CARTESIAN_POINT('',(63.958573887588,-4.265128405779));
#11637 = CARTESIAN_POINT('',(63.958610261924,-4.264535684677));
#11638 = CARTESIAN_POINT('',(63.958646779198,-4.26394207041));
#11639 = CARTESIAN_POINT('',(63.958683439528,-4.263347557019));
#11640 = CARTESIAN_POINT('',(63.958720243036,-4.262752138531));
#11641 = CARTESIAN_POINT('',(63.95875718984,-4.262155808982));
#11642 = CARTESIAN_POINT('',(63.981775440776,-3.891503610783));
#11643 = CARTESIAN_POINT('',(64.010131907808,-3.510051026693));
#11644 = CARTESIAN_POINT('',(64.034068272841,-3.099193135578));
#11645 = CARTESIAN_POINT('',(64.062454649887,-2.728563494919));
#11646 = CARTESIAN_POINT('',(64.086840464943,-2.316841375126));
#11647 = CARTESIAN_POINT('',(64.114068273978,-1.943636938761));
#11648 = CARTESIAN_POINT('',(64.139548381065,-1.543513416452));
#11649 = CARTESIAN_POINT('',(64.165867159852,-1.157807297255));
#11650 = CARTESIAN_POINT('',(64.191889742637,-0.766564538043));
#11651 = CARTESIAN_POINT('',(64.217981081501,-0.376692914043));
#11652 = CARTESIAN_POINT('',(64.244064487788,1.334499856514E-02));
#11653 = ( GEOMETRIC_REPRESENTATION_CONTEXT(2) 
PARAMETRIC_REPRESENTATION_CONTEXT() REPRESENTATION_CONTEXT('2D SPACE',''
  ) );
#11654 = PCURVE('',#11481,#11655);
#11655 = DEFINITIONAL_REPRESENTATION('',(#11656),#11660);
#11656 = LINE('',#11657,#11658);
#11657 = CARTESIAN_POINT('',(4.306943958113,0.));
#11658 = VECTOR('',#11659,1.);
#11659 = DIRECTION('',(0.,1.));
#11660 = ( GEOMETRIC_REPRESENTATION_CONTEXT(2) 
PARAMETRIC_REPRESENTATION_CONTEXT() REPRESENTATION_CONTEXT('2D SPACE',''
  ) );
#11661 = ORIENTED_EDGE('',*,*,#11662,.T.);
#11662 = EDGE_CURVE('',#11602,#10823,#11663,.T.);
#11663 = SURFACE_CURVE('',#11664,(#11669,#11676),.PCURVE_S1.);
#11664 = CIRCLE('',#11665,0.5);
#11665 = AXIS2_PLACEMENT_3D('',#11666,#11667,#11668);
#11666 = CARTESIAN_POINT('',(31.45,-9.923259473478,4.74353905303));
#11667 = DIRECTION('',(-7.650914066163E-19,0.258819045103,0.965925826289
    ));
#11668 = DIRECTION('',(1.,-3.061688356517E-15,8.211690035136E-16));
#11669 = PCURVE('',#9301,#11670);
#11670 = DEFINITIONAL_REPRESENTATION('',(#11671),#11675);
#11671 = CIRCLE('',#11672,0.5);
#11672 = AXIS2_PLACEMENT_2D('',#11673,#11674);
#11673 = CARTESIAN_POINT('',(63.745178785614,4.670749497799E-02));
#11674 = DIRECTION('',(0.997771404347,-6.672499282569E-02));
#11675 = ( GEOMETRIC_REPRESENTATION_CONTEXT(2) 
PARAMETRIC_REPRESENTATION_CONTEXT() REPRESENTATION_CONTEXT('2D SPACE',''
  ) );
#11676 = PCURVE('',#10804,#11677);
#11677 = DEFINITIONAL_REPRESENTATION('',(#11678),#11682);
#11678 = LINE('',#11679,#11680);
#11679 = CARTESIAN_POINT('',(-0.,1.570796326795));
#11680 = VECTOR('',#11681,1.);
#11681 = DIRECTION('',(-1.,0.));
#11682 = ( GEOMETRIC_REPRESENTATION_CONTEXT(2) 
PARAMETRIC_REPRESENTATION_CONTEXT() REPRESENTATION_CONTEXT('2D SPACE',''
  ) );
#11683 = ORIENTED_EDGE('',*,*,#10846,.T.);
#11684 = ORIENTED_EDGE('',*,*,#10743,.T.);
#11685 = ORIENTED_EDGE('',*,*,#9266,.T.);
#11686 = ORIENTED_EDGE('',*,*,#9357,.T.);
#11687 = ADVANCED_FACE('',(#11688),#9468,.F.);
#11688 = FACE_BOUND('',#11689,.F.);
#11689 = EDGE_LOOP('',(#11690,#11691,#11692,#11712));
#11690 = ORIENTED_EDGE('',*,*,#9453,.T.);
#11691 = ORIENTED_EDGE('',*,*,#11562,.T.);
#11692 = ORIENTED_EDGE('',*,*,#11693,.F.);
#11693 = EDGE_CURVE('',#9522,#11563,#11694,.T.);
#11694 = SURFACE_CURVE('',#11695,(#11699,#11706),.PCURVE_S1.);
#11695 = ( BOUNDED_CURVE() B_SPLINE_CURVE(2,(#11696,#11697,#11698),
.UNSPECIFIED.,.F.,.F.) B_SPLINE_CURVE_WITH_KNOTS((3,3),(0.,
1.092613470643),.PIECEWISE_BEZIER_KNOTS.) CURVE() 
GEOMETRIC_REPRESENTATION_ITEM() RATIONAL_B_SPLINE_CURVE((1.,
0.707106781187,1.)) REPRESENTATION_ITEM('') );
#11696 = CARTESIAN_POINT('',(32.15,-14.03172289212,6.051453744271));
#11697 = CARTESIAN_POINT('',(32.15,-14.08348670114,5.858268579013));
#11698 = CARTESIAN_POINT('',(31.950644285408,-14.06799272519,
    5.854116980669));
#11699 = PCURVE('',#9468,#11700);
#11700 = DEFINITIONAL_REPRESENTATION('',(#11701),#11705);
#11701 = LINE('',#11702,#11703);
#11702 = CARTESIAN_POINT('',(0.,63.992613470643));
#11703 = VECTOR('',#11704,1.);
#11704 = DIRECTION('',(1.,0.));
#11705 = ( GEOMETRIC_REPRESENTATION_CONTEXT(2) 
PARAMETRIC_REPRESENTATION_CONTEXT() REPRESENTATION_CONTEXT('2D SPACE',''
  ) );
#11706 = PCURVE('',#11481,#11707);
#11707 = DEFINITIONAL_REPRESENTATION('',(#11708),#11711);
#11708 = B_SPLINE_CURVE_WITH_KNOTS('',1,(#11709,#11710),.UNSPECIFIED.,
  .F.,.F.,(2,2),(0.,1.092613470643),.PIECEWISE_BEZIER_KNOTS.);
#11709 = CARTESIAN_POINT('',(0.,63.992613470643));
#11710 = CARTESIAN_POINT('',(4.306943958113,63.992613470643));
#11711 = ( GEOMETRIC_REPRESENTATION_CONTEXT(2) 
PARAMETRIC_REPRESENTATION_CONTEXT() REPRESENTATION_CONTEXT('2D SPACE',''
  ) );
#11712 = ORIENTED_EDGE('',*,*,#9521,.F.);
#11713 = ADVANCED_FACE('',(#11714),#9648,.F.);
#11714 = FACE_BOUND('',#11715,.T.);
#11715 = EDGE_LOOP('',(#11716,#11737,#11738,#11739,#11740));
#11716 = ORIENTED_EDGE('',*,*,#11717,.F.);
#11717 = EDGE_CURVE('',#9624,#11185,#11718,.T.);
#11718 = SURFACE_CURVE('',#11719,(#11723,#11730),.PCURVE_S1.);
#11719 = LINE('',#11720,#11721);
#11720 = CARTESIAN_POINT('',(-7.32,-3.498724444831,6.117565859784));
#11721 = VECTOR('',#11722,1.);
#11722 = DIRECTION('',(0.,-0.965925826289,0.258819045103));
#11723 = PCURVE('',#9648,#11724);
#11724 = DEFINITIONAL_REPRESENTATION('',(#11725),#11729);
#11725 = LINE('',#11726,#11727);
#11726 = CARTESIAN_POINT('',(-1.780235837034,0.));
#11727 = VECTOR('',#11728,1.);
#11728 = DIRECTION('',(-0.,-1.));
#11729 = ( GEOMETRIC_REPRESENTATION_CONTEXT(2) 
PARAMETRIC_REPRESENTATION_CONTEXT() REPRESENTATION_CONTEXT('2D SPACE',''
  ) );
#11730 = PCURVE('',#9873,#11731);
#11731 = DEFINITIONAL_REPRESENTATION('',(#11732),#11736);
#11732 = LINE('',#11733,#11734);
#11733 = CARTESIAN_POINT('',(0.,0.));
#11734 = VECTOR('',#11735,1.);
#11735 = DIRECTION('',(0.,-1.));
#11736 = ( GEOMETRIC_REPRESENTATION_CONTEXT(2) 
PARAMETRIC_REPRESENTATION_CONTEXT() REPRESENTATION_CONTEXT('2D SPACE',''
  ) );
#11737 = ORIENTED_EDGE('',*,*,#9623,.F.);
#11738 = ORIENTED_EDGE('',*,*,#11390,.F.);
#11739 = ORIENTED_EDGE('',*,*,#11262,.T.);
#11740 = ORIENTED_EDGE('',*,*,#11235,.T.);
#11741 = ADVANCED_FACE('',(#11742),#9780,.F.);
#11742 = FACE_BOUND('',#11743,.T.);
#11743 = EDGE_LOOP('',(#11744,#11765,#11766,#11767,#11788));
#11744 = ORIENTED_EDGE('',*,*,#11745,.F.);
#11745 = EDGE_CURVE('',#9929,#10958,#11746,.T.);
#11746 = SURFACE_CURVE('',#11747,(#11751,#11758),.PCURVE_S1.);
#11747 = LINE('',#11748,#11749);
#11748 = CARTESIAN_POINT('',(9.696898669783,-2.739032207394,
    8.952775888015));
#11749 = VECTOR('',#11750,1.);
#11750 = DIRECTION('',(0.,-0.965925826289,0.258819045103));
#11751 = PCURVE('',#9780,#11752);
#11752 = DEFINITIONAL_REPRESENTATION('',(#11753),#11757);
#11753 = LINE('',#11754,#11755);
#11754 = CARTESIAN_POINT('',(-1.780235837034,0.));
#11755 = VECTOR('',#11756,1.);
#11756 = DIRECTION('',(-0.,-1.));
#11757 = ( GEOMETRIC_REPRESENTATION_CONTEXT(2) 
PARAMETRIC_REPRESENTATION_CONTEXT() REPRESENTATION_CONTEXT('2D SPACE',''
  ) );
#11758 = PCURVE('',#10008,#11759);
#11759 = DEFINITIONAL_REPRESENTATION('',(#11760),#11764);
#11760 = LINE('',#11761,#11762);
#11761 = CARTESIAN_POINT('',(0.,0.));
#11762 = VECTOR('',#11763,1.);
#11763 = DIRECTION('',(0.,-1.));
#11764 = ( GEOMETRIC_REPRESENTATION_CONTEXT(2) 
PARAMETRIC_REPRESENTATION_CONTEXT() REPRESENTATION_CONTEXT('2D SPACE',''
  ) );
#11765 = ORIENTED_EDGE('',*,*,#9959,.F.);
#11766 = ORIENTED_EDGE('',*,*,#9755,.F.);
#11767 = ORIENTED_EDGE('',*,*,#11768,.T.);
#11768 = EDGE_CURVE('',#9725,#11064,#11769,.T.);
#11769 = SURFACE_CURVE('',#11770,(#11774,#11781),.PCURVE_S1.);
#11770 = LINE('',#11771,#11772);
#11771 = CARTESIAN_POINT('',(7.32,-3.498724444831,6.117565859784));
#11772 = VECTOR('',#11773,1.);
#11773 = DIRECTION('',(0.,-0.965925826289,0.258819045103));
#11774 = PCURVE('',#9780,#11775);
#11775 = DEFINITIONAL_REPRESENTATION('',(#11776),#11780);
#11776 = LINE('',#11777,#11778);
#11777 = CARTESIAN_POINT('',(-0.,0.));
#11778 = VECTOR('',#11779,1.);
#11779 = DIRECTION('',(-0.,-1.));
#11780 = ( GEOMETRIC_REPRESENTATION_CONTEXT(2) 
PARAMETRIC_REPRESENTATION_CONTEXT() REPRESENTATION_CONTEXT('2D SPACE',''
  ) );
#11781 = PCURVE('',#9873,#11782);
#11782 = DEFINITIONAL_REPRESENTATION('',(#11783),#11787);
#11783 = LINE('',#11784,#11785);
#11784 = CARTESIAN_POINT('',(14.64,0.));
#11785 = VECTOR('',#11786,1.);
#11786 = DIRECTION('',(0.,-1.));
#11787 = ( GEOMETRIC_REPRESENTATION_CONTEXT(2) 
PARAMETRIC_REPRESENTATION_CONTEXT() REPRESENTATION_CONTEXT('2D SPACE',''
  ) );
#11788 = ORIENTED_EDGE('',*,*,#11087,.T.);
#11789 = ADVANCED_FACE('',(#11790),#9873,.T.);
#11790 = FACE_BOUND('',#11791,.T.);
#11791 = EDGE_LOOP('',(#11792,#11793,#11794,#11795));
#11792 = ORIENTED_EDGE('',*,*,#11768,.F.);
#11793 = ORIENTED_EDGE('',*,*,#9859,.F.);
#11794 = ORIENTED_EDGE('',*,*,#11717,.T.);
#11795 = ORIENTED_EDGE('',*,*,#11210,.T.);
#11796 = ADVANCED_FACE('',(#11797),#9911,.T.);
#11797 = FACE_BOUND('',#11798,.F.);
#11798 = EDGE_LOOP('',(#11799,#11800,#11822,#11823));
#11799 = ORIENTED_EDGE('',*,*,#10668,.F.);
#11800 = ORIENTED_EDGE('',*,*,#11801,.T.);
#11801 = EDGE_CURVE('',#10624,#10066,#11802,.T.);
#11802 = SURFACE_CURVE('',#11803,(#11808,#11815),.PCURVE_S1.);
#11803 = CIRCLE('',#11804,0.6);
#11804 = AXIS2_PLACEMENT_3D('',#11805,#11806,#11807);
#11805 = CARTESIAN_POINT('',(9.5,-5.078910081096,12.588477348026));
#11806 = DIRECTION('',(-1.,0.,0.));
#11807 = DIRECTION('',(0.,0.210277076447,0.977641831716));
#11808 = PCURVE('',#9911,#11809);
#11809 = DEFINITIONAL_REPRESENTATION('',(#11810),#11814);
#11810 = LINE('',#11811,#11812);
#11811 = CARTESIAN_POINT('',(-0.,4.712388980385));
#11812 = VECTOR('',#11813,1.);
#11813 = DIRECTION('',(-1.,0.));
#11814 = ( GEOMETRIC_REPRESENTATION_CONTEXT(2) 
PARAMETRIC_REPRESENTATION_CONTEXT() REPRESENTATION_CONTEXT('2D SPACE',''
  ) );
#11815 = PCURVE('',#10081,#11816);
#11816 = DEFINITIONAL_REPRESENTATION('',(#11817),#11821);
#11817 = CIRCLE('',#11818,0.6);
#11818 = AXIS2_PLACEMENT_2D('',#11819,#11820);
#11819 = CARTESIAN_POINT('',(1.831438388661,-3.201137248729));
#11820 = DIRECTION('',(0.998753206248,-4.992026652055E-02));
#11821 = ( GEOMETRIC_REPRESENTATION_CONTEXT(2) 
PARAMETRIC_REPRESENTATION_CONTEXT() REPRESENTATION_CONTEXT('2D SPACE',''
  ) );
#11822 = ORIENTED_EDGE('',*,*,#10093,.T.);
#11823 = ORIENTED_EDGE('',*,*,#9893,.F.);
#11824 = ADVANCED_FACE('',(#11825),#10008,.T.);
#11825 = FACE_BOUND('',#11826,.T.);
#11826 = EDGE_LOOP('',(#11827,#11848,#11849,#11850));
#11827 = ORIENTED_EDGE('',*,*,#11828,.F.);
#11828 = EDGE_CURVE('',#9986,#10873,#11829,.T.);
#11829 = SURFACE_CURVE('',#11830,(#11834,#11841),.PCURVE_S1.);
#11830 = LINE('',#11831,#11832);
#11831 = CARTESIAN_POINT('',(9.5,-2.46086007397,9.990928423203));
#11832 = VECTOR('',#11833,1.);
#11833 = DIRECTION('',(0.,-0.965925826289,0.258819045103));
#11834 = PCURVE('',#10008,#11835);
#11835 = DEFINITIONAL_REPRESENTATION('',(#11836),#11840);
#11836 = LINE('',#11837,#11838);
#11837 = CARTESIAN_POINT('',(1.,0.));
#11838 = VECTOR('',#11839,1.);
#11839 = DIRECTION('',(0.,-1.));
#11840 = ( GEOMETRIC_REPRESENTATION_CONTEXT(2) 
PARAMETRIC_REPRESENTATION_CONTEXT() REPRESENTATION_CONTEXT('2D SPACE',''
  ) );
#11841 = PCURVE('',#10081,#11842);
#11842 = DEFINITIONAL_REPRESENTATION('',(#11843),#11847);
#11843 = LINE('',#11844,#11845);
#11844 = CARTESIAN_POINT('',(0.,0.));
#11845 = VECTOR('',#11846,1.);
#11846 = DIRECTION('',(1.225300278295E-17,-1.));
#11847 = ( GEOMETRIC_REPRESENTATION_CONTEXT(2) 
PARAMETRIC_REPRESENTATION_CONTEXT() REPRESENTATION_CONTEXT('2D SPACE',''
  ) );
#11848 = ORIENTED_EDGE('',*,*,#9985,.F.);
#11849 = ORIENTED_EDGE('',*,*,#11745,.T.);
#11850 = ORIENTED_EDGE('',*,*,#10990,.T.);
#11851 = ADVANCED_FACE('',(#11852),#10081,.T.);
#11852 = FACE_BOUND('',#11853,.T.);
#11853 = EDGE_LOOP('',(#11854,#11855,#11856,#11887,#11888,#11889));
#11854 = ORIENTED_EDGE('',*,*,#11828,.T.);
#11855 = ORIENTED_EDGE('',*,*,#10933,.T.);
#11856 = ORIENTED_EDGE('',*,*,#11857,.T.);
#11857 = EDGE_CURVE('',#10904,#10566,#11858,.T.);
#11858 = SURFACE_CURVE('',#11859,(#11868,#11880),.PCURVE_S1.);
#11859 = ( BOUNDED_CURVE() B_SPLINE_CURVE(7,(#11860,#11861,#11862,#11863
    ,#11864,#11865,#11866,#11867),.UNSPECIFIED.,.F.,.F.) 
B_SPLINE_CURVE_WITH_KNOTS((8,8),(1.760023872129E-14,1.556493687937),
.PIECEWISE_BEZIER_KNOTS.) CURVE() GEOMETRIC_REPRESENTATION_ITEM() 
RATIONAL_B_SPLINE_CURVE((1.,1.,1.,1.,1.,1.,1.,1.)) REPRESENTATION_ITEM(
  '') );
#11860 = CARTESIAN_POINT('',(9.5,-6.776221892704,13.011110223168));
#11861 = CARTESIAN_POINT('',(9.5,-6.741264624326,13.141572524848));
#11862 = CARTESIAN_POINT('',(9.5,-6.672045609542,13.262852329671));
#11863 = CARTESIAN_POINT('',(9.5,-6.571495125158,13.364040271465));
#11864 = CARTESIAN_POINT('',(9.5,-6.446981848844,13.435345729237));
#11865 = CARTESIAN_POINT('',(9.5,-6.309720853378,13.470906345271));
#11866 = CARTESIAN_POINT('',(9.5,-6.171450658475,13.469971921694));
#11867 = CARTESIAN_POINT('',(9.5,-6.04249115515,13.435684093859));
#11868 = PCURVE('',#10081,#11869);
#11869 = DEFINITIONAL_REPRESENTATION('',(#11870),#11879);
#11870 = ( BOUNDED_CURVE() B_SPLINE_CURVE(7,(#11871,#11872,#11873,#11874
    ,#11875,#11876,#11877,#11878),.UNSPECIFIED.,.F.,.F.) 
B_SPLINE_CURVE_WITH_KNOTS((8,8),(1.760023872129E-14,1.556493687937),
.PIECEWISE_BEZIER_KNOTS.) CURVE() GEOMETRIC_REPRESENTATION_ITEM() 
RATIONAL_B_SPLINE_CURVE((1.,1.,1.,1.,1.,1.,1.,1.)) REPRESENTATION_ITEM(
  '') );
#11871 = CARTESIAN_POINT('',(1.800373775478,-4.95));
#11872 = CARTESIAN_POINT('',(1.935438288848,-4.95));
#11873 = CARTESIAN_POINT('',(2.070500783844,-4.914529089225));
#11874 = CARTESIAN_POINT('',(2.194265210484,-4.843594145983));
#11875 = CARTESIAN_POINT('',(2.29536740098,-4.741778767166));
#11876 = CARTESIAN_POINT('',(2.365242078182,-4.618398591389));
#11877 = CARTESIAN_POINT('',(2.400126454127,-4.484597992508));
#11878 = CARTESIAN_POINT('',(2.400384131201,-4.351158334842));
#11879 = ( GEOMETRIC_REPRESENTATION_CONTEXT(2) 
PARAMETRIC_REPRESENTATION_CONTEXT() REPRESENTATION_CONTEXT('2D SPACE',''
  ) );
#11880 = PCURVE('',#10529,#11881);
#11881 = DEFINITIONAL_REPRESENTATION('',(#11882),#11886);
#11882 = LINE('',#11883,#11884);
#11883 = CARTESIAN_POINT('',(0.,0.));
#11884 = VECTOR('',#11885,1.);
#11885 = DIRECTION('',(0.,1.));
#11886 = ( GEOMETRIC_REPRESENTATION_CONTEXT(2) 
PARAMETRIC_REPRESENTATION_CONTEXT() REPRESENTATION_CONTEXT('2D SPACE',''
  ) );
#11887 = ORIENTED_EDGE('',*,*,#10623,.T.);
#11888 = ORIENTED_EDGE('',*,*,#11801,.T.);
#11889 = ORIENTED_EDGE('',*,*,#10065,.F.);
#11890 = ADVANCED_FACE('',(#11891),#10529,.T.);
#11891 = FACE_BOUND('',#11892,.T.);
#11892 = EDGE_LOOP('',(#11893,#11894,#11895,#11896));
#11893 = ORIENTED_EDGE('',*,*,#10903,.T.);
#11894 = ORIENTED_EDGE('',*,*,#10448,.T.);
#11895 = ORIENTED_EDGE('',*,*,#10565,.F.);
#11896 = ORIENTED_EDGE('',*,*,#11857,.F.);
#11897 = ADVANCED_FACE('',(#11898),#10804,.F.);
#11898 = FACE_BOUND('',#11899,.T.);
#11899 = EDGE_LOOP('',(#11900,#11928,#11929,#11930));
#11900 = ORIENTED_EDGE('',*,*,#11901,.F.);
#11901 = EDGE_CURVE('',#10769,#11602,#11902,.T.);
#11902 = SURFACE_CURVE('',#11903,(#11907,#11921),.PCURVE_S1.);
#11903 = ( BOUNDED_CURVE() B_SPLINE_CURVE(2,(#11904,#11905,#11906),
.UNSPECIFIED.,.F.,.F.) B_SPLINE_CURVE_WITH_KNOTS((3,3),(0.,
4.306943958113),.PIECEWISE_BEZIER_KNOTS.) CURVE() 
GEOMETRIC_REPRESENTATION_ITEM() RATIONAL_B_SPLINE_CURVE((1.,
0.707106781187,1.)) REPRESENTATION_ITEM('') );
#11904 = CARTESIAN_POINT('',(32.15,-9.871495664458,4.936724218287));
#11905 = CARTESIAN_POINT('',(32.15,-9.923259473479,4.74353905303));
#11906 = CARTESIAN_POINT('',(31.95,-9.923259473479,4.74353905303));
#11907 = PCURVE('',#10804,#11908);
#11908 = DEFINITIONAL_REPRESENTATION('',(#11909),#11920);
#11909 = B_SPLINE_CURVE_WITH_KNOTS('',9,(#11910,#11911,#11912,#11913,
    #11914,#11915,#11916,#11917,#11918,#11919),.UNSPECIFIED.,.F.,.F.,(10
    ,10),(0.,4.306943958113),.PIECEWISE_BEZIER_KNOTS.);
#11910 = CARTESIAN_POINT('',(0.,-2.22044604925E-16));
#11911 = CARTESIAN_POINT('',(0.,0.157134840264));
#11912 = CARTESIAN_POINT('',(0.,0.325774716821));
#11913 = CARTESIAN_POINT('',(0.,0.504566386871));
#11914 = CARTESIAN_POINT('',(0.,0.69074485161));
#11915 = CARTESIAN_POINT('',(0.,0.880051475186));
#11916 = CARTESIAN_POINT('',(0.,1.066229939923));
#11917 = CARTESIAN_POINT('',(0.,1.245021609975));
#11918 = CARTESIAN_POINT('',(0.,1.413661486531));
#11919 = CARTESIAN_POINT('',(0.,1.570796326795));
#11920 = ( GEOMETRIC_REPRESENTATION_CONTEXT(2) 
PARAMETRIC_REPRESENTATION_CONTEXT() REPRESENTATION_CONTEXT('2D SPACE',''
  ) );
#11921 = PCURVE('',#11481,#11922);
#11922 = DEFINITIONAL_REPRESENTATION('',(#11923),#11927);
#11923 = LINE('',#11924,#11925);
#11924 = CARTESIAN_POINT('',(0.,68.299557428756));
#11925 = VECTOR('',#11926,1.);
#11926 = DIRECTION('',(1.,0.));
#11927 = ( GEOMETRIC_REPRESENTATION_CONTEXT(2) 
PARAMETRIC_REPRESENTATION_CONTEXT() REPRESENTATION_CONTEXT('2D SPACE',''
  ) );
#11928 = ORIENTED_EDGE('',*,*,#10789,.T.);
#11929 = ORIENTED_EDGE('',*,*,#10822,.T.);
#11930 = ORIENTED_EDGE('',*,*,#11662,.F.);
#11931 = ADVANCED_FACE('',(#11932),#11481,.F.);
#11932 = FACE_BOUND('',#11933,.F.);
#11933 = EDGE_LOOP('',(#11934,#11935,#11936,#11937));
#11934 = ORIENTED_EDGE('',*,*,#11693,.T.);
#11935 = ORIENTED_EDGE('',*,*,#11601,.T.);
#11936 = ORIENTED_EDGE('',*,*,#11901,.F.);
#11937 = ORIENTED_EDGE('',*,*,#11429,.F.);
#11938 = ( GEOMETRIC_REPRESENTATION_CONTEXT(3) 
GLOBAL_UNCERTAINTY_ASSIGNED_CONTEXT((#11942)) 
GLOBAL_UNIT_ASSIGNED_CONTEXT((#11939,#11940,#11941)) 
REPRESENTATION_CONTEXT('Context #1',
  '3D Context with UNIT and UNCERTAINTY') );
#11939 = ( LENGTH_UNIT() NAMED_UNIT(*) SI_UNIT(.MILLI.,.METRE.) );
#11940 = ( NAMED_UNIT(*) PLANE_ANGLE_UNIT() SI_UNIT($,.RADIAN.) );
#11941 = ( NAMED_UNIT(*) SI_UNIT($,.STERADIAN.) SOLID_ANGLE_UNIT() );
#11942 = UNCERTAINTY_MEASURE_WITH_UNIT(LENGTH_MEASURE(1.E-04),#11939,
  'distance_accuracy_value','confusion accuracy');
#11943 = PRODUCT_RELATED_PRODUCT_CATEGORY('part',$,(#7));
ENDSEC;
END-ISO-10303-21;
